{"type": "FeatureCollection", "features": [{"type": "Feature", "id": 15, "geometry": {"type": "MultiPolygon", "coordinates": [[[[-75.7829519627101, 39.38215838910183], [-75.78364536509139, 39.38243325392454], [-75.78388603363746, 39.38249918846511], [-75.78421876512714, 39.38254325495826], [-75.78440983049985, 39.38252138835492], [-75.78443816336392, 39.3824938552969], [-75.78448076686459, 39.38213685704795], [-75.78432535921874, 39.381378856611654], [-75.78430422814832, 39.38093399060337], [-75.7843255568481, 39.38068125924876], [-75.78441062461057, 39.38035719535355], [-75.78465135873367, 39.38015945977077], [-75.78496282260899, 39.38008266050698], [-75.78572715686342, 39.380088395197504], [-75.7860316246593, 39.38005546047261], [-75.78637835639266, 39.380099596555524], [-75.78656235831231, 39.38014906109775], [-75.78730535668043, 39.38028099484094], [-75.78802735423383, 39.38034706125884], [-75.78822541927927, 39.38041846371877], [-75.78834575579809, 39.3805063937762], [-75.78847295814066, 39.380912859505095], [-75.78857902132792, 39.381055660416976], [-75.78876302055262, 39.38110519163333], [-75.78939302163778, 39.381121792064526], [-75.78948502259762, 39.38108885782728], [-75.78966202304792, 39.381006461063535], [-75.78986022284064, 39.38088565979423], [-75.78996642077522, 39.38080879397754], [-75.7905257531936, 39.380336593872734], [-75.79117695092623, 39.37991926294412], [-75.7918281522521, 39.3798369953392], [-75.7922740148737, 39.37979306114889], [-75.79235194911449, 39.379798596582056], [-75.79247935178134, 39.379820663319435], [-75.79252881661415, 39.37983706477508], [-75.79287555194077, 39.38008979363144], [-75.79294555046434, 39.3801101931274], [-75.79298875134467, 39.38012279360957], [-75.79379561543793, 39.379974596325034], [-75.7939018196607, 39.37993066430439], [-75.79423454935373, 39.379738465728714], [-75.79437614899533, 39.37953526376454], [-75.79441861595208, 39.37909586455724], [-75.79448954513029, 39.37895306449655], [-75.79465934468527, 39.37874986441228], [-75.794815338931, 39.37800300389164], [-75.79501353872371, 39.377783267869795], [-75.79521160915901, 39.37769540312571], [-75.79543820469787, 39.37758007201851], [-75.79560114022578, 39.377311001468726], [-75.79572133750574, 39.37723407060988], [-75.7958204055119, 39.37723960346838], [-75.7960327393973, 39.37731647113224], [-75.79624500501073, 39.377223070858065], [-75.79635133679429, 39.37722320279123], [-75.79643613955373, 39.3775362683403], [-75.7964785364419, 39.377569269525615], [-75.79654220274101, 39.377580267834084], [-75.79665553958715, 39.37755826913222], [-75.79695993641612, 39.37728920266472], [-75.79728553528243, 39.37726727122644], [-75.79756153546695, 39.37726180364225], [-75.79777380287702, 39.377135401920114], [-75.79799320201211, 39.37724540366465], [-75.79821973736382, 39.377272868660064], [-75.79860180253227, 39.37723446918678], [-75.79874333210529, 39.37712467226887], [-75.79884253485874, 39.37711360514442], [-75.79921753298083, 39.377218069897154], [-75.79959973469317, 39.37736640288363], [-75.79984740111533, 39.37735540384707], [-75.8002579320985, 39.3772180719803], [-75.80045613368783, 39.377196205097505], [-75.80056232982577, 39.37722366802913], [-75.80061180094678, 39.37731160280541], [-75.80058340520067, 39.37760266927012], [-75.8006966019096, 39.377685068663055], [-75.80090180406997, 39.37773999968589], [-75.801092935918, 39.37786086750443], [-75.80181480411403, 39.37791586852117], [-75.80223233387156, 39.37764680134885], [-75.80260039789798, 39.377586401999466], [-75.80275620080255, 39.37748206973053], [-75.80286933462942, 39.37732827010523], [-75.80291193363853, 39.377311802788], [-75.80336480042439, 39.377212870341744], [-75.8036076626564, 39.37707391610786], [-75.80378952838228, 39.37696580421601], [-75.80399232036274, 39.376919578821386], [-75.80467000941307, 39.37689133527767], [-75.80489755716611, 39.37682976939571], [-75.80557586964727, 39.376559046773984], [-75.80583743031191, 39.376498043056664], [-75.80611969085565, 39.37655354094276], [-75.80636157302568, 39.3765415925446], [-75.80652558832857, 39.37653348968654], [-75.80680905530974, 39.37668774311092], [-75.80709151258453, 39.37690253714872], [-75.80747729587992, 39.37715874369704], [-75.80783894324026, 39.37730369376988], [-75.80831692781979, 39.3774901926156], [-75.80852613197473, 39.37742166954427], [-75.80884997014309, 39.37749559143803], [-75.80895042065647, 39.377708534550266], [-75.80926040949808, 39.377832774327395], [-75.80935934096033, 39.37805906094336], [-75.8094441922288, 39.378202000319206], [-75.80952914051531, 39.37839967131525], [-75.80958573707316, 39.37858647622823], [-75.80959979930063, 39.37877866547714], [-75.80957826219168, 39.37903691491115], [-75.80987508981607, 39.37917111369394], [-75.81018577036046, 39.37925498953808], [-75.81062595562946, 39.37937045327901], [-75.8111571501182, 39.379486834776124], [-75.81174204499634, 39.37950283358008], [-75.81239296335289, 39.37945894847921], [-75.81301500446632, 39.37958633059869], [-75.81350770614515, 39.379672035584186], [-75.81382499200183, 39.379756387851664], [-75.81468853080635, 39.3798606750599], [-75.81492212691619, 39.379838656245916], [-75.81529719690351, 39.379652003971444], [-75.81542451962031, 39.379629989257765], [-75.81579260340966, 39.37969585909345], [-75.81623137832366, 39.37961360164066], [-75.81646501216275, 39.379684857646474], [-75.81672679830454, 39.379904592543085], [-75.81710914015407, 39.38025619526854], [-75.81732141115741, 39.380629598156816], [-75.81747720687545, 39.381096464393195], [-75.81767533929451, 39.381431589909255], [-75.81783101463832, 39.38151938468237], [-75.81800800520715, 39.38158525204075], [-75.81836193334426, 39.381656665037866], [-75.81866620890065, 39.38162919412947], [-75.8190625384175, 39.3815357926823], [-75.81958633977146, 39.381294191072485], [-75.82069752972677, 39.38125005852235], [-75.82158220050006, 39.38116758348784], [-75.82197854438992, 39.381173069513395], [-75.82204218733285, 39.38121160152312], [-75.82241039868298, 39.381403804374706], [-75.82253773397619, 39.3814311871902], [-75.82266500998058, 39.381409196645365], [-75.82276413278397, 39.38135426156641], [-75.82288440372581, 39.38098625555249], [-75.82298353191908, 39.38086539800595], [-75.82305421226395, 39.380815992991], [-75.82342938555752, 39.38069505391068], [-75.8238257294474, 39.38014579623633], [-75.82396713235796, 39.37986019109183], [-75.82483031093807, 39.378635270386], [-75.8256581866258, 39.37756959657933], [-75.82600497764798, 39.37717959540012], [-75.82618192240275, 39.37709706972668], [-75.826252700664, 39.37708620535864], [-75.82783791542506, 39.377003609441694], [-75.82795117142281, 39.376954078786845], [-75.82839696936571, 39.37654759694996], [-75.82849595562517, 39.37638827345066], [-75.82848877359449, 39.37617960378683], [-75.82819150938887, 39.37560841056568], [-75.8281630992697, 39.375465611009375], [-75.8282337589533, 39.37533927755861], [-75.8285664976295, 39.37516348764411], [-75.82865130218559, 39.375053612473145], [-75.82874517703108, 39.37499448095089], [-75.82893615167399, 39.37474180933799], [-75.82908476176806, 39.374610009563234], [-75.82926875470456, 39.37445621541557], [-75.82957310212618, 39.37430241329055], [-75.82974289898624, 39.37415401129646], [-75.82986316543646, 39.37402762547426], [-75.83026635628543, 39.37377487814262], [-75.83076176368992, 39.37364848816201], [-75.83089628550539, 39.37355507603634], [-75.83115794318807, 39.37325288884938], [-75.83124995762265, 39.37319248847618], [-75.83144094124867, 39.37309361477401], [-75.8316108773476, 39.37303869120599], [-75.83217694623231, 39.37296161953144], [-75.83268649491598, 39.37298349190717], [-75.83313936888837, 39.37304942287404], [-75.83345074293214, 39.37302727622041], [-75.83373388292654, 39.373065678702204], [-75.83381169409815, 39.373054678988055], [-75.83429995720115, 39.37285689285985], [-75.83513488646051, 39.372351410332804], [-75.83529747613704, 39.372186498166094], [-75.83539653426173, 39.37205469009531], [-75.83557335594732, 39.37173608125393], [-75.83561573936073, 39.37143949173445], [-75.83555187902552, 39.37117043362921], [-75.83545987626904, 39.371016620099404], [-75.83525455193782, 39.37084642766675], [-75.83451147361963, 39.37062689134383], [-75.83441234003647, 39.370582902051154], [-75.83432032829684, 39.37053902384308], [-75.83375406537603, 39.370171102483106], [-75.83364088304013, 39.370127098319784], [-75.83307475037503, 39.370094283203024], [-75.83218307903076, 39.36993521928761], [-75.83206973589641, 39.36989129414385], [-75.83202727253294, 39.369852895471794], [-75.83192113119222, 39.36971010358855], [-75.83181485690085, 39.36953430644544], [-75.83168746231883, 39.36924322995454], [-75.83150346039918, 39.36895763298563], [-75.83144667250018, 39.368413901246214], [-75.8313900741457, 39.36830950040649], [-75.83112106734568, 39.368111828620336], [-75.83059732078894, 39.36777690098019], [-75.83056892594111, 39.36777142987487], [-75.830434536178, 39.36785931405325], [-75.82983334855557, 39.368644904676756], [-75.82971307222385, 39.36874370689797], [-75.82952905682947, 39.36881522539623], [-75.8292388650601, 39.368886695902916], [-75.8288780666077, 39.36895808716715], [-75.82875774446191, 39.36896910766624], [-75.82870112544619, 39.36896369707295], [-75.82864453876981, 39.36893609685995], [-75.82807126719315, 39.368535290091316], [-75.82778805443522, 39.36832109464306], [-75.82729972845013, 39.36783782550784], [-75.82715814048663, 39.36768949102777], [-75.82710866128077, 39.36762370361866], [-75.82693873865657, 39.36754131110193], [-75.82683974161732, 39.367519303681], [-75.82674071762861, 39.36751930506999], [-75.82663454215191, 39.367541302768174], [-75.8261958597644, 39.367728102705705], [-75.82599053992473, 39.36776663588617], [-75.82569346795857, 39.367777642683684], [-75.82552367918336, 39.36784909202899], [-75.82521933176173, 39.368074299842654], [-75.82516972679174, 39.36809629736606], [-75.82510613056121, 39.36810723396958], [-75.82496467015847, 39.36811282797079], [-75.82483013576658, 39.368090831841556], [-75.8247736667695, 39.368068903069585], [-75.82456114603453, 39.367832694701725], [-75.82448346601697, 39.36779430462032], [-75.82417208029509, 39.36777243548046], [-75.82369085908559, 39.36779982503185], [-75.82355633277852, 39.36775590340617], [-75.82366953308076, 39.367657090064604], [-75.82408706822817, 39.36761303500891], [-75.82423567203405, 39.36761310376245], [-75.82453993950561, 39.36768442826974], [-75.82466732151121, 39.36772283021769], [-75.8250919470612, 39.367904098849664], [-75.8254245231423, 39.36770630993786], [-75.82608267024195, 39.367546898898134], [-75.82651413466617, 39.36734363436337], [-75.82662027331195, 39.36731610504188], [-75.82672646944988, 39.36731623143785], [-75.82683266019794, 39.36733263583129], [-75.82710854360148, 39.36742043166812], [-75.82730672003798, 39.36750829545378], [-75.82766052600421, 39.367728039508094], [-75.82820553119214, 39.36813430254204], [-75.82831886534333, 39.36820024294906], [-75.82850993790258, 39.36826063027888], [-75.82872226370313, 39.36826062819547], [-75.8289768776957, 39.36818910496241], [-75.82907592683723, 39.36813422545525], [-75.82920333130073, 39.36804623328453], [-75.83005225271894, 39.367134302907864], [-75.83019371581663, 39.366969502732694], [-75.83071725396421, 39.366623445267265], [-75.83087992628575, 39.3665904354356], [-75.83130465783691, 39.366601304214846], [-75.83160886152811, 39.366529904985235], [-75.8320262475552, 39.366359651613685], [-75.83211111499335, 39.366354032470284], [-75.83215365471362, 39.36635964397424], [-75.83235893323078, 39.366496833994084], [-75.83242964950824, 39.366601107673986], [-75.83242271361595, 39.36681543757277], [-75.83228831486964, 39.36723829923122], [-75.8323662634835, 39.36743610613611], [-75.8327130509124, 39.36765022860055], [-75.83329344702757, 39.36793564271315], [-75.8333217232978, 39.367979631590046], [-75.8333288595144, 39.36804550477896], [-75.83332173946745, 39.36808942761142], [-75.83283366321403, 39.3686608233234], [-75.83280547408042, 39.36872682920787], [-75.83283372609608, 39.36887501981304], [-75.83289746605709, 39.368951889741645], [-75.83295406800481, 39.36899583978267], [-75.83308852603993, 39.36905069986215], [-75.83330085273879, 39.369067101764706], [-75.83359094030358, 39.36897369531565], [-75.83395892258332, 39.368869305729895], [-75.83425611582201, 39.368841827011536], [-75.83492827125022, 39.368814225361405], [-75.83550153025045, 39.36880849530055], [-75.83575631132965, 39.36884150616716], [-75.83603931927172, 39.36889081965323], [-75.83631532484613, 39.368951234859], [-75.83668347331418, 39.36908849687339], [-75.83687445424528, 39.36924223200922], [-75.83693113704138, 39.369346487700554], [-75.83698073572317, 39.369500304214924], [-75.83702332305414, 39.36985182531155], [-75.83718614539436, 39.369989091805735], [-75.837271054155, 39.37003310091725], [-75.83753292653505, 39.37013728181551], [-75.83787272686769, 39.3702524946606], [-75.83850967911651, 39.37042268854084], [-75.83863706561371, 39.37046663140614], [-75.83879273826254, 39.370532493221084], [-75.83916087684914, 39.37081263024303], [-75.83935893111476, 39.37087829936951], [-75.8395501267432, 39.37088382648172], [-75.8396915440268, 39.3708782917306], [-75.83994646793813, 39.37093862952206], [-75.84054085800881, 39.370911100923344], [-75.84058325399866, 39.37090003073053], [-75.84065405202281, 39.37086709167074], [-75.84102173516355, 39.37045502224785], [-75.84136125073024, 39.370054022805235], [-75.84138965006964, 39.370010026901596], [-75.84154492745975, 39.36941129012751], [-75.84155905256928, 39.369032299281244], [-75.84161545509103, 39.368735641330744], [-75.84160812304168, 39.368213897015444], [-75.84165045884438, 39.36787884069193], [-75.84179171622787, 39.367346042831244], [-75.84197549806026, 39.366829639166745], [-75.84215223171097, 39.366555040011434], [-75.84227950322378, 39.36640664308025], [-75.84254830251298, 39.36615943801247], [-75.84282424071375, 39.365934108737015], [-75.84299403937044, 39.36583511155363], [-75.84334770430117, 39.365686844353064], [-75.8438218342098, 39.365571436459916], [-75.84405529557237, 39.36553831778884], [-75.84447271214218, 39.36548871232815], [-75.84543509706899, 39.36542804688395], [-75.84615682153455, 39.36544431768196], [-75.84708381822907, 39.365575904183885], [-75.84729610450376, 39.36563071764052], [-75.84824449547509, 39.366053317702494], [-75.8486410307061, 39.366305844355914], [-75.84901609260858, 39.366618840101154], [-75.84905163804606, 39.36666270132685], [-75.84918156318224, 39.36705648578288], [-75.84935458409585, 39.36709861954783], [-75.8494385127945, 39.366938852932414], [-75.84950823194205, 39.36676816025183], [-75.84955677600168, 39.3666030182177], [-75.84962659486219, 39.366448800155496], [-75.84968919755602, 39.366272628109414], [-75.84977566669032, 39.36606528039653], [-75.84998522747644, 39.365926441486735], [-75.85026809258636, 39.3656681102204], [-75.85063590508452, 39.36539892014582], [-75.85077029215269, 39.365283514554896], [-75.85100362056458, 39.364981311016685], [-75.85137841746405, 39.364635243699254], [-75.85153408292638, 39.3645473214325], [-75.85200788045837, 39.364338314961465], [-75.85207867129601, 39.3642779131277], [-75.85245347178875, 39.363832847859435], [-75.85265142005319, 39.36365704842233], [-75.85286367129356, 39.36350866269634], [-75.85383280705975, 39.3629700530323], [-75.85409440725027, 39.36273385589423], [-75.85453280666849, 39.36215686304924], [-75.8545680080512, 39.362085450246965], [-75.85464567189909, 39.361728458066956], [-75.85475866828375, 39.36142626553875], [-75.8547868008235, 39.36115164861089], [-75.85494238453913, 39.360926335127914], [-75.855218217637, 39.36068772793767], [-75.85533044416545, 39.36052784872488], [-75.85541424081178, 39.360346082400625], [-75.85544161068185, 39.36019752780942], [-75.85534169376776, 39.360071440389326], [-75.85524880167918, 39.35993431206558], [-75.85525485901913, 39.359774854809004], [-75.8553599053135, 39.359592992065124], [-75.85541551911442, 39.35943334788686], [-75.85529439117984, 39.35931282184354], [-75.85501904586717, 39.35937745785662], [-75.85449558766963, 39.3593336781815], [-75.85421959556993, 39.35930086632772], [-75.8539648594065, 39.35921852858674], [-75.85360386332475, 39.358927546624216], [-75.85352584015075, 39.35883427316755], [-75.85351166832882, 39.35872987189878], [-75.85322145949145, 39.35853774137295], [-75.8531648620353, 39.358471875191434], [-75.85309404155325, 39.358356469267896], [-75.85304439346412, 39.35822466843262], [-75.85295924485328, 39.357790879967915], [-75.85283178020266, 39.35754368191249], [-75.85283864602638, 39.35721414635176], [-75.85283144602937, 39.35708233849917], [-75.85294443163424, 39.35678567840954], [-75.85288776949939, 39.356637476738655], [-75.85263305489552, 39.3564452835016], [-75.85193937762976, 39.356099482291114], [-75.85191103039264, 39.35599514708943], [-75.85186838646779, 39.35569307215094], [-75.85180462943883, 39.35559413894192], [-75.85166317981586, 39.35552827276341], [-75.8512315590848, 39.355495468846655], [-75.85081423054987, 39.355610939926734], [-75.85069385540348, 39.355594533474765], [-75.8506090391693, 39.355572668850066], [-75.85034702575375, 39.3552981462977], [-75.85002857298552, 39.35505654905544], [-75.84945536608757, 39.35477114829965], [-75.8491864275595, 39.35467234992855], [-75.84886796580813, 39.35454054144801], [-75.8486768420449, 39.354397885658976], [-75.84818155411638, 39.35424415535641], [-75.84812477520052, 39.35389275644681], [-75.8481955678348, 39.35389267934431], [-75.84835115873697, 39.35393109304302], [-75.84864123282705, 39.35384315799705], [-75.84875442234947, 39.35384854614469], [-75.84885342028704, 39.35386494536586], [-75.84893137788403, 39.353908951440204], [-75.84936302286961, 39.35428229240589], [-75.8494763669023, 39.354353686790326], [-75.85062957106344, 39.35432587241983], [-75.85089136978164, 39.3543696837124], [-75.85130896421786, 39.35472648497391], [-75.85146462608692, 39.3548363379496], [-75.85159916137715, 39.35504494844926], [-75.85171943231896, 39.35513834713199], [-75.85231396342513, 39.35532487322778], [-75.85281636960397, 39.35551693618384], [-75.85318436535843, 39.35571455748696], [-75.85369396255112, 39.355966953428194], [-75.85383544900499, 39.35602746524913], [-75.8542459593269, 39.35615354051986], [-75.85493223088146, 39.35627407479239], [-75.8549818493262, 39.35632906850246], [-75.85502444743695, 39.35657067731973], [-75.85509524725775, 39.3567408781485], [-75.85515904111767, 39.35693868074947], [-75.85513084210258, 39.35703753426084], [-75.8547985741436, 39.35739467196688], [-75.85470677350808, 39.357564944413646], [-75.85466438560309, 39.357669343255964], [-75.85465725477637, 39.357724273355615], [-75.85467144366626, 39.357850676183155], [-75.8546927804509, 39.35792193425682], [-75.85483438188915, 39.35804826796374], [-75.85488397518102, 39.35807574259401], [-75.85511737725479, 39.358125081740816], [-75.8552093719264, 39.35812494699328], [-75.85639798767606, 39.35800927377943], [-75.85684378561895, 39.35806394036767], [-75.85716218897983, 39.35816274088824], [-75.85772823899991, 39.35825033223999], [-75.85779903073588, 39.35828873451327], [-75.85808936443908, 39.358623677094336], [-75.85810364944872, 39.35874453216311], [-75.85795504025296, 39.358947876595614], [-75.8578777905284, 39.35965646304238], [-75.85782166109452, 39.36032652865189], [-75.857729860459, 39.360485861018944], [-75.85756004383602, 39.36062325843993], [-75.8573620623339, 39.360760670870725], [-75.85729824511782, 39.36075526589243], [-75.85702945571009, 39.36061792429512], [-75.85700806053495, 39.36061246374175], [-75.85698699144827, 39.36062893916477], [-75.8569870570253, 39.36067293472761], [-75.85713565005139, 39.36088706125847], [-75.85734819324423, 39.36109025707221], [-75.85853025758053, 39.36190265103168], [-75.85937966498732, 39.36235265214346], [-75.85957081390336, 39.36251745974051], [-75.85999601527342, 39.36330264720763], [-75.86013786734162, 39.363774918769856], [-75.86060777427014, 39.36435151279336], [-75.86073267962047, 39.36452724172587], [-75.8609240090979, 39.364834651873565], [-75.86105890371422, 39.364980051875946], [-75.86117985557902, 39.36524009694568], [-75.8612859888349, 39.36545154953237], [-75.86139076383806, 39.365619393117896], [-75.86151558923837, 39.36579734125588], [-75.86173534051306, 39.36586099063726], [-75.86197857015601, 39.36587214635766], [-75.86227471865405, 39.365760754364004], [-75.86249663486858, 39.365688220851524], [-75.8626349269133, 39.36553577452538], [-75.86278837443518, 39.36549770473555], [-75.86295267180908, 39.36549051108749], [-75.86303698588502, 39.36552647376424], [-75.86316059406812, 39.36558478893249], [-75.86331621461468, 39.36557504716989], [-75.86339401320986, 39.36551464223873], [-75.86344348163593, 39.365487235817525], [-75.86378301247397, 39.36539364748196], [-75.86439139919509, 39.36506372530534], [-75.86485826173308, 39.36493184961783], [-75.86540306749501, 39.36487651889895], [-75.8660824112421, 39.36489825421126], [-75.86635128149823, 39.364958504800505], [-75.86645745517829, 39.36504085730502], [-75.86661340360992, 39.36523852597724], [-75.86671966442657, 39.365392243197626], [-75.86682581654705, 39.3654910465483], [-75.86747728467257, 39.36602904853266], [-75.86779600064717, 39.36634204899091], [-75.8679516670078, 39.36645170591062], [-75.86802962101154, 39.36649564155187], [-75.86809326754774, 39.36651204336011], [-75.86820648671457, 39.36651751525855], [-75.86851067603271, 39.36644591940202], [-75.86903426628255, 39.366346839604944], [-75.86962846680873, 39.36611584246244], [-75.86979826905868, 39.36609924471339], [-75.87102948112245, 39.36605472127907], [-75.87134079408081, 39.36598310897466], [-75.87158119133568, 39.365856720863455], [-75.87203379761011, 39.365449919535976], [-75.87218226397376, 39.365356511026725], [-75.87233080579585, 39.36526851327255], [-75.87250046162042, 39.3651970501749], [-75.87267026926027, 39.365131127767285], [-75.87288959293689, 39.36506504417205], [-75.873554667844, 39.36489992589096], [-75.8740002654626, 39.36479532880807], [-75.87408518051146, 39.364784312511844], [-75.87465765258753, 39.36480125782766], [-75.87499800179079, 39.36478291029877], [-75.8751317968692, 39.3647829179384], [-75.87530867155537, 39.36474465744268], [-75.87549985191248, 39.36464585650863], [-75.87559899897036, 39.36456891238899], [-75.87571225945972, 39.364497656234434], [-75.87600959912382, 39.36437691321296], [-75.8760803926564, 39.36431104767583], [-75.87613704221485, 39.364234260147555], [-75.87615839516916, 39.364124329579695], [-75.8761159919928, 39.363987052251815], [-75.87605943675747, 39.36391552603092], [-75.87596745915384, 39.363827648001745], [-75.87584025950623, 39.363739655960906], [-75.8757128640259, 39.363695657468135], [-75.87559976702994, 39.36366812601405], [-75.87530964712577, 39.3636130637679], [-75.87522479316237, 39.36360752218981], [-75.87506903517357, 39.363580047651716], [-75.87499685733711, 39.363554263566726], [-75.87465885453338, 39.363482730651924], [-75.87453677707951, 39.363449313040405], [-75.87426785022954, 39.363301253299085], [-75.87394918635722, 39.36314205584132], [-75.87382184118255, 39.363114649183615], [-75.87334063704104, 39.36308205371434], [-75.87273203921583, 39.362977917852746], [-75.87246305128042, 39.36288472828613], [-75.87240646460404, 39.362835320964756], [-75.87201684370577, 39.362242325507815], [-75.87178284604897, 39.361781062437835], [-75.87163384698438, 39.36129232574551], [-75.87166205318597, 39.3611659263674], [-75.87172558114456, 39.361067061334445], [-75.87179623184502, 39.36098453536958], [-75.87267323100576, 39.36038547464813], [-75.8727792340059, 39.36029753175145], [-75.87297703135337, 39.360050265470534], [-75.87301942464826, 39.35992932931394], [-75.87301235131373, 39.359896473288316], [-75.87296275712352, 39.35983066325803], [-75.87267956951841, 39.359610948530865], [-75.8725945754178, 39.359561672944], [-75.87190803257202, 39.35924348149021], [-75.87157521933567, 39.35904046644786], [-75.87134155675048, 39.35874393275026], [-75.87130617121312, 39.358678079265374], [-75.87115703650292, 39.35810686442746], [-75.87115681551737, 39.357826747979104], [-75.87117082294759, 39.3577607401277], [-75.87122735572504, 39.35762893608472], [-75.87140400493409, 39.35736513763172], [-75.87155241200892, 39.357167348740695], [-75.87162995817751, 39.35692566836077], [-75.87163699917271, 39.35685428493968], [-75.87157323226225, 39.356749938362654], [-75.8713184188437, 39.356546883427825], [-75.87125460522087, 39.35643708662539], [-75.87094260415302, 39.3556957394114], [-75.87080101259627, 39.35546508490568], [-75.87050355076127, 39.35514667891386], [-75.87035473405469, 39.354877688623404], [-75.87025532918028, 39.35448216149001], [-75.87000072147593, 39.35422475966083], [-75.86994837035613, 39.35408795049685], [-75.86990275210937, 39.353934576545285], [-75.86989192022367, 39.353753284855095], [-75.86993825173278, 39.35359879183077], [-75.86997067642295, 39.35345544852762], [-75.87006650779914, 39.353300363026044], [-75.87019109784083, 39.353166914727886], [-75.87033727260219, 39.35304968498466], [-75.87054800928301, 39.3529756503832], [-75.87063014494437, 39.35284270506973], [-75.87059169705022, 39.35269474579569], [-75.87070204340478, 39.35255596991597], [-75.87082732335261, 39.35245547629058], [-75.87104545765979, 39.352246400990424], [-75.87133260414036, 39.35225691148714], [-75.8715464040763, 39.35233128652547], [-75.871724496878, 39.35238958700873], [-75.87184747893534, 39.352520041544295], [-75.87193551652813, 39.352672895545275], [-75.87196688659617, 39.352820950724215], [-75.8719983563772, 39.352974491052194], [-75.87218573326737, 39.3532288918513], [-75.87224938699008, 39.35328374694997], [-75.87229191772722, 39.35334969095836], [-75.87232032335481, 39.353454086375116], [-75.87233459668636, 39.35362428507186], [-75.87231340093723, 39.353701169007444], [-75.87212260326247, 39.35387708796942], [-75.8719671471076, 39.35398149162812], [-75.87150033757021, 39.354206896278086], [-75.8714084021874, 39.35428388654301], [-75.87138019957906, 39.35437729666233], [-75.87143012704423, 39.354805683519466], [-75.87145854075668, 39.354904545605855], [-75.87151520558649, 39.35506928950705], [-75.87157893746263, 39.355184546658826], [-75.87167101298262, 39.35529988211063], [-75.87177020405798, 39.35538769376779], [-75.8722302097554, 39.35555768215245], [-75.8725275368431, 39.355727888227484], [-75.87254874606694, 39.35574975766583], [-75.87264099586011, 39.356035357940456], [-75.87268340891794, 39.35611775916853], [-75.8729879351043, 39.356353749463224], [-75.87303040924756, 39.356430558157655], [-75.87306602026206, 39.35661187901938], [-75.87308021993175, 39.35674914653166], [-75.87303095991483, 39.356886551302495], [-75.87234542947039, 39.35788108131304], [-75.87229595116284, 39.35797987723023], [-75.87235276241803, 39.35809528238673], [-75.87244474630987, 39.358155663173264], [-75.87257935705857, 39.358221337950525], [-75.87277036224418, 39.35824873124767], [-75.87291895167701, 39.35825966522582], [-75.87351322855994, 39.35824295239432], [-75.87372553908914, 39.35827028525506], [-75.8738670183565, 39.35838007639807], [-75.87405836400359, 39.35863813873399], [-75.87422842047678, 39.35900054626607], [-75.87435623457203, 39.359445339497206], [-75.87443442393436, 39.359890143092755], [-75.87441343389943, 39.36018132663361], [-75.87437816154981, 39.360263725749576], [-75.87430757462973, 39.36037353181786], [-75.87379124186904, 39.36067046282556], [-75.87356502811419, 39.360835329955634], [-75.87347325083486, 39.361033260566856], [-75.87350176965019, 39.361208923531905], [-75.87370002963003, 39.361549327871415], [-75.87382077937387, 39.36187885409415], [-75.87392705097031, 39.36201605222131], [-75.87406143534356, 39.36206547054022], [-75.87425257707308, 39.362065323298644], [-75.87457098402723, 39.36208165808284], [-75.87465995766455, 39.36209127045455], [-75.87481556563469, 39.362124253936805], [-75.8749959689033, 39.36224033636249], [-75.87509136729153, 39.362344136475265], [-75.87514783089871, 39.36249792049028], [-75.87528224940793, 39.36254192390483], [-75.87548737790642, 39.362547519046316], [-75.87562903683684, 39.36252012882403], [-75.87593338964837, 39.36228965728803], [-75.87613878225156, 39.36217985145381], [-75.87646436225324, 39.361987870019], [-75.87700937911927, 39.36172993743519], [-75.87749077011036, 39.36143352489234], [-75.87777383554459, 39.36135673836774], [-75.87823375410544, 39.36138446451025], [-75.87844602061719, 39.36145592317443], [-75.87864403625527, 39.36159346870803], [-75.8787925681959, 39.36172527082696], [-75.8788066376099, 39.361774731023964], [-75.8789197543688, 39.36194512058912], [-75.87890536874782, 39.36217585579613], [-75.87883443507806, 39.36243932354276], [-75.87878476093779, 39.362576728928204], [-75.87877756722898, 39.362796464191234], [-75.87882683533074, 39.363082059965066], [-75.87889738452158, 39.36335125549703], [-75.87889738631822, 39.36341166577193], [-75.87901743537616, 39.36360945851265], [-75.87914464760017, 39.36377432981797], [-75.87918004032406, 39.36385665871615], [-75.87958317907074, 39.36412052710851], [-75.87978118482734, 39.364219523249766], [-75.88005717962197, 39.36429651220317], [-75.88020565227382, 39.364324051049174], [-75.880276450298, 39.36429125334632], [-75.88031918315605, 39.364011063076646], [-75.88043244544201, 39.363857319202694], [-75.88065897899712, 39.36376405857948], [-75.88082178247268, 39.36370925754823], [-75.8809280540691, 39.36362686735847], [-75.88106245730697, 39.36357191759215], [-75.88122524730781, 39.36355551717701], [-75.88151525312591, 39.36355573456207], [-75.88169224638972, 39.36356686286991], [-75.88179837425571, 39.36354485766908], [-75.88184797653076, 39.36344593488542], [-75.88187643066738, 39.36329772859248], [-75.88189784740207, 39.363045050768015], [-75.88196856906944, 39.36295725151419], [-75.88222343998017, 39.36285293141662], [-75.88226598419202, 39.362660723331544], [-75.88228736768903, 39.36249046261131], [-75.88225902494352, 39.36241906751339], [-75.88220955561913, 39.36238607444689], [-75.88207522873807, 39.36236405845609], [-75.88197617510495, 39.36232007229285], [-75.88194082280528, 39.36225967149184], [-75.88185624103137, 39.361831123370735], [-75.8818564314742, 39.361578470105755], [-75.88194155044064, 39.36128194162591], [-75.8820195538517, 39.361150137281314], [-75.88211882577544, 39.36075473247895], [-75.88249421286805, 39.36015066482507], [-75.88263594815525, 39.3599529386908], [-75.8827988315809, 39.359810271727866], [-75.88308194732078, 39.35964554386861], [-75.8834641526264, 39.359546872549835], [-75.88408674081386, 39.359574545929625], [-75.88429901451211, 39.359558148743254], [-75.88451119837886, 39.35949793794738], [-75.88470234010838, 39.35942653770701], [-75.88521201814943, 39.35915214629094], [-75.88543141638624, 39.35906434214375], [-75.88562954431372, 39.3590314725145], [-75.88580653488258, 39.359026081988276], [-75.88628753151325, 39.3590372797798], [-75.88669081758364, 39.35909787576193], [-75.8870941368917, 39.359103469095615], [-75.88739119538312, 39.359120152549536], [-75.8876743524455, 39.359164139338716], [-75.88799260039785, 39.35924114497758], [-75.8884312028353, 39.35946114494357], [-75.88899693125853, 39.35991726763642], [-75.88914541648678, 39.36008753879639], [-75.8894139471797, 39.36062046495941], [-75.88964014206995, 39.360906128667146], [-75.8899797618412, 39.361065542363065], [-75.89022734202509, 39.36113165682979], [-75.89036176412758, 39.361142661200276], [-75.89051736131793, 39.36113172767339], [-75.89057835243415, 39.36102213185539], [-75.89067786690302, 39.360529645528345], [-75.89105413883618, 39.35995768390234], [-75.89121791428887, 39.35942197790743], [-75.89128297297671, 39.358874354583996], [-75.89141012411528, 39.35842053244939], [-75.891412610652, 39.35826154057449], [-75.89140071875426, 39.35811886737876], [-75.89142540625491, 39.35789432342891], [-75.89209826326731, 39.357325274142916], [-75.89283301779608, 39.35686649578782], [-75.89350225819119, 39.356527668270566], [-75.89379618964709, 39.35625094344171], [-75.8940372705199, 39.35573792309497], [-75.89400177269312, 39.35554134445346], [-75.89401609363537, 39.355398557344365], [-75.89400917301442, 39.355047084361246], [-75.8939739060547, 39.35493716503475], [-75.89388909610872, 39.354849165961895], [-75.89385371416462, 39.35476687993177], [-75.89385369080843, 39.35468995688155], [-75.89388211350402, 39.35461855381086], [-75.89388938087467, 39.35412969962779], [-75.89399269431885, 39.35361015581176], [-75.89390185218576, 39.35309387217504], [-75.89361375798255, 39.35254274137546], [-75.8935249406521, 39.35234996380223], [-75.89324087449464, 39.35199626584612], [-75.89285680877806, 39.35171284064528], [-75.89240840572084, 39.351478144767434], [-75.8921999759137, 39.35125675816101], [-75.89217273180776, 39.35106146798154], [-75.89241288472086, 39.35058076424593], [-75.89237752703127, 39.35044350336993], [-75.89234227174964, 39.35036651165182], [-75.89233514810942, 39.35031157090459], [-75.8922998586918, 39.35025670513668], [-75.89210186910488, 39.35003151697942], [-75.89200287925215, 39.350009385255326], [-75.89196033234533, 39.34997637660254], [-75.89184734224891, 39.34981710015141], [-75.89181193874524, 39.34978418032395], [-75.89180493637761, 39.349751186152545], [-75.89182625519592, 39.34970177996192], [-75.89188286073693, 39.34965230149183], [-75.89195367942236, 39.34960837401171], [-75.89203854057229, 39.34958637622298], [-75.89214466664163, 39.34950970379904], [-75.89226494297334, 39.34930637635369], [-75.89227913545652, 39.34921858206134], [-75.89225807355638, 39.34914172514781], [-75.89220853326508, 39.349092172646706], [-75.89212372870901, 39.3490757077015], [-75.89203885588095, 39.34910858687749], [-75.89186893774833, 39.34920738964269], [-75.89176986884387, 39.34922377605987], [-75.89167793076611, 39.3492127746745], [-75.89162847401813, 39.34915238546426], [-75.8916072719808, 39.349036983596655], [-75.89162152824437, 39.34893810070395], [-75.89167106943395, 39.34886130322332], [-75.89174892372468, 39.34877338263685], [-75.89178432543171, 39.34871311114057], [-75.89179152542872, 39.348625186894346], [-75.89177732126745, 39.348537186818405], [-75.89174206778243, 39.34847691233973], [-75.89189773593971, 39.348471373034194], [-75.89198253241096, 39.34845490933208], [-75.89201085898681, 39.34843298898339], [-75.89203225685688, 39.34837798766883], [-75.89209586117225, 39.34834511231708], [-75.89220907405088, 39.34832871527376], [-75.89229392082777, 39.34833418164996], [-75.89235046169007, 39.34836172817827], [-75.8923504571985, 39.3484001879874], [-75.89210986321258, 39.34857038162792], [-75.89203191280212, 39.34859777384644], [-75.89196832555474, 39.34864171654995], [-75.89191872687294, 39.348702118010806], [-75.89188334403055, 39.348861384499344], [-75.89189033382178, 39.3489163097148], [-75.89193972768766, 39.34894932303641], [-75.89204594628349, 39.34895478311207], [-75.89220152191427, 39.34893838204378], [-75.8923288625974, 39.34893839246379], [-75.89241373901868, 39.34899338152797], [-75.8924349212931, 39.34913070985626], [-75.8924136626619, 39.3492679830363], [-75.8923781459705, 39.34937237274224], [-75.89232153414132, 39.34946578595453], [-75.89219413237277, 39.34963597561049], [-75.89207372758196, 39.349729309279304], [-75.89211625831909, 39.34977330128661], [-75.89223647715862, 39.34986116851567], [-75.89229294346075, 39.34996557748056], [-75.89246266126906, 39.350102916402], [-75.89280574314743, 39.35045676426174], [-75.89331315923062, 39.35098264307911], [-75.893600131438, 39.35114997335817], [-75.89430283856902, 39.35138167990471], [-75.89467491896306, 39.351527925502594], [-75.89486354181653, 39.35211643635605], [-75.89490410164994, 39.3526870631995], [-75.89494024985696, 39.353087664311644], [-75.89512930120684, 39.35364876415927], [-75.89567282507285, 39.354125646551246], [-75.8957485530513, 39.3542525059995], [-75.89595991316293, 39.354742539463174], [-75.89592935786685, 39.35534536817386], [-75.89586425246664, 39.35589850508933], [-75.89588534131623, 39.35635927286285], [-75.89583429544854, 39.356918014707894], [-75.89601007329175, 39.357424148639275], [-75.89578314537626, 39.357662098097336], [-75.89551142386745, 39.35769338264658], [-75.89481704950902, 39.35782910190352], [-75.8943142336984, 39.357911874003726], [-75.89412329858139, 39.35792642955865], [-75.8934583781845, 39.35798567208056], [-75.89313328686632, 39.3584485174435], [-75.89299778588719, 39.35898449483903], [-75.89291103288525, 39.35956482138728], [-75.89284676201993, 39.36006311197302], [-75.89345473102446, 39.36048581240035], [-75.89368612536353, 39.360597765669155], [-75.89413804263016, 39.36106276765302], [-75.89448345563667, 39.36111005161435], [-75.89402916502108, 39.36170319559206], [-75.89339450078128, 39.36208620242895], [-75.8930525292206, 39.362724339455944], [-75.89346106774046, 39.36325470979454], [-75.89409973307653, 39.36352417621886], [-75.8948114009025, 39.36364086332843], [-75.89548481397209, 39.36349396731672], [-75.89615268533468, 39.36324834864973], [-75.89684277652584, 39.362937121344444], [-75.89754381728198, 39.36328395271776], [-75.8982038607252, 39.36354265256482], [-75.8989045744946, 39.36345634229697], [-75.89947250918016, 39.363275487863376], [-75.89987495173249, 39.36304246643671], [-75.90045311733081, 39.362703579975445], [-75.9009887333274, 39.36256346200238], [-75.90115853557735, 39.36247552393141], [-75.90128601100773, 39.36243173508545], [-75.90165394657508, 39.36233846214068], [-75.90215641473766, 39.362234270302245], [-75.90219893828828, 39.362217729277106], [-75.90224840042615, 39.36220132923852], [-75.90241833113517, 39.36206407035616], [-75.90249613691688, 39.362036528535455], [-75.90246779686628, 39.36206954121405], [-75.90246320018697, 39.36209786090142], [-75.90246073970141, 39.36211347127773], [-75.90251734524242, 39.36214645961124], [-75.90265174758197, 39.362135462344256], [-75.90290653674599, 39.362091544101546], [-75.90326033193243, 39.36209173440423], [-75.90343719943209, 39.36210826434667], [-75.90358581222112, 39.362108333105695], [-75.90375559201321, 39.362091868449625], [-75.90418720465944, 39.36194913362347], [-75.904364143126, 39.36190527499379], [-75.90454099715093, 39.3618888741873], [-75.90470381499955, 39.36188887002006], [-75.90489493516952, 39.36194387458987], [-75.90517073233478, 39.3620647336378], [-75.90548200756388, 39.36229553373578], [-75.90552453650439, 39.36235605674361], [-75.90573673833742, 39.36248245882969], [-75.90592054352602, 39.362564730910115], [-75.90611161698358, 39.36262525646275], [-75.90633799602844, 39.3626473300172], [-75.9065361455155, 39.36263633560719], [-75.90682620523253, 39.362603454462686], [-75.90699612246684, 39.362537658789805], [-75.9071589250441, 39.36244426027619], [-75.9076330055454, 39.362197266212235], [-75.90786660255355, 39.36209846028549], [-75.90802231382997, 39.36205452535063], [-75.90825579765041, 39.36201066053635], [-75.90850353863271, 39.36198866943049], [-75.9087794121548, 39.36198872638251], [-75.90904831654689, 39.3620053369155], [-75.90927472703278, 39.36204387880982], [-75.90949399681048, 39.36205487539672], [-75.91001058738766, 39.362005536942], [-75.9104776053342, 39.36193427539405], [-75.91073938159452, 39.361912268289814], [-75.91091632275602, 39.36191233427089], [-75.91102951856666, 39.361928866339376], [-75.91117812776244, 39.36197286733423], [-75.91214732281742, 39.36247286734775], [-75.9123029325842, 39.36253885616131], [-75.91248693360552, 39.36263772744544], [-75.91313072742356, 39.36312666099772], [-75.91330040480769, 39.36322566549295], [-75.91364712665958, 39.36332452816507], [-75.91383113756238, 39.36339606679809], [-75.91402214544293, 39.3635168698551], [-75.91416359147262, 39.36364866626099], [-75.91429793272674, 39.36380807091955], [-75.91434740205112, 39.36392886215163], [-75.91433332275567, 39.36400032446337], [-75.91434041495484, 39.364126531887536], [-75.9143686067834, 39.36415413122341], [-75.91443234943931, 39.364159525520954], [-75.91459513405027, 39.36409912492161], [-75.91481439843808, 39.36404425609072], [-75.91494894001649, 39.36404985458445], [-75.91550080114668, 39.36417626888456], [-75.91577679144972, 39.364198256523544], [-75.91591834617557, 39.36418726652474], [-75.9160173881306, 39.364159932506695], [-75.91628635001487, 39.3640500525215], [-75.91662601290525, 39.36383032814753], [-75.91680999236702, 39.36368766840952], [-75.91743979941609, 39.3633636645375], [-75.91780079819279, 39.363100056510845], [-75.91815458709104, 39.36279253107641], [-75.91826080029696, 39.36268266908136], [-75.91845898751326, 39.36238606402893], [-75.91846598718597, 39.362309126448665], [-75.91845898212335, 39.36224326312867], [-75.91837419104202, 39.36205094501828], [-75.91828218828556, 39.36171046672402], [-75.91821138846477, 39.361600546074676], [-75.91813358897126, 39.36160606836486], [-75.91808418163063, 39.36166646417482], [-75.91804157094344, 39.361748872651454], [-75.91795671877667, 39.36183127478001], [-75.91775138636059, 39.36190267464594], [-75.91756759015514, 39.361946529110064], [-75.91738350020061, 39.36194107838408], [-75.91722077577678, 39.36191347192287], [-75.91708637433555, 39.36180353770226], [-75.91698732249907, 39.36169373874372], [-75.9168893477426, 39.361518315225545], [-75.91684559170342, 39.36130095127977], [-75.91694462108201, 39.36118807678297], [-75.91705117385114, 39.361062065467266], [-75.9174051172596, 39.36060626557558], [-75.91746877457558, 39.36052387033645], [-75.91756071534827, 39.36046893618724], [-75.91793577186087, 39.36033174474496], [-75.91804197608366, 39.360265876782194], [-75.91809857533644, 39.36019433772136], [-75.91814815784855, 39.35998013336034], [-75.91818349936845, 39.35988673976155], [-75.91830389966766, 39.35965614910141], [-75.91839589972918, 39.35955188311114], [-75.91848077345554, 39.35941993797873], [-75.91857988098758, 39.35934854877167], [-75.91870030284635, 39.35922234382694], [-75.91872855486203, 39.35913994487165], [-75.9187851586064, 39.35893668712455], [-75.91884174977434, 39.35881574973462], [-75.91886308296573, 39.35853015804839], [-75.91895510099354, 39.35840394676306], [-75.91910369761288, 39.35831607430184], [-75.91946454277767, 39.35814575714938], [-75.91966267968833, 39.35806334789475], [-75.91976889558921, 39.35803048682398], [-75.91995276096493, 39.35788775689563], [-75.92008027322625, 39.35771188206686], [-75.92021474832934, 39.35739334878783], [-75.92044114264556, 39.35675630148848], [-75.92053327475942, 39.356536554864704], [-75.92071013597085, 39.35626748865818], [-75.92097913378775, 39.3559049641471], [-75.92096493591468, 39.35585549493175], [-75.92090133878584, 39.35578955189925], [-75.92078091782537, 39.35574556506892], [-75.92067486901112, 39.355690684813794], [-75.92054045768843, 39.3555752965229], [-75.92011591658009, 39.355432491423564], [-75.91998866752515, 39.3553611085606], [-75.91943685400568, 39.35509736058545], [-75.91897005524807, 39.35476757384546], [-75.91885686392902, 39.35467430386433], [-75.91858092752487, 39.35451497213405], [-75.91846772542603, 39.354465495682966], [-75.91807866687311, 39.35440509850938], [-75.91792306608949, 39.354360966328066], [-75.91779566432095, 39.35431156409151], [-75.91773204742917, 39.35426768607958], [-75.91773907135637, 39.35421816638732], [-75.91782393250631, 39.35416330993845], [-75.91791606282352, 39.35404796288579], [-75.91800805749514, 39.35396556407877], [-75.91810705183946, 39.35385577224955], [-75.91814246522459, 39.353762357265204], [-75.91832652463641, 39.35349877829911], [-75.91839730110101, 39.352867105243476], [-75.91839032298789, 39.35272976897646], [-75.91836204581936, 39.352663910516966], [-75.91827710382107, 39.35259797628075], [-75.9181640598257, 39.352575978738535], [-75.91790210749559, 39.35257591344328], [-75.91778903834742, 39.35254850402918], [-75.91760504361429, 39.35246049639072], [-75.91747771101603, 39.35241658317933], [-75.91734332574445, 39.35241651580006], [-75.91729386180998, 39.35239458141225], [-75.91725132658127, 39.35233410048179], [-75.91719484770273, 39.35227917309032], [-75.91710983204256, 39.35223518196606], [-75.9170321223806, 39.35221877819454], [-75.91685525398262, 39.35222417758162], [-75.91674205547703, 39.3521967062071], [-75.91667832000763, 39.35215277129632], [-75.91663592042453, 39.3520429092388], [-75.91660049805625, 39.351993498416824], [-75.91650151718666, 39.351954973900305], [-75.9164025084693, 39.35193851379743], [-75.91632463621227, 39.35189998230422], [-75.91625391903648, 39.351817580964074], [-75.91620443354242, 39.3517353149812], [-75.91621151945337, 39.35168030167848], [-75.91620443444074, 39.35161977219956], [-75.91611951310368, 39.35156491787846], [-75.91599931762033, 39.351559509410116], [-75.91582951537038, 39.351531980119134], [-75.9158862385907, 39.35147698193841], [-75.91602064362519, 39.35141669888119], [-75.91607723928472, 39.35136169852577], [-75.91604183757768, 39.3513011652977], [-75.91578011341966, 39.35114192104139], [-75.91553251257452, 39.3510319823728], [-75.91543351373863, 39.3509881092477], [-75.91473324373699, 39.350504582641754], [-75.91464843468934, 39.350400183512754], [-75.91464131104914, 39.35035077291847], [-75.91466250679825, 39.35030132199936], [-75.91480403008308, 39.35025190855655], [-75.91486062214935, 39.35019698786409], [-75.91500922415858, 39.34999392013592], [-75.91516489141755, 39.34987298324227], [-75.91521449908248, 39.34978511394406], [-75.91526408967941, 39.349664310063595], [-75.91534889064222, 39.349592914360834], [-75.9154763049872, 39.34950499330555], [-75.91561081871784, 39.349439177654205], [-75.9157734856495, 39.34931277419591], [-75.91589381228685, 39.34918652819768], [-75.916035285266, 39.34906019374886], [-75.91635368323698, 39.34881311554498], [-75.91645281143028, 39.34871972438429], [-75.91688427944774, 39.34846712581622], [-75.91700467435707, 39.34839572958491], [-75.9171602805306, 39.348247517064024], [-75.91721702351384, 39.3481265979882], [-75.91722409056017, 39.348060721991224], [-75.91733021752783, 39.34780813771334], [-75.91733022381605, 39.34775858704529], [-75.91713220907629, 39.34746199782053], [-75.91708281431207, 39.34735759900863], [-75.91706861554069, 39.34728620094906], [-75.91707581463939, 39.347192789686], [-75.91711106542944, 39.34701152426868], [-75.91716067129775, 39.34687432723975], [-75.91716780122616, 39.34674253114155], [-75.91714661985007, 39.346643526905], [-75.91690607706812, 39.34641280083469], [-75.91677166664375, 39.34614919483905], [-75.91670805693848, 39.346077804576], [-75.9165949994684, 39.345978802871244], [-75.91656666750264, 39.34592939609764], [-75.91660200273435, 39.34587999832011], [-75.91661619701415, 39.345830598423596], [-75.91657386570301, 39.345687732420345], [-75.91654559751765, 39.34564379689055], [-75.91648886351757, 39.34561634099119], [-75.91636159290306, 39.34562719983473], [-75.91631206698482, 39.34562180063255], [-75.91624139202983, 39.345522801755386], [-75.91600085373948, 39.3453965391845], [-75.91597265202944, 39.345336132782364], [-75.91600799265103, 39.345193187961556], [-75.91600805912637, 39.34513294602857], [-75.91594440360703, 39.34508339693724], [-75.91578880372171, 39.345012004890705], [-75.91565426483824, 39.344990009823306], [-75.91541380649794, 39.34497900777147], [-75.91531479688226, 39.34495140294391], [-75.91515218834111, 39.34481959696693], [-75.91510258606607, 39.34471520323886], [-75.91505320387826, 39.34464933027859], [-75.91498239507432, 39.34458340237414], [-75.91497546187696, 39.34452840289276], [-75.91498245436313, 39.34445713810613], [-75.91493306409048, 39.3443307353623], [-75.91484806010841, 39.34417139810823], [-75.91475626665941, 39.34407799935499], [-75.91467139652632, 39.34405599982539], [-75.91455819263085, 39.343951743205224], [-75.91453697981373, 39.343874742945395], [-75.91453699149183, 39.34379780095699], [-75.91457240308033, 39.34370999766002], [-75.91460079613151, 39.34358913951032], [-75.91472104641208, 39.343391400546054], [-75.91489784024988, 39.343193739526015], [-75.91518096676955, 39.34303440523767], [-75.91537198453156, 39.34295760821661], [-75.91549925873933, 39.34294113696296], [-75.91564079639718, 39.34290822084371], [-75.91581764682886, 39.342820410176664], [-75.91608643264333, 39.34264460996634], [-75.91631998024417, 39.3425073550389], [-75.9163907701835, 39.34239754937446], [-75.91643317425816, 39.34228221138352], [-75.91642624195912, 39.341963609150746], [-75.91630604288252, 39.34171640650941], [-75.91628476538672, 39.341414348346966], [-75.91625663464359, 39.34129341883775], [-75.91628497199922, 39.34127154973801], [-75.91633444222192, 39.341276948581445], [-75.91639804384235, 39.34139780725554], [-75.91642637670643, 39.34155161445235], [-75.91641916682795, 39.34162855474497], [-75.91642623656922, 39.34169994816331], [-75.91646877359456, 39.34177682159793], [-75.91653237341836, 39.3418482120859], [-75.91662423064774, 39.34192521388357], [-75.91665964582951, 39.3419910206325], [-75.91668797150705, 39.34207894488849], [-75.9166878340648, 39.342177954201716], [-75.9164825815988, 39.34272714717422], [-75.91637644924124, 39.34282053592227], [-75.9162703653927, 39.34286442112242], [-75.91601564360232, 39.34294681078891], [-75.91583178092152, 39.343089549702654], [-75.91569018846646, 39.343127936688305], [-75.91552044370867, 39.34313339999769], [-75.91520205292422, 39.343199210472235], [-75.9151383767436, 39.343226744435356], [-75.91508185205099, 39.34326521262825], [-75.915046447649, 39.343331007694744], [-75.91499685705206, 39.34349580111444], [-75.91486239362709, 39.34373740428857], [-75.91481285333579, 39.343792413423735], [-75.91479165848497, 39.34384180156126], [-75.91479865456441, 39.34395721409211], [-75.91484105953741, 39.344006604197325], [-75.91491185845989, 39.34403953994607], [-75.91512406927609, 39.34410012948395], [-75.91519485652046, 39.344160545290926], [-75.91521600196394, 39.344253937681444], [-75.91521600016732, 39.344374731462786], [-75.915194664281, 39.3445010097739], [-75.9152158699116, 39.34456153152494], [-75.91527944458257, 39.344654807363206], [-75.91533606000505, 39.34469333034679], [-75.91542805018508, 39.34472633663211], [-75.91551298948845, 39.344709801187456], [-75.91567565462347, 39.344665934513685], [-75.91584546495825, 39.344583609397574], [-75.9159586023784, 39.34455614474522], [-75.91600818758546, 39.34455614127166], [-75.91604359019081, 39.344572601724046], [-75.9160717847143, 39.34461113586827], [-75.91607885176066, 39.34466052898493], [-75.91606466736232, 39.344797808167094], [-75.91610705347068, 39.34486373517458], [-75.91622745556653, 39.344880208059195], [-75.9162980712327, 39.34486379839287], [-75.91634057591868, 39.34484180536298], [-75.91644665527562, 39.34480880191097], [-75.9164890710284, 39.3448253428899], [-75.91650325722338, 39.3448803324117], [-75.91648198511744, 39.34491320453041], [-75.91640419011551, 39.34497913351315], [-75.91637585006494, 39.345023007632115], [-75.91636179771895, 39.34507799560896], [-75.91640420359025, 39.34523178914977], [-75.91643947414325, 39.34529220189443], [-75.91650319613792, 39.34532513425849], [-75.91679319207459, 39.34535819512692], [-75.91682860276477, 39.34538573449184], [-75.91690639776668, 39.34541320159699], [-75.91701245197082, 39.345402127362796], [-75.91706906110507, 39.345374747785684], [-75.91709739486745, 39.34533620294727], [-75.91710445832054, 39.34529233041439], [-75.91706906380001, 39.345204402558934], [-75.91706205244923, 39.34514954042295], [-75.91709040148298, 39.34511653155864], [-75.91716120579534, 39.34511659686085], [-75.91723179451205, 39.34517153682953], [-75.91730246677209, 39.34519899915591], [-75.91735919448396, 39.34521000325726], [-75.91743700296061, 39.34519900749239], [-75.9176067944308, 39.345155142515054], [-75.91775525540453, 39.34514419328668], [-75.91798166499211, 39.345138725271575], [-75.91810198084968, 39.34516061052892], [-75.918250446315, 39.34522113031935], [-75.91839199385433, 39.34537501038292], [-75.91844845386825, 39.345490330765564], [-75.91846258436766, 39.345803346144], [-75.91848380706625, 39.34592419699135], [-75.91854026438523, 39.346039593578965], [-75.91873838871946, 39.34625393446631], [-75.91886565933397, 39.34653952145442], [-75.91902839902916, 39.34669880120792], [-75.91912027152989, 39.34677018666852], [-75.91917680700229, 39.34684159567556], [-75.91921920568707, 39.34727552506491], [-75.91919788507211, 39.34742380216862], [-75.91914840317132, 39.34749518619396], [-75.91893608096402, 39.347698520298586], [-75.91884421115824, 39.34776979706297], [-75.91868141666583, 39.34795658874534], [-75.9186672098096, 39.34801152161868], [-75.91856808431126, 39.34818718328822], [-75.91849727281236, 39.34828613323739], [-75.91835587439338, 39.34840153009292], [-75.91824980671451, 39.34847291659294], [-75.91817202967891, 39.34857171192079], [-75.91810820976785, 39.34869798195385], [-75.91807283141702, 39.34886278842138], [-75.91802322285379, 39.349000125342286], [-75.9180302943917, 39.349071525124096], [-75.91805149103915, 39.349120983165484], [-75.91812222707955, 39.349159386983615], [-75.9182354875689, 39.349175915818186], [-75.91849008359513, 39.34918691929338], [-75.918716479708, 39.34917597694861], [-75.91891463009335, 39.34915412004057], [-75.9191056083295, 39.34914858495673], [-75.91928242193025, 39.3491595766269], [-75.91959381034707, 39.34914859051409], [-75.9196714930596, 39.34916511448853], [-75.91970702592064, 39.3492035766342], [-75.91974229737195, 39.34926951615744], [-75.91974927907835, 39.349379315887944], [-75.91967147599159, 39.349675977555776], [-75.91955110354014, 39.349928578700734], [-75.91955821460394, 39.35001650894823], [-75.91963604104689, 39.35019777907474], [-75.91973501562828, 39.35029118423709], [-75.91989063258156, 39.350384577465505], [-75.92036463403113, 39.35054938134456], [-75.92066163592867, 39.35067031637289], [-75.9207960966587, 39.350703192020006], [-75.92105782171505, 39.350840721909066], [-75.9212276248633, 39.35089558096659], [-75.92135489637614, 39.35092297366291], [-75.92142569799357, 39.35095599159364], [-75.92144690452248, 39.35099450415737], [-75.9214540407391, 39.35106038850297], [-75.9214328288203, 39.3511317875689], [-75.92142563061995, 39.35140091314871], [-75.9214750981477, 39.35170851582481], [-75.92147504335045, 39.351862379519666], [-75.92138304867885, 39.35218637422234], [-75.92132643145975, 39.35231817603002], [-75.92126972081586, 39.352439098272164], [-75.92117770548298, 39.35254891594502], [-75.92105744442263, 39.35276311391796], [-75.92092292260716, 39.35312016928107], [-75.92079565468758, 39.35349909921396], [-75.92075311496733, 39.35366937281991], [-75.92076012811475, 39.35372976090488], [-75.92080266603838, 39.353784768426294], [-75.92088750922204, 39.3537957017139], [-75.92104324115968, 39.353790164219255], [-75.92158792475074, 39.3536199749567], [-75.92178605627149, 39.3535705721962], [-75.92209732251743, 39.3535101659135], [-75.92229543876682, 39.35348277075828], [-75.9224440479626, 39.35346636519582], [-75.92262091546226, 39.35346077557849], [-75.92303831406576, 39.35347736382766], [-75.92322223603536, 39.353521361810685], [-75.92346985484677, 39.35363130698172], [-75.9235972611069, 39.353713696458264], [-75.92372452273825, 39.35385098077879], [-75.92378823934305, 39.35398277597331], [-75.92380931920951, 39.354070694867445], [-75.92391551534745, 39.354323371814104], [-75.92404992756846, 39.35470790905071], [-75.92411352110405, 39.35480129984874], [-75.92430450652672, 39.354938561194004], [-75.92438946559302, 39.3550265031966], [-75.92442485292702, 39.3551417666704], [-75.92443892773089, 39.3552626895826], [-75.92438231859664, 39.35538896072209], [-75.92432571305564, 39.355592300335495], [-75.92431153045392, 39.35574048477475], [-75.92430446879749, 39.356262368810135], [-75.92432566364829, 39.35636676404227], [-75.92436093599792, 39.35643809447793], [-75.92439626763635, 39.356476554703946], [-75.92448126802518, 39.356493097088624], [-75.92453065560287, 39.35648755702942], [-75.92460153178047, 39.35645469104984], [-75.92466514148573, 39.35640529932347], [-75.92473593232339, 39.35629536963121], [-75.92477134211526, 39.356179967058026], [-75.9248916444981, 39.355932893191984], [-75.9251039253829, 39.355625301473104], [-75.92517466860984, 39.35554288924521], [-75.92523832412918, 39.355487965765555], [-75.9255142587367, 39.355295699905795], [-75.92564871048357, 39.35523536665876], [-75.92578311282313, 39.355213356749466], [-75.92599544311524, 39.355196902276475], [-75.92636331220726, 39.35520795550954], [-75.92649770736028, 39.355185962262084], [-75.927000053352, 39.35495529704346], [-75.92709911237502, 39.3549003765749], [-75.92714163772224, 39.35486195854684], [-75.92716286042084, 39.35480695743043], [-75.92715585266329, 39.354735560036126], [-75.9271204464647, 39.35466970555109], [-75.9270284356234, 39.35458176379401], [-75.92694350170993, 39.35447190138814], [-75.92669604729018, 39.353895162600054], [-75.92666770544297, 39.35373037286389], [-75.92673143462417, 39.353626112616176], [-75.92692249730194, 39.35352169939632], [-75.92702863325276, 39.35342829646854], [-75.927163051762, 39.35326897509453], [-75.92717002179029, 39.35320857271884], [-75.92735404257454, 39.35298337740366], [-75.92753802473126, 39.35287910075951], [-75.92772190088677, 39.352604375905464], [-75.92772904069663, 39.352500099390255], [-75.92776442443736, 39.352401310311066], [-75.92791310729498, 39.35213757408548], [-75.92804748448171, 39.35195630412874], [-75.92819603079542, 39.351725576844125], [-75.9283800246302, 39.35131917668758], [-75.92841541016757, 39.35118190406384], [-75.9284720291833, 39.35109398987042], [-75.9285498286768, 39.35101157854932], [-75.928634676352, 39.35101711418025], [-75.9288186270677, 39.35108297210798], [-75.92892480434101, 39.35108297280264], [-75.92900961428697, 39.35107197657252], [-75.92905922285024, 39.351028107640424], [-75.92907341623173, 39.35095117213822], [-75.92906628809995, 39.350890783041], [-75.92899547929598, 39.350577721679194], [-75.92898141706854, 39.350368988781014], [-75.92902388133032, 39.35030852276891], [-75.9290592740542, 39.3502315788332], [-75.92906640488093, 39.350160192045806], [-75.92900267390311, 39.35003938395121], [-75.9290098092214, 39.349973525039836], [-75.9290664147624, 39.34980872813851], [-75.92908046621007, 39.349715316079326], [-75.92907347552054, 39.349534128060505], [-75.92905227258487, 39.34940219804614], [-75.92903100586884, 39.34925393208687], [-75.92907347462223, 39.3490507261584], [-75.92910180119806, 39.34900678510145], [-75.92915126064098, 39.34900679065876], [-75.92920086471266, 39.34905618692082], [-75.92921499521206, 39.34912213283512], [-75.9291936736988, 39.349182527628805], [-75.92913721727815, 39.3492705275867], [-75.92914426096829, 39.34941872404464], [-75.92913707085275, 39.34957252192633], [-75.92917246896653, 39.34976479519946], [-75.92915828097492, 39.34987457886928], [-75.92912300054047, 39.349973526429174], [-75.92915120494544, 39.35018771909865], [-75.92913700168248, 39.35036899433822], [-75.92917962314944, 39.350451396692065], [-75.9292644016544, 39.350846918857705], [-75.92926442411226, 39.351028120838706], [-75.92923607957012, 39.351143512471545], [-75.92919362429147, 39.35122030674937], [-75.92914408669512, 39.3512751752339], [-75.92906621892966, 39.3513137147127], [-75.92895309678087, 39.35131371957523], [-75.9288610868379, 39.35129172232331], [-75.92879029150869, 39.35124232000054], [-75.92871961745202, 39.3512093084569], [-75.92864181885682, 39.35119832058237], [-75.92859223095483, 39.351225915995926], [-75.92859927464497, 39.351341121137985], [-75.92859223275147, 39.35145096832217], [-75.92855681577308, 39.351593915625166], [-75.92817482067323, 39.352197988501224], [-75.92809688553413, 39.35232990420674], [-75.92807569876815, 39.35240671315716], [-75.92798370589317, 39.35253858401229], [-75.92796963647919, 39.352653902993175], [-75.92797664513505, 39.352862565159974], [-75.92813229802094, 39.35321417694344], [-75.92818883798492, 39.35343391317872], [-75.92827371440623, 39.353609714728215], [-75.92835162978238, 39.353697559767554], [-75.92879011454058, 39.35397230602401], [-75.92893164860516, 39.354082092113195], [-75.92904484711073, 39.3541975016248], [-75.92917923238228, 39.3543567118273], [-75.92929244975251, 39.35454350604579], [-75.92931371826518, 39.354631362414054], [-75.9293136499932, 39.35474117525197], [-75.92928543660507, 39.354823559946674], [-75.92922172539019, 39.35490595913098], [-75.92919331527101, 39.354971962039045], [-75.92919344193346, 39.3550377578923], [-75.9292075095508, 39.355120305469384], [-75.9292711318325, 39.35523008836545], [-75.92933484574233, 39.35540036747723], [-75.92933486101369, 39.35549370386531], [-75.9293207260227, 39.35557608975643], [-75.9292498615232, 39.3556804943493], [-75.92917211053872, 39.35575735379499], [-75.92901645944944, 39.35596055897368], [-75.92897406166298, 39.35605948749622], [-75.92887492448654, 39.356169363381305], [-75.92854232055765, 39.356372554858886], [-75.92838665689197, 39.35644935172459], [-75.92830184964093, 39.356504364745255], [-75.92822406272384, 39.356586753612106], [-75.92813191533862, 39.3567075580269], [-75.92794792958865, 39.35700416565971], [-75.92784892266793, 39.35711949671835], [-75.92779934285078, 39.35715249574539], [-75.92770746496015, 39.357174493235895], [-75.92760127690704, 39.35717997072801], [-75.92750225830822, 39.357163497269866], [-75.9272971280131, 39.35706996515575], [-75.92719806988839, 39.35703709806102], [-75.92712733654292, 39.3570260944329], [-75.92699285155838, 39.35703155387747], [-75.92690093324354, 39.357048096130725], [-75.92683013971096, 39.35707555378974], [-75.92658247059386, 39.35721829996384], [-75.92627826061447, 39.3572786926217], [-75.92622874637432, 39.35730069285079], [-75.92614387893617, 39.35736656777701], [-75.92611552361423, 39.35745449560995], [-75.92612953014613, 39.35771807979526], [-75.92615787558663, 39.357910367466125], [-75.92626408969086, 39.358108086879625], [-75.92626393787558, 39.35817949263509], [-75.9262427457197, 39.358261879526374], [-75.92617907672565, 39.358316875839115], [-75.92585354792793, 39.358448693864695], [-75.92568374477966, 39.358613341197966], [-75.92549274408563, 39.35891547713345], [-75.92541474606446, 39.35899235316252], [-75.92516008805445, 39.359173548604545], [-75.92509634719515, 39.35925047435821], [-75.92502556084908, 39.3594042811594], [-75.92491948239044, 39.35959095144689], [-75.92486995467557, 39.35975587946778], [-75.92480615183253, 39.3598766735404], [-75.92477796719048, 39.359970073403595], [-75.92478495877833, 39.36013474701685], [-75.92488396390242, 39.36029967583747], [-75.92503955839784, 39.36048086927753], [-75.92510335405439, 39.360535741602305], [-75.92520236456835, 39.36064567365102], [-75.92520949359844, 39.36069514364163], [-75.92519536938724, 39.36075006719469], [-75.92513869557429, 39.3607830700631], [-75.92498297800968, 39.36078846531556], [-75.92483435983074, 39.36077208786153], [-75.9246645575808, 39.360739080820615], [-75.92455849888509, 39.360684085025746], [-75.92442410732534, 39.3606291489189], [-75.92419049414748, 39.36050827627413], [-75.92411975900539, 39.36049726972006], [-75.92406317143069, 39.36051928352107], [-75.92402790806422, 39.360568669560536], [-75.92402776253714, 39.36064007488444], [-75.9239923671183, 39.36079933360867], [-75.92391456403156, 39.361073932474426], [-75.92385077556156, 39.36135406646159], [-75.92385790010007, 39.361469477850896], [-75.92387911022225, 39.361557334538126], [-75.9239144957596, 39.361623274209784], [-75.92399229525309, 39.36169466734298], [-75.92407716358954, 39.36174406088587], [-75.92427529331368, 39.361826475521795], [-75.92432490816513, 39.36186506404885], [-75.92436017422655, 39.361919879028754], [-75.92437431281083, 39.361980338464676], [-75.92438139063694, 39.362035277676064], [-75.92436016883666, 39.362084669588995], [-75.9243176937951, 39.36211214193724], [-75.92423278503443, 39.36213405938346], [-75.92410536979116, 39.36213414758941], [-75.92385778691234, 39.36211213429733], [-75.92365970749388, 39.36205167358639], [-75.92351816714107, 39.362029662351965], [-75.9234261742661, 39.36200212746303], [-75.92335550290437, 39.362002267064824], [-75.92331298204873, 39.36202967832625], [-75.92326337887536, 39.362090077242556], [-75.92319972155937, 39.36244166689373], [-75.92319970359308, 39.36258986041805], [-75.92311477417117, 39.3628865361414], [-75.92303677794663, 39.363067733288865], [-75.92295192847479, 39.36320513674359], [-75.92289532113715, 39.36324354115456], [-75.92276799572541, 39.36325453199641], [-75.92266891424451, 39.36324346961862], [-75.92248490962992, 39.363150058852824], [-75.9224425208266, 39.36311712447174], [-75.92238590450583, 39.36303473427803], [-75.92232231815676, 39.36303473844521], [-75.9222727086952, 39.36309513440884], [-75.92225137550382, 39.36320493116435], [-75.92226558774993, 39.36327092484244], [-75.92231510917661, 39.36334785650162], [-75.9224777788032, 39.363468668670734], [-75.92289531754389, 39.36368846571801], [-75.92324900133923, 39.36384226135803], [-75.92394047863088, 39.36417695089799], [-75.92430797582035, 39.36439390585444], [-75.9250118265067, 39.36456514744562], [-75.92567265417917, 39.364779830152564], [-75.92603463571278, 39.36513419192437], [-75.92637635305024, 39.36542807119152], [-75.92674650296475, 39.36571123795726], [-75.92702665695914, 39.36587292627878], [-75.92738874359566, 39.36622182169499], [-75.92770056140718, 39.36662504676214], [-75.92789597013432, 39.366785921110576], [-75.92819156796506, 39.36732607226872], [-75.92835317847795, 39.36785396587704], [-75.92857160204267, 39.36836047683697], [-75.92878450725658, 39.368296699867074], [-75.92907594409093, 39.3681788815975], [-75.92974593457929, 39.368256557188], [-75.93045856090765, 39.368318196604946], [-75.93110909927685, 39.36828054293287], [-75.93181654861424, 39.36821602627455], [-75.93191994200849, 39.36838698139931], [-75.93206660365672, 39.368969554208576], [-75.93174372399078, 39.36930092186295], [-75.93160702286242, 39.36946410885629], [-75.93177992160516, 39.369712474473964], [-75.93213790383913, 39.36939789949666], [-75.93246842816815, 39.36902821651283], [-75.93289524650572, 39.36836339015173], [-75.93317149013369, 39.36784514253126], [-75.93339909897217, 39.367271616413035], [-75.9335626651174, 39.36673038281935], [-75.93374821213935, 39.36613450563648], [-75.9338862814019, 39.36587813779066], [-75.93400875052119, 39.36572029075749], [-75.9349475663499, 39.36483005214555], [-75.93513951027498, 39.36474963707273], [-75.93533168955867, 39.36465277313416], [-75.93549513353302, 39.36458853509566], [-75.93567945165967, 39.364546435236385], [-75.93591863169732, 39.36461449381536], [-75.93598432998562, 39.36447257325067], [-75.9358306462068, 39.36435595628747], [-75.93575494248287, 39.36422365908241], [-75.93567951723666, 39.364069428820855], [-75.93554696991819, 39.36395849997274], [-75.93529472657967, 39.36384454771148], [-75.93512064565402, 39.363806812452154], [-75.93494843771575, 39.36364254267791], [-75.93483231249895, 39.36342545967897], [-75.93478991291587, 39.36337054378582], [-75.93461297983919, 39.36326613471196], [-75.93449970048522, 39.363183860679676], [-75.93444318208081, 39.363123328665786], [-75.93438650287796, 39.36293666642922], [-75.93426616905407, 39.36283226226303], [-75.93411056018563, 39.362738871783144], [-75.93394789954218, 39.36261806946414], [-75.93389117901683, 39.36248626416817], [-75.93375677128739, 39.36228847935918], [-75.93360816748151, 39.36215113383118], [-75.93351615753853, 39.362085268278676], [-75.93344537658234, 39.362002872700536], [-75.93338176597877, 39.36188194825908], [-75.93312710078223, 39.361492074065765], [-75.93303509802578, 39.361140484496474], [-75.93284409553513, 39.36083834776652], [-75.93280149742435, 39.360739472546214], [-75.93230628854757, 39.360206672310866], [-75.93225675903605, 39.36010234671609], [-75.93227794041215, 39.36005834245921], [-75.93233455763125, 39.3600528839458], [-75.93237708297848, 39.36008033834011], [-75.93253968433312, 39.360239682381575], [-75.93271668927501, 39.3604538845576], [-75.93282987969576, 39.360635147052626], [-75.93308456465522, 39.36077787761841], [-75.93330396109538, 39.36093726729783], [-75.93350909588209, 39.361113083998795], [-75.93375674613455, 39.36139853177284], [-75.93390535712696, 39.361519481360205], [-75.93399027666739, 39.36157448622091], [-75.93424508020445, 39.3617062730958], [-75.93432989374371, 39.36176667784806], [-75.9345421629504, 39.36204126457643], [-75.93463416211358, 39.36212366566556], [-75.93475450851388, 39.36218954437803], [-75.93508709627311, 39.362321470388196], [-75.93525688235337, 39.36241473085408], [-75.93540550771883, 39.36246973570427], [-75.93553989119374, 39.362502734982044], [-75.9357167703715, 39.362513741914704], [-75.93585829814788, 39.36250267039062], [-75.9361200914762, 39.362420281555714], [-75.93635356990674, 39.36239287253117], [-75.93646676302242, 39.362387334328936], [-75.93668609298726, 39.36241485725897], [-75.9369195714178, 39.362392862807695], [-75.93696915033665, 39.36241473432675], [-75.9369975002687, 39.36248074611479], [-75.93699037393355, 39.362546662689645], [-75.93694795189258, 39.36261254100321], [-75.93689837387204, 39.36265647003077], [-75.9367709541372, 39.36272247395056], [-75.93668617293731, 39.36281033947963], [-75.93663670810453, 39.36296952797009], [-75.93661535155694, 39.363095866438684], [-75.93645970495925, 39.36324426623765], [-75.93643135951878, 39.363299128057285], [-75.93642435625281, 39.36336506608458], [-75.93645269001517, 39.3634199333655], [-75.9365022958835, 39.363474936729595], [-75.93656591636855, 39.36351332849083], [-75.93704710164542, 39.36362865922061], [-75.93713911607999, 39.363667125905515], [-75.9372664989839, 39.3638154599005], [-75.9373159638167, 39.36385392439899], [-75.93734431824033, 39.36390885310792], [-75.93735836609476, 39.36397474124891], [-75.93732311260975, 39.36414506641342], [-75.93733010779086, 39.364315271706246], [-75.93734432003697, 39.36440311717423], [-75.93738678879033, 39.36454052841948], [-75.93750710734285, 39.364875541031985], [-75.93752831656673, 39.36502385857038], [-75.93751418966056, 39.36508985400232], [-75.93748577325319, 39.365139263201335], [-75.93742217971757, 39.36517212509491], [-75.93735850263867, 39.36517766585433], [-75.93725937264875, 39.36515565004901], [-75.93718857731952, 39.36512272703122], [-75.93701892149497, 39.3649799275592], [-75.93690557656399, 39.364903070621075], [-75.93672871625085, 39.36479866661628], [-75.93654472421268, 39.364705259319514], [-75.93646692382087, 39.36467772617989], [-75.93630412483687, 39.36468333920758], [-75.93619098112852, 39.36471086331631], [-75.9361201920875, 39.36473826518065], [-75.93608477870237, 39.36478226023863], [-75.93609177388349, 39.36482066725495], [-75.93615552731919, 39.36485352721493], [-75.93636776867811, 39.36487553617045], [-75.9364881725706, 39.3649030532584], [-75.93660850459784, 39.36495792558167], [-75.93694110762841, 39.365166667675595], [-75.93717451509208, 39.36529853666917], [-75.93745757783135, 39.36536985659534], [-75.93758498858304, 39.36539192580987], [-75.93777597580234, 39.3653919348384], [-75.93809438455312, 39.36533692742805], [-75.93824998893, 39.36528206373659], [-75.93837738351202, 39.365221659941], [-75.93851890679683, 39.36518852790845], [-75.9388373856162, 39.36509526211774], [-75.93912037559193, 39.36499093132344], [-75.93950250903232, 39.364793061931955], [-75.93963689879547, 39.36475472087878], [-75.93975011257241, 39.364732727164395], [-75.93986338473985, 39.36473265632444], [-75.93999790835196, 39.36476014082679], [-75.94015350733896, 39.36482606844616], [-75.94023131940887, 39.364831530753634], [-75.94026672021758, 39.36480407267069], [-75.9402313751044, 39.36472166363169], [-75.94025249629337, 39.36465573174673], [-75.94032330689396, 39.36456232634231], [-75.94065578595702, 39.364293262574165], [-75.9408609719477, 39.364161333343276], [-75.94150490590292, 39.36377686481132], [-75.94171717600793, 39.363623075278035], [-75.94183736699968, 39.36350774106642], [-75.9421911729659, 39.36329893081264], [-75.94260156201526, 39.36313414033909], [-75.94271475423261, 39.363062736870305], [-75.9428845466011, 39.362969330029976], [-75.94334449300975, 39.36282092964685], [-75.94357794089757, 39.362722136409346], [-75.94393875012976, 39.36252433212684], [-75.94420754852064, 39.362414534301436], [-75.94444829162688, 39.362260667453306], [-75.94469588438717, 39.36212327394772], [-75.94484448190484, 39.361997072627176], [-75.9448797551528, 39.36190913523216], [-75.94486554829656, 39.36184874518838], [-75.94483029301493, 39.3617882793877], [-75.94477367399922, 39.36174426577485], [-75.94473108217666, 39.361733346927444], [-75.94461088220174, 39.36174986931475], [-75.94442695484226, 39.36182673736265], [-75.94424994540879, 39.36192567146865], [-75.94417228515415, 39.361997072627176], [-75.9440166762857, 39.36210147248552], [-75.94395288691737, 39.362167342189984], [-75.9439033412362, 39.36220026798996], [-75.94383267077279, 39.3622058756605], [-75.9438042947896, 39.36217834292467], [-75.94379729332026, 39.362145328908355], [-75.94380429838286, 39.362095950234455], [-75.94383255668674, 39.362035476313366], [-75.943896266105, 39.36197507040446], [-75.94394588095646, 39.361887146177985], [-75.94404476031643, 39.361667479591816], [-75.94412968614506, 39.36135433316604], [-75.94415086392789, 39.36082155428981], [-75.94421447453148, 39.36076115427658], [-75.94429948570009, 39.360700739625614], [-75.94451873481654, 39.36061834102516], [-75.94495746750971, 39.36047547816858], [-75.94531112974549, 39.360343538948094], [-75.9455233468499, 39.36028327951588], [-75.94574272262881, 39.36020628405505], [-75.94610353814919, 39.36000854974357], [-75.94619544837917, 39.359926148242934], [-75.94622373722578, 39.35986574953911], [-75.94620251632384, 39.35981627965573], [-75.94614592335924, 39.35978328813802], [-75.94606105502277, 39.35975034105646], [-75.94603273653175, 39.35970094749282], [-75.94603266376822, 39.35939327720956], [-75.94599724409488, 39.359266953575286], [-75.94599024442218, 39.359157077700196], [-75.94601131710212, 39.35903075988988], [-75.94615992450127, 39.35878908665116], [-75.94629424958569, 39.358717687769946], [-75.94642163698119, 39.35863528752484], [-75.94649951642474, 39.35853648558891], [-75.94654185132914, 39.358426550220805], [-75.94654892646031, 39.35834954993511], [-75.94649232810583, 39.358283748866015], [-75.94638624156235, 39.35820688317029], [-75.94623764404469, 39.35815736071361], [-75.94594752503886, 39.35808609246144], [-75.94580603948327, 39.358020158480166], [-75.94554423896845, 39.35780595925989], [-75.94535311520524, 39.35753130378875], [-75.94524702776343, 39.35734455992828], [-75.94514784117968, 39.357223764255416], [-75.94501342356877, 39.35709189043534], [-75.94484364557333, 39.356877773108465], [-75.9448152444373, 39.356806369495445], [-75.94472322910441, 39.35672936672931], [-75.94457469716377, 39.35655369041551], [-75.94453929905, 39.35651529343971], [-75.94453211432436, 39.356306569944266], [-75.94448270698373, 39.356262560517905], [-75.94434823098233, 39.356213156847616], [-75.94432704960626, 39.35615829571382], [-75.94431990260983, 39.35604290680609], [-75.9442914942873, 39.355971503034326], [-75.94412182229308, 39.35575729961632], [-75.94411469236466, 39.35569676533425], [-75.9440864241793, 39.355619892624446], [-75.94409349122563, 39.3555869671957], [-75.94415709554102, 39.3555925031587], [-75.94420662056095, 39.35561996486286], [-75.9444401043814, 39.35584509402824], [-75.94462409552125, 39.355932957094865], [-75.94468771241304, 39.35596597335272], [-75.9448504907358, 39.35610876346972], [-75.94509823531135, 39.356438304244655], [-75.94516190071218, 39.35648216075017], [-75.94526803576467, 39.35652070291365], [-75.94535291038935, 39.356531705232165], [-75.94557943406298, 39.356526106135846], [-75.94568550443678, 39.35653716610453], [-75.94573502945671, 39.356564567702556], [-75.94587651321565, 39.35667996616748], [-75.9459826455732, 39.35671837347157], [-75.94622323237259, 39.3567567703357], [-75.9462798379136, 39.35677330848653], [-75.94631524051894, 39.35680075722389], [-75.94632943569705, 39.35685017020289], [-75.94632943749369, 39.35700389338197], [-75.94635063503945, 39.357069899864754], [-75.94637891849618, 39.35710276208193], [-75.94652043998434, 39.35714115942939], [-75.94663362950676, 39.35713575139268], [-75.94713589465012, 39.35706429872777], [-75.94723503092824, 39.35703128507272], [-75.94736243898498, 39.35694337059882], [-75.94746129409043, 39.356828104540696], [-75.947539239111, 39.35669629457054], [-75.947659433696, 39.35630629419084], [-75.94772304789285, 39.35615237221186], [-75.9478220386439, 39.35596569343035], [-75.94787863071019, 39.35588315935489], [-75.94806262993488, 39.35567996437007], [-75.94819703496937, 39.355586575441194], [-75.94830307839372, 39.35547676323747], [-75.94841621940712, 39.35533396418814], [-75.94872042040336, 39.35499337535783], [-75.94880527077352, 39.35483950049798], [-75.9488476928145, 39.35471317001832], [-75.94884762005097, 39.35461437990054], [-75.94884049191919, 39.354537516418944], [-75.9487910109167, 39.354438568375976], [-75.9487838755984, 39.35437817604138], [-75.94874860235045, 39.35426831331537], [-75.94876260798404, 39.354037568659294], [-75.9487838216995, 39.35396618020343], [-75.94888987949687, 39.35382891416932], [-75.9489252749157, 39.353740976910856], [-75.94892521293194, 39.35352117356845], [-75.9489958753105, 39.35342237065128], [-75.94911620464282, 39.3533399780527], [-75.94933547801378, 39.35314218123905], [-75.94954767984682, 39.35297192024086], [-75.94968207949142, 39.35284552317318], [-75.94995799882757, 39.352702721524345], [-75.9500569940702, 39.352631304614], [-75.95009940982297, 39.35255437782329], [-75.95010645261479, 39.35246651328623], [-75.95006400092942, 39.35240057469593], [-75.95000739808336, 39.35238412442294], [-75.94992247494964, 39.352417120129644], [-75.9496890719776, 39.352422587575255], [-75.94960418926809, 39.35250499514824], [-75.9495546606549, 39.352537979683795], [-75.94948387161388, 39.352537976905275], [-75.94944147023415, 39.35247212521127], [-75.94941319396395, 39.35227439470948], [-75.94920797832886, 39.35212059235511], [-75.9491796562446, 39.35208759303519], [-75.94915126768498, 39.352032721020784], [-75.94915124792205, 39.351895312260815], [-75.94911584352008, 39.351829519699976], [-75.94900978033279, 39.35177458566016], [-75.94892485989402, 39.351752581606966], [-75.94888238485245, 39.35172518715193], [-75.94882577571819, 39.35167572261804], [-75.94879745632888, 39.35163177834936], [-75.9487833941014, 39.351543927239554], [-75.94886104896615, 39.35154930514494], [-75.94891780093253, 39.351571315513844], [-75.94898138817992, 39.351648182953284], [-75.94905218081419, 39.351675728175195], [-75.94915117965007, 39.35167572400734], [-75.94921485044078, 39.35165372270158], [-75.94924317791497, 39.35160432897042], [-75.94920064627952, 39.351499913423815], [-75.94917946131018, 39.35136259391951], [-75.94915117695514, 39.35130219684221], [-75.94911564319575, 39.351153925189266], [-75.94915105388594, 39.351076997466656], [-75.94915804457548, 39.35101097907012], [-75.94910859142078, 39.35086831815851], [-75.9491014453227, 39.350780388288236], [-75.94917216968501, 39.350664991193156], [-75.94918636755807, 39.35054412145274], [-75.94915798169343, 39.350445199708346], [-75.94911558929684, 39.35041233574892], [-75.94908724565299, 39.35036291960596], [-75.94907318612049, 39.35030799691687], [-75.94907303789846, 39.35025852999046], [-75.94912963804957, 39.35022558605809], [-75.9491932513481, 39.35022552492859], [-75.94929236965993, 39.35031891963405], [-75.94933498304205, 39.350494727631876], [-75.94944105251754, 39.35067599721247], [-75.94945523152597, 39.350741917285426], [-75.949490584724, 39.35081317983122], [-75.9495188565026, 39.35084618044762], [-75.94950478259706, 39.35089019050725], [-75.94944817615774, 39.35092871422157], [-75.94933497944879, 39.35096713093915], [-75.94928558378626, 39.350994529859236], [-75.9492572572104, 39.35103851273427], [-75.94925019375732, 39.351109925715434], [-75.94925724912558, 39.35121971560767], [-75.9492784448747, 39.35134058070623], [-75.94931386095477, 39.351389982959574], [-75.9495331783432, 39.35144491521786], [-75.949582643176, 39.35147792526089], [-75.94956857825359, 39.35151637988178], [-75.94949785658622, 39.35158231305469], [-75.94951918259106, 39.35165912977338], [-75.94954744987811, 39.35170311431393], [-75.94961105329516, 39.35175258021767], [-75.94982325961979, 39.35182938077245], [-75.9498516661457, 39.35185678630087], [-75.94985166884065, 39.35189530948227], [-75.94982339885867, 39.35194472593077], [-75.94970305694993, 39.352054593699684], [-75.94968185401429, 39.352114992905214], [-75.94971025065873, 39.35223038968951], [-75.9497668490132, 39.35226878763097], [-75.94987300921855, 39.352296304128274], [-75.94997207093651, 39.35227978645133], [-75.95015598841451, 39.35218092898649], [-75.95017706109444, 39.35211497415007], [-75.95022664450487, 39.352043518434044], [-75.95028326352059, 39.352037991220094], [-75.9503327876422, 39.35206552447949], [-75.95036106481072, 39.352131375862065], [-75.95036817856946, 39.35219190420308], [-75.95041766765677, 39.35224130515988], [-75.95053085628088, 39.35221932348196], [-75.95058038309745, 39.35224118359905], [-75.95067244873596, 39.35260378616476], [-75.95070800585154, 39.35285651634568], [-75.95070786481604, 39.35292231558041], [-75.95072919351583, 39.35299377803862], [-75.9507788092656, 39.35308711277936], [-75.95080705409477, 39.35320797951011], [-75.95082120884871, 39.35328478124366], [-75.9508141965996, 39.35340018790458], [-75.95084960369653, 39.35351550546338], [-75.95087087041256, 39.35364192285223], [-75.95091342091263, 39.3537351740676], [-75.950948672601, 39.35379018297395], [-75.95102660235021, 39.35385057651144], [-75.95143701385744, 39.35413069639979], [-75.95157839880167, 39.35414709763862], [-75.95167761143661, 39.354147115698595], [-75.95179080275567, 39.35412511030874], [-75.9520312799606, 39.3540317123553], [-75.95220099237902, 39.353899914474574], [-75.95234959708321, 39.3538339036076], [-75.95247687488425, 39.353789918324516], [-75.95275979838466, 39.353762511470485], [-75.95302158722139, 39.35378436763166], [-75.95320560531071, 39.353778780123655], [-75.95336838363346, 39.353762381576836], [-75.95350266559876, 39.3537349059448], [-75.95361587218918, 39.35368550187635], [-75.9537502547658, 39.353586517895714], [-75.95397665986178, 39.35353157551257], [-75.95404026417715, 39.353493112276105], [-75.95406866800813, 39.353394175257165], [-75.95413226154372, 39.353377718966506], [-75.95418887247462, 39.353377716882655], [-75.95418885720325, 39.35341618018264], [-75.95434458464933, 39.35348211017364], [-75.95442946107063, 39.35349310463525], [-75.95447187862004, 39.35354796925118], [-75.9544294709521, 39.35357537688395], [-75.95435166247547, 39.35357536924315], [-75.95428800156621, 39.3536249150919], [-75.95426679503731, 39.353690910180134], [-75.95425979895786, 39.35378971966376], [-75.95427386927017, 39.35382811883212], [-75.95399806851162, 39.35389410956069], [-75.9534603917798, 39.35409196676098], [-75.95334725795291, 39.35414691078731], [-75.95308548079429, 39.354245771027436], [-75.95297226701736, 39.35431171065482], [-75.9526680076306, 39.35439410071822], [-75.95246286296243, 39.354580964992365], [-75.95241349065611, 39.35465791525231], [-75.95233559504288, 39.35470716998686], [-75.95217287690726, 39.35474577286594], [-75.95209507202387, 39.35478417428727], [-75.95191120664813, 39.35492158083897], [-75.95173440203055, 39.35499837652125], [-75.95162821038419, 39.35514677754767], [-75.9516282876393, 39.355229174961586], [-75.95153642951162, 39.355459910819896], [-75.95097748336879, 39.3559652995942], [-75.95087147767369, 39.356097165121966], [-75.95080083505808, 39.35625637516306], [-75.95076542706282, 39.35639930638332], [-75.95065930009515, 39.35660249788672], [-75.95053909652698, 39.35672890343861], [-75.9505036984132, 39.35678376342972], [-75.95049668706241, 39.356855153174116], [-75.95050368134523, 39.35693209676172], [-75.95051790257448, 39.35699249175078], [-75.95057450631886, 39.357107758926865], [-75.95058870059866, 39.357151756012804], [-75.95058162546749, 39.35720115901935], [-75.95055342914733, 39.35724516090857], [-75.9505392204945, 39.35729470137654], [-75.95055328721354, 39.357344090390356], [-75.95058884971898, 39.35738250496976], [-75.95061004187487, 39.35743189392146], [-75.95061002211193, 39.35749775622155], [-75.95058884522743, 39.357552762859996], [-75.95055343453724, 39.357585765155285], [-75.95049684067433, 39.357585758209474], [-75.95045443839629, 39.35756375945934], [-75.95047564672183, 39.35732756765553], [-75.95047550838127, 39.35725615616721], [-75.95046130242338, 39.35721769011912], [-75.95041890194196, 39.357195769741075], [-75.95037642240882, 39.3572067538941], [-75.95020670370218, 39.35729470207112], [-75.95010051025918, 39.35730015177054], [-75.95000849941789, 39.35729468748489], [-75.94985990190023, 39.35723975704745], [-75.94969010414185, 39.35720688655967], [-75.94960531036556, 39.35717388477998], [-75.94949204089306, 39.35710796035652], [-75.94944949398626, 39.35711349758819], [-75.94943543894533, 39.35721236474384], [-75.94946370892731, 39.357410093078784], [-75.9495912490364, 39.35775069860504], [-75.94959843376206, 39.35806929623935], [-75.9495913128168, 39.358195565084365], [-75.94964802885059, 39.35832736458538], [-75.94963384085897, 39.35839329619296], [-75.94954183450926, 39.358547088211814], [-75.94949246220294, 39.35865696435179], [-75.94937926459566, 39.35876136086756], [-75.94920232523079, 39.35898108243434], [-75.9490891267252, 39.35909089538083], [-75.94888404224415, 39.35922828582178], [-75.94864345364813, 39.35934356250547], [-75.94854445301561, 39.359442553609846], [-75.94845245744567, 39.35957988709972], [-75.94841011804971, 39.359700691895036], [-75.94833232125116, 39.35984354661242], [-75.94822612780817, 39.36012914543103], [-75.94821912454222, 39.360255495288264], [-75.94809173804504, 39.360458672797314], [-75.9479998718325, 39.360552139253755], [-75.94777345954996, 39.36073888287418], [-75.94768867655345, 39.36084868402821], [-75.9475754789462, 39.36101908488149], [-75.94750475188893, 39.36144195038111], [-75.94751188810555, 39.36202967554811], [-75.94753328417899, 39.36232087934043], [-75.94754035212362, 39.36249653420554], [-75.94758287747088, 39.362650339415445], [-75.94760414059364, 39.362831669136014], [-75.94759708432709, 39.362963468223974], [-75.94749809447435, 39.36316114833192], [-75.94737775975216, 39.36334793498269], [-75.94734947719375, 39.36344134617833], [-75.94732829671598, 39.36354026688495], [-75.94734250806378, 39.36361165805871], [-75.9473283515132, 39.363820337502645], [-75.94730008692112, 39.36389173464074], [-75.94710195180708, 39.36407853253353], [-75.94696049769259, 39.36414454066552], [-75.94683310131393, 39.36413893662321], [-75.94672696626144, 39.364051069292955], [-75.94669868909291, 39.36398513816395], [-75.94669157533417, 39.36392472907959], [-75.94670555940819, 39.36384786889668], [-75.94681889266107, 39.3635951388899], [-75.94684009200348, 39.36351833043337], [-75.94684008481696, 39.363452324487646], [-75.94679049691494, 39.36343046232234], [-75.94672676234386, 39.36344686693394], [-75.94669148999422, 39.363490871834195], [-75.94666317689311, 39.363562329037904], [-75.9465287538923, 39.363798457395056], [-75.94647928995782, 39.36395226321061], [-75.94645095350049, 39.36408966145255], [-75.94643675832238, 39.364314871666544], [-75.94646517832301, 39.36444666517755], [-75.9464934959157, 39.36449606024685], [-75.94653595838088, 39.36459492806587], [-75.9465713834441, 39.3647542576413], [-75.94655017511856, 39.36503985304909], [-75.94653615870517, 39.36558353466411], [-75.94655738230209, 39.3656660642236], [-75.94664937697371, 39.3657923248921], [-75.94680517269174, 39.3659131210264], [-75.94738538375397, 39.3662701175139], [-75.94766138304018, 39.366418459870324], [-75.94776759444949, 39.366489855741406], [-75.94800818933372, 39.36661066039204], [-75.94874418084262, 39.36694011481577], [-75.9490223055428, 39.36706303339759], [-75.94924681429524, 39.367169321627564], [-75.94940115204757, 39.36724204944633], [-75.94957635227406, 39.36733691107071], [-75.94986469171731, 39.36742732926788], [-75.95006101223446, 39.367527873582226], [-75.95021488825273, 39.36763348676429], [-75.95043961799074, 39.36772331774231], [-75.95062954340136, 39.3677799254359], [-75.95081149806049, 39.367896770720805], [-75.9509083535161, 39.36803476470256], [-75.95097690036216, 39.368177957945804], [-75.95099598417207, 39.36832068282027], [-75.9511574868871, 39.36838798491262], [-75.95134997968282, 39.36826916675443], [-75.95137385151318, 39.368088460901035], [-75.95137642967805, 39.367913032609934], [-75.95137153835131, 39.36776496288611], [-75.95136668475385, 39.36761686854157], [-75.95130585174113, 39.36742989399141], [-75.95135740336032, 39.36728781455523], [-75.95145871625638, 39.36712429051211], [-75.95153837616083, 39.36699344377801], [-75.95159704692868, 39.366845958252405], [-75.95145049038334, 39.36672396087598], [-75.9513967396883, 39.3665370506063], [-75.95145592698744, 39.366356656265154], [-75.95159182142865, 39.36624280514591], [-75.95169248394446, 39.366123109662546], [-75.95184204535443, 39.3660422925763], [-75.95203388417661, 39.36596731958851], [-75.95222566640491, 39.36589784277471], [-75.95241621614468, 39.36591058263805], [-75.95262843684235, 39.36589064847336], [-75.95286194132403, 39.365865411811335], [-75.95310983412165, 39.365823866931464], [-75.95330833934155, 39.365776393090584], [-75.95348565150728, 39.365728687254666], [-75.95364273810438, 39.36561502540476], [-75.95380649648908, 39.36552883576324], [-75.95398372600981, 39.36548662048899], [-75.95414016761654, 39.36541682442034], [-75.95432519900551, 39.36532533547404], [-75.95446095420786, 39.36522242111777], [-75.9546466889777, 39.36508161299763], [-75.95481797344786, 39.36496258363979], [-75.95496792742162, 39.36485434603987], [-75.95509354064443, 39.36495968546231], [-75.95497795711177, 39.36513406274644], [-75.95484204021264, 39.365247935813784], [-75.95469875084, 39.36538365150468], [-75.95459785655886, 39.36551978154921], [-75.95444060107849, 39.365644429852814], [-75.95425468484896, 39.36579619880563], [-75.95412553765384, 39.36593205441407], [-75.95392516932803, 39.36610564449033], [-75.95376108754978, 39.36621377042086], [-75.95361779458389, 39.366349500902736], [-75.95341037627972, 39.36652300243542], [-75.9532455650695, 39.36668045318412], [-75.95311655801154, 39.36680536679425], [-75.95300152963773, 39.36694134753068], [-75.95287851524104, 39.36713758643445], [-75.95281275946056, 39.367285017868895], [-75.95272541626548, 39.36745964422186], [-75.95265212811132, 39.36763989403989], [-75.95259326869729, 39.367798321485424], [-75.95251995628864, 39.367978566956886], [-75.95243919415134, 39.36818616108347], [-75.95237328206399, 39.36834454978818], [-75.95233577650257, 39.36849224535171], [-75.95231223076065, 39.368651011153915], [-75.95230266729615, 39.36882090406588], [-75.95224404054575, 39.36896290121364], [-75.9520864625702, 39.369109466268085], [-75.95188024621187, 39.36920074052866], [-75.95170980795471, 39.36925944916781], [-75.95153964278538, 39.36930172396865], [-75.95137628235433, 39.369360490857815], [-75.95117808884983, 39.369386062376876], [-75.95111660815179, 39.369242936890586], [-75.9510629356102, 39.36905051096728], [-75.95109320883526, 39.36891373847791], [-75.95107444931719, 39.36874908556275], [-75.95089118401607, 39.36871994840376], [-75.95071337328535, 39.368800515854886], [-75.95057746896268, 39.368914382249436], [-75.95057487193317, 39.36908981010838], [-75.95066442857711, 39.36924417234264], [-75.95078290917657, 39.36935493931881], [-75.95095772043253, 39.369477191827784], [-75.95116836189193, 39.369566895431085], [-75.95136444974541, 39.369683866200994], [-75.95155385952306, 39.36977337995147], [-75.95172235382596, 39.36984623422748], [-75.95188385474438, 39.36991352998828], [-75.95205925170191, 39.36999742876086], [-75.95230519156209, 39.3700874407287], [-75.95248081130181, 39.37015488417605], [-75.95266358881773, 39.37021692192329], [-75.95284644808034, 39.3702734456499], [-75.95306414131471, 39.37036321003666], [-75.95321128086667, 39.370446833960195], [-75.9533512824054, 39.370535862005426], [-75.95351934461864, 39.370636124758384], [-75.95366656501898, 39.37071425525794], [-75.95383474041994, 39.3708090496652], [-75.95398887155977, 39.37089822377711], [-75.95415029252811, 39.37097100882367], [-75.95430393678105, 39.37109305086394], [-75.95448661278733, 39.371160553756724], [-75.9546193056329, 39.371265972555854], [-75.95481499732934, 39.37141035014258], [-75.95501119477727, 39.3715218435408], [-75.95526430049847, 39.37160644801615], [-75.95547556538867, 39.37165229637534], [-75.95570779246603, 39.371714765428145], [-75.95605361869758, 39.371739924976865], [-75.95630096442117, 39.37173674861037], [-75.95654836404368, 39.37172810283732], [-75.95676101413606, 39.371680726065165], [-75.9570158041984, 39.37165022069295], [-75.95720711570952, 39.371613620200925], [-75.95738425450041, 39.371576885662556], [-75.95762509103143, 39.37153527265306], [-75.9578664099578, 39.37146077083889], [-75.95805096703627, 39.37140217932803], [-75.95821422416107, 39.37134887248262], [-75.95847681788828, 39.37126906491599], [-75.95864722739938, 39.37121035171643], [-75.95881798455848, 39.371129686351125], [-75.95900267189269, 39.371060135506426], [-75.9590893997418, 39.370929369064065], [-75.95897869855268, 39.37076933065544], [-75.95881804923718, 39.37064172341815], [-75.95872831113356, 39.37049832897488], [-75.95880801146218, 39.370362007938105], [-75.9589789285214, 39.37027038727393], [-75.95912550752463, 39.37039237845479], [-75.95924400788702, 39.3705031359706], [-75.95922770615957, 39.37065102419242], [-75.95927488837323, 39.3708049822785], [-75.95942823079223, 39.37094896081674], [-75.95957528949582, 39.37103804794419], [-75.95972892027402, 39.37116010028398], [-75.95988265795175, 39.371276679496376], [-75.95989468549509, 39.37141932373197], [-75.95982189949918, 39.371566693349045], [-75.95979116364174, 39.37173637708523], [-75.95998678437127, 39.37188621753826], [-75.96020545048111, 39.371910199258636], [-75.96041061940379, 39.37189016680749], [-75.96059461683186, 39.371869948935604], [-75.96079305827139, 39.37182793332632], [-75.96097728656648, 39.371791262094675], [-75.96118960877378, 39.371765819927695], [-75.96137376340701, 39.37173463612518], [-75.96161464844708, 39.371687539216836], [-75.96180652859178, 39.371612553539876], [-75.96198448754451, 39.371520990071936], [-75.96219777184746, 39.37142977787188], [-75.96241097709868, 39.37134401901741], [-75.9626738052862, 39.37124776839203], [-75.96292913793098, 39.37117887044338], [-75.96317012178572, 39.37112626203978], [-75.96335411741715, 39.371106037696684], [-75.96355914081278, 39.37109698628908], [-75.96373542171254, 39.371120543974214], [-75.96394733788135, 39.37112250994995], [-75.96415925584675, 39.3711244787034], [-75.9644199999428, 39.37117075376844], [-75.96458151343764, 39.37123805311388], [-75.96475034281212, 39.37128896073986], [-75.96494701546887, 39.37136753634147], [-75.96516416432416, 39.371495648500556], [-75.96531124189238, 39.371584728680475], [-75.96548670981683, 39.371663115756], [-75.96562649935314, 39.371768583795955], [-75.96578777569272, 39.37185231228547], [-75.96593468527597, 39.37195237245568], [-75.96609596880208, 39.3720361055859], [-75.96630740257557, 39.372070954488336], [-75.96651935288034, 39.372072917659516], [-75.96670350571694, 39.37204172704983], [-75.96691755179127, 39.37189565911769], [-75.96710338807073, 39.37174933879849], [-75.967253896305, 39.37160269386876], [-75.96744154089312, 39.371330287785405], [-75.96754917613215, 39.371216151024704], [-75.96767180964316, 39.371041840316465], [-75.96788763977165, 39.37077517027841], [-75.96796091624769, 39.37059491466417], [-75.9680475982827, 39.37046411887806], [-75.96815103030451, 39.37015255150068], [-75.9682245151897, 39.36995584744955], [-75.96827691032696, 39.369753477445606], [-75.96834265442935, 39.3696060477503], [-75.96840837158229, 39.36945860871576], [-75.96851004470275, 39.36926766051198], [-75.96861260266381, 39.36901639183078], [-75.96869267489498, 39.36885265029997], [-75.96875167085294, 39.36868323526058], [-75.96879645007323, 39.368519159602215], [-75.96891344126593, 39.36824609146144], [-75.96900091561504, 39.36806048532501], [-75.96909542736607, 39.36787494397617], [-75.96920313806359, 39.36775531448786], [-75.96928337288983, 39.36758061525928], [-75.96939119048686, 39.36745549052431], [-75.9694850626374, 39.36731379866203], [-75.96964157700768, 39.367238488825436], [-75.96974255303552, 39.367096875694216], [-75.9698295387011, 39.36694415187017], [-75.96995923476688, 39.36676990272465], [-75.97003970674835, 39.36657872562622], [-75.97015517888991, 39.36640983844047], [-75.9702208124995, 39.36626787568749], [-75.97035741840645, 39.36610466594607], [-75.97045805307448, 39.365984957725054], [-75.97060155444953, 39.365832771788945], [-75.97069561165304, 39.365680116039364], [-75.97081115565985, 39.36550573664617], [-75.97093997407158, 39.36539178135336], [-75.97101259837072, 39.365255373952245], [-75.97119077202082, 39.36514736113119], [-75.97139758575877, 39.36501218461265], [-75.97156131899067, 39.364925970613875], [-75.97173854132485, 39.36488373413999], [-75.97201473374885, 39.36483694097256], [-75.97221283023532, 39.364816828707255], [-75.97251004144032, 39.36478118652813], [-75.97275743836788, 39.36477248433315], [-75.9729767270102, 39.364752577623975], [-75.97322441768686, 39.36472195324212], [-75.97346522277688, 39.36468030142202], [-75.97369887098901, 39.36464406050551], [-75.97389717139303, 39.364607514680124], [-75.97408131075493, 39.36457631170712], [-75.97437186274874, 39.36451317092632], [-75.97459885624124, 39.36444947170073], [-75.9747977459401, 39.364374524783535], [-75.97503907564624, 39.36429450089188], [-75.97528723973504, 39.364230984818604], [-75.97547899591223, 39.36416147085723], [-75.97566381350214, 39.36408092722367], [-75.97587009094589, 39.363984112362864], [-75.9760765776971, 39.363870869246014], [-75.97625450341216, 39.36377928520901], [-75.97640434060493, 39.36367649081007], [-75.9765468726978, 39.36359006819529], [-75.97677423180463, 39.363498953286644], [-75.97691691930605, 39.36340156741616], [-75.97708040460292, 39.363331786626894], [-75.97725164864889, 39.3632127397018], [-75.977415852598, 39.363093616176045], [-75.97756552809402, 39.363001783173964], [-75.97772893433914, 39.36293748805473], [-75.97792834326422, 39.36282415781399], [-75.97811333602563, 39.36273265019174], [-75.9782558627286, 39.36264622432551], [-75.97843394025895, 39.36254367273388], [-75.9785979771214, 39.36243553348142], [-75.97876224844416, 39.362310917650056], [-75.97892588825125, 39.36223018366372], [-75.97913196716732, 39.36214432738898], [-75.9793878280215, 39.36203702512869], [-75.97962217871618, 39.3619514353187], [-75.97976517254311, 39.36183211725466], [-75.97999991400495, 39.36171911859917], [-75.98021305996735, 39.3616333429574], [-75.98039868424439, 39.36149796794418], [-75.98057636292278, 39.36142282547165], [-75.98073984103313, 39.36135303298187], [-75.98094560284389, 39.361289116954765], [-75.9811727373719, 39.36121445140944], [-75.98135746423198, 39.36113936836275], [-75.98152077884895, 39.361080536908176], [-75.98169141204053, 39.36100533703376], [-75.98188980766598, 39.36096327877113], [-75.98217401036736, 39.36083196209246], [-75.98238114390557, 39.360784453603706], [-75.98261174143902, 39.360761780065005], [-75.98275572880264, 39.3606890718908], [-75.98282834142368, 39.360609565383754], [-75.98280441389778, 39.36046635592795], [-75.98265581817675, 39.36039494903739], [-75.98254948369825, 39.360318096777576], [-75.98247159976312, 39.3602192791634], [-75.98240799814266, 39.36011495567111], [-75.98219562832467, 39.35991729819693], [-75.98209628812899, 39.35984589560698], [-75.981919419731, 39.359752563644456], [-75.98174959861645, 39.359703281211885], [-75.98153728359567, 39.35965934824327], [-75.98145941313525, 39.359653889004115], [-75.98120718866136, 39.35959075210806], [-75.98105607406427, 39.35954968621552], [-75.98080840225222, 39.35953334945011], [-75.9804334724021, 39.3595498848599], [-75.98018589311653, 39.35962149056398], [-75.97994541591162, 39.35967096822549], [-75.97971257977646, 39.35971340927381], [-75.97954922114207, 39.359737085401285], [-75.97934402347327, 39.35974269465866], [-75.97916708770167, 39.359737159719096], [-75.97906087988564, 39.3596987658822], [-75.97897600256601, 39.35964390123464], [-75.97873528820585, 39.359556084508895], [-75.97856561172003, 39.359468301706286], [-75.97840980701885, 39.359407889409944], [-75.9782612050096, 39.35937496298819], [-75.9776183427445, 39.359328772483565], [-75.97743580507877, 39.35925034586391], [-75.97741033784047, 39.35905820010005], [-75.97739840641687, 39.35890457173522], [-75.97743625243977, 39.35872947391079], [-75.97753041474618, 39.3585658471754], [-75.97761843886424, 39.35834186309879], [-75.97769196147867, 39.358139656004845], [-75.97774448148175, 39.35792632537212], [-75.97782428960824, 39.35777900962471], [-75.9778618149326, 39.35762583409105], [-75.97791356418115, 39.35746731063904], [-75.97796542122757, 39.357297821444114], [-75.97803873633116, 39.357112069521456], [-75.97804791531674, 39.356964115121215], [-75.97801505404533, 39.3567938523234], [-75.97794669404885, 39.356634228142525], [-75.97796287091047, 39.35649182598682], [-75.9779935115465, 39.35632760707925], [-75.97803831861457, 39.35615804149223], [-75.97813258422721, 39.35598894365141], [-75.9781208935521, 39.35581886393461], [-75.97808755437697, 39.35568150776954], [-75.97794762380516, 39.3555870185961], [-75.97774987137346, 39.35558519596526], [-75.97753895502959, 39.3555174828347], [-75.97730613057257, 39.35549890434343], [-75.97703123531582, 39.35545800830662], [-75.97684736275359, 39.355472765807185], [-75.97664224772983, 39.35549282450036], [-75.97645083021752, 39.355540398407406], [-75.976201755237, 39.355669709306326], [-75.97600233104056, 39.355783028927775], [-75.97589473981897, 39.355897174241385], [-75.97567209417244, 39.35615283620105], [-75.97553578470954, 39.35629961776259], [-75.97541410880261, 39.356408167293864], [-75.97522868395156, 39.35653257416521], [-75.97507916835568, 39.35661342309287], [-75.97492897093848, 39.356743653030215], [-75.97477166964404, 39.3568737993743], [-75.97467082387192, 39.357009947393884], [-75.97449879739334, 39.35718381316834], [-75.97438398820843, 39.35730885559109], [-75.97427635386772, 39.35742302133288], [-75.97417550989223, 39.35755914675009], [-75.97405362916945, 39.35768414335334], [-75.97389721900375, 39.35775399090771], [-75.97390648871917, 39.357600549989556], [-75.97387395443452, 39.357408364264074], [-75.97387655415895, 39.35722744624448], [-75.97387164486592, 39.35707935317151], [-75.97392335638526, 39.35692082917407], [-75.97396811853754, 39.356756754360205], [-75.97390652824504, 39.356619125676126], [-75.97383804607766, 39.35647045688654], [-75.97374090226285, 39.35634894010437], [-75.97363019748049, 39.35618891482069], [-75.9733929964314, 39.355983880739835], [-75.97317508490642, 39.35591060566361], [-75.97300700023527, 39.355810369696975], [-75.97282392807195, 39.35577031083348], [-75.97256294143077, 39.35574598113347], [-75.97235851810977, 39.35571667670814], [-75.97225453991226, 39.35557863893934], [-75.97246699237529, 39.35554222103941], [-75.9726358460043, 39.35558764651465], [-75.97287582015267, 39.35560080918618], [-75.97309492643699, 39.35559185718064], [-75.97322395685114, 39.3554614667271], [-75.97330409106604, 39.355292234531056], [-75.97340580910229, 39.355095787305075], [-75.97346453376906, 39.35494279690496], [-75.9735933351128, 39.354828841743746], [-75.97376853533929, 39.35492366674308], [-75.97385100158068, 39.355083417777465], [-75.97389124520711, 39.35523182418007], [-75.97397337098701, 39.35541351837581], [-75.97408455097815, 39.355540634571625], [-75.97422400274792, 39.35566801517852], [-75.97441404224458, 39.355713627419036], [-75.97455679891627, 39.355610773917334], [-75.97463631509028, 39.35548538046003], [-75.97483502422776, 39.35542141947177], [-75.97506156586768, 39.35538513763188], [-75.97526121823621, 39.35525535873817], [-75.97545387901688, 39.35512006721994], [-75.97558251417229, 39.355017073228645], [-75.97573254989274, 39.35489782875643], [-75.97581285299094, 39.354717628712315], [-75.97587957266373, 39.35449892870629], [-75.97596716648874, 39.35430233615937], [-75.97599031427701, 39.35416549172194], [-75.97602808304481, 39.35399586115024], [-75.97605869403642, 39.353831664160445], [-75.97606162613751, 39.35362882232739], [-75.97605001900573, 39.35345325630261], [-75.97604579243232, 39.35325583768472], [-75.97606959688903, 39.35307512493995], [-75.97607902021636, 39.35291072156608], [-75.97620804793556, 39.35278031430005], [-75.97635142264816, 39.3526335913344], [-75.97644506213507, 39.35250836063441], [-75.97657460638557, 39.35233957210171], [-75.97667560576959, 39.3521924599102], [-75.97674835673119, 39.35204508136365], [-75.97680700054956, 39.3518975837233], [-75.97685840484507, 39.35176098047786], [-75.97695956233258, 39.35160290982139], [-75.97707509106802, 39.35142850431444], [-75.9770911942678, 39.35129160006616], [-75.97709322266371, 39.351149055733075], [-75.97712343210839, 39.35101226902707], [-75.97694878883738, 39.3508790775461], [-75.97678047419753, 39.35079529543148], [-75.97659804073638, 39.350711375675935], [-75.97645838954061, 39.35060045062202], [-75.97624669166245, 39.35058754125024], [-75.97604243452977, 39.35054727724894], [-75.97592437164693, 39.350409142435424], [-75.97580698878876, 39.35022164945682], [-75.97570301867609, 39.35008361333526], [-75.97558455694127, 39.349972871368585], [-75.97546646441401, 39.34983473055692], [-75.97534141084164, 39.34969102595038], [-75.97525198265677, 39.34952571502872], [-75.97507731962281, 39.34939251724089], [-75.97495909594154, 39.34926533984361], [-75.9748275206002, 39.34908319271526], [-75.97468199442247, 39.34888996101059], [-75.9745643061371, 39.348724410617315], [-75.97448160004552, 39.348581065650336], [-75.97437038142682, 39.34845944136593], [-75.974238813272, 39.34827729352626], [-75.97410684536686, 39.34812255706752], [-75.97400263720066, 39.34800099172719], [-75.97393409035459, 39.34785779254781], [-75.9738017316823, 39.347730474116446], [-75.97376848413532, 39.34758762450133], [-75.97377070656732, 39.34743412165869], [-75.9738928073774, 39.347292690674344], [-75.97401451652196, 39.34717866954563], [-75.97403094221693, 39.34701981811728], [-75.97393373102847, 39.346903788899475], [-75.97397125904777, 39.34675061314216], [-75.97395917491058, 39.34660794492212], [-75.97390458339244, 39.346475849604495], [-75.97373723264491, 39.34632628044598], [-75.97363313946305, 39.346199221818594], [-75.97345978437615, 39.34597831102671], [-75.97332074942466, 39.34582351251239], [-75.97315960334079, 39.34573429666028], [-75.97298433843561, 39.345644963290134], [-75.97285903513156, 39.34551772002321], [-75.97278336284867, 39.34537995179574], [-75.97272209774628, 39.345220382124005], [-75.97251110324899, 39.345158128352196], [-75.97219406353071, 39.34510587410001], [-75.97198958720911, 39.34508206102029], [-75.97179210247536, 39.34506379723441], [-75.97161517119532, 39.34508956591355], [-75.97140349128345, 39.34507667011255], [-75.97122081527718, 39.34500919272368], [-75.97096718943142, 39.344968471865364], [-75.97076954030598, 39.34496116911855], [-75.97062296669264, 39.344839193264704], [-75.9705045274157, 39.34472844507125], [-75.97040764321399, 39.344590485632246], [-75.97033917901292, 39.344441814173656], [-75.9702918054581, 39.344298821672695], [-75.97015185242842, 39.34420980881467], [-75.96994721800333, 39.34419694967111], [-75.96980870856629, 39.34400926287265], [-75.96975428054154, 39.343866209741066], [-75.96987662928662, 39.343708324083785], [-75.96989980761758, 39.343571480435074], [-75.96980268895557, 39.34344995511388], [-75.96959075212554, 39.34345348846385], [-75.96941358189362, 39.34349572816881], [-75.96920911275855, 39.343471906898536], [-75.96904148982146, 39.343344247010506], [-75.96887376088321, 39.34322208423313], [-75.96871294627768, 39.34311094512644], [-75.96852387157162, 39.34299953142649], [-75.96834941515019, 39.34285536119188], [-75.96818810018303, 39.342777121719806], [-75.96808385967748, 39.34266102571151], [-75.96796629895286, 39.34248995690891], [-75.96786918388413, 39.342368446380846], [-75.96780065949594, 39.34222524260754], [-75.9678381677523, 39.34207209133293], [-75.96781272926009, 39.34187994348406], [-75.96773688539898, 39.341753151889364], [-75.96765452515878, 39.34158790278048], [-75.96757915740474, 39.34142820426093], [-75.96750371509056, 39.34127397716812], [-75.96749173515794, 39.34112584472366], [-75.9676068722279, 39.340978861768825], [-75.96780394014334, 39.34102454890413], [-75.96797961557863, 39.34108647704898], [-75.968054950095, 39.341246177044034], [-75.9681163571312, 39.341394787910225], [-75.96813507622507, 39.341564923579035], [-75.96821703761329, 39.34175756972608], [-75.96832754566458, 39.341928556952894], [-75.96843114746798, 39.3420885190231], [-75.96854896960234, 39.34224314240051], [-75.96870178291363, 39.342419987801385], [-75.96884744204202, 39.34260227109545], [-75.9689516834459, 39.34271836998024], [-75.96908402774514, 39.34284569337422], [-75.96920945771163, 39.342961998188166], [-75.969378144254, 39.34301837098425], [-75.96959749757501, 39.34298750573078], [-75.9698379900513, 39.34296231845668], [-75.97002134428563, 39.3429804577412], [-75.97019755511681, 39.34300400823609], [-75.97035196383605, 39.34307122426028], [-75.97049867129836, 39.34318223560103], [-75.97054538189651, 39.34336907775476], [-75.9705997533274, 39.3435176083829], [-75.97078952512611, 39.343579678125884], [-75.97103674059399, 39.343576467826914], [-75.97122066346186, 39.34355623759066], [-75.97141861891284, 39.34354161234892], [-75.97162372944503, 39.34352155995093], [-75.97176638370878, 39.343424179577724], [-75.97180399077985, 39.343265518306204], [-75.9718765872312, 39.34312912536107], [-75.97203357411531, 39.34301543229702], [-75.97218353886885, 39.34290166262815], [-75.97240331529635, 39.3428433778497], [-75.97262879153435, 39.34287833788487], [-75.97279755533184, 39.34292923908677], [-75.97300819858788, 39.343013412036335], [-75.97317603262903, 39.34313010144829], [-75.97339952538688, 39.34330213504289], [-75.97355235037628, 39.343478978459046], [-75.9737057817285, 39.343611978407694], [-75.97378871689047, 39.34373884374414], [-75.9738925720188, 39.34388235148104], [-75.9739597938498, 39.344118731847544], [-75.9740140655677, 39.34427275050197], [-75.97407549236682, 39.344421357712044], [-75.97419982010047, 39.34461438919168], [-75.97434597869213, 39.34476377513744], [-75.97446397689629, 39.34490740442757], [-75.97458235239283, 39.345023643982], [-75.97475676928842, 39.34517327428346], [-75.974903793856, 39.345262343574746], [-75.97510040452899, 39.34534092066879], [-75.97533987292586, 39.34538697800761], [-75.97560829222769, 39.34538394702471], [-75.97582799858664, 39.34533114968433], [-75.97602682809836, 39.34525619962295], [-75.97620415014555, 39.34520298744817], [-75.97633965471795, 39.345111034363754], [-75.97653188340895, 39.34500313558783], [-75.97671015856868, 39.34488413523547], [-75.97686027603581, 39.3447594179303], [-75.97699601686513, 39.34465099132749], [-75.97716770917044, 39.34449905833246], [-75.97731780148473, 39.34437431880408], [-75.97742593618706, 39.344221800953854], [-75.97751979306625, 39.34408009669823], [-75.97760642120237, 39.34394929363719], [-75.97772152233972, 39.343802325650934], [-75.97785759734232, 39.34367196668998], [-75.97803562277039, 39.3435694205914], [-75.97824753893919, 39.34356589280509], [-75.97843193252429, 39.34351273769986], [-75.9785398192916, 39.34337664744101], [-75.97861248401493, 39.343234757370325], [-75.9786361806738, 39.343059538297275], [-75.97868797483814, 39.342895517774096], [-75.97883766470719, 39.34279819558049], [-75.9789872162357, 39.342711825641416], [-75.97910938441939, 39.34256491757876], [-75.979189252733, 39.34241213108753], [-75.97921956368731, 39.34226985417695], [-75.97924293156278, 39.342116531400805], [-75.97931551813268, 39.3419801334346], [-75.97941609530852, 39.34186043736705], [-75.97952703275455, 39.34200400245527], [-75.97953880697297, 39.34216858780469], [-75.979593403881, 39.342300675284484], [-75.97975708231567, 39.34221445618242], [-75.97989971591815, 39.34211706356711], [-75.98007742603755, 39.34203643893862], [-75.98026142166898, 39.34201071637576], [-75.98036543669743, 39.342143230025734], [-75.98027166875144, 39.34227944565375], [-75.98005802781732, 39.34240362132548], [-75.97982986651493, 39.3425550454704], [-75.97960163424564, 39.34271197570269], [-75.97942336717077, 39.342830957522196], [-75.97920232681363, 39.34297697230341], [-75.97906620509863, 39.343112818102774], [-75.97894420220494, 39.34324876645713], [-75.97885749591539, 39.343385041760854], [-75.97884768361756, 39.3435768596487], [-75.97886626616753, 39.343757958210844], [-75.97890635618202, 39.343917323501394], [-75.97889722840043, 39.34405978671555], [-75.97879640778115, 39.344195938863145], [-75.97870239639171, 39.34434860196461], [-75.97859468838915, 39.34447373057681], [-75.97845813638112, 39.344636972795804], [-75.97833659791645, 39.34474003141195], [-75.97823569734709, 39.344881653743634], [-75.97808613683546, 39.34496801613841], [-75.97795739208556, 39.34508198460279], [-75.97775706238731, 39.34526107991034], [-75.97764216876077, 39.345391614445646], [-75.97751248167816, 39.34557136892448], [-75.97740434517921, 39.34572389355541], [-75.97735278278022, 39.34587145216136], [-75.97734318607804, 39.34604682118606], [-75.97733376364903, 39.34621122195272], [-75.97734582083676, 39.34635388820395], [-75.9773995787183, 39.34654628148343], [-75.97741799597826, 39.34673834356165], [-75.9774299300968, 39.346891969502735], [-75.97743483938986, 39.3470400417935], [-75.97741090647405, 39.34723173850074], [-75.97733776205035, 39.347406512243424], [-75.97722954110975, 39.347564521535425], [-75.97716370807414, 39.34772292296338], [-75.97710531039417, 39.34785397112958], [-75.97705334734655, 39.34802895310796], [-75.97706519702346, 39.34818806899719], [-75.97718344495925, 39.34831526155378], [-75.97735078402872, 39.348464827844744], [-75.97744799611549, 39.348580855165395], [-75.97766605047262, 39.34864316076717], [-75.9778563441925, 39.34867231185884], [-75.97807492675902, 39.34869625987026], [-75.97829384439713, 39.348698245927956], [-75.97849904386253, 39.34867271407211], [-75.97868977955355, 39.34866897744803], [-75.97892253214535, 39.3486930261876], [-75.97916238052957, 39.348711684291494], [-75.97938082924712, 39.348746572619106], [-75.97959944055971, 39.34877049490239], [-75.97979638001607, 39.348827122819], [-75.98002904906457, 39.34885666076347], [-75.9802754991678, 39.348908259919284], [-75.98024482080253, 39.34907795355302], [-75.98019270863459, 39.3492638942499], [-75.98016187126751, 39.349444543912334], [-75.98017354756958, 39.34961460441335], [-75.98026282843072, 39.34979088446646], [-75.98034585522086, 39.34991225844118], [-75.98042110529558, 39.350082912428476], [-75.98047571208507, 39.35021499745466], [-75.98052303263928, 39.350363462823935], [-75.98057025707378, 39.35051741422803], [-75.98063819396377, 39.35070445697527], [-75.98066447866897, 39.35084177638372], [-75.98067663017983, 39.350978946868025], [-75.98063146378567, 39.351175905813086], [-75.98062233869899, 39.351318388268254], [-75.98058450255755, 39.351493486606955], [-75.98058232414299, 39.35164699303612], [-75.98061527255099, 39.35181178629671], [-75.98062741238373, 39.351948957655374], [-75.98068822832848, 39.352141411940714], [-75.98072143994283, 39.35228977041119], [-75.98075446111436, 39.352449068316666], [-75.98077367967156, 39.352586301635554], [-75.9807219609657, 39.35274484519312], [-75.98058629828981, 39.352847767514305], [-75.98040102076244, 39.35296122438651], [-75.98022280668818, 39.353074737339135], [-75.98005159318491, 39.35319378695505], [-75.97992305055597, 39.35329131764619], [-75.97974444661287, 39.353432226637516], [-75.97958035315654, 39.3535458659405], [-75.97945832421173, 39.35368183428759], [-75.97958402636775, 39.35378167112423], [-75.9797680525419, 39.353755934824164], [-75.97992459475995, 39.35367511870987], [-75.98007457388651, 39.35356135666936], [-75.9801964357447, 39.35343634991111], [-75.9803676510446, 39.35331730557083], [-75.98053897144739, 39.35319276238472], [-75.98073154059989, 39.35306293982494], [-75.98090267594972, 39.35294936294752], [-75.98108779447526, 39.35284686866647], [-75.98123758136236, 39.35274406720932], [-75.98140143047694, 39.35264685875694], [-75.9815793211577, 39.35255528848361], [-75.98174372273616, 39.35241970207548], [-75.9818654291858, 39.35230567472505], [-75.9819662857377, 39.352169521011085], [-75.98209526494787, 39.35203910610994], [-75.9822103175762, 39.35189760039455], [-75.98228274873756, 39.351772159983994], [-75.98241133538396, 39.351669157584205], [-75.98260970405994, 39.351627098563014], [-75.9828437762769, 39.351557959667836], [-75.98285533310303, 39.35173899587023], [-75.9829025799954, 39.3518929477169], [-75.98299231630237, 39.35203632409501], [-75.98309615076944, 39.35218529267727], [-75.98322830552415, 39.35232905744967], [-75.98331060018734, 39.35249976388352], [-75.98336474793771, 39.352664761437765], [-75.9833555734437, 39.35281271452365], [-75.98326808202663, 39.35300379940627], [-75.98323764530817, 39.353157055231044], [-75.98324982287015, 39.35329423297879], [-75.98337489890041, 39.353437930175076], [-75.98349989767559, 39.35358708123257], [-75.98362545071126, 39.3536979001308], [-75.98370841372102, 39.35382476452344], [-75.98376263692987, 39.35398424578101], [-75.98377454769224, 39.354137868990136], [-75.98374434543406, 39.35427467388872], [-75.98373502092142, 39.35443359148389], [-75.98372538199843, 39.35461444380464], [-75.98372946843466, 39.354822817411005], [-75.98373394114644, 39.35500379931011], [-75.98373166122225, 39.35516277012056], [-75.98371495525292, 39.355343546231325], [-75.98369179039668, 39.35548041336694], [-75.98365451390565, 39.35561714061987], [-75.98358892161855, 39.35575911321288], [-75.98350897065995, 39.355917378678036], [-75.98338694979996, 39.35605335074508], [-75.98320087367033, 39.356221617695724], [-75.98304354362978, 39.35635726132301], [-75.98290731681189, 39.35649855865855], [-75.98275663969434, 39.35666168249129], [-75.98267000077846, 39.356792467314605], [-75.98255520776324, 39.35691754169421], [-75.98245451290809, 39.35704273392948], [-75.98231129001076, 39.3571784995984], [-75.98217554289323, 39.35728691509871], [-75.98201214563126, 39.35735121680834], [-75.98183488287287, 39.35739894642551], [-75.981685449922, 39.35747434952721], [-75.981522169441, 39.35753316318159], [-75.98138615193056, 39.3576580320287], [-75.98149046070812, 39.35777411562542], [-75.98168035737265, 39.35783067720611], [-75.98193485458421, 39.35781654601838], [-75.98214673482039, 39.357818479723484], [-75.98233068284111, 39.35779822721613], [-75.98255639174279, 39.35782221030161], [-75.9827177345577, 39.35790044473758], [-75.98278647094828, 39.35803265667892], [-75.98307660612382, 39.35818719685366], [-75.9833003423251, 39.35807115909076], [-75.98326980409702, 39.357823230636576], [-75.98349041056787, 39.35771009769333], [-75.9836398048912, 39.35763470665393], [-75.9849769471916, 39.35748785010438], [-75.98556552875566, 39.357328729692625], [-75.98624330853583, 39.35735132863617], [-75.98691129308615, 39.35756572790044], [-75.98759612284468, 39.357094925078016], [-75.98768092380752, 39.35659677099145], [-75.98830106767906, 39.3562021315573], [-75.988507584973, 39.35608339616231], [-75.98889433305901, 39.355859226309306], [-75.98903601265067, 39.355682448951455], [-75.9892127256401, 39.35567308714278], [-75.98917529913042, 39.35582077616244], [-75.98907479561642, 39.35593501310114], [-75.9889812603341, 39.35605478300099], [-75.9888594793243, 39.356174310282135], [-75.98875881950345, 39.356299483706074], [-75.98867228030056, 39.356424824997006], [-75.9885714327318, 39.356560984310406], [-75.98863417196958, 39.35670412258957], [-75.9889885007553, 39.35703628470111], [-75.98908541729635, 39.35717422512634], [-75.98914858592882, 39.35770115429295], [-75.9889033844838, 39.3580553137391], [-75.98852613877688, 39.35825477334391], [-75.98823549695155, 39.35832889125663], [-75.98756923447161, 39.35848733704522], [-75.98684577266427, 39.358694589178576], [-75.98640026667385, 39.35872893006333], [-75.98613861258441, 39.3587485030126], [-75.98551615914425, 39.35930208389707], [-75.98526868855484, 39.35981522878927], [-75.9854972882351, 39.360129819843955], [-75.98593213930792, 39.36034759722031], [-75.98620014089317, 39.36037745117786], [-75.98682879809867, 39.36087660276207], [-75.98684725039291, 39.36106868448764], [-75.98613380390269, 39.36106768573101], [-75.98542264721814, 39.36140115992116], [-75.98473140079352, 39.36182252985067], [-75.98454523123911, 39.36199628641194], [-75.98407210025705, 39.36247996198857], [-75.9841367789575, 39.362897258257306], [-75.9847986378959, 39.36354476043615], [-75.98546481952745, 39.36389074564772], [-75.98574446956697, 39.364096144060944], [-75.98615471129261, 39.3645549346623], [-75.98656317076073, 39.36513984102964], [-75.98682037998614, 39.36543274241386], [-75.98713355515207, 39.365764569941376], [-75.98733200557474, 39.366215960856415], [-75.98746364289985, 39.36639807720836], [-75.98783968486431, 39.36677980752542], [-75.98825302847263, 39.367024792902164], [-75.98884465442717, 39.36715077609804], [-75.98951821841372, 39.366981422211616], [-75.99020851891233, 39.36712474192763], [-75.99033285203585, 39.36732324502663], [-75.99045921625024, 39.367878147602966], [-75.9909337935199, 39.368288171728615], [-75.99114429933368, 39.36838876202776], [-75.99157388358402, 39.36848584648796], [-75.9921608032648, 39.36894623261114], [-75.99224276016143, 39.36914432843704], [-75.99293526871901, 39.36913414965774], [-75.99354487445396, 39.369490547720304], [-75.99414515837123, 39.37000584904977], [-75.99429132594604, 39.37016068565534], [-75.99457561398738, 39.370541565535405], [-75.99472349285281, 39.37107472443257], [-75.9942450797769, 39.371432268837495], [-75.99350862653394, 39.37155174966612], [-75.99285234703176, 39.37149648669201], [-75.9921564832666, 39.37124346839203], [-75.99161526717252, 39.37104667991378], [-75.99151134287395, 39.370903191162775], [-75.99124150064068, 39.37050051997051], [-75.99083770881879, 39.36958123744106], [-75.99079061014847, 39.36941632567631], [-75.99086311946324, 39.36928539295653], [-75.99151750621509, 39.36947225281363], [-75.99192783328068, 39.369432096921045], [-75.99177979182019, 39.36890987862668], [-75.99154250273621, 39.36870487771814], [-75.99085040920029, 39.36868765486707], [-75.99026185997558, 39.36834240942144], [-75.98988081170006, 39.3678126117728], [-75.98971177930629, 39.36727924601348], [-75.98950684035232, 39.36728287469174], [-75.98951058632706, 39.36751865989667], [-75.98954129074347, 39.36784241878745], [-75.98974581737073, 39.36836515341893], [-75.99016154151454, 39.36893914071055], [-75.99043685089462, 39.369451508533686], [-75.9901538276812, 39.36948185166784], [-75.98976658731841, 39.36889169398821], [-75.98954119731869, 39.3683468401611], [-75.98904014759593, 39.36781047486214], [-75.98880412333986, 39.36751775429275], [-75.98858848095928, 39.36728004953134], [-75.98836213784702, 39.36729992704624], [-75.98860894727639, 39.36782851185825], [-75.9888348052984, 39.36834044267295], [-75.98940562627094, 39.36893777538768], [-75.98953011480303, 39.36912531397334], [-75.9898078523293, 39.369467749921334], [-75.99016794201094, 39.36998091457479], [-75.99052749270342, 39.37053244947067], [-75.99085287866899, 39.37100142143673], [-75.99153250628372, 39.37140231613326], [-75.9921657170494, 39.37158896685424], [-75.99303103092494, 39.37184899009203], [-75.99368125398546, 39.37183291314575], [-75.99429661612474, 39.371783645487106], [-75.99499132735143, 39.3716199326674], [-75.995655947711, 39.371083118202634], [-75.99645272282528, 39.370695514140564], [-75.99684333187038, 39.370550999657716], [-75.9970772953912, 39.370492789332005], [-75.99773835213406, 39.370208139154414], [-75.99789662540564, 39.370006708092795], [-75.99841303901471, 39.36945756980028], [-75.99964658041004, 39.36851705813126], [-75.99968703244559, 39.36849828031161], [-75.99985841123886, 39.368423321072015], [-76.00012278452866, 39.368299950698756], [-76.00037976917525, 39.368192969714826], [-76.00060830687174, 39.36809117421815], [-76.00087205134083, 39.368000790215376], [-76.0011352882618, 39.36793785462355], [-76.00137809300165, 39.36783072793887], [-76.00159207439727, 39.36775073925904], [-76.00183467072796, 39.36765459757539], [-76.00215557320195, 39.36753737200398], [-76.00233404868595, 39.36746249159838], [-76.00256934081509, 39.367377245955716], [-76.00285516407723, 39.36724312936936], [-76.00306892538562, 39.367174137186254], [-76.00330486160678, 39.36705592741601], [-76.00356266731355, 39.36690499389149], [-76.00382692382236, 39.36678710799194], [-76.00406254832811, 39.366685388923266], [-76.00429086503904, 39.36659457112785], [-76.00447568801886, 39.366558220086105], [-76.00481803597363, 39.36643022387696], [-76.0050600142634, 39.36636706185401], [-76.00526659174444, 39.366303476132764], [-76.00552322964135, 39.366212973835694], [-76.00580687269229, 39.36619425790098], [-76.00603353470649, 39.36619136810858], [-76.00627341632837, 39.366238096475065], [-76.00652696761395, 39.36631245454541], [-76.00674501568287, 39.366391906640864], [-76.00702021906173, 39.366444542918494], [-76.00724585070827, 39.366496599950416], [-76.00748054545771, 39.36644433040391], [-76.00767940281722, 39.36641362689718], [-76.00794897735251, 39.366389224509916], [-76.00821086230897, 39.366397736212484], [-76.00844449345311, 39.36640041000916], [-76.00869264406721, 39.3663867743395], [-76.00894022065782, 39.36640058988274], [-76.00920230683691, 39.36639811401648], [-76.0094227282548, 39.36635115310186], [-76.00969177547904, 39.36635425123558], [-76.00989647727778, 39.366389567589344], [-76.01022206895756, 39.36639879045233], [-76.01044146000781, 39.36640679378511], [-76.01066105407735, 39.366403816495406], [-76.01090971673113, 39.36636270321599], [-76.01112930181749, 39.36635970231166], [-76.01137763299296, 39.36633508114019], [-76.01163281921235, 39.36632149685028], [-76.01185292532158, 39.36629104261283], [-76.01212393266975, 39.36618970757169], [-76.0123520616328, 39.36610987396816], [-76.01260120488526, 39.36604126263845], [-76.01283691742591, 39.36593401567437], [-76.01309459826686, 39.36578855306967], [-76.01340160829498, 39.365654649421785], [-76.01365179718644, 39.3655310928924], [-76.0138372220375, 39.36546175801749], [-76.0140810364837, 39.36529964579139], [-76.01432391668203, 39.365186998609104], [-76.014495476935, 39.36510101679097], [-76.01476773383972, 39.364933728259906], [-76.01507660338049, 39.36470090821741], [-76.01523463051369, 39.36458177611769], [-76.01560701364001, 39.364360673419306], [-76.0158064701758, 39.36429698516688], [-76.01602731290356, 39.36422805119056], [-76.01632662616633, 39.36412701943726], [-76.01655501833574, 39.36403070677553], [-76.01679656992575, 39.363989481670934], [-76.01701819688276, 39.36387658026555], [-76.01726100162259, 39.36376940567985], [-76.0175177158763, 39.36367340644793], [-76.01775423420575, 39.36352218502643], [-76.01803272452024, 39.363398933092455], [-76.01832598313801, 39.36324287093892], [-76.01874658243887, 39.363093766193565], [-76.01896779527252, 39.363002844410296], [-76.01923150470732, 39.36291239409274], [-76.01946604764149, 39.36286559335378], [-76.01977234710223, 39.36277014364088], [-76.019985972765, 39.3627066136798], [-76.02023591461976, 39.36259403801907], [-76.02042860594317, 39.36251377316857], [-76.02070730107353, 39.36237953542261], [-76.0209278913747, 39.36232157109551], [-76.02120513123431, 39.36226425819293], [-76.02142605930203, 39.36218982080279], [-76.02167548732046, 39.362104695824115], [-76.02191026291827, 39.362046909764686], [-76.02218850978932, 39.36193464488775], [-76.02243762788896, 39.361866013481894], [-76.02272934140443, 39.36179236396848], [-76.02290757524165, 39.36172843306353], [-76.02315053898329, 39.361610263388194], [-76.0233520481695, 39.36143667255674], [-76.02363276001768, 39.361192508671046], [-76.02383353528032, 39.36105736894901], [-76.02395766718122, 39.360855414890985], [-76.02411114165257, 39.360598807494625], [-76.02418459150346, 39.36045674194349], [-76.02428709915885, 39.36027650900839], [-76.02436146529134, 39.360084982137884], [-76.02444290296172, 39.35989351516871], [-76.02449533942148, 39.35974022411283], [-76.02462776187414, 39.359472376004284], [-76.0246741203327, 39.35926404265936], [-76.02477134858917, 39.35898482267437], [-76.02485423883537, 39.358716438934856], [-76.02492779019589, 39.35856886091688], [-76.0249448051857, 39.35841515854577], [-76.02494828795403, 39.358228311472764], [-76.02493049681985, 39.3580412291334], [-76.02477145548869, 39.35783605462758], [-76.0246107846136, 39.357718814659776], [-76.02439050782446, 39.3577602969866], [-76.02423289211966, 39.35785742886671], [-76.0238838508177, 39.357968906395676], [-76.02365884170365, 39.35788391866145], [-76.02341434543612, 39.35770525230974], [-76.02318368412232, 39.35754323251878], [-76.02289802255692, 39.35729264610492], [-76.02266614672084, 39.35719657684786], [-76.02242060571264, 39.35707287060649], [-76.02216769312925, 39.35696556263936], [-76.02196311619635, 39.35692477164913], [-76.02175894889518, 39.35686197819103], [-76.02140609334653, 39.35679750307867], [-76.02118785663141, 39.35672908472624], [-76.02099042489826, 39.35668286329932], [-76.02070789396161, 39.35664667657877], [-76.02049622393123, 39.356605781213844], [-76.02026948735688, 39.35661421075789], [-76.02001471436252, 39.35660582983514], [-76.01982656132795, 39.35644427495457], [-76.01973780059136, 39.356267385858374], [-76.01969142865806, 39.35609645316201], [-76.01961694125303, 39.35591422659737], [-76.01954859293464, 39.35578153901464], [-76.0193549934145, 39.35553199651787], [-76.01929486468096, 39.35533892295643], [-76.01925587510267, 39.355151607132846], [-76.01925290617066, 39.35493169292362], [-76.01924950874226, 39.35473378808954], [-76.01922527129757, 39.35451365723577], [-76.01925276603349, 39.35417868314066], [-76.01933998526103, 39.35405875859831], [-76.01945806970346, 39.35380176017149], [-76.01946153720046, 39.35361491465192], [-76.0194153772696, 39.35343300322443], [-76.01939793737665, 39.35322943018459], [-76.01944347836829, 39.353065059821176], [-76.01948236464031, 39.35287861174199], [-76.01930907782538, 39.352678758909526], [-76.01909074768547, 39.352615828266146], [-76.01884308665322, 39.35260750243413], [-76.01856558358722, 39.35268129847333], [-76.01833195873127, 39.35267864012791], [-76.01808596317555, 39.35258240337196], [-76.01783304520225, 39.35247508433984], [-76.01763596021881, 39.35241238343612], [-76.01740329027203, 39.352360270756094], [-76.01717440223257, 39.35210481650655], [-76.01691494632063, 39.351969937058456], [-76.01669652455256, 39.3519124878496], [-76.0164353384854, 39.35187104025557], [-76.01618153028163, 39.351813168625704], [-76.01594883338538, 39.35176105272021], [-76.01569400469548, 39.35175813246119], [-76.01543876188224, 39.35177721347584], [-76.01521017298178, 39.35188454747262], [-76.0151207968992, 39.35211987340827], [-76.0151246991808, 39.352290305973185], [-76.01502189777632, 39.35248700212448], [-76.01480993399682, 39.35246259556626], [-76.014778023143, 39.35227534982999], [-76.01476028950097, 39.35208826544181], [-76.01479221742281, 39.35189626738646], [-76.0150221376265, 39.35171749680813], [-76.01522197864124, 39.351631829058014], [-76.01548482479507, 39.35158537572228], [-76.01571831310707, 39.35159352593218], [-76.01596607744558, 39.351596347559216], [-76.0162215466343, 39.35156628493026], [-76.016447651693, 39.351590847400836], [-76.01671581228003, 39.35163787311583], [-76.0169272631215, 39.351689750157405], [-76.01720190774826, 39.35176983503028], [-76.01741284385507, 39.35184918696903], [-76.01765792672245, 39.351994882826105], [-76.017912856922, 39.35199231406267], [-76.01809466874897, 39.35173604574084], [-76.01823923372932, 39.351957544054414], [-76.01820065288452, 39.35212750257989], [-76.01840028279517, 39.35205283210466], [-76.01848790806123, 39.35191090199405], [-76.01887857370019, 39.35184390564135], [-76.01898261298314, 39.351960517097474], [-76.0189364548489, 39.35215785254601], [-76.01917551002072, 39.352248515454384], [-76.01938887786702, 39.352195987261105], [-76.01964462822839, 39.352149419685745], [-76.01999191332398, 39.35213138002984], [-76.02030659765957, 39.35234383089307], [-76.02040885917658, 39.3525538686593], [-76.02059713977192, 39.352709908848475], [-76.02082696385591, 39.35291590209224], [-76.02107194521366, 39.35306708118051], [-76.02133062677783, 39.353245914295115], [-76.0215466859767, 39.35342973919763], [-76.02176501252335, 39.35349268855729], [-76.0220266441549, 39.35351215252896], [-76.02206594814353, 39.35368300055306], [-76.02176513020264, 39.353866461715356], [-76.02149962503559, 39.3540558328784], [-76.02144648250001, 39.354247595777046], [-76.02156345123484, 39.35443029346784], [-76.02163796019946, 39.35461254196291], [-76.02165571989264, 39.35479962514893], [-76.02170855700102, 39.35500359440136], [-76.02179813340788, 39.35513651962724], [-76.02206704678314, 39.35514507715574], [-76.02227317330991, 39.35510344393597], [-76.02250050995886, 39.35506204755182], [-76.02280603327519, 39.355005067660564], [-76.02299060831999, 39.354979668000546], [-76.02329646670792, 39.354906176542954], [-76.02350973484121, 39.3548591266326], [-76.02371626471155, 39.35479550890188], [-76.0240146122854, 39.35474394465629], [-76.02421302767377, 39.354735187031295], [-76.02450297599972, 39.354754958368346], [-76.02469360568952, 39.354784602165886], [-76.02494096937943, 39.35480941217473], [-76.0252094794111, 39.35483992004098], [-76.02542213938496, 39.35482583200858], [-76.02567741813081, 39.354806748353425], [-76.02597616635329, 39.35473317475007], [-76.02615456098891, 39.35465825144325], [-76.02639690219806, 39.35457304157383], [-76.02665266423755, 39.354526479055814], [-76.02690164938653, 39.35446333196874], [-76.027136791497, 39.35438354747709], [-76.02739368721036, 39.35427650697296], [-76.02768799685703, 39.35405998945673], [-76.02787470360398, 39.35391919287015], [-76.02799951732618, 39.35367875434649], [-76.0279954156186, 39.35351930295491], [-76.02799199124073, 39.35332140176087], [-76.02810903004415, 39.35311934198309], [-76.02831757932726, 39.352945819658274], [-76.02839111631474, 39.35279823292313], [-76.02848125596529, 39.352518928745994], [-76.02854738813987, 39.352387758737436], [-76.02862883569175, 39.35219631026583], [-76.02868224502696, 39.351988050387405], [-76.02871412623638, 39.35179602843901], [-76.0288170938292, 39.351588321690166], [-76.02900381135595, 39.351447522206726], [-76.02935565091003, 39.35118217428035], [-76.02947903900586, 39.35101866462918], [-76.0295810849272, 39.3508604151584], [-76.02964118401634, 39.350674215437785], [-76.02963735000671, 39.350498290495594], [-76.02966903897666, 39.350317250383995], [-76.02962302457286, 39.35012436177785], [-76.02975391988954, 39.34993895130943], [-76.02999035737065, 39.34978772446819], [-76.03017572562783, 39.34971837118748], [-76.03039789516727, 39.34957245246036], [-76.03063454195583, 39.349410242227485], [-76.03094187986905, 39.34925430998362], [-76.0310798143843, 39.3490689750091], [-76.03130392967462, 39.348818670800725], [-76.03131497446105, 39.34860442947596], [-76.03130396470893, 39.34843390178148], [-76.03162574483696, 39.348261646713866], [-76.03187561662313, 39.34814904707993], [-76.03211052786656, 39.34808023957666], [-76.0322418965954, 39.34786734921854], [-76.03209547569566, 39.347744787265846], [-76.03227326576513, 39.34770280299192], [-76.0326245654317, 39.3478496856668], [-76.03283609083334, 39.3478960240857], [-76.03307020167784, 39.34787117619351], [-76.0331726428579, 39.34769093718682], [-76.03319764656551, 39.34748785314517], [-76.03312290314062, 39.34731662040211], [-76.03306297203643, 39.34711257730293], [-76.03312990101668, 39.34693745270336], [-76.03321890070514, 39.3467185852393], [-76.03328615667215, 39.34652697257135], [-76.0333454329045, 39.346384718625586], [-76.03339903178421, 39.34616547429585], [-76.0334658745262, 39.34599582638663], [-76.0334696411622, 39.34579248663318], [-76.03337375858202, 39.345615524024836], [-76.03302480262, 39.345727032201864], [-76.03288859376843, 39.34581894209928], [-76.03269424864659, 39.34599263148194], [-76.03255093501943, 39.34608446530831], [-76.03242846769675, 39.34619851601002], [-76.03209458097363, 39.34626069660706], [-76.03183935882164, 39.34627981733095], [-76.03162195484477, 39.34616742846953], [-76.03147675834879, 39.345978911938495], [-76.03138809103697, 39.34579653741431], [-76.03131408782387, 39.34558682529688], [-76.03123291874974, 39.34538254025398], [-76.0312430194068, 39.34521775753522], [-76.03119734097291, 39.34500837436079], [-76.03120787371962, 39.34482160883893], [-76.03116098166178, 39.34467817875386], [-76.03134936286844, 39.34444395388339], [-76.03141612206711, 39.34427980114009], [-76.03149775287527, 39.34407736299644], [-76.03162163145129, 39.3438863815314], [-76.03166025002534, 39.34371092441414], [-76.03179839923794, 39.34351460927601], [-76.03192854805462, 39.343367650101825], [-76.03219973326921, 39.343249798815236], [-76.03242491126655, 39.343323790922376], [-76.03265082049249, 39.34335932525207], [-76.03290572823416, 39.34335669225678], [-76.0331081734649, 39.343128118706026], [-76.03311850049742, 39.34295235053228], [-76.03286662636648, 39.342790114512226], [-76.03260677519582, 39.342677237202714], [-76.03238917897949, 39.34257587485325], [-76.03220900478128, 39.34236496299672], [-76.03214834424507, 39.34219939297802], [-76.03201053369733, 39.341994463045864], [-76.03196444653, 39.34180706281734], [-76.0319465610727, 39.34162547218834], [-76.03206326660114, 39.341439900917756], [-76.03243655882252, 39.3415430573432], [-76.03269125096851, 39.34155141436729], [-76.03294587484253, 39.341565275811995], [-76.03304739794434, 39.341434493055274], [-76.03293738216983, 39.341257374906185], [-76.03291253387074, 39.34107021099877], [-76.03302244364409, 39.34086806924744], [-76.03319576190006, 39.340683147639986], [-76.03340032535824, 39.340723932132775], [-76.03341174204719, 39.3408724642135], [-76.03366522236585, 39.34094676799908], [-76.03389716018569, 39.341037326651424], [-76.0336195861528, 39.34111665187164], [-76.03338542500262, 39.34114698577759], [-76.03319197729775, 39.34127123779865], [-76.03342980267595, 39.34142780964809], [-76.03351763904615, 39.34165416559556], [-76.03339417279685, 39.3418231682118], [-76.03307538226208, 39.341836054192086], [-76.03287748071006, 39.341817345620946], [-76.03265099386736, 39.341814795241234], [-76.03239629992476, 39.34180642504862], [-76.0322861664709, 39.34201954506904], [-76.03244612767692, 39.34217525307798], [-76.03266966175727, 39.34233717511692], [-76.032900012254, 39.34251564803254], [-76.03306856674402, 39.34258901496567], [-76.03322305451502, 39.34265670380448], [-76.03337643107, 39.342784860983684], [-76.03338047259047, 39.342949804362355], [-76.03334082544539, 39.343180201450714], [-76.03328094195192, 39.34335542230542], [-76.03313019925736, 39.34346913913164], [-76.03293767412231, 39.343543933408064], [-76.03264009101476, 39.34355707055961], [-76.03239265995121, 39.34353779416823], [-76.03212894602483, 39.34363376966141], [-76.03189828291437, 39.343856519832265], [-76.03175902158746, 39.34411327208871], [-76.03168499501817, 39.34428833498864], [-76.03166738983522, 39.344475020654436], [-76.03164978285565, 39.34466171137923], [-76.03160295817146, 39.34489752361885], [-76.03153619987113, 39.3450616617119], [-76.03146913973686, 39.34524229305983], [-76.0314939925275, 39.34542944996366], [-76.03156849520391, 39.34561166983313], [-76.03175617572464, 39.34580067572711], [-76.0318887401111, 39.34590661561734], [-76.03213584867947, 39.345942363989714], [-76.03239290968286, 39.345824355180085], [-76.03262257027345, 39.345656548784234], [-76.03286030492183, 39.34543385436872], [-76.0331259457345, 39.345233478667716], [-76.03330278448806, 39.34524096965062], [-76.0336101834867, 39.34546429199556], [-76.03367804940979, 39.345624468277535], [-76.03376599806937, 39.34584529890837], [-76.0338621492458, 39.346005788319424], [-76.03384434912844, 39.34620345736463], [-76.03374110665116, 39.34642766306], [-76.0336453309705, 39.34662994503778], [-76.03358575559918, 39.34678867022451], [-76.03361074044219, 39.34697034191632], [-76.03365713932492, 39.347141262900024], [-76.033660470278, 39.347344657082424], [-76.03369219607887, 39.34754289753585], [-76.03371748634908, 39.34770807907516], [-76.03367864139955, 39.34789450969065], [-76.03359693782784, 39.34810245666198], [-76.03345171438238, 39.348298698476675], [-76.03332803523239, 39.348478702506426], [-76.03327522327682, 39.348653998300335], [-76.03305588432885, 39.34864601446815], [-76.03299595052972, 39.348441991227894], [-76.03279209314735, 39.34836273058993], [-76.0325513150068, 39.348365512056446], [-76.03231650078142, 39.348428832765066], [-76.03205994103796, 39.3485193872806], [-76.0319657041714, 39.348639247695544], [-76.03177677229746, 39.34890094299612], [-76.03168200901814, 39.34904827121173], [-76.03155074179895, 39.3492556694393], [-76.03141361666577, 39.3493970380993], [-76.03133975448817, 39.3495610982426], [-76.03133672626734, 39.34972596172045], [-76.03136753219339, 39.349973655635196], [-76.03127206104162, 39.350159445292626], [-76.0312616513641, 39.35034071921627], [-76.03142089301957, 39.35053488121403], [-76.03158259785555, 39.35059718924142], [-76.03186533181145, 39.350622352924525], [-76.03181112746721, 39.35048982270252], [-76.03169366465896, 39.35033461113825], [-76.03173288959584, 39.35012617065808], [-76.03184879742032, 39.349984570763446], [-76.03204409565468, 39.34976140387884], [-76.03231591507986, 39.349610568441356], [-76.0325746065255, 39.34940461894196], [-76.0327798769578, 39.349406935638406], [-76.03262736907371, 39.34961407508277], [-76.03252606246585, 39.34973385373436], [-76.03247920634064, 39.34996969192816], [-76.032432984426, 39.35017253604819], [-76.03254967827635, 39.3503717194581], [-76.03275192228449, 39.350538894903806], [-76.03305549266338, 39.35058629713235], [-76.03329140103678, 39.35046253472869], [-76.03346393775846, 39.35032155584035], [-76.03364425029723, 39.35014219772357], [-76.03378066486302, 39.350039305455184], [-76.03403298994822, 39.34979479886294], [-76.0342138315947, 39.34958796977257], [-76.03451386081477, 39.349442951054144], [-76.0347906317538, 39.349407588620274], [-76.03501787857121, 39.34937166071375], [-76.03498497597731, 39.349618634133165], [-76.03487536444466, 39.34980428024577], [-76.03474530995108, 39.34994573462795], [-76.03472041493961, 39.350143330704675], [-76.03448966289595, 39.35037157288652], [-76.03424888385707, 39.35037436399822], [-76.03399432825503, 39.350355010296816], [-76.03375092613554, 39.35050067453695], [-76.03361198371053, 39.35074096075469], [-76.03327016306683, 39.350847051535354], [-76.03328118090378, 39.35101756361594], [-76.03301137370484, 39.35105849142699], [-76.03277909811845, 39.35098441928872], [-76.0325370964725, 39.35105315446793], [-76.03228789662614, 39.35112730086031], [-76.0320407530235, 39.35109153013303], [-76.03184597850695, 39.35128722034284], [-76.03178538354778, 39.351500888699476], [-76.03178235622528, 39.351665753157846], [-76.0320904532149, 39.35185062000583], [-76.03230464751125, 39.351754081330974], [-76.03254573646889, 39.35173482873428], [-76.03250769551155, 39.351877294767704], [-76.03226488538184, 39.35198999258946], [-76.03201651737544, 39.352020167567076], [-76.03187777347813, 39.35224945182009], [-76.03181050942628, 39.35244108422343], [-76.0318492250184, 39.35264487142224], [-76.03183815957073, 39.35285911147328], [-76.03182856197024, 39.352996424563365], [-76.03184533531324, 39.353238451260594], [-76.03187799176874, 39.35338724223511], [-76.03190244211414, 39.353596381499635], [-76.0319134536629, 39.35376689381718], [-76.03195934140423, 39.35396528901072], [-76.0320418642395, 39.35409813077439], [-76.03215805682991, 39.35432480688392], [-76.0322815230792, 39.354540557424066], [-76.03241256931285, 39.35472891540973], [-76.03245866725997, 39.35491630946804], [-76.03249789219686, 39.35509264282796], [-76.0323175634884, 39.355271999351075], [-76.0322292833505, 39.355452373699535], [-76.03204417829967, 39.35589001433443], [-76.03188576758585, 39.35603114660665], [-76.03172193194601, 39.356084267184706], [-76.0315630460234, 39.35625285635231], [-76.03128351276486, 39.35643660249495], [-76.03105382342818, 39.35660439897967], [-76.03087217060299, 39.3568551948494], [-76.03079557215703, 39.3571676217124], [-76.03078514002164, 39.35734889342945], [-76.03074567343793, 39.35756829368071], [-76.03077832809684, 39.35771707682323], [-76.03077436293319, 39.35793139578324], [-76.03083189912881, 39.35826732012084], [-76.03094593755918, 39.3586094002073], [-76.03095048393283, 39.35874686938698], [-76.03090526274143, 39.35889476930806], [-76.03086559583342, 39.35912516939254], [-76.03084472707107, 39.35948770150262], [-76.03086310929673, 39.35964180158029], [-76.03089445241531, 39.359862023931996], [-76.03091254089185, 39.36003261124956], [-76.03091616828898, 39.36021953753755], [-76.03099129888777, 39.36036879288555], [-76.031114568406, 39.36059554866444], [-76.03116109484951, 39.36076095980297], [-76.03119363272742, 39.36091522931939], [-76.03138084702252, 39.361131694335185], [-76.0315331420059, 39.36132028319645], [-76.03178729965428, 39.361361648785035], [-76.0321757814888, 39.36141548138283], [-76.0324321849254, 39.36133592083371], [-76.03266825769049, 39.3612066516776], [-76.0329049368184, 39.361044442062045], [-76.03318619484227, 39.36076728714142], [-76.03341508916994, 39.3606434295604], [-76.03367847071966, 39.360569439817176], [-76.03388692388303, 39.36040140281754], [-76.03412614164992, 39.36010179662833], [-76.03425610900692, 39.3599658379975], [-76.03434388878321, 39.35981291729988], [-76.03441845883327, 39.35961039705014], [-76.0345707807661, 39.359414238402394], [-76.03467959998467, 39.35927254967373], [-76.03487336659147, 39.359131827492064], [-76.03513714160327, 39.3590358496687], [-76.03530228249522, 39.35929603494577], [-76.0354121302848, 39.35948413076252], [-76.03555069002748, 39.35965059887463], [-76.03577964813552, 39.35990601581052], [-76.03585521082395, 39.36003328705251], [-76.03592226646667, 39.360237407717534], [-76.03608155124127, 39.360431585275094], [-76.036383254921, 39.36058335930463], [-76.03660081161146, 39.36069024776296], [-76.03680460701008, 39.36077497857272], [-76.0370791079064, 39.360865997714555], [-76.03729928049097, 39.360829984019716], [-76.03751288549248, 39.360766439097546], [-76.03779677917339, 39.360731150460495], [-76.03802798306964, 39.360865647662564], [-76.03818093202656, 39.36102126714543], [-76.03852561470275, 39.36114605335754], [-76.0388232696755, 39.361132901454475], [-76.03912193345634, 39.36106479503193], [-76.03934988904452, 39.360990404287136], [-76.03952830793469, 39.3609154453236], [-76.03978460357344, 39.36084136557726], [-76.03999838284814, 39.36076681345924], [-76.04019925333219, 39.36062615818643], [-76.04049144025981, 39.3605249885637], [-76.04067015649231, 39.36043355432995], [-76.0410271568677, 39.360272647290714], [-76.04125483397816, 39.36021474372503], [-76.04149665326611, 39.36015699291338], [-76.04170315349205, 39.36009334250111], [-76.0419514720911, 39.360068634384795], [-76.04220503505475, 39.36014292192798], [-76.04241630263992, 39.360205752026516], [-76.04268584124262, 39.36018127732023], [-76.04279767610558, 39.359874725306554], [-76.04275882307124, 39.359676405931964], [-76.04281179582522, 39.35949012621633], [-76.04289977862076, 39.359326221353776], [-76.04303803383456, 39.35912437758846], [-76.04316917978122, 39.35892250128981], [-76.04333502225741, 39.358759445941956], [-76.0436570476255, 39.358576160157945], [-76.04385496085564, 39.35859486910464], [-76.04375223131638, 39.358791589875324], [-76.04362196392209, 39.35894403286316], [-76.04341972710048, 39.3591616201529], [-76.04321087508514, 39.35935168333328], [-76.04311554317223, 39.35953198811069], [-76.0430554728292, 39.35971820937177], [-76.04303789549401, 39.3599048843768], [-76.0430414555175, 39.36009732091405], [-76.0431580649262, 39.360301977587056], [-76.04313431706335, 39.36043911352369], [-76.04289249867371, 39.3604968891059], [-76.04263033793447, 39.36050495006823], [-76.04238974215191, 39.3604967495011], [-76.0420998603013, 39.3604715386721], [-76.04186631809037, 39.36046343256007], [-76.04162308665077, 39.36059811572249], [-76.04169653650166, 39.36084079049158], [-76.04194819234199, 39.36101947521645], [-76.04195882390337, 39.36121198994473], [-76.04174280782364, 39.361407439972716], [-76.04170358468339, 39.36161587596786], [-76.0417000417279, 39.36180819249807], [-76.04172525204804, 39.36197888202142], [-76.0418277165843, 39.36218338663487], [-76.04192431332513, 39.36232188988625], [-76.04196933868378, 39.36256973430962], [-76.04161403522598, 39.36263720654788], [-76.04145635394416, 39.362739870515945], [-76.04118397127527, 39.36291820450808], [-76.04104006655665, 39.363043013723214], [-76.04089656787653, 39.363145839613594], [-76.0407309859118, 39.36329240090263], [-76.04054308081223, 39.363499159559545], [-76.04053297027372, 39.36366394708827], [-76.0405077797165, 39.36387803250211], [-76.04058144965465, 39.3641097051702], [-76.04063555428591, 39.36424771566383], [-76.04061059639237, 39.36445081627601], [-76.04055101832608, 39.36460954473418], [-76.04046931475436, 39.364817496824344], [-76.0404023552314, 39.36499263772622], [-76.04021401714388, 39.36522136686017], [-76.04008395726042, 39.365362819197294], [-76.03989037301162, 39.365492575146476], [-76.0396387216629, 39.36569861056647], [-76.03937211875454, 39.36594847996751], [-76.03924811800766, 39.366144957095116], [-76.03916011095761, 39.366308867486374], [-76.03904988407898, 39.366527488155334], [-76.03907506116145, 39.36669815225563], [-76.0389862555091, 39.36690602312211], [-76.03889077088259, 39.367091857340334], [-76.03876049630178, 39.36724429263045], [-76.03863749717645, 39.36738579990131], [-76.03844099789457, 39.36767492222874], [-76.03850196834954, 39.367824013721325], [-76.03811915039289, 39.367847193325545], [-76.03790002704059, 39.367822746298124], [-76.03766001426466, 39.3677815949632], [-76.03738388112949, 39.36777848786457], [-76.03718582686385, 39.367765276790685], [-76.03693102063181, 39.36775691595678], [-76.03669020027044, 39.36775970429049], [-76.03645693204567, 39.367735099585595], [-76.03616065868181, 39.36767131996113], [-76.03592771924042, 39.36763021853958], [-76.03570226186706, 39.36756723886147], [-76.03545515060375, 39.36752598528724], [-76.03523636232305, 39.36748504351099], [-76.03496863382566, 39.36741058668368], [-76.03472253765864, 39.3673143813337], [-76.03451203543808, 39.367207588434255], [-76.03426635968262, 39.367089403027634], [-76.03411210008372, 39.367005219494054], [-76.03383932395275, 39.36682076707738], [-76.033616389947, 39.3666203929818], [-76.03343565430173, 39.36643695975783], [-76.03330344115653, 39.366309058472076], [-76.0331878648104, 39.36604942644083], [-76.03305615921333, 39.36589403276058], [-76.0328243399711, 39.3657924908773], [-76.03254194827333, 39.36574532745618], [-76.0323450213934, 39.36567166953239], [-76.03206495004399, 39.3654981172695], [-76.03185263592154, 39.365490235370316], [-76.03159654330202, 39.3655532981782], [-76.03135378707121, 39.365660502667936], [-76.03109655089635, 39.36578402077091], [-76.03086917651815, 39.36582543371979], [-76.0306775038843, 39.36585074748556], [-76.03034443462808, 39.365863489440976], [-76.03013959538711, 39.36583367463672], [-76.02988582131935, 39.36577036970193], [-76.02963964071068, 39.36567963961251], [-76.02941581288123, 39.365528717697984], [-76.02924043658494, 39.36543878180519], [-76.02898162476507, 39.365265474817974], [-76.02866678052933, 39.36505856026456], [-76.02843547512346, 39.364929513295486], [-76.02818322908999, 39.36478376385], [-76.02805042575166, 39.36468880222068], [-76.02768473148096, 39.36455274903619], [-76.0275089284849, 39.364484811242065], [-76.02719298201633, 39.364338326768184], [-76.02688470266871, 39.364158956713226], [-76.02670923923583, 39.36407452726124], [-76.0264145127709, 39.36392829820364], [-76.02620375003895, 39.36383796090201], [-76.02601464119691, 39.36372589892542], [-76.02575480529761, 39.363607513855534], [-76.02558661282863, 39.36351217697445], [-76.02525025573848, 39.363321486847845], [-76.02505372591389, 39.36322581481564], [-76.02480193263133, 39.36305807243473], [-76.02464819315698, 39.36294640369816], [-76.02436159015716, 39.362745276729704], [-76.02408692307252, 39.36266523013541], [-76.02379087967736, 39.36259041048622], [-76.02359346501221, 39.362544193632075], [-76.0232544471122, 39.36249639391019], [-76.02287232984146, 39.36248106976651], [-76.02262524552762, 39.36243978957371], [-76.02248795330782, 39.362586634323726], [-76.02265603708062, 39.36268748425492], [-76.02285223542688, 39.36279963401909], [-76.02314807220951, 39.362885434620694], [-76.02340192353239, 39.36294328388287], [-76.02372577158219, 39.363045893228026], [-76.02392925257047, 39.36314711476148], [-76.02410349339625, 39.36329750356689], [-76.02437622910303, 39.363481973623344], [-76.02453775427595, 39.36355527062211], [-76.02485298658387, 39.363740235884386], [-76.02507094212632, 39.363825139401925], [-76.02529597100329, 39.36391012893641], [-76.02556377765411, 39.363979116704336], [-76.02578123373327, 39.36409151650371], [-76.02606270375955, 39.364188135362554], [-76.02625850145719, 39.36432227726222], [-76.02653198366396, 39.36446827005543], [-76.02674981703554, 39.36455868502155], [-76.02701674154075, 39.36467712612343], [-76.02724885004048, 39.3647621840721], [-76.0275023096979, 39.364842010882064], [-76.02774132085227, 39.36493814949273], [-76.02797313200966, 39.36503972248194], [-76.02820442483912, 39.365168747023255], [-76.02839323454218, 39.36529730045275], [-76.02873013690969, 39.36546050721949], [-76.0290038383054, 39.365595514106616], [-76.02920045796154, 39.36568567134302], [-76.0294808221617, 39.365842734366026], [-76.02971981714641, 39.36593887437712], [-76.02988084195773, 39.36603963265583], [-76.03005651559639, 39.366113056146574], [-76.03029502728745, 39.36623668804073], [-76.030653065217, 39.3664056187037], [-76.0309055142697, 39.36654038346985], [-76.0310528074336, 39.36661897969377], [-76.03135551632815, 39.36671584368326], [-76.03164480618898, 39.36677406826927], [-76.03190555297996, 39.366842960146776], [-76.03212413464816, 39.36689489326288], [-76.0323286478007, 39.36694117113093], [-76.03261743909654, 39.36702686872205], [-76.03287778164567, 39.36711774637552], [-76.03315886988796, 39.367236327590255], [-76.0335740837887, 39.36737842102082], [-76.03375755660065, 39.36741346531393], [-76.034102895047, 39.36750529320974], [-76.034335323347, 39.367573868377036], [-76.03451841347662, 39.36763087690702], [-76.03478593805644, 39.367716331972886], [-76.03516707346854, 39.367786569515374], [-76.03565452269791, 39.367852526223764], [-76.0360280574644, 39.36795016076098], [-76.03621843203268, 39.36799625458781], [-76.03657872653021, 39.36804426930565], [-76.03702297757418, 39.368148210104785], [-76.03722082073573, 39.36817240214597], [-76.03757424940952, 39.36820935654041], [-76.03810276691873, 39.36835270429316], [-76.0383004115526, 39.368387893936685], [-76.03865353839248, 39.368441314852596], [-76.03890115540727, 39.36845506957031], [-76.03923249989815, 39.3685357498314], [-76.0394161029658, 39.3685652912494], [-76.0396354014896, 39.36857873204184], [-76.03987554092797, 39.368614407700846], [-76.04028571078838, 39.36864646654046], [-76.04061706426239, 39.368727122273995], [-76.04094934928936, 39.36875833936519], [-76.04114005264104, 39.36878795985853], [-76.04133039217501, 39.36883404896552], [-76.04162010873561, 39.36887026687373], [-76.04181775875936, 39.36890547361807], [-76.04210704682356, 39.36896365748832], [-76.04230379404048, 39.369048314370424], [-76.04255768578753, 39.36910610505403], [-76.0428184783926, 39.36917497240811], [-76.04305092196397, 39.36924352996315], [-76.0433126937327, 39.3692574525832], [-76.04362455645999, 39.369244441100385], [-76.0438293867178, 39.36927421000276], [-76.04402705830113, 39.36930939709854], [-76.04425313461374, 39.369339393062766], [-76.04448618005634, 39.36937498499764], [-76.04478207073788, 39.36946073307566], [-76.04499297181039, 39.36954552408059], [-76.04522442094671, 39.369669022117414], [-76.04546437084056, 39.36971569051675], [-76.04580283627668, 39.36979638807174], [-76.04598693790933, 39.36979847075379], [-76.04623536340789, 39.36976823748171], [-76.04643341857184, 39.36978145512127], [-76.0466736622148, 39.36981160713599], [-76.04701262621589, 39.36986484918143], [-76.04741633359616, 39.36986385818959], [-76.04769278563326, 39.36985043153371], [-76.04791218476838, 39.36985836294175], [-76.04822222661058, 39.36994427848488], [-76.04843285908683, 39.370045553910195], [-76.04864953991988, 39.37020185919973], [-76.04887382768676, 39.3703307630912], [-76.0491884545302, 39.37055411913311], [-76.04939258589872, 39.370622358664576], [-76.04961139124742, 39.37066327360127], [-76.04986529736753, 39.37072104697597], [-76.05008430034559, 39.37075096038879], [-76.0503527825295, 39.37078692660666], [-76.05082658814634, 39.370825171291926], [-76.05107471360758, 39.37081144620794], [-76.05130129297675, 39.37081396636243], [-76.05157076779905, 39.3707949572145], [-76.05181929660388, 39.370759248641505], [-76.0520384037865, 39.37078364464054], [-76.05227935081032, 39.37077533069613], [-76.05245688396163, 39.37074982774188], [-76.05277012021298, 39.37065984371146], [-76.0530042966345, 39.370634980303926], [-76.05330279153205, 39.37057782422503], [-76.053529663752, 39.370563837978686], [-76.05381919705627, 39.3706110287014], [-76.05400977644044, 39.370646119289376], [-76.05426339240472, 39.37072037474869], [-76.05460146887032, 39.37082305044579], [-76.05496159448457, 39.37088201188897], [-76.05523834296572, 39.37085209367114], [-76.05547010651239, 39.37095908238684], [-76.05574387977333, 39.37109402656052], [-76.05595479971048, 39.37117881558217], [-76.05618718758626, 39.37125284200281], [-76.05652077606871, 39.371212551717505], [-76.05693216494295, 39.37117862391533], [-76.05725828123887, 39.37116024056193], [-76.05746390830235, 39.37114602040415], [-76.0576418340174, 39.37109852657012], [-76.05789078413211, 39.37104080073008], [-76.0581250297239, 39.37101041730097], [-76.0583870341563, 39.37101330203285], [-76.05861341859105, 39.37102680693763], [-76.05888936846992, 39.37104084586914], [-76.05913002354127, 39.37104898339252], [-76.05939229926489, 39.3710354014085], [-76.05961229577964, 39.371010341606286], [-76.05984627547014, 39.370996430446866], [-76.06010197013597, 39.37095528306557], [-76.06033654001959, 39.37090840091033], [-76.06063541939608, 39.3708607784418], [-76.06103486786358, 39.37084012693597], [-76.06140347087917, 39.370831160911116], [-76.06181828323298, 39.37081062259167], [-76.0622012583948, 39.37087327503734], [-76.06244562350825, 39.3709705393774], [-76.06259757982677, 39.371090927942575], [-76.06264810556993, 39.37191356519875], [-76.06274036344792, 39.371902390999175], [-76.06276043181138, 39.37154505594514], [-76.06297679553914, 39.37143953340103], [-76.06326924746976, 39.37138228214755], [-76.06356156644975, 39.37133694749923], [-76.06377695550543, 39.37130290309093], [-76.06399249278311, 39.371256955196756], [-76.06420806329847, 39.37121099755011], [-76.0647461388823, 39.371155703056196], [-76.06502277597237, 39.37113405580268], [-76.06533027917558, 39.37110076615818], [-76.0655296952872, 39.3711142620182], [-76.06569318148237, 39.371165209317816], [-76.06594081197193, 39.37117890724892], [-76.06637304355739, 39.371167155847814], [-76.06669078396158, 39.37122011005401], [-76.06691696897035, 39.371244576725424], [-76.06719992750506, 39.37126416213966], [-76.0674047649494, 39.371293889903285], [-76.06768003929518, 39.371346386375166], [-76.06791309911081, 39.371381933537116], [-76.06813240841439, 39.37139531684305], [-76.06836569999537, 39.37141985845286], [-76.06870537546217, 39.371434579942346], [-76.06894603412678, 39.37144270491992], [-76.06934965706539, 39.37144710768517], [-76.06959048730823, 39.371444272276584], [-76.06995162981538, 39.371448216015274], [-76.0701355239372, 39.371461219448605], [-76.07032692797478, 39.37145231947551], [-76.07061015780072, 39.37145542224404], [-76.07085059008989, 39.37147454718396], [-76.07104147849451, 39.37149311309289], [-76.07137379047093, 39.371524222003536], [-76.0715576127275, 39.3715427115107], [-76.07179855615807, 39.37153435946241], [-76.07201835863674, 39.37152026368587], [-76.0723093777545, 39.37148498603787], [-76.07252197754121, 39.37147630759483], [-76.07277688438455, 39.37147908883564], [-76.07299621973925, 39.371492484622905], [-76.07299619638306, 39.371492381845464], [-76.0732725442156, 39.371484406873215], [-76.07355589980567, 39.371481992298094], [-76.07406583296829, 39.37148207424225], [-76.0745264602999, 39.371465106242034], [-76.0747678061757, 39.37143476258078], [-76.07502400749135, 39.37136609328841], [-76.07525854413731, 39.37131918293684], [-76.07548573256425, 39.37128868712889], [-76.07574152065489, 39.37124199616976], [-76.07594707675145, 39.37123325311317], [-76.0763517354476, 39.37117717808059], [-76.0767135696575, 39.37114265026039], [-76.07691961084433, 39.37110643005861], [-76.07718207431584, 39.37108180222731], [-76.07745881291552, 39.37105183270605], [-76.07772130064156, 39.37102720138331], [-76.07818922947978, 39.37099931379045], [-76.07847306566853, 39.37096941298403], [-76.07875755223755, 39.37090106337452], [-76.07910540237343, 39.370855374245124], [-76.07937506943522, 39.37082532268176], [-76.07961649975266, 39.3707894599566], [-76.07984415799848, 39.370731481081364], [-76.080171239085, 39.37065808327999], [-76.08036290812561, 39.37063267264481], [-76.0806114126759, 39.370596900793764], [-76.0808884692792, 39.37055043020758], [-76.08122214040667, 39.37050458459709], [-76.08160567252395, 39.3704427915527], [-76.08188969825721, 39.37040188204252], [-76.08230813890646, 39.37036795940207], [-76.08262747022702, 39.37033293881411], [-76.08282611378749, 39.37031310938542], [-76.08309557513506, 39.370294052183844], [-76.08328036847047, 39.37025757667713], [-76.08355661209842, 39.370255062058185], [-76.0837549628081, 39.37025172867745], [-76.08401599526337, 39.37030950239271], [-76.0843395567506, 39.37043392617243], [-76.08479787451363, 39.37054881769148], [-76.084959543417, 39.370616514862164], [-76.08521418256237, 39.37063575808852], [-76.0854624939749, 39.37061096203414], [-76.08571836920211, 39.370558759456706], [-76.08600275246486, 39.37049588450419], [-76.08617339194467, 39.37045924868447], [-76.08651415437296, 39.370413466903756], [-76.086776325892, 39.370405302222665], [-76.08701039541401, 39.37038584226347], [-76.08740012321181, 39.37037356294453], [-76.08764853074408, 39.370343269504], [-76.08792467915062, 39.370346236903394], [-76.08815787281522, 39.370376228255545], [-76.08843363584451, 39.37040120147871], [-76.08862482518474, 39.370403269559276], [-76.08889339091198, 39.37043363797462], [-76.08924083860262, 39.370409901583415], [-76.08959565607185, 39.37036976289694], [-76.0898442567419, 39.37032846097765], [-76.09009838384758, 39.37037516921454], [-76.09103928017447, 39.37043477271004], [-76.091279363019, 39.37047581900805], [-76.0915411455675, 39.370489633047924], [-76.09196520967042, 39.37053817383447], [-76.09229656044948, 39.37062417048632], [-76.0925144261604, 39.37071995460662], [-76.09276157964455, 39.3707610868487], [-76.09304422466722, 39.37079710861724], [-76.09326315578005, 39.37083243036305], [-76.09350311375876, 39.37087897645643], [-76.09370092098769, 39.370908589105724], [-76.09401857874687, 39.37096696297432], [-76.0941720756761, 39.37098104289021], [-76.09417209543903, 39.37098114358503], [-76.09435799549887, 39.370998178369746], [-76.0947039789356, 39.37105686813655], [-76.09502166454257, 39.37111523910341], [-76.09526889258686, 39.37115087943869], [-76.09574924782044, 39.37122196283246], [-76.09592559070397, 39.37126234755675], [-76.09620106986561, 39.37130377045131], [-76.0964689915008, 39.37137259397134], [-76.09675843677017, 39.37142514732838], [-76.09703343443485, 39.37149407142285], [-76.097478472403, 39.37155928435493], [-76.09773302261517, 39.371584010628396], [-76.09796610219374, 39.37161947225317], [-76.0981708650779, 39.3716546408061], [-76.09841104673711, 39.37169019753328], [-76.09865119605695, 39.37172573410364], [-76.09887723194538, 39.371761141490126], [-76.09918094695304, 39.37180835154241], [-76.09940734037096, 39.37182177434962], [-76.0996127653135, 39.371818461182436], [-76.10013627651163, 39.37185153868107], [-76.10031312514666, 39.3718644191237], [-76.10056047805678, 39.371894555655736], [-76.10080072978457, 39.37192459773123], [-76.10114713183623, 39.37196128764266], [-76.10167705520885, 39.37203288826115], [-76.10211597744656, 39.372043064534544], [-76.10259663271742, 39.37209767083415], [-76.10282302883029, 39.372111065808284], [-76.10311361585838, 39.37209767361188], [-76.10332634769745, 39.37208345017283], [-76.10356022228504, 39.372074954440926], [-76.10380805309889, 39.372077592604], [-76.10408459676414, 39.372058563661454], [-76.10427559386493, 39.372071582258656], [-76.104495292139, 39.37206291986057], [-76.10478581718336, 39.37205503870238], [-76.10508350449547, 39.37204171802215], [-76.10548032089919, 39.37202943343889], [-76.10573494297658, 39.37204865197053], [-76.10593322900756, 39.37205074569642], [-76.10618134548565, 39.37203690210468], [-76.10643644367015, 39.372028625809044], [-76.10667080424632, 39.37199263245333], [-76.10692665971058, 39.371940385075966], [-76.10712482267236, 39.37194798499998], [-76.10738633392968, 39.371978258994496], [-76.10764079341202, 39.37200843367144], [-76.10791618543708, 39.37205531994912], [-76.1081845741962, 39.37209664237444], [-76.10835475463688, 39.37211681643126], [-76.10854576251744, 39.37212898155622], [-76.10878650292874, 39.3721249510515], [-76.10904120675282, 39.37213750297568], [-76.10921817666043, 39.37213858073967], [-76.10943777611983, 39.372123401765435], [-76.10962897084997, 39.37211905737549], [-76.10984097954523, 39.37215337013232], [-76.11005312658104, 39.3721766739922], [-76.11025125450851, 39.37218336556935], [-76.11044221567667, 39.37220104171865], [-76.11066826144656, 39.37224644038828], [-76.11085219599256, 39.372258570768984], [-76.11109271541831, 39.37227654342264], [-76.1113083281545, 39.37233005580659], [-76.11150983284914, 39.372328592634815], [-76.1117296182598, 39.37229689936917], [-76.11190681454285, 39.37227596912552], [-76.11213422934524, 39.37218927729528], [-76.11233352598092, 39.37208592028205], [-76.1125114642724, 39.37199342272267], [-76.11259224707095, 39.371846529002134], [-76.11263286170157, 39.37165668871075], [-76.11268820151633, 39.3715144942639], [-76.11275198639308, 39.37132341973782], [-76.1127890850177, 39.371158528059794], [-76.11282596535169, 39.37101564440174], [-76.11289143367127, 39.37084541516094], [-76.11294949268641, 39.37070818160032], [-76.11299355774602, 39.370554352468766], [-76.11302333240612, 39.37041141201815], [-76.11303891907463, 39.37027392204541], [-76.11302750777556, 39.370009681756606], [-76.11305042829004, 39.36984470364124], [-76.11307331646516, 39.36968523775947], [-76.11313137458198, 39.36954798664055], [-76.113174922212, 39.369443673609695], [-76.11326904589085, 39.369240613212774], [-76.11329188555695, 39.36908663987152], [-76.11329369925551, 39.36891052309267], [-76.11331687309489, 39.36872354506158], [-76.11334683011299, 39.36856411273195], [-76.11336971110158, 39.36840464670364], [-76.11339266215877, 39.368239652295614], [-76.11342239459805, 39.36810224485626], [-76.1134596073087, 39.36792635407779], [-76.11350355199409, 39.36778352422555], [-76.11355473260909, 39.36762420781148], [-76.11363452815914, 39.36743757913312], [-76.11367854650638, 39.36728923477459], [-76.1137578228302, 39.36715212270475], [-76.11382317886037, 39.36699289652247], [-76.11388160438814, 39.36681712379087], [-76.11391740404883, 39.366778832463055], [-76.11401237304237, 39.366493201108085], [-76.11402148465429, 39.36629513665321], [-76.11405121529694, 39.3661577052473], [-76.11410956087465, 39.365992937492386], [-76.11416046660517, 39.36586116217827], [-76.11421885889526, 39.36569090023134], [-76.11425599884237, 39.365520502441655], [-76.11431456091405, 39.36533372160113], [-76.1143517682348, 39.365157830794686], [-76.11438879948575, 39.36499843546737], [-76.11440444993464, 39.36485542808333], [-76.11446961731862, 39.36471272043455], [-76.11454181401967, 39.364575569969624], [-76.11461393975384, 39.36444391282623], [-76.11469328165468, 39.36430128906721], [-76.11479377798216, 39.364164313506635], [-76.11487311628971, 39.36402168848212], [-76.11496649257025, 39.36389016850361], [-76.11502498906492, 39.363708887369384], [-76.11516846618547, 39.363522629520055], [-76.11527645895397, 39.36334715225528], [-76.11535584307562, 39.363199033262795], [-76.11542107603663, 39.363050828529516], [-76.1155004547684, 39.36290269154544], [-76.11559441225891, 39.36271613776029], [-76.11565254763083, 39.36256788546882], [-76.11567419074098, 39.36252948485348], [-76.11574687702388, 39.36234279324853], [-76.11585498118347, 39.36215631436675], [-76.11594823888636, 39.36203579649447], [-76.11604172026979, 39.36189325532969], [-76.11612120949434, 39.36173411439308], [-76.11623594322073, 39.36159171082617], [-76.11636485954884, 39.361443887458535], [-76.11650814802319, 39.361274145374395], [-76.11662954635068, 39.36117029227515], [-76.1166724121594, 39.361132032578645], [-76.11681565751462, 39.360967778739045], [-76.11690898528612, 39.360841749662235], [-76.11700942591804, 39.360710241754084], [-76.11715259581476, 39.36055149957246], [-76.11730253721207, 39.36042581424242], [-76.11744526783264, 39.36031109984916], [-76.11755963324977, 39.36020170208069], [-76.11770216444432, 39.360108994998704], [-76.11783289177606, 39.36000951517665], [-76.11793624564444, 39.35994655571403], [-76.11803702583953, 39.35991149239389], [-76.1180483032896, 39.35990560115983], [-76.11828381730258, 39.35979816557802], [-76.11852766768142, 39.35961933881694], [-76.11875075799402, 39.35941281593918], [-76.11889423331793, 39.359304403043595], [-76.11901677340414, 39.359179282928814], [-76.1192752429659, 39.35897314353985], [-76.1195192568381, 39.358783357156874], [-76.11972807022592, 39.35858217513768], [-76.1200142959333, 39.35840930052497], [-76.12027967264127, 39.35821421717789], [-76.12053735168558, 39.358052045066174], [-76.12072246571955, 39.3579935277381], [-76.12097244620188, 39.35786973886407], [-76.12125159048989, 39.3576968041437], [-76.12147284105279, 39.35759468148177], [-76.12164502653319, 39.3574645760718], [-76.12198740413237, 39.35731977582471], [-76.1222512204667, 39.35721261965618], [-76.12245785633824, 39.35713782472816], [-76.12269384286506, 39.357002903596836], [-76.12292228444181, 39.356895382284], [-76.12317213466842, 39.35677707871205], [-76.12344344385052, 39.356648014358385], [-76.12367185488456, 39.35654046888328], [-76.1239354080125, 39.35644980807127], [-76.12420630666453, 39.356342718638366], [-76.1244060551528, 39.356256869713626], [-76.12458249685099, 39.35616103033218], [-76.12467490923925, 39.356092590518635], [-76.12509248301421, 39.355892491267795], [-76.12557602726703, 39.355648746989914], [-76.12645647416184, 39.35533091140932], [-76.12689770506984, 39.355075887562506], [-76.12734587636172, 39.35483189593371], [-76.12790790731921, 39.35452278511606], [-76.12837682699922, 39.35432287447136], [-76.12893068238932, 39.354118059969295], [-76.12937087125158, 39.35396188191783], [-76.12976180369019, 39.35377788753935], [-76.13011675680504, 39.353654047434404], [-76.13140908305424, 39.35317431316999], [-76.13197062622655, 39.35290910933733], [-76.13225495559038, 39.35277380007778], [-76.13294373703785, 39.35251498671688], [-76.13332064318162, 39.35231991122239], [-76.13372668528329, 39.35204263555248], [-76.13412567920327, 39.351765304600434], [-76.1344678897158, 39.35150407154344], [-76.13473278402846, 39.351198333780566], [-76.13504028543505, 39.35087643649831], [-76.13529792764842, 39.35058711751385], [-76.13552065593997, 39.350253652830666], [-76.13575085551975, 39.349881765095034], [-76.1359466666921, 39.34941627883621], [-76.13615629844513, 39.348983831263176], [-76.13633595970532, 39.348710477652254], [-76.13652286228502, 39.348420679407305], [-76.13666726826357, 39.34813607681869], [-76.13682601584564, 39.34783508841597], [-76.13688614547749, 39.34749497709508], [-76.13696062749266, 39.347133004494765], [-76.13698500327789, 39.346831089921835], [-76.13695259655401, 39.34654525125811], [-76.13687733390287, 39.34630305271315], [-76.13683059455865, 39.34603907533642], [-76.13681142361216, 39.34584122034212], [-76.13685338661404, 39.34520987960009], [-76.13691977660511, 39.344946713679015], [-76.13695080621164, 39.344683287640706], [-76.136974478616, 39.344447270433264], [-76.13695509027724, 39.34427137913925], [-76.1369142690341, 39.34411731324121], [-76.13680277822587, 39.343957241880744], [-76.13658509397465, 39.34380743390713], [-76.13636061306998, 39.34363558982507], [-76.1362065843381, 39.343486225783145], [-76.13613740867133, 39.34333744707258], [-76.13606837404006, 39.34317768794109], [-76.13603502049187, 39.342985217305234], [-76.13591628387258, 39.34284158337026], [-76.13572650668397, 39.34273040058534], [-76.13549419516497, 39.342629902555835], [-76.13514166121318, 39.34252858876882], [-76.13474036401283, 39.34235552020427], [-76.1345085079397, 39.3422110888111], [-76.13424917958852, 39.34198956168833], [-76.13397596507969, 39.34174049237832], [-76.13366748361113, 39.34148568779437], [-76.1334448918635, 39.34113261569743], [-76.13320933832466, 39.3406640927755], [-76.13302299180211, 39.34022886969776], [-76.13282339423081, 39.33970570149484], [-76.1326583782047, 39.339254157343774], [-76.13247324081453, 39.338703598265965], [-76.13235793575961, 39.33823593169766], [-76.13229942129864, 39.33774668916293], [-76.13226201095864, 39.33726859446014], [-76.13220957809213, 39.33687275435618], [-76.13222011443209, 39.3365432762467], [-76.13230220787264, 39.33613191868744], [-76.13242754441436, 39.33564397737625], [-76.1324281768283, 39.33564101475586], [-76.13249384367558, 39.33549708364091], [-76.13252432620811, 39.33535989527581], [-76.13259714454335, 39.33522863678122], [-76.13265720680157, 39.33500925601585], [-76.13272427052911, 39.33479544204933], [-76.1328045035587, 39.33464222933397], [-76.13285636419836, 39.334494261402384], [-76.13292967660702, 39.33432999288293], [-76.13296041785436, 39.33417631362293], [-76.13299832047115, 39.334017222114745], [-76.13303610091705, 39.33386363527259], [-76.13305979577929, 39.33370988550574], [-76.13306991799593, 39.333517531238726], [-76.13296566401563, 39.33340107591558], [-76.13277394377106, 39.33344876839082], [-76.13264482172875, 39.333563011330625], [-76.13244575416348, 39.3336271173932], [-76.13230245580768, 39.33374124053306], [-76.13224336732323, 39.33390014159488], [-76.13224195966316, 39.33398809687203], [-76.1322338451812, 39.334054017399566], [-76.13228116214216, 39.334191917036165], [-76.13227156543999, 39.33435130066242], [-76.13208742787474, 39.334366057756704], [-76.13206665253715, 39.33433836119154], [-76.13195548332581, 39.33421084998817], [-76.1317793245969, 39.33417070578714], [-76.1316295844222, 39.33424626318953], [-76.13152157368738, 39.334366217563264], [-76.13133159527614, 39.334303942312445], [-76.1311701446634, 39.334225443831194], [-76.13104827741532, 39.33432875889781], [-76.1308868528537, 39.33425026044443], [-76.13072969798463, 39.33434776337828], [-76.13072898023071, 39.33439173171662], [-76.13072165357126, 39.33440817510792], [-76.13066950996229, 39.334572637990185], [-76.13068809969879, 39.33473776472153], [-76.13072023333481, 39.334941507661235], [-76.1306826056025, 39.33508410659112], [-76.13065918652305, 39.3352213656725], [-76.1305929986529, 39.3353801897215], [-76.1305131357292, 39.33551139790596], [-76.130453919684, 39.33567580816767], [-76.13042301404496, 39.33584046469547], [-76.13034275137096, 39.33599367686934], [-76.13019957069446, 39.33610228712616], [-76.13002782808348, 39.336227140772266], [-76.12990626985587, 39.336308468282596], [-76.12989913543588, 39.336313886963524], [-76.12985415319635, 39.33647293155829], [-76.12978770750972, 39.336648249127244], [-76.12969339428636, 39.33679584217864], [-76.12955752769288, 39.33688803200785], [-76.1293580415127, 39.33697962489501], [-76.12925185166297, 39.336984112511956], [-76.12905453581249, 39.3369382532082], [-76.12892882108005, 39.336838088685965], [-76.12874555308399, 39.33679786748257], [-76.12856847448023, 39.33681270535053], [-76.12848159751078, 39.33693834769902], [-76.12848620317327, 39.33709234326757], [-76.12845564428393, 39.33723501840527], [-76.12828475417416, 39.33730488292737], [-76.12803803188139, 39.33725306468566], [-76.12796013357321, 39.33725783367187], [-76.127748139251, 39.33724481205984], [-76.12754436181868, 39.33716042233915], [-76.12736153579374, 39.33709270455525], [-76.1271718035209, 39.33701392920694], [-76.12693885240142, 39.33698423548887], [-76.12673437697813, 39.33694381218698], [-76.12653652932501, 39.3369309329475], [-76.12631730625971, 39.33692886248638], [-76.12611901663547, 39.33694348007955], [-76.12594218866168, 39.336941798698625], [-76.12575080528534, 39.33696749533536], [-76.12553785964724, 39.337014949151005], [-76.12536714920054, 39.33707382240814], [-76.12522754471718, 39.3371071866313], [-76.12505560357855, 39.33709286782951], [-76.12482947336701, 39.33707973363171], [-76.1246539075262, 39.33700108263526], [-76.1244999767107, 39.33689515425905], [-76.12442420201985, 39.33676796176261], [-76.12431367690054, 39.33660196647678], [-76.12425258786797, 39.33644191125548], [-76.12411281989122, 39.33633613071737], [-76.1239446534734, 39.336235543593396], [-76.12377591482876, 39.336173477750776], [-76.12356389355706, 39.33616046774822], [-76.12338666134141, 39.33618625777442], [-76.1231950201486, 39.33622844072921], [-76.1229895682566, 39.33624848896629], [-76.1227847397954, 39.336230041531266], [-76.12260198833064, 39.336156825641865], [-76.12258785064469, 39.33615667695612], [-76.1224195207335, 39.336067113179354], [-76.12230161505583, 39.335923031476206], [-76.12220498417902, 39.33577365025884], [-76.12199315335019, 39.335749638066915], [-76.12181616996786, 39.335758960856985], [-76.12166890105848, 39.33568057309271], [-76.12146458823028, 39.33562916010418], [-76.1212600256704, 39.33559421381335], [-76.1210334498945, 39.33560854890252], [-76.12085567779135, 39.33566734761103], [-76.1206701244812, 39.33577005815775], [-76.12047775744962, 39.33585619905384], [-76.12026472197999, 39.335909156406395], [-76.12007349580884, 39.3359238318808], [-76.1198750480811, 39.33594942397758], [-76.11967649974207, 39.335980526484725], [-76.11948466810642, 39.336033676201176], [-76.11930573987148, 39.3361639535259], [-76.11929866743525, 39.336163884046584], [-76.11919012399949, 39.336316812731496], [-76.11910276553304, 39.33646994048661], [-76.11900182813277, 39.33658993620646], [-76.1189008601898, 39.336709951174356], [-76.1187929222185, 39.336824385410026], [-76.11869205129356, 39.336938893105675], [-76.118520985114, 39.337019738996986], [-76.11834295160111, 39.33709502165981], [-76.11828618885494, 39.33710547607347], [-76.11810152308028, 39.337153215351414], [-76.11791647911492, 39.33722293335606], [-76.11770970490282, 39.33732541789774], [-76.11755969074197, 39.33741746946195], [-76.11741655947279, 39.33752057207243], [-76.1173082621754, 39.33765700514216], [-76.11722764017527, 39.33783218912375], [-76.11716893886471, 39.337963585853934], [-76.11706080056912, 39.338089041324146], [-76.11695597166705, 39.33819777755344], [-76.11691024382581, 39.338214049830235], [-76.11672512260533, 39.33828928396247], [-76.11653276725187, 39.33837541689107], [-76.11635453880454, 39.33846168171991], [-76.11618320941861, 39.33855901481484], [-76.11601274600861, 39.33860138323079], [-76.11581550382, 39.33855001546596], [-76.1157470315341, 39.33841188820326], [-76.1157833477261, 39.33835175506278], [-76.11588492652348, 39.33819326430782], [-76.11601418151645, 39.33807353813333], [-76.11619196439936, 39.33801475603886], [-76.11627019777916, 39.33798800442371], [-76.11646903537572, 39.337940422735116], [-76.116611978897, 39.3378483009923], [-76.11677624123658, 39.33775091063082], [-76.1168630634088, 39.33763076891589], [-76.11694359018749, 39.33746107180487], [-76.11696039676814, 39.337439696884694], [-76.11709434186521, 39.33732506008517], [-76.11716725182862, 39.337188276891666], [-76.11731729473557, 39.33709623127873], [-76.11736714135236, 39.337074715900606], [-76.11749623195365, 39.33696597722963], [-76.11765367158867, 39.33685201776479], [-76.11768991322049, 39.33679737418384], [-76.11779104375853, 39.336666376154554], [-76.1177935276003, 39.336512432451684], [-76.11770219678367, 39.336473083717316], [-76.11755518658912, 39.336378199635966], [-76.1173717622862, 39.336348939892495], [-76.1171599395422, 39.33632494318353], [-76.11710487012034, 39.336230948930336], [-76.11707930586398, 39.33606023749579], [-76.11694656271277, 39.33595998764538], [-76.11674082156324, 39.335996520664864], [-76.11656296591677, 39.33606081695417], [-76.11647341825598, 39.335911489530496], [-76.11648781825, 39.33589512361507], [-76.11646916024154, 39.33573548643321], [-76.11650684905929, 39.335592889526716], [-76.11653761635776, 39.335439239445016], [-76.11644071778302, 39.335306324692056], [-76.11624324652401, 39.33527145119412], [-76.11603789344669, 39.33528599548482], [-76.11589130725694, 39.3351636157417], [-76.11584474308417, 39.334981721594986], [-76.11600915723906, 39.33487332707165], [-76.11620126735247, 39.33480368662661], [-76.11637788062889, 39.33481636129007], [-76.11641325538648, 39.334816706608954], [-76.11653885872781, 39.33492237271867], [-76.11669303658002, 39.33501182331914], [-76.11684004318131, 39.33510670925492], [-76.11697246293903, 39.335228938325535], [-76.11706360960102, 39.33527929134047], [-76.11722421669573, 39.33540728417657], [-76.11738520557442, 39.33551329818316], [-76.11749657780503, 39.335624327780174], [-76.11760798057837, 39.3357353801292], [-76.11762202843276, 39.33574099756662], [-76.1177614254053, 39.335868791540506], [-76.11787954757695, 39.336001902545846], [-76.1180338862276, 39.33608034136464], [-76.11823854850047, 39.336109784646084], [-76.11841030817943, 39.33598496414055], [-76.11852496554903, 39.335892568155735], [-76.1186194665203, 39.335734023884484], [-76.11871336023042, 39.335613950962504], [-76.11884302755011, 39.33546671254323], [-76.11897962357557, 39.33533054825595], [-76.11901629100883, 39.3352484310074], [-76.1190965743441, 39.33509523318079], [-76.119240565301, 39.33493715470548], [-76.11936248015978, 39.33483383011578], [-76.11951275123883, 39.33472529014841], [-76.1196417358389, 39.33462205557074], [-76.11972728509835, 39.33457888223878], [-76.11989868904445, 39.3344760288956], [-76.1200836323985, 39.33441182147424], [-76.12029004458954, 39.33433131580394], [-76.120467817591, 39.33426644123003], [-76.12050832622045, 39.33425786099514], [-76.1207359233808, 39.334194314140404], [-76.12092815746173, 39.33413037882714], [-76.1211907601721, 39.33408915414439], [-76.12138941002078, 39.33406376703163], [-76.12160201340075, 39.33404950875011], [-76.12183592571758, 39.33402997543474], [-76.12205578838338, 39.3340048057775], [-76.12223301610746, 39.33399018340099], [-76.12249542118848, 39.333959956170254], [-76.1227291691136, 39.333951428008895], [-76.12300565349007, 39.33392683779944], [-76.12323949124674, 39.33391281642215], [-76.12349454810872, 39.3338990146038], [-76.12372820260907, 39.333895946992264], [-76.12393342632899, 39.33389810092112], [-76.12415281648094, 39.33390040493005], [-76.12434371476702, 39.33391341813244], [-76.1245628309328, 39.333932187183436], [-76.12476230273997, 39.33401909672439], [-76.12503042649607, 39.33409223981259], [-76.1252071278074, 39.334109806788], [-76.12534271322818, 39.333995025565365], [-76.12532302125884, 39.33384631003139], [-76.12526107433516, 39.33367530372984], [-76.12516326666534, 39.333553645168934], [-76.12501597619642, 39.333426181866685], [-76.12490406497663, 39.33329892399931], [-76.12476384874056, 39.333171508870365], [-76.12465894438, 39.33304981677612], [-76.12454025896466, 39.33289498823982], [-76.12440173066301, 39.33277205053446], [-76.12419775560134, 39.33273404974444], [-76.12396427627247, 39.33271226343078], [-76.12378746357005, 39.33266832182941], [-76.12339832686371, 39.332536851917446], [-76.12244312306926, 39.33199353570312], [-76.12208934495081, 39.33184546627864], [-76.12194772824122, 39.33175765213741], [-76.1218769221322, 39.331691733613866], [-76.12182745640108, 39.33159291859495], [-76.12174226826438, 39.33132386474027], [-76.1216996701536, 39.33112607370908], [-76.12164305203619, 39.330955852182925], [-76.12161451705119, 39.33081853330902], [-76.12152952923879, 39.33061533770773], [-76.12143746449858, 39.330494660509004], [-76.12128886248935, 39.33036286687867], [-76.12121805458371, 39.33033546473433], [-76.12109786449027, 39.33031905790716], [-76.12104130745828, 39.330341066624015], [-76.12097764115916, 39.33038492700068], [-76.12094230682577, 39.33043994108458], [-76.12094952478907, 39.33052232663371], [-76.120942461336, 39.330610263229985], [-76.12090011655013, 39.330670658038294], [-76.12078705818173, 39.33071467315918], [-76.12051111099782, 39.33067632730136], [-76.12037672033637, 39.33062706674711], [-76.12008664444964, 39.330451464477775], [-76.11997344953733, 39.33034706527317], [-76.1199237241931, 39.33018774478382], [-76.11992363795483, 39.33008346331064], [-76.12002224512524, 39.32969347283365], [-76.12004329804226, 39.32948473315288], [-76.12003624447065, 39.329451730093645], [-76.12002190915534, 39.32925406301124], [-76.1198873127797, 39.32900148025812], [-76.11972449493108, 39.32878186871463], [-76.11963943705008, 39.32856213209996], [-76.11966762977697, 39.32836446458755], [-76.11980882068511, 39.32817768169631], [-76.11980169524826, 39.32811728403999], [-76.11987242320386, 39.32804028371014], [-76.11990049016659, 39.32796335208813], [-76.11987908421168, 39.32771073548824], [-76.11991450657996, 39.32760074745503], [-76.11991429996745, 39.327501939857704], [-76.11987163538134, 39.32722187444905], [-76.11979368227594, 39.32705167955298], [-76.11971583157846, 39.32695287465427], [-76.11965921435937, 39.32690888009682], [-76.11943990146254, 39.3267387546226], [-76.1192768293907, 39.32663828085604], [-76.11919928501875, 39.3265905573298], [-76.11902222527961, 39.32635448737463], [-76.1189796720846, 39.32622269289029], [-76.11885940204111, 39.32606895759246], [-76.11880981593573, 39.32599755724493], [-76.11842767980039, 39.32570127872639], [-76.11822247314846, 39.32558047769434], [-76.1179748875747, 39.32548716042194], [-76.11755767312583, 39.32543254617848], [-76.11740907920141, 39.32542708982451], [-76.11691407693715, 39.32545474822549], [-76.11673027893507, 39.32553729461026], [-76.11656788329464, 39.32569655828964], [-76.11640520378657, 39.32578455446135], [-76.11629906514082, 39.325812079995785], [-76.1160374775267, 39.32580129242804], [-76.1159314781198, 39.32577376341487], [-76.11564846299122, 39.32566416842696], [-76.11541506451074, 39.325614884884814], [-76.11521705516087, 39.325592960153045], [-76.11516046578954, 39.32560949456047], [-76.11508966327379, 39.32558197172584], [-76.11462299746685, 39.32550530493572], [-76.11439660045569, 39.3254231087428], [-76.1142267838327, 39.32538470022193], [-76.11397219499297, 39.325296889085735], [-76.11334259006483, 39.32502810356106], [-76.1130596602762, 39.32495136667329], [-76.11283324440043, 39.32491850740468], [-76.11277680145449, 39.32489650045575], [-76.11265645685083, 39.3248911107709], [-76.11243725804003, 39.32489670475786], [-76.1123736680977, 39.32492418755767], [-76.1123241745188, 39.325066974388584], [-76.1122535974802, 39.32512751088027], [-76.11218984943437, 39.3251659806938], [-76.1119990508613, 39.32523190884348], [-76.11177279578393, 39.32524851213151], [-76.11149699682203, 39.325237706409396], [-76.11129898298059, 39.32519938603928], [-76.11107264076665, 39.32513350858687], [-76.11088863794869, 39.32512812100499], [-76.11083216895163, 39.32515557661266], [-76.11077557149547, 39.32513358363636], [-76.11055637448129, 39.32516118169689], [-76.11023117806023, 39.32525472107783], [-76.10977165835138, 39.325441708432535], [-76.1094251844345, 39.32552418256318], [-76.10912825889375, 39.325678118494096], [-76.10890904211665, 39.32572771955952], [-76.10872526208087, 39.3257441733271], [-76.10862618239663, 39.3257387774535], [-76.10855545354272, 39.32570577610089], [-76.10843523739813, 39.32566739066685], [-76.10836445464533, 39.32566752478207], [-76.10825845613675, 39.32570598387514], [-76.10817364978404, 39.32579391332495], [-76.10805358455643, 39.32595871750997], [-76.1077849846932, 39.326156518987695], [-76.10745965172822, 39.32629951315987], [-76.10726177083744, 39.32635999160364], [-76.10714864329877, 39.32636551528917], [-76.10684457165992, 39.32642611389185], [-76.10643445659674, 39.3265305856595], [-76.10638497020437, 39.326552577501545], [-76.10603144990242, 39.32674498428322], [-76.10588297635225, 39.32679998316374], [-76.10550823425001, 39.32688798281127], [-76.10523958947103, 39.32691560102606], [-76.10509804462666, 39.32689919339656], [-76.10497777278654, 39.32687179475912], [-76.104871771583, 39.32684433287636], [-76.10470205557132, 39.326783987574764], [-76.10434125352566, 39.326690725414565], [-76.10411496880391, 39.326663321136365], [-76.10378244482507, 39.32657013942228], [-76.10364104730441, 39.32650972161559], [-76.10339343747613, 39.32642739457408], [-76.10331563528769, 39.32641099516871], [-76.10320258410582, 39.326394607572624], [-76.10301864866149, 39.32640012569631], [-76.10265803256709, 39.326427801084705], [-76.10236801866415, 39.326405944706984], [-76.10184462784026, 39.32628533112296], [-76.1017385547715, 39.3262413298915], [-76.10168903334485, 39.32624133823024], [-76.1012716383346, 39.32607672789155], [-76.10073414485908, 39.325912131758244], [-76.10038055808178, 39.32584080212999], [-76.10030275230008, 39.32585734690228], [-76.10016834187569, 39.32581353649799], [-76.0999349496834, 39.325841000870184], [-76.09979355934928, 39.32589053788979], [-76.09939775983845, 39.326187222118584], [-76.09930581187922, 39.32629159904297], [-76.09909375198, 39.32646754183093], [-76.09878275253368, 39.326632351377505], [-76.09866300351305, 39.32676621793663], [-76.09859142844616, 39.32697965620253], [-76.0986586511755, 39.327108557156485], [-76.09874021910161, 39.32719478724532], [-76.09880746967875, 39.32732369266696], [-76.09879205997835, 39.32745198079773], [-76.09874814942894, 39.327654931960666], [-76.09856704277946, 39.32781402891148], [-76.09851003299659, 39.32796337571391], [-76.09853609132634, 39.3280812583304], [-76.09858861132943, 39.328284956738656], [-76.09865515223747, 39.32846736861304], [-76.09865311126515, 39.32862784511335], [-76.09863648075428, 39.32885240597554], [-76.09852412037687, 39.32902273059798], [-76.09834338832488, 39.329149726641205], [-76.09812203715063, 39.32922293249679], [-76.0979000077484, 39.32934962035301], [-76.09766501475828, 39.329412020922206], [-76.0974436537026, 39.329485218164855], [-76.09716705883336, 39.329568681175054], [-76.09693110913746, 39.329705974709086], [-76.09681885026966, 39.3298655978635], [-76.09685786320414, 39.330047784651256], [-76.09691065449844, 39.33023007797159], [-76.09696289961705, 39.33045516733332], [-76.09702943962677, 39.330637572156974], [-76.09704090212979, 39.33081954431042], [-76.09705236283618, 39.331001520159404], [-76.097050182625, 39.33117268934001], [-76.09702071878199, 39.3313222700794], [-76.09697748017241, 39.33147172264829], [-76.09683850989964, 39.33156696011305], [-76.09658918698412, 39.33167203426843], [-76.0963811946565, 39.331777416773406], [-76.09615925867902, 39.33189341690416], [-76.09592357398616, 39.33200928968778], [-76.09574285361225, 39.33213630323653], [-76.09564450156336, 39.33228533230264], [-76.095573463689, 39.33245597165932], [-76.09548956822799, 39.33254537399793], [-76.09532118621449, 39.332604204465355], [-76.09529533988713, 39.33260900851011], [-76.09512710519738, 39.33265780908159], [-76.0949979157814, 39.33267685918009], [-76.09481741190149, 39.332675468829464], [-76.09480093769747, 39.332674674641204], [-76.09477773601033, 39.3326737526046], [-76.09476121239899, 39.33267251303158], [-76.09474991967757, 39.332671335298244], [-76.09473106942963, 39.33266751652383], [-76.0947075165012, 39.33266366092329], [-76.09468769158119, 39.33266241509669], [-76.09467256305349, 39.33266450305485], [-76.09466070439343, 39.332668931888385], [-76.09451744197023, 39.33273544495768], [-76.0943200695259, 39.33283481144369], [-76.09412283272718, 39.3329561648375], [-76.09398927300735, 39.33307736307497], [-76.09384130970027, 39.33316562441444], [-76.09370780028611, 39.333292314855086], [-76.09357404383526, 39.33338603165657], [-76.09341183773935, 39.33345786567117], [-76.0932637998721, 39.333535143521786], [-76.09308712730686, 39.33355755839034], [-76.09313537941404, 39.33337617075864], [-76.09319813751641, 39.333244163690445], [-76.09328204645215, 39.3331011204896], [-76.09338716191682, 39.33295804642386], [-76.09349227648315, 39.332814942187774], [-76.09359722306453, 39.33264440237276], [-76.09368119937392, 39.33251234875904], [-76.09379335313884, 39.33236374819268], [-76.09388429588324, 39.332215209150604], [-76.0940108523371, 39.332105019752156], [-76.0941588443903, 39.33202222958965], [-76.09433528968175, 39.33196685960549], [-76.09449046196899, 39.33190054174867], [-76.09462414655462, 39.33179583550531], [-76.09467252891751, 39.331740787051444], [-76.09469729996147, 39.33170873767918], [-76.09476319857409, 39.331674461337016], [-76.09479787983226, 39.33167842260744], [-76.09484938473908, 39.33168382219175], [-76.09496587916342, 39.33164964936824], [-76.09508259187841, 39.33159543043663], [-76.09509854595785, 39.331590020422894], [-76.095134489349, 39.33157079701337], [-76.09527101530588, 39.33148166233168], [-76.09529125165429, 39.33141167525722], [-76.09541789075314, 39.331282528617784], [-76.09541767605579, 39.33127507643981], [-76.09541137706903, 39.331218314789496], [-76.09540058021763, 39.3311843154492], [-76.09538090351963, 39.33112725216325], [-76.09536832081747, 39.33097855832344], [-76.09541987782656, 39.33078626463736], [-76.09552043434114, 39.330643776455794], [-76.09567731073246, 39.33052917228857], [-76.09577059897809, 39.33040315848969], [-76.09582152087829, 39.330271370940565], [-76.09583717402212, 39.33012837029777], [-76.09581766800403, 39.32996864073555], [-76.09582621457565, 39.32982560056179], [-76.09586329882723, 39.32966621078827], [-76.09592876984173, 39.32949598848775], [-76.09602224853022, 39.32935348308488], [-76.0961154981483, 39.32923295935758], [-76.09618055503947, 39.329101278001716], [-76.09621067555095, 39.328930848645946], [-76.09616978513753, 39.32878200282387], [-76.09605789098573, 39.32866020094466], [-76.09600278652958, 39.328516773831744], [-76.0960752392505, 39.32835761733105], [-76.09621771115627, 39.328264931233434], [-76.09640209755484, 39.32822202845065], [-76.09663356555579, 39.32804460860548], [-76.09661221799138, 39.32780854981241], [-76.09658382314356, 39.327715152127745], [-76.09663314873748, 39.327292138110394], [-76.09675336488208, 39.327110950334244], [-76.096937153901, 39.326951555762975], [-76.09703601080307, 39.32684175554477], [-76.09711374651617, 39.326600015454595], [-76.09709954594818, 39.32641321742732], [-76.09702154163878, 39.32624294412518], [-76.09685881002844, 39.32608374839986], [-76.09615141099671, 39.3256390263338], [-76.09528852975897, 39.32530975587533], [-76.09506214712086, 39.32518903616548], [-76.09475798744712, 39.324991356339346], [-76.09460932614907, 39.324832227950516], [-76.09422718552214, 39.3242664375078], [-76.09394419195313, 39.324035975305776], [-76.09378150705518, 39.32397556712339], [-76.09337838627481, 39.32389884089435], [-76.09327239315611, 39.32388783135358], [-76.0930955993183, 39.32386583658882], [-76.09262171015817, 39.3237451727597], [-76.09244491542204, 39.323723380865765], [-76.09205590807309, 39.32377837864788], [-76.09190751716793, 39.3238607769094], [-76.09157518003867, 39.32393777489184], [-76.09139130208654, 39.32395977241362], [-76.09100951359922, 39.32397083197692], [-76.09080438869398, 39.32404237407118], [-76.0906347193947, 39.324042375460984], [-76.09052156939813, 39.324025976886205], [-76.09038718053333, 39.32402598175058], [-76.09011137707984, 39.324119387141785], [-76.08981458898133, 39.32436117889074], [-76.08951051913913, 39.32450404817546], [-76.08939730805712, 39.324537048705324], [-76.08907916520768, 39.32456458862893], [-76.08866190584305, 39.32452618172132], [-76.088463904578, 39.32444937826645], [-76.08821631810592, 39.32424624893747], [-76.08797576274756, 39.32401006057788], [-76.08785548731419, 39.32381798956048], [-76.08768550270621, 39.32334005256597], [-76.08767849764364, 39.3232356635925], [-76.0876145726297, 39.32293359438045], [-76.08759330591366, 39.32275798182632], [-76.08749417053384, 39.322329452737705], [-76.08744467426, 39.3221921822484], [-76.0873737441835, 39.322098857675485], [-76.08724649692519, 39.32191759598574], [-76.08721107725185, 39.32182418695927], [-76.08721108533669, 39.321675998710994], [-76.08724634600821, 39.321544070321565], [-76.08745835111021, 39.32123646971401], [-76.08762795573081, 39.320857394054215], [-76.0876419371099, 39.32079699285586], [-76.08763494282708, 39.320665204577814], [-76.08755006910073, 39.32050040251347], [-76.0874367385428, 39.320385068009934], [-76.08738726652346, 39.3203356612165], [-76.08710434122644, 39.320143455712596], [-76.08706187426968, 39.32013261236929], [-76.08689925764368, 39.320050202071386], [-76.08641127301841, 39.31983607550129], [-76.0857040752093, 39.319468274219716], [-76.08562490488669, 39.31938820862889], [-76.08548132176493, 39.31908148948353], [-76.08548283991776, 39.31896371679133], [-76.08562123167547, 39.31871967623635], [-76.0848892736022, 39.318593010822404], [-76.08478923631384, 39.31856134738667], [-76.08410999048313, 39.318381801445476], [-76.08390510542807, 39.31832112637606], [-76.08384627116685, 39.31829384947301], [-76.08380733279255, 39.318275796909575], [-76.08377090431114, 39.318240496545464], [-76.08370538478758, 39.318139803469066], [-76.08366252526707, 39.318064566420674], [-76.08360585504735, 39.31801000614914], [-76.08356723377835, 39.31798411281776], [-76.0835429217735, 39.31798517265286], [-76.08352059504543, 39.31802700311651], [-76.08344246856518, 39.31807558938753], [-76.08341214683108, 39.318094448171074], [-76.08309692440461, 39.318384856533136], [-76.08301418417705, 39.31844469549921], [-76.08294829095433, 39.31846964836703], [-76.08289071523282, 39.31848511420626], [-76.08282543825439, 39.31846232200303], [-76.0827892568097, 39.31840792188469], [-76.0828676905138, 39.31831721091208], [-76.08298883282141, 39.3182373031522], [-76.08315085745764, 39.31811556005058], [-76.08329041882186, 39.318008056053145], [-76.08334493038994, 39.317950310670845], [-76.08354981364836, 39.31792058731309], [-76.08371541627436, 39.31796513655389], [-76.08392279505264, 39.318139541464475], [-76.08404830766415, 39.31818754735587], [-76.08410637835736, 39.3182008379961], [-76.0846218729899, 39.3183115469018], [-76.08470758484442, 39.31831613162276], [-76.08480600875852, 39.318312979931214], [-76.08512292810256, 39.31819003952483], [-76.08523935066168, 39.31818026266067], [-76.08535778904033, 39.31817031344202], [-76.0859768531369, 39.31815580520478], [-76.08605561562439, 39.318086385096585], [-76.08624194507892, 39.31793821672881], [-76.0863410310514, 39.317881686799964], [-76.08646457904739, 39.31783489621054], [-76.08664119681539, 39.31780443612952], [-76.08685448650824, 39.317790176617756], [-76.08721153000276, 39.31775156653215], [-76.08738104389349, 39.31777330468851], [-76.08753478696111, 39.31788489341395], [-76.0876454468277, 39.31802897684106], [-76.08773532057694, 39.31815087090228], [-76.08788851387558, 39.318369207199595], [-76.08804425479642, 39.31847907353646], [-76.08815026947465, 39.31851187397809], [-76.088319936079, 39.3185228614311], [-76.0884684653247, 39.31851180239635], [-76.08863105050966, 39.31845687136007], [-76.08905527810595, 39.31826460231633], [-76.0891896624792, 39.31824799945537], [-76.08955025701403, 39.31817659807368], [-76.090094530075, 39.31809947212905], [-76.0902714712365, 39.31808846445529], [-76.09037046288587, 39.3180610025987], [-76.09074507293577, 39.318027987893856], [-76.09082992779751, 39.31801686970811], [-76.09109873427323, 39.318033264826894], [-76.09138146643251, 39.318104602417414], [-76.09148768053674, 39.318165061538316], [-76.0916432840153, 39.31830779545038], [-76.09173526790715, 39.318439596509364], [-76.09178473363828, 39.31857139384523], [-76.09178493755584, 39.31875265934127], [-76.09182034914434, 39.319060256971916], [-76.09200447952307, 39.31950505075162], [-76.09201869446413, 39.31963685580955], [-76.09194808598448, 39.31983464945271], [-76.09171487974346, 39.32015338241214], [-76.09169367950277, 39.32021925413096], [-76.09164427306045, 39.32027958355324], [-76.09163716648823, 39.32032358436564], [-76.09152396169443, 39.32043344971797], [-76.09102215648852, 39.32084557650811], [-76.09093028578441, 39.320894978076794], [-76.09076769700621, 39.32094999128681], [-76.09066156554697, 39.32100498777492], [-76.09066868739053, 39.32105986329963], [-76.09073228092612, 39.32109286058991], [-76.09088089461348, 39.3211366496282], [-76.09113548794477, 39.321164174907025], [-76.09134049247577, 39.32114204238213], [-76.09144655566304, 39.32110904164035], [-76.09162329470361, 39.320988240321036], [-76.09181416154865, 39.32083984737771], [-76.09206155937454, 39.32074097185312], [-76.09240808808866, 39.32076824224242], [-76.09255668111474, 39.32080118963414], [-76.09301630233324, 39.32089984894571], [-76.09393557980451, 39.320971043234245], [-76.09438829747003, 39.32103683565449], [-76.09448729181436, 39.321031379652545], [-76.09469230712513, 39.32105316752056], [-76.09507418095241, 39.321124431842314], [-76.09535709996125, 39.321223235940764], [-76.09553398093563, 39.32136602893729], [-76.09556231020643, 39.3214154301384], [-76.09554111894887, 39.321503372626644], [-76.09546338862565, 39.32154723229169], [-76.09532189768021, 39.32158036278015], [-76.09521590096827, 39.321585828468365], [-76.09512397097534, 39.32164075982736], [-76.09509572434953, 39.32168477854685], [-76.0951805863978, 39.32175056265144], [-76.09539277565442, 39.32177242951811], [-76.09561191697304, 39.32171203119474], [-76.09595838190678, 39.32151423174107], [-76.0960855779611, 39.32140976151448], [-76.09630457375265, 39.32119543965783], [-76.09644597576491, 39.32103615669466], [-76.09664397253835, 39.32086037467464], [-76.0968346992462, 39.320657034082785], [-76.09728010103207, 39.32034382549446], [-76.0974073078662, 39.320288837520934], [-76.09758410080568, 39.32024482973714], [-76.09773252045692, 39.3202063759806], [-76.0980083176222, 39.320178830866205], [-76.09820638087098, 39.32017876206597], [-76.09840431386405, 39.32021163259568], [-76.09868010563943, 39.32027195229526], [-76.09905498787887, 39.32039816712147], [-76.09931671652846, 39.32045302783335], [-76.0993519655219, 39.32047496529556], [-76.09965610273775, 39.3205023504551], [-76.1000025101793, 39.32048576271915], [-76.10007317974438, 39.320474635194735], [-76.1001369098239, 39.32045821979966], [-76.1002357793024, 39.32039776544042], [-76.1003985207942, 39.32033176045921], [-76.10057531014044, 39.32028782636724], [-76.1006953843512, 39.32026022012926], [-76.10077318294638, 39.32022721688656], [-76.10092172297188, 39.32022175248211], [-76.10104190947206, 39.32023262638946], [-76.10120039833932, 39.320366965949724], [-76.10128766338094, 39.320637246150326], [-76.10134856646226, 39.32079729168259], [-76.10145833250515, 39.32099633224873], [-76.10157533357933, 39.321184465133555], [-76.10172162422337, 39.32131795156341], [-76.10191859871402, 39.32138599804296], [-76.1021945557794, 39.32138895570782], [-76.10242176666421, 39.321347403840775], [-76.10267744785534, 39.32129516862244], [-76.10290437127925, 39.32127010765674], [-76.10315212483799, 39.32126725075334], [-76.10339261551763, 39.321275327360055], [-76.10364677406434, 39.321311001460735], [-76.10385071588834, 39.3213846345705], [-76.10412534614207, 39.32146451788704], [-76.10424371714706, 39.321575715033774], [-76.10450800419858, 39.32184235257643], [-76.10465841002492, 39.32214626459769], [-76.10464040419338, 39.3223659358946], [-76.10453159305963, 39.32251866334619], [-76.10431574765981, 39.32271974487864], [-76.10408597747475, 39.322909675763455], [-76.10390572152983, 39.323100120375585], [-76.10378875998153, 39.32331323835252], [-76.10375020878111, 39.32349420872901], [-76.10371175998863, 39.32366968323088], [-76.10371962473893, 39.323760273296365], [-76.10372943254522, 39.32387325133605], [-76.10386070066274, 39.324056017309985], [-76.10402690336335, 39.324266650150676], [-76.10415148801516, 39.324427381593516], [-76.10449467858967, 39.3246344150834], [-76.10484104021712, 39.324660092616504], [-76.10508956812365, 39.32461328293426], [-76.10532424311016, 39.32454982112714], [-76.10555948762854, 39.32445338858977], [-76.10584404965604, 39.32436847614558], [-76.1060657269187, 39.324238912059926], [-76.10633230557252, 39.32380752412621], [-76.1065968477456, 39.32358484766604], [-76.10679156297334, 39.3234365422319], [-76.10693144862937, 39.32326641942982], [-76.10721001080908, 39.32307540265375], [-76.10745035326671, 39.32299293258473], [-76.10770468249333, 39.3231225052328], [-76.1079225338312, 39.32332744739912], [-76.10793163286672, 39.32352559752373], [-76.10810141804868, 39.32366278478572], [-76.10817215408908, 39.32366832327753], [-76.1088225586093, 39.32349217539564], [-76.10928223911661, 39.323415126193524], [-76.10965697582894, 39.32339852177528], [-76.10987623931845, 39.323414779428475], [-76.11018743280084, 39.32347512068803], [-76.11051113083201, 39.32342194822188], [-76.11078755502133, 39.32334915811067], [-76.1110642433154, 39.323254946971765], [-76.11129737140297, 39.323150570379944], [-76.11148837928351, 39.32306257436879], [-76.11172157025318, 39.322969107107916], [-76.11192664844602, 39.32292510379008], [-76.11211756829167, 39.322848111642095], [-76.11217397979657, 39.32281510406106], [-76.11222343025632, 39.322820588415794], [-76.11260524569312, 39.32264457043514], [-76.11291052646433, 39.32255822354751], [-76.11317415055917, 39.32245657559881], [-76.11337372836752, 39.32237625699907], [-76.11361658431133, 39.32224689909232], [-76.11385275948436, 39.322095496979514], [-76.11400995837089, 39.32200922307706], [-76.11435131907716, 39.321913894068025], [-76.11466322761854, 39.32188422798916], [-76.11496843203294, 39.32183247823675], [-76.11533639904131, 39.321836378215394], [-76.1155697094869, 39.321849824522864], [-76.11584500718887, 39.3218912225108], [-76.11604889780891, 39.32197032622745], [-76.11620294720204, 39.32206538830511], [-76.11644058662898, 39.32223828194101], [-76.11653758042516, 39.322360227041685], [-76.11684445480768, 39.322621807384216], [-76.11702520302937, 39.3228105856529], [-76.1172762534052, 39.32302759122076], [-76.11741491286087, 39.32319394673615], [-76.11758152070168, 39.323382596985155], [-76.11749321541093, 39.32357952945672], [-76.11723722969093, 39.32364829089108], [-76.11698802445471, 39.323733596837535], [-76.11725513131792, 39.32384085229001], [-76.11750270790853, 39.3238489466673], [-76.11773670466701, 39.32382393387089], [-76.11799200227749, 39.32379364943182], [-76.118226759909, 39.32372468730943], [-76.11848328371985, 39.32362295836067], [-76.11876795264686, 39.32353249876204], [-76.1189961049661, 39.32343598768597], [-76.11924584290328, 39.32331769557516], [-76.11950861539526, 39.32326549309962], [-76.11970098871502, 39.32319057914355], [-76.11995027659627, 39.323099751371416], [-76.12021311466525, 39.32304205953183], [-76.12044834031902, 39.32294559920344], [-76.12073280892172, 39.32286614356768], [-76.1209252756663, 39.3227857364877], [-76.12120267991762, 39.32270620144863], [-76.1214158186935, 39.322658976976946], [-76.12167101928593, 39.322634176402815], [-76.12191208668399, 39.3226092229358], [-76.12219539466336, 39.32259571423078], [-76.12240815704514, 39.322570468185205], [-76.12264196336078, 39.322556431327094], [-76.1229180228341, 39.322553846888184], [-76.12313003152936, 39.322572546020794], [-76.12337731077763, 39.32259712284994], [-76.12359551964497, 39.32266537934297], [-76.12386941417847, 39.32278918471125], [-76.12400217888926, 39.32288950417467], [-76.12423285816938, 39.3230568217926], [-76.12452693425406, 39.323241280644254], [-76.12475116812203, 39.3233525423737], [-76.12494098303986, 39.32345274011315], [-76.12519399623459, 39.32359734854878], [-76.1255665635155, 39.32379771538608], [-76.12572843453982, 39.323925668086645], [-76.12580494315425, 39.323986138159505], [-76.12607104031109, 39.324229708648474], [-76.12632241677537, 39.324528076737735], [-76.12643336769611, 39.32473207110206], [-76.1266232562758, 39.32482680282053], [-76.12675712321945, 39.324871682607466], [-76.12687017529963, 39.32487797706061], [-76.12703967661398, 39.32489564989179], [-76.1271941140793, 39.32500109681146], [-76.12727738251623, 39.32514998959539], [-76.12725472071656, 39.32528712711288], [-76.12710461223259, 39.325439858609336], [-76.12681921567021, 39.325685018130244], [-76.12656900971075, 39.32594687928401], [-76.12636056193728, 39.32626947022524], [-76.12630836173442, 39.32652724393842], [-76.1261996808564, 39.326773639325204], [-76.1262123875261, 39.32691104118972], [-76.12624499726923, 39.32716942820421], [-76.12614305645079, 39.32744881978945], [-76.125936348714, 39.32760663585368], [-76.1256584270331, 39.3278133882356], [-76.12534512789966, 39.3280198794285], [-76.12508152177111, 39.32821026356939], [-76.12496607298574, 39.32842914729436], [-76.12504923542149, 39.32858902143139], [-76.12526636002231, 39.328782778989876], [-76.12547671941068, 39.328949053414384], [-76.12572211668844, 39.329143044839], [-76.12603058198732, 39.32939237652332], [-76.1263249051087, 39.329641621851174], [-76.12652085102836, 39.32983524238588], [-76.12656873123301, 39.32998938075824], [-76.12651121300367, 39.330076839965365], [-76.12634020701124, 39.33020197466906], [-76.12619040395447, 39.330327226578646], [-76.12616769184915, 39.33046988216923], [-76.12624446905986, 39.33056380981871], [-76.12641995584892, 39.33068586547586], [-76.1266022563594, 39.33082996144589], [-76.12678474102454, 39.330957578872656], [-76.12705928324336, 39.331074860960605], [-76.12732817595735, 39.33105478761531], [-76.12756844385483, 39.33106747477065], [-76.12778013993636, 39.33110740465711], [-76.12787059489557, 39.331245367082325], [-76.12780489570896, 39.331442633171804], [-76.12767645908121, 39.331551574988296], [-76.1275117610587, 39.33174814537674], [-76.12747356469282, 39.332017012772916], [-76.12754863151122, 39.33227569081633], [-76.1276884533869, 39.33242497736744], [-76.12796275306059, 39.33256422401631], [-76.12825084097557, 39.33273651846583], [-76.12848908407037, 39.332941408835254], [-76.12868469042687, 39.33316799584539], [-76.12890914528037, 39.333339833699135], [-76.12915505729278, 39.33348986629911], [-76.12937343953499, 39.33356830307248], [-76.12963463728026, 39.33360859700539], [-76.12991814378728, 39.33354467713738], [-76.13025118878898, 39.33347561345917], [-76.13069036704655, 39.333401822847776], [-76.13125694347941, 39.33331792181154], [-76.13168237212324, 39.333205562135426], [-76.13218592275575, 39.333060806809144], [-76.13272521196352, 39.33287782812717], [-76.13315720459714, 39.33281495677917], [-76.13368139492161, 39.3327252615681], [-76.13419074328097, 39.33270135463778], [-76.13493337423813, 39.33268459678292], [-76.13544926862099, 39.33271017477921], [-76.13596554299119, 39.33270278667753], [-76.13638313563078, 39.33266176056868], [-76.13675894762652, 39.33256004114564], [-76.13727651736735, 39.332426331591826], [-76.13764538718259, 39.33231355358404], [-76.13793708363006, 39.33213984549636], [-76.13832184643931, 39.331856903975385], [-76.13864972433149, 39.33160653256723], [-76.13892807810205, 39.33135581909568], [-76.13918499986657, 39.331126919333336], [-76.13924317206943, 39.330973540849314], [-76.13928912987937, 39.33063332246563], [-76.1392590929112, 39.330366354335084], [-76.13924643025896, 39.329979413763404], [-76.13925731963684, 39.32961149835896], [-76.13938668691921, 39.32940918241773], [-76.13948476408362, 39.32927898978734], [-76.13958732114635, 39.3291524261836], [-76.13985249842833, 39.32880823681187], [-76.14024699178871, 39.32826723959729], [-76.14049102272892, 39.327917405567135], [-76.14079097469386, 39.327628384150046], [-76.14094518488542, 39.327462864699115], [-76.14101977200346, 39.327382814513214], [-76.1414752052761, 39.32710035961878], [-76.14194375125693, 39.32689762643019], [-76.14235605641277, 39.32670003204035], [-76.14266186359674, 39.32652639339429], [-76.14313141299574, 39.326244037190015], [-76.1433802256682, 39.32611393039285], [-76.14372126477761, 39.32595152535016], [-76.14404049279193, 39.32584937088967], [-76.14441597869921, 39.325775081633466], [-76.14479824419195, 39.325728297713766], [-76.14506733543362, 39.32568620432001], [-76.14511055248363, 39.325609614777804], [-76.14508365692402, 39.32547760416588], [-76.14494388355739, 39.32531736851626], [-76.14482443277743, 39.32524513282451], [-76.14457084196599, 39.325155501563145], [-76.14436730438386, 39.32501128132591], [-76.14420588161889, 39.32489482295459], [-76.1439529232214, 39.32474477052307], [-76.14365695618305, 39.32464935837894], [-76.1433957126237, 39.32461458797145], [-76.14323968603863, 39.32466293339844], [-76.14312552633568, 39.32476101049063], [-76.14302508031389, 39.32490311664773], [-76.14281883251455, 39.325022529041924], [-76.1426058904697, 39.325103430406195], [-76.14237846758249, 39.32521721722689], [-76.14226374912744, 39.325370201124876], [-76.14210680985404, 39.32550642511313], [-76.14187917047285, 39.32564217283101], [-76.14164557795625, 39.32566800704098], [-76.14129837370906, 39.325742495846264], [-76.14108564456494, 39.32580142723791], [-76.1408386078618, 39.32576126083645], [-76.14050074789019, 39.32561611485436], [-76.1401978898753, 39.32550416599601], [-76.13981733207989, 39.32538617827495], [-76.13944348739463, 39.32530119121896], [-76.13914679092429, 39.32527715527841], [-76.13886321884023, 39.3253520774231], [-76.13855836207382, 39.32543233770851], [-76.1384162315279, 39.325502747706835], [-76.1383722688762, 39.3256507367507], [-76.13816632470743, 39.32573717571633], [-76.13798879784433, 39.32581283465297], [-76.13792401044775, 39.32592223344753], [-76.1378174612719, 39.325970933756565], [-76.13767648236615, 39.325931499871665], [-76.13759272704232, 39.32582656371353], [-76.13753736297303, 39.32571081757953], [-76.13733307260271, 39.325637985376865], [-76.13716426568608, 39.32555443845692], [-76.13688237614656, 39.325464581749614], [-76.13651585722245, 39.32535767415279], [-76.13620469967265, 39.32536648688174], [-76.13591521847064, 39.32532599918621], [-76.13581015241333, 39.32523189216581], [-76.1357408958982, 39.32509409646672], [-76.13569278033494, 39.32496194173137], [-76.13562358400692, 39.324818654353706], [-76.13549770488278, 39.32468595568041], [-76.13520881746719, 39.32459057264217], [-76.13496214009018, 39.32451744741118], [-76.13463756081173, 39.324454749222774], [-76.13433478634016, 39.324337278134735], [-76.13401871770068, 39.32413735967198], [-76.13376578355772, 39.32398727851374], [-76.13376074131403, 39.3239850019747], [-76.13345615404221, 39.323847791022665], [-76.13325833333856, 39.323835410405124], [-76.13313015452731, 39.32392241032587], [-76.13297444684417, 39.323937797824044], [-76.13265000590624, 39.32386410902906], [-76.13243228662074, 39.32372528146332], [-76.13229216380945, 39.32360344645479], [-76.1320596717291, 39.323524910248985], [-76.13186238103145, 39.32346310692197], [-76.13172937018227, 39.32333586149938], [-76.13164615384761, 39.323181479137574], [-76.13152023879086, 39.323054263084316], [-76.13134470439108, 39.32293768262232], [-76.130942846642, 39.32283051751506], [-76.1307315296495, 39.32275762185445], [-76.1306055876433, 39.322630405725214], [-76.13051573006375, 39.32243753383494], [-76.13044038027604, 39.32220631369029], [-76.13037905408822, 39.321986181150784], [-76.13032540400451, 39.32171118406675], [-76.1303212717542, 39.321431038483965], [-76.13035139136736, 39.32125547775271], [-76.13044669722912, 39.32093209716121], [-76.13048586557213, 39.32056985983815], [-76.13051058990371, 39.320234997564036], [-76.13040076816526, 39.3199211491177], [-76.13026998603631, 39.319585198213794], [-76.1300612013946, 39.31927064911113], [-76.12987938417773, 39.31908261323864], [-76.12972570129723, 39.31890578525237], [-76.12950131471567, 39.31873392235433], [-76.12924802573816, 39.31861680790621], [-76.1288812409127, 39.31853732441929], [-76.12851406082854, 39.318496283745326], [-76.12810430958305, 39.318471421233006], [-76.12777251683286, 39.318425149485286], [-76.12749763684748, 39.31834630515324], [-76.12738558638885, 39.318246644956425], [-76.12731599839536, 39.31814178622503], [-76.12722526585672, 39.318031307086876], [-76.12697941492976, 39.31788126356024], [-76.12684569530983, 39.317825396591935], [-76.12667714261644, 39.31771984294761], [-76.1264100752791, 39.31756964724778], [-76.12573420172394, 39.31730672337936], [-76.1255089815058, 39.31721176672671], [-76.12524856080326, 39.317105551923085], [-76.1250445920298, 39.31700524779388], [-76.12481944816845, 39.31690480243898], [-76.12467423011289, 39.31682665832864], [-76.12458163895991, 39.31675607071488], [-76.12432124610513, 39.31667088691641], [-76.12413239148631, 39.31654250812198], [-76.12390823397516, 39.316408234191066], [-76.12366237855663, 39.31630121197844], [-76.12348691781871, 39.316216924860015], [-76.12326379067517, 39.31602220536856], [-76.12321785622143, 39.31581286193777], [-76.12322079730566, 39.31564250167018], [-76.1232808721403, 39.31543976446035], [-76.12331955539305, 39.3152478082151], [-76.12330125850737, 39.31507720957559], [-76.12324862980812, 39.3148458073358], [-76.12311003952271, 39.3146739706041], [-76.12288582901095, 39.31454520172087], [-76.12268244054916, 39.314438614514025], [-76.12243584671546, 39.31437557855183], [-76.12223092482948, 39.31435692587879], [-76.12195452489466, 39.31438151601953], [-76.12165010111623, 39.3143892931771], [-76.12146602283978, 39.314392864831184], [-76.1212257603322, 39.31437384658761], [-76.1209503018318, 39.31434345658573], [-76.12077399308424, 39.314308624759434], [-76.120499007996, 39.314250765121876], [-76.12026673151128, 39.314176865958615], [-76.12009806473188, 39.314109140512386], [-76.12004487548388, 39.313910699608066], [-76.12001245977687, 39.313739978165515], [-76.11980103857981, 39.31368828215959], [-76.11968322722522, 39.3135441376665], [-76.11968652134739, 39.31335179465444], [-76.11953314928398, 39.31321826313774], [-76.11935383207854, 39.31294704309707], [-76.11918007454639, 39.31276383108217], [-76.11890021609773, 39.31257950376339], [-76.11855588286616, 39.31243845959534], [-76.11834487938572, 39.312364778842394], [-76.11810652130654, 39.31223585627763], [-76.11787711673581, 39.31199706825208], [-76.11775977520013, 39.31182546848131], [-76.11763545824627, 39.31164825030739], [-76.1173707876141, 39.31140362681259], [-76.1170973206787, 39.31125782480615], [-76.11690017101654, 39.31120077792912], [-76.11664356725565, 39.311307995604515], [-76.11642894715786, 39.31144314464695], [-76.11615688069595, 39.3116271475969], [-76.1159138450891, 39.31176747403844], [-76.11565858430954, 39.31179775603869], [-76.11543944927912, 39.3117844558416], [-76.11545607619672, 39.31164172460661], [-76.11566179848163, 39.31161092751631], [-76.11596020983586, 39.311542626180156], [-76.11616734966228, 39.31142938774189], [-76.1163758764875, 39.31123921508949], [-76.11669058867086, 39.311044669406186], [-76.11693867999614, 39.311019809806076], [-76.11714308085926, 39.311065917556256], [-76.11743910179652, 39.311135009620386], [-76.11765603864943, 39.31127471776781], [-76.11780139414724, 39.31146312979084], [-76.11789128496446, 39.31158500123495], [-76.1180423851885, 39.31185041675959], [-76.11820197179705, 39.31203348451424], [-76.11839177593512, 39.312106944595826], [-76.11862441803413, 39.31215886418025], [-76.11889929801951, 39.31222222185389], [-76.11911049643439, 39.31228491641104], [-76.11935604912065, 39.31240842182766], [-76.11954356524969, 39.312613763053015], [-76.11977363637038, 39.31281405223258], [-76.11999692161739, 39.31299779094372], [-76.12029889389342, 39.31313288251067], [-76.12054612014107, 39.31315746752144], [-76.12082648254462, 39.313314337243064], [-76.12099910819951, 39.31356347445375], [-76.12111599069605, 39.3137625925932], [-76.12130520464099, 39.31386901055125], [-76.12152416090666, 39.31389330339731], [-76.12175916467656, 39.31380782142669], [-76.12191613988257, 39.313732512997994], [-76.12225123304312, 39.31358765759307], [-76.12253623165184, 39.31347520297039], [-76.12276215974242, 39.313505080425855], [-76.12292367413555, 39.31357822203439], [-76.12324043896935, 39.313674987882024], [-76.12346646677294, 39.31369934543198], [-76.12370589744057, 39.31376782119687], [-76.12395240773094, 39.3138363643112], [-76.12420691662061, 39.3138500296961], [-76.12437134335188, 39.31416504658894], [-76.12441077400298, 39.314341351400316], [-76.12442124925751, 39.31455582213768], [-76.12442538510108, 39.31472625385697], [-76.12451397875101, 39.31492505524037], [-76.12457454855738, 39.31510707383698], [-76.12458530767952, 39.315305072107755], [-76.12457521331068, 39.31548084584733], [-76.1246002996633, 39.31566799068505], [-76.12467419867184, 39.31567334216077], [-76.1247335755155, 39.315668354168395], [-76.12493126237017, 39.31569173246914], [-76.12511434531329, 39.315758935831454], [-76.12519100035311, 39.315863848174104], [-76.12533823332986, 39.31598022636755], [-76.12548579598831, 39.316063656844776], [-76.12569715609993, 39.31613106695757], [-76.12585850789802, 39.31624754965018], [-76.12602659885737, 39.31639703304413], [-76.12622370899362, 39.316475338176744], [-76.12644238228998, 39.3165208168424], [-76.12669663246484, 39.31654459169647], [-76.12690874356805, 39.31654059481946], [-76.12707819727166, 39.31655826767224], [-76.12721189802697, 39.316619628833216], [-76.12732305466191, 39.31680165553084], [-76.12746183808511, 39.31704980665234], [-76.12756606691259, 39.317220820945565], [-76.12773387400428, 39.317397756742906], [-76.12796609659007, 39.317498264633095], [-76.12824154610732, 39.31752217745576], [-76.12854538508249, 39.31753531254726], [-76.12881441434041, 39.317498765712706], [-76.12911884800032, 39.317456964122364], [-76.12950084310016, 39.31743219784277], [-76.12978371449829, 39.31742320967436], [-76.13010872317145, 39.3174419664718], [-76.1302772614918, 39.317547517060476], [-76.13042368508648, 39.31774078328107], [-76.13054241272263, 39.31787892774964], [-76.13073207672352, 39.31799561324428], [-76.13093625121118, 39.31807394786141], [-76.13113382936972, 39.31810827743279], [-76.13132349606553, 39.31822496254488], [-76.1315334242626, 39.318429660532026], [-76.13183375980817, 39.31877778862059], [-76.13193701665851, 39.319042162908474], [-76.13215375947533, 39.319274372017546], [-76.1322936999286, 39.31941265314459], [-76.13243363858524, 39.31955095415209], [-76.1323682142831, 39.31972077395536], [-76.13247270631693, 39.31986981280116], [-76.13271897136724, 39.3199813849783], [-76.13287322647457, 39.32010329440128], [-76.13306926761565, 39.320285922896524], [-76.13320910296605, 39.32043520446549], [-76.13333455628873, 39.320606350167346], [-76.1334096752094, 39.320859538655434], [-76.13347744591108, 39.321140125035775], [-76.13351834979922, 39.32128322606086], [-76.13348186472396, 39.32139280706541], [-76.13348049209822, 39.32152463844866], [-76.13363451274526, 39.321668514932064], [-76.13391645438705, 39.321747392351284], [-76.13426940785207, 39.321799293662714], [-76.134643684627, 39.3218403532469], [-76.13486273162252, 39.32185286486543], [-76.13500359644223, 39.32190328727707], [-76.13503107321182, 39.32198037219637], [-76.13495249847223, 39.32205673430003], [-76.1348453626965, 39.32216032308102], [-76.13479523760195, 39.32222040412843], [-76.13495681487717, 39.322320403349615], [-76.1352958516418, 39.32235023116229], [-76.13569970544746, 39.322265175093726], [-76.13608951678859, 39.32217452541245], [-76.13636668837624, 39.322033660422434], [-76.13662267589287, 39.32189263809345], [-76.13674377238642, 39.32180560229105], [-76.13687866071456, 39.321751617564956], [-76.1369913867063, 39.32179086756366], [-76.1372731163457, 39.32189168533749], [-76.13740621612808, 39.32200796246699], [-76.1375745882601, 39.32213546048108], [-76.13792016925159, 39.32221476128219], [-76.13818093939878, 39.32229347338678], [-76.13837077767282, 39.322393672643386], [-76.13846120747921, 39.32253711926316], [-76.13853669650581, 39.32275733207014], [-76.13857043632956, 39.322911362346254], [-76.1386465218375, 39.323071174045474], [-76.13878679646406, 39.32318199129527], [-76.13911141167513, 39.323239187540295], [-76.13938004118273, 39.323241054794735], [-76.1396495303781, 39.32316053139883], [-76.13980642832898, 39.32302979968842], [-76.13983669975744, 39.32283777670871], [-76.13979035926518, 39.32253536734808], [-76.13972963764355, 39.32225482965028], [-76.13971720945159, 39.322089968787125], [-76.13976099423687, 39.32195845327457], [-76.13988152209684, 39.32192634521415], [-76.14002985640815, 39.321938357854265], [-76.14014223385355, 39.322010545536216], [-76.14030413452225, 39.32207756909523], [-76.14053771625906, 39.322051742593224], [-76.14070742418592, 39.32204742705636], [-76.14085480807962, 39.32215280669205], [-76.140923937034, 39.322301583926574], [-76.14092292822593, 39.32240044473638], [-76.14088690578305, 39.322466098911086], [-76.14076637702476, 39.322498224791886], [-76.14070253465582, 39.322519750214866], [-76.14064541887176, 39.32257426249363], [-76.14076477712521, 39.32265200060025], [-76.14094841522719, 39.322669758080075], [-76.14114692404036, 39.32261620904572], [-76.14128261186907, 39.322485324823404], [-76.14135494870732, 39.322326538198276], [-76.14144811118882, 39.32220636442035], [-76.14165386311811, 39.32213637848707], [-76.14188789760583, 39.32206658984485], [-76.14207979302186, 39.32196906561669], [-76.14225041004379, 39.321876873490474], [-76.14240753526846, 39.321724175214754], [-76.1426637231094, 39.321561174145714], [-76.14290566636487, 39.32140907977846], [-76.1430552035203, 39.32130575048774], [-76.14313408728036, 39.321196429255146], [-76.14303761899862, 39.320954100492926], [-76.14292694116573, 39.32071715811827], [-76.14291451566872, 39.32055229849557], [-76.1430009434805, 39.320399104608825], [-76.14308741620808, 39.320240418880445], [-76.14300456908099, 39.320047611980215], [-76.14283673863311, 39.31987069747904], [-76.1426403318777, 39.319721031784226], [-76.14252875213626, 39.31957196899288], [-76.14245367004649, 39.319313298859704], [-76.14242759734367, 39.31909889413375], [-76.14247965561272, 39.3188520936485], [-76.14261001194023, 39.318550905489786], [-76.14261867259788, 39.318397185992694], [-76.14254318446962, 39.318176958069124], [-76.1424456355146, 39.318038970558085], [-76.14239712289599, 39.31794526376804], [-76.14244790825225, 39.317819285672634], [-76.1427259134765, 39.317596018877246], [-76.14291740195571, 39.31753693045676], [-76.14320755869082, 39.31750599279572], [-76.14341998150942, 39.31747448871314], [-76.14357537208726, 39.31748657161569], [-76.1437373338414, 39.31754809597728], [-76.1439136506738, 39.31758777922091], [-76.14411210918132, 39.31753972218454], [-76.144367612506, 39.3174426128025], [-76.14472184517199, 39.31736816589154], [-76.14501227050334, 39.31730975349465], [-76.14528167705369, 39.317234730997825], [-76.1457001698052, 39.317100301329454], [-76.14584907634332, 39.317057390308], [-76.14604077772329, 39.31697632743588], [-76.14613351260667, 39.31689459311471], [-76.14621324796961, 39.31670288202137], [-76.14617332863503, 39.31646094565115], [-76.14608292847305, 39.31631203645588], [-76.14600672259084, 39.31616318879795], [-76.14597227758959, 39.31607509573267], [-76.14601570304875, 39.31597652066064], [-76.14609436222999, 39.31588918907443], [-76.14607457593753, 39.3157517377579], [-76.1460048972142, 39.31565237896861], [-76.1459707549452, 39.3155368078177], [-76.14606376920466, 39.31542759432936], [-76.14609336240507, 39.31530148243018], [-76.14598895840612, 39.315141472279436], [-76.1458486155076, 39.31504164419139], [-76.14570751353264, 39.31501320326901], [-76.14560899709208, 39.314968569443], [-76.14560266217269, 39.31489713482907], [-76.14561104614924, 39.31477086907239], [-76.14546339725251, 39.31469295123573], [-76.1453225324328, 39.314642545867066], [-76.14509719184042, 39.31455859104918], [-76.14486454524982, 39.31449657546755], [-76.14474482767021, 39.314451811345265], [-76.1445969676694, 39.31439586171223], [-76.14466051539091, 39.31440179361814], [-76.14497085457548, 39.31446984752026], [-76.14526016689419, 39.31452127606553], [-76.14551433711902, 39.31455050532689], [-76.14578895210136, 39.31465675597988], [-76.14600652765643, 39.31480655483025], [-76.14616041894607, 39.31496688614378], [-76.14634968678992, 39.315122005962834], [-76.14666058652324, 39.31513512204489], [-76.14694327646167, 39.3151425682977], [-76.1472821775807, 39.315183345448474], [-76.14746461733009, 39.31531642702462], [-76.14757602818823, 39.31548198495026], [-76.14758070841089, 39.31571268383458], [-76.1474789418656, 39.3159866216999], [-76.1473280635254, 39.316221742540414], [-76.14728984470165, 39.31650161848023], [-76.14732203942313, 39.31680941851966], [-76.14746748115918, 39.31710150781928], [-76.14759206311606, 39.31736051068659], [-76.14777296135641, 39.31764189225642], [-76.14783440522352, 39.31785651272037], [-76.14769845778169, 39.31801485775971], [-76.1475840726016, 39.31814039906033], [-76.14756133983502, 39.318288546150754], [-76.14743912583727, 39.31848543667185], [-76.14726776141703, 39.318649020340956], [-76.14717378057031, 39.318851607867806], [-76.14733373908138, 39.31911084818765], [-76.14752895377241, 39.31937583903629], [-76.14779527550806, 39.31960286543272], [-76.14794259292644, 39.319713722925236], [-76.14804059553069, 39.31980776856964], [-76.14831336717008, 39.32009526769587], [-76.14838999346381, 39.320205634467015], [-76.14843889684957, 39.32026090396126], [-76.14840267587898, 39.32034854351272], [-76.148232047179, 39.32044072861895], [-76.14808275256865, 39.320522100203526], [-76.14798977693675, 39.320625806618516], [-76.14794517468458, 39.32083971186333], [-76.14799176490847, 39.32112014057123], [-76.1481504873377, 39.321500228723], [-76.14833215723088, 39.32171018057795], [-76.14858438260309, 39.32193163158215], [-76.14880913569729, 39.322075979783015], [-76.14904875051953, 39.32214902486955], [-76.14930942185204, 39.32223869195065], [-76.1494852715605, 39.32232779185333], [-76.14951992766585, 39.322393943666086], [-76.14946208873796, 39.322519866962914], [-76.14921334523578, 39.32264449399311], [-76.14899324631308, 39.322736336254394], [-76.14876618185366, 39.3228171700756], [-76.14854573707957, 39.32294197795141], [-76.1483814702484, 39.32310561513178], [-76.1482946319065, 39.323297272542604], [-76.14823679387695, 39.32342319490809], [-76.14810163425761, 39.32350465405753], [-76.14798078839401, 39.32356971304049], [-76.147915806063, 39.32370110043842], [-76.14794243572128, 39.32386056912967], [-76.148082585482, 39.32398236338528], [-76.14816026370293, 39.324089985370385], [-76.14816624199116, 39.324098288887775], [-76.14808667371487, 39.324273503367046], [-76.14793675297878, 39.32441527348328], [-76.1478790550864, 39.32452472797193], [-76.14797567698005, 39.324756071094825], [-76.14803020202285, 39.32495418520649], [-76.14811934454345, 39.325223913302274], [-76.14819300280348, 39.32562536950581], [-76.1482104139503, 39.32599349280836], [-76.1481790510688, 39.32629536257432], [-76.1481403130188, 39.32662465410333], [-76.14806740395372, 39.3268383547733], [-76.14791577821521, 39.327144905097924], [-76.14768724051874, 39.32736849858404], [-76.14741655746236, 39.32756437612465], [-76.1468764462961, 39.327835278222395], [-76.14651444499955, 39.327970095152075], [-76.14614546738649, 39.328099356309515], [-76.14577663440218, 39.32821215918089], [-76.14534492204295, 39.328253117023486], [-76.14492049681729, 39.32827217666046], [-76.14443340601572, 39.32819738480572], [-76.14405317161385, 39.32804646183416], [-76.14378627046482, 39.32787434622413], [-76.14359011883096, 39.327697226378795], [-76.14341495813035, 39.32754222408372], [-76.1432894015014, 39.32737658421452], [-76.14310006628392, 39.32722697140892], [-76.14282541087736, 39.32712071274742], [-76.14264889551728, 39.32709751824095], [-76.14245065440208, 39.32712360763028], [-76.14241439390564, 39.32721123024449], [-76.14260347400159, 39.32738830059446], [-76.1427370103652, 39.32746613480286], [-76.14299074041553, 39.32754478957661], [-76.14319522482195, 39.32759564218388], [-76.14334912868802, 39.32775597823483], [-76.1434325462453, 39.327893871530875], [-76.14356277680866, 39.32829023289791], [-76.14368482731307, 39.328796383781146], [-76.14373035572828, 39.32918116292779], [-76.14381868168029, 39.32952781512951], [-76.14397145187245, 39.32979799113964], [-76.14409537716084, 39.33012291708968], [-76.14414602956644, 39.33069448783999], [-76.14417787214832, 39.33103523678702], [-76.1442943207586, 39.331398546245694], [-76.1444970390772, 39.331625151457565], [-76.14481344817814, 39.33179758788327], [-76.14506786004976, 39.33181034091335], [-76.1452078094862, 39.33195412050065], [-76.14518427182911, 39.33217914455707], [-76.14507380150705, 39.33260680312425], [-76.14507725283435, 39.33295834241933], [-76.14511513209496, 39.33339800550293], [-76.14515450255891, 39.333694873969606], [-76.14525772347662, 39.33397019843929], [-76.14536107195512, 39.33423456463416], [-76.14543729670193, 39.3343833696677], [-76.14556363127191, 39.33447762140008], [-76.14573315684075, 39.334495267486986], [-76.14595277875804, 39.3344528319652], [-76.14622934128792, 39.334377861206555], [-76.14666209838785, 39.33423804078048], [-76.14719386510345, 39.3340988954338], [-76.1477179125958, 39.33402012643952], [-76.1483405034782, 39.333985951283765], [-76.14883585069552, 39.33395091940414], [-76.14946484566757, 39.333982706498254], [-76.15015017399108, 39.33403684575953], [-76.1508359146413, 39.334052540224576], [-76.15130208727317, 39.33409967709923], [-76.15168308434474, 39.33418467917065], [-76.15192178019045, 39.33435108735539], [-76.15211745751385, 39.334577613517524], [-76.15243307699565, 39.33483243772369], [-76.15257256649467, 39.335020115812405], [-76.1527467642013, 39.33527397957888], [-76.15298512497542, 39.33547333468319], [-76.15332306130384, 39.335618444920314], [-76.15376753782495, 39.33572034957365], [-76.15423420093695, 39.33572352827272], [-76.15464418215116, 39.33573731930896], [-76.15520269979758, 39.33574662542557], [-76.15571195473215, 39.33573362993432], [-76.15611554712805, 39.33568145062261], [-76.15651929403418, 39.33561279829148], [-76.15692938574117, 39.33561559833022], [-76.15755850018917, 39.33563635682709], [-76.15822232464139, 39.33572324201612], [-76.15880878887633, 39.33576568232523], [-76.15912664965477, 39.33580080500874], [-76.15965694582823, 39.33580439502388], [-76.160181669752, 39.335659649941796], [-76.16045910454604, 39.33549676542258], [-76.16081484009348, 39.335279483105865], [-76.16112075866855, 39.33509479475954], [-76.16144004417502, 39.33498712231383], [-76.16195792563128, 39.33482035573319], [-76.16228564003008, 39.33457541097304], [-76.16261334095415, 39.33433596131305], [-76.1630044827002, 39.33411341148104], [-76.16352251687006, 39.333930164575754], [-76.16416011321094, 39.33380813264699], [-76.16483334571916, 39.33365888934853], [-76.16537157940648, 39.333574646769854], [-76.1658888302454, 39.333468265737885], [-76.16636365545007, 39.33336162190175], [-76.16693077536367, 39.33321715038618], [-76.16738469497503, 39.333077386004135], [-76.16786708938429, 39.33292134783782], [-76.16866083448114, 39.33273992728839], [-76.16897268732696, 39.332665129094856], [-76.16923518044288, 39.33257901900856], [-76.16944904146426, 39.33240468414837], [-76.16961985791215, 39.33229048517484], [-76.16998878252461, 39.33216664729277], [-76.17032186884882, 39.332091976335356], [-76.17046396166552, 39.33202150487738], [-76.17072841939695, 39.33173766931694], [-76.17097268479742, 39.331349359158544], [-76.1712029256997, 39.33094993557764], [-76.17134228763793, 39.33044557909814], [-76.17150222818269, 39.33000175194815], [-76.17164698270757, 39.32966766929475], [-76.17181264731732, 39.329361209242826], [-76.17194262814904, 39.329087446049364], [-76.17210115384722, 39.32878642912386], [-76.17216773248451, 39.328490276378915], [-76.17220038444846, 39.32805110150697], [-76.17221750813442, 39.32774913091877], [-76.17236322655158, 39.32731620254349], [-76.1725216830795, 39.32702065368047], [-76.17272998891914, 39.32669250919035], [-76.17293119896638, 39.326364290891924], [-76.17308931233785, 39.3261071982683], [-76.17333330644712, 39.32574084338167], [-76.17356222143603, 39.325473224909594], [-76.17373553520042, 39.32510639555776], [-76.17391531952981, 39.3248000100243], [-76.17421533437684, 39.32448893598592], [-76.17441671510397, 39.32427690843268], [-76.17447968970032, 39.32421058397788], [-76.17461524637501, 39.32408517101157], [-76.17497841548143, 39.32382394915904], [-76.17524877244936, 39.323649971896685], [-76.17545000764942, 39.32344034552725], [-76.17568259674782, 39.32329780346233], [-76.17590141467294, 39.323141316095914], [-76.17619816504221, 39.32312916328795], [-76.17645088628446, 39.323141855355885], [-76.17669107063861, 39.32302351549278], [-76.17688898836032, 39.322915793882274], [-76.17711424001949, 39.322873720338436], [-76.17743757243635, 39.32285416166358], [-76.17787300471919, 39.32285720891175], [-76.178252147668, 39.32287078427905], [-76.17851725937297, 39.32302539178703], [-76.17872958966508, 39.322885019127725], [-76.17901261916671, 39.32266435015552], [-76.17929722521166, 39.32247950618142], [-76.17965296345406, 39.32225116041218], [-76.1799476962072, 39.3220206575181], [-76.18025899748746, 39.321826425347155], [-76.18052777162383, 39.32166462050354], [-76.1808683975082, 39.32158912942418], [-76.18115940943945, 39.32147021916871], [-76.18147854223233, 39.32136796156613], [-76.18189634238277, 39.32129932019967], [-76.18229303122573, 39.32121954510541], [-76.1826473402485, 39.3211340060667], [-76.18296626732719, 39.32105372972974], [-76.1832357960484, 39.32096212570989], [-76.18350562121365, 39.32084306983985], [-76.18369765856352, 39.320723502981416], [-76.18386877145548, 39.32057631938112], [-76.18406826661884, 39.3204183505479], [-76.18428943184178, 39.32021110582225], [-76.18457445201007, 39.319982303012566], [-76.18483795034079, 39.31978628887416], [-76.18512944466733, 39.31961795226958], [-76.18544213833627, 39.319449744522295], [-76.18566941928967, 39.319341387773925], [-76.18579060920803, 39.31923782609157], [-76.18596994258313, 39.31896986374877], [-76.18600797006575, 39.318695489311146], [-76.18606181867713, 39.318245452385746], [-76.18609501771509, 39.317740363515384], [-76.18608408970967, 39.31741075494682], [-76.18607970143948, 39.31713610682599], [-76.18608923166634, 39.3168834983783], [-76.1861354203433, 39.316493843642455], [-76.1862657757725, 39.31617613232689], [-76.18642427541954, 39.315869604121815], [-76.18662545043249, 39.31553587443514], [-76.18673558029305, 39.315113683309875], [-76.18672249453431, 39.31427874069697], [-76.18671087752104, 39.31402051665069], [-76.18672746760772, 39.313767978965465], [-76.1866665717129, 39.31348746865849], [-76.18646494754236, 39.31314010934963], [-76.18622932123995, 39.31265521515854], [-76.18595782880152, 39.3122250402049], [-76.1856777736218, 39.31194855768858], [-76.18534103744261, 39.31168271578379], [-76.18489097070548, 39.31144359850734], [-76.1843980067186, 39.311253601738834], [-76.18386275813297, 39.311052356579076], [-76.18338308292407, 39.31095031450284], [-76.18303694677375, 39.310926063727734], [-76.18250679163576, 39.310928072404835], [-76.18199144612359, 39.31085877023286], [-76.1815189071313, 39.31075128010627], [-76.1809829488766, 39.3106214218156], [-76.18037666780651, 39.31045812172252], [-76.17987609239422, 39.31032298954395], [-76.1791367025586, 39.310037984420795], [-76.1786941035164, 39.30976043191297], [-76.1783514537277, 39.30938465537546], [-76.1780657562297, 39.308965338059146], [-76.17772438743859, 39.308457763354426], [-76.17739680778708, 39.30798872956528], [-76.17718887834151, 39.30756991546147], [-76.17702362426185, 39.30712392185568], [-76.17683029154135, 39.30666127739681], [-76.17670410878664, 39.30583655885882], [-76.17669338829205, 39.305490473219805], [-76.17666223022643, 39.30506732758112], [-76.17660500394955, 39.30441884082964], [-76.17660679519022, 39.304237611879664], [-76.17668102747373, 39.30387558562789], [-76.1767398994642, 39.303639803952265], [-76.17683394049803, 39.3034207383896], [-76.17702656085451, 39.30324074069374], [-76.1771687183499, 39.30315930452224], [-76.17735311013838, 39.303094638765394], [-76.17751029465185, 39.3029253944865], [-76.17755562274277, 39.302629112092276], [-76.17762865577538, 39.30238792993329], [-76.17775802754933, 39.302169094711616], [-76.17792868230049, 39.30206587255574], [-76.17809883758834, 39.30201206097882], [-76.17828462446046, 39.30180457960613], [-76.1785002282135, 39.30144349936556], [-76.17857267015462, 39.30126272637004], [-76.17862435562282, 39.30103787187039], [-76.17854295568165, 39.300691313439245], [-76.17848352044751, 39.300267990024516], [-76.17845799841197, 39.29998771756606], [-76.1783982676321, 39.29959184858514], [-76.17835848124818, 39.299327958322905], [-76.17834019514224, 39.299031245689825], [-76.17820743402473, 39.29887657125475], [-76.1778694563738, 39.29874799853523], [-76.17749647946111, 39.29858623486162], [-76.17727852481697, 39.29846944470219], [-76.17702379673838, 39.298500710557065], [-76.17671916814406, 39.298575583519266], [-76.1763791073, 39.29865571255053], [-76.17606007601674, 39.29875793869776], [-76.17581121393695, 39.29891007813437], [-76.17544214918732, 39.29906690610655], [-76.17513054607313, 39.29913073861031], [-76.1747358389137, 39.299023744890256], [-76.17434845661711, 39.29888935044683], [-76.17389805480836, 39.29869409542653], [-76.17325104951318, 39.29837121604875], [-76.17275817086626, 39.29818667077112], [-76.17242113824301, 39.29796473098229], [-76.17203534416784, 39.297671044232125], [-76.17178393266927, 39.297367271294235], [-76.1716251024422, 39.29699272194927], [-76.17148047008818, 39.29661276900447], [-76.17134117013372, 39.29640312349686], [-76.17104598552798, 39.29624186745509], [-76.17070938050281, 39.29597595476351], [-76.17033193896314, 39.295555991222756], [-76.1700154005048, 39.29540558527313], [-76.16953031923452, 39.29514968446657], [-76.16924857522208, 39.2950544168853], [-76.16871999752576, 39.29490805524479], [-76.16843845024435, 39.29479631377892], [-76.16812185429382, 39.2946513712087], [-76.16797586638205, 39.294408728739555], [-76.16797922338627, 39.29407370719866], [-76.16804660062583, 39.29369518028853], [-76.1680225662004, 39.2932720989129], [-76.16803362895313, 39.292871212073024], [-76.16817951086371, 39.29241632253058], [-76.16827503860934, 39.29204895903046], [-76.16841417327379, 39.29156105364001], [-76.16851764841473, 39.29110586149922], [-76.16867035033493, 39.29067298446597], [-76.16883627276117, 39.290333561509016], [-76.16898796138175, 39.290005037759606], [-76.16915408323396, 39.28964364497667], [-76.16916360537599, 39.28939655288567], [-76.16912378395774, 39.28913812439919], [-76.16864954714958, 39.28850878790326], [-76.16840474455657, 39.28825448117237], [-76.16809621188403, 39.288016241939005], [-76.16783613523624, 39.2878771694284], [-76.1676602504935, 39.28779910206258], [-76.16748349168998, 39.28780889290516], [-76.16745414283135, 39.28791855970464], [-76.167587129426, 39.288045765245506], [-76.16790306780975, 39.28825111467925], [-76.16818323887212, 39.28850015547279], [-76.16837177099575, 39.28872662501529], [-76.16859581531918, 39.28893685249906], [-76.16873519881699, 39.28913002809204], [-76.16879759220336, 39.28925128140427], [-76.16883117302531, 39.28942727006262], [-76.16875219314552, 39.28955306079767], [-76.16848949611204, 39.28967763113426], [-76.16817840234263, 39.2896920027485], [-76.16786804968334, 39.289635011990825], [-76.16750833280253, 39.28956668225617], [-76.16705731744449, 39.289442788902875], [-76.16666923356362, 39.2893852625938], [-76.16643610727266, 39.28937819807805], [-76.16625857322308, 39.28946488139579], [-76.16604462237017, 39.28966116401804], [-76.16587198952875, 39.28996209621846], [-76.16575696654483, 39.29015905809698], [-76.1657126427704, 39.29035099069079], [-76.16562619609397, 39.29051518520296], [-76.16536365446903, 39.29062327303318], [-76.16513664301021, 39.29070960232061], [-76.16495172750393, 39.2908292072563], [-76.16478733221368, 39.29101483356178], [-76.16457287291432, 39.291260553797464], [-76.16426670550592, 39.29148918355235], [-76.16398951685028, 39.291646590593416], [-76.16376251167966, 39.291732942952514], [-76.16369769553697, 39.29185333592542], [-76.16366028340033, 39.2920617888303], [-76.16355837581956, 39.29235770924136], [-76.16348565180742, 39.292560443103405], [-76.16336321412915, 39.29279029290366], [-76.16319931650554, 39.29292649620607], [-76.1627739507438, 39.29306093685728], [-76.16236319877507, 39.29314603816085], [-76.16183223515335, 39.293241299300924], [-76.16147061204751, 39.29335967771832], [-76.16117250432386, 39.29348949225837], [-76.1607987009611, 39.29341554961993], [-76.16063647779718, 39.293381501316496], [-76.1604806326718, 39.29341888805606], [-76.16050757674046, 39.29355088059978], [-76.16064017885616, 39.293716552587654], [-76.16068804828103, 39.293876172352086], [-76.16066524993742, 39.29403530858047], [-76.16057270370024, 39.29410058336853], [-76.16048151571573, 39.29403405233285], [-76.16044805077647, 39.29384707905998], [-76.16036477155973, 39.29369821212148], [-76.16015416154137, 39.29355948112289], [-76.16000497742381, 39.2936353535281], [-76.15979089092531, 39.293842627607255], [-76.15942832908, 39.29405436711183], [-76.15907311545374, 39.29423870151046], [-76.15881146855081, 39.29425337947124], [-76.15861980310348, 39.29433997610978], [-76.15842231387815, 39.294300178181715], [-76.158353273857, 39.294140427293904], [-76.15830534424502, 39.293986302394174], [-76.15820691494102, 39.29393621581311], [-76.15813437149025, 39.2941224686095], [-76.15797674680229, 39.294335591428435], [-76.15747918883105, 39.29461782683531], [-76.15686016336201, 39.29503102821402], [-76.15656816058902, 39.29525425160406], [-76.15624157537252, 39.29540029690088], [-76.15578132712996, 39.29548504150565], [-76.15549116500499, 39.29552700638417], [-76.15522196506717, 39.295591075006435], [-76.15485955503716, 39.29578634702361], [-76.15449738395901, 39.29595961217756], [-76.15425641896886, 39.29602387575288], [-76.15402265936564, 39.296077215031744], [-76.15427106150801, 39.295974538656495], [-76.1544909008176, 39.295899157507], [-76.1548034633325, 39.29574201099121], [-76.15512408553214, 39.295486046761], [-76.15532381156252, 39.29530616561592], [-76.15556433278488, 39.295280350783095], [-76.15594639256344, 39.29523900309411], [-76.15630722874506, 39.295197519816654], [-76.15659823977799, 39.295073181069064], [-76.15707487957954, 39.29476336178917], [-76.15739527360708, 39.294529358348456], [-76.15763029713992, 39.29434972502058], [-76.15788641850553, 39.29418119999756], [-76.15791051671135, 39.293895746774936], [-76.15802620714352, 39.29363839023012], [-76.15817597786095, 39.29350209306783], [-76.15807830853167, 39.29337508862342], [-76.15790337690146, 39.293203633683284], [-76.15763670392454, 39.29302056325378], [-76.15732760531336, 39.29283720313265], [-76.15712403718852, 39.29270398217156], [-76.15697679612691, 39.29258764243902], [-76.15710454644179, 39.29253360736075], [-76.15741520003671, 39.29256316978115], [-76.15842334155084, 39.29280071917841], [-76.1587903671248, 39.292847162210165], [-76.15904474036886, 39.292848900268936], [-76.15932956560272, 39.292636627357], [-76.15958644694305, 39.29239120046977], [-76.15978653140124, 39.29217286584884], [-76.16000142099361, 39.29188870382901], [-76.16005398142087, 39.29158148871711], [-76.16009128486138, 39.29138401844903], [-76.16020598355347, 39.29122549773913], [-76.1605676767279, 39.291096123955896], [-76.16075983804527, 39.290960126361014], [-76.16090144217844, 39.29093361607376], [-76.16106312904812, 39.29101710978309], [-76.16127430410681, 39.29110092737509], [-76.16139420224776, 39.29112371389027], [-76.16146347942416, 39.291261492370445], [-76.1615828924749, 39.29133369571111], [-76.16166127407669, 39.29126832101013], [-76.16164887463081, 39.29109797329664], [-76.16174956409608, 39.29092289821433], [-76.16194875742548, 39.29079242051998], [-76.16219075278325, 39.29061829159827], [-76.1624120832962, 39.29039461472687], [-76.16259683890239, 39.290291487839966], [-76.16291510482101, 39.29026618147112], [-76.16328232263443, 39.290290642417304], [-76.16345225693674, 39.29025884033507], [-76.16350382023406, 39.290050465493074], [-76.16331583787937, 39.28976907726716], [-76.16299967042524, 39.289585684992886], [-76.16269733433153, 39.28943533713458], [-76.16253612806052, 39.2893024281298], [-76.16238117496223, 39.289251943291006], [-76.16218426515026, 39.289157241970095], [-76.16206623909835, 39.288947718058026], [-76.16204734393466, 39.28871691703743], [-76.16215316906839, 39.28873410536481], [-76.16249752745276, 39.28892319685015], [-76.1628703884828, 39.289090477496664], [-76.16338539173687, 39.289176362316866], [-76.16377374062073, 39.289206442037276], [-76.16412692585108, 39.2892198139651], [-76.16431082266784, 39.2892045683125], [-76.16440478015836, 39.28899649416276], [-76.16450529624876, 39.288837891569095], [-76.16459929865503, 39.288624313999385], [-76.16458079695344, 39.28835505108197], [-76.16463272496675, 39.288108239505185], [-76.16469068337057, 39.28796582639551], [-76.1651311525072, 39.287732617185085], [-76.16539472988967, 39.28752019944202], [-76.16562287322574, 39.28731850572481], [-76.16587905208353, 39.28713898252488], [-76.16592360762331, 39.286925067428996], [-76.16593670685677, 39.286320984779856], [-76.16581232163094, 39.28604002864061], [-76.16575077355927, 39.28583638244934], [-76.16587457398184, 39.28546922500284], [-76.16613881432097, 39.28519088811654], [-76.166467629156, 39.28481411750043], [-76.16663473017188, 39.28435386624841], [-76.16678722637789, 39.28394295549479], [-76.1670319112916, 39.28349969066043], [-76.16723954878469, 39.28322648644096], [-76.16753920340727, 39.282937390271044], [-76.16788738502152, 39.28274200315477], [-76.1681138242535, 39.28271056964302], [-76.16831277773272, 39.28259655377292], [-76.16829974856785, 39.28248661093921], [-76.16818134522352, 39.28231555348952], [-76.16840189689711, 39.28216325144477], [-76.16876524386998, 39.28186360269249], [-76.16920788243802, 39.281405195555976], [-76.16925215500848, 39.28121875248337], [-76.16925379263725, 39.28105397642609], [-76.16916944712027, 39.28100946835591], [-76.16905541946969, 39.281107573258495], [-76.16887746770347, 39.281238193462606], [-76.16876535885433, 39.281144082774254], [-76.16889422038521, 39.28097467209116], [-76.16892389802724, 39.28083206229623], [-76.16866451577717, 39.28062709649571], [-76.16851821974325, 39.280417401736564], [-76.16857036514887, 39.28014861626268], [-76.16883669407105, 39.27965608034437], [-76.16893200262774, 39.27931067954409], [-76.16885734633944, 39.27900260055003], [-76.16874024824719, 39.27869971596082], [-76.16856542710975, 39.27851729672292], [-76.16842364960172, 39.2785657762171], [-76.16816119241842, 39.27866837590003], [-76.16774883965186, 39.278923744487166], [-76.16747146504495, 39.27910861381039], [-76.16703233529641, 39.27921551557894], [-76.16674312987722, 39.27916413827668], [-76.16642521519985, 39.27916198544412], [-76.16601575231356, 39.279126290552306], [-76.16572758534684, 39.27897603219355], [-76.16537482322296, 39.27892422150531], [-76.16502114212257, 39.2789657818731], [-76.16458714444923, 39.27926493819125], [-76.16428870973881, 39.27943319384962], [-76.1640489269316, 39.279387641018545], [-76.16374442499975, 39.27945697991159], [-76.16349007421357, 39.2794552533415], [-76.16327219233298, 39.27933843683512], [-76.16307030765097, 39.27904047128815], [-76.16272045786526, 39.27869757632587], [-76.16237699330458, 39.278426100833116], [-76.16227366189408, 39.278161765036145], [-76.16202843619456, 39.277956888774526], [-76.16172459452444, 39.2779603100014], [-76.16143627484409, 39.277826534342644], [-76.16114731107172, 39.277753180836314], [-76.16096300282656, 39.277812334136755], [-76.16061703735615, 39.277788016251414], [-76.1602854476252, 39.277741832342215], [-76.1600521488577, 39.27775672376352], [-76.15976240534765, 39.27776024026632], [-76.15951487906268, 39.27778602678921], [-76.15931699278201, 39.27779016773548], [-76.15921814037151, 39.27778400533974], [-76.15900686290489, 39.27771665773198], [-76.15880247910978, 39.27766584814658], [-76.15857007057274, 39.27759285328544], [-76.1584360347458, 39.277569969882904], [-76.15825203013122, 39.277601680374495], [-76.15814560582119, 39.27764489025967], [-76.15803829756891, 39.27777598282037], [-76.15797260107726, 39.27798424815433], [-76.15787910981237, 39.27814838891096], [-76.15779259216903, 39.278318068582706], [-76.1577562732821, 39.27841667861403], [-76.1577224831527, 39.27826267556581], [-76.15773139264368, 39.278081472782944], [-76.1576622340449, 39.27793270514601], [-76.15762871430839, 39.27775671055141], [-76.1578515575843, 39.27737924837839], [-76.15808184519895, 39.276963370629495], [-76.1581340921142, 39.27668910549018], [-76.15817313199811, 39.276321362560935], [-76.15817678185313, 39.275958883898916], [-76.15793290991473, 39.275622187899295], [-76.15770194497037, 39.275406398306174], [-76.15760466281498, 39.27524644576763], [-76.15772026161899, 39.27499457485465], [-76.15778645038745, 39.27473688459704], [-76.15781893077316, 39.27431965180843], [-76.15784974927561, 39.27406721845419], [-76.15782476263601, 39.27374297099645], [-76.15765087125487, 39.27347265573008], [-76.15748909994356, 39.27340014468259], [-76.15725527206837, 39.27346995821195], [-76.15708414210842, 39.27362259904744], [-76.1569459147424, 39.274017104414206], [-76.1568359465786, 39.274411835653], [-76.1568049555996, 39.27468075787918], [-76.15664552799286, 39.27507513350683], [-76.15632388261211, 39.27544094629863], [-76.1560106903782, 39.27566948305467], [-76.15571170320388, 39.27589263325575], [-76.15547677399415, 39.27606680087561], [-76.15516392671329, 39.276262383934835], [-76.1547741998138, 39.2763750673223], [-76.15433599892326, 39.27638855157106], [-76.1537782897606, 39.27634629289626], [-76.15328458735853, 39.276260523771455], [-76.15271457756467, 39.276036908830605], [-76.15216448881053, 39.27593976550698], [-76.15168389732007, 39.27595294873505], [-76.15130230646211, 39.27596131637717], [-76.15085093447287, 39.27588131505751], [-76.15038624945113, 39.27572432667489], [-76.14992839072721, 39.27558935692607], [-76.14940665370179, 39.275481400271765], [-76.14903996230112, 39.27541296702263], [-76.14869470021155, 39.27532270031532], [-76.14858941316868, 39.27525607981414], [-76.14914848507566, 39.27516655072309], [-76.14950198022478, 39.27514150800871], [-76.14998956779469, 39.275133892690775], [-76.1503283206917, 39.27516917724519], [-76.15064482770902, 39.275308674146686], [-76.15088369603127, 39.27544213681715], [-76.15130722383996, 39.275477987268566], [-76.15184382169515, 39.27551463323423], [-76.15242244902753, 39.275584504460724], [-76.1528950518002, 39.27565916479715], [-76.15334628994046, 39.27575012646422], [-76.15373418517507, 39.27581870263493], [-76.15412921393138, 39.27588180948115], [-76.15437611678553, 39.27591645946176], [-76.15461612327326, 39.27594009442707], [-76.15456772653732, 39.27583538162343], [-76.15452026225265, 39.27563732315914], [-76.1544445693085, 39.275439077073344], [-76.15420626961982, 39.27525070994946], [-76.15416539268112, 39.27510211919163], [-76.1544076584318, 39.27490055104857], [-76.15493695567866, 39.27495909619539], [-76.15513398137328, 39.275037337119144], [-76.15541617993328, 39.275077726653116], [-76.15560024383667, 39.27504053039733], [-76.15579294683818, 39.27484960938059], [-76.15591016081308, 39.27443847806263], [-76.15595750382518, 39.27394996250409], [-76.15592484736966, 39.27368608756765], [-76.15597075936552, 39.27334036178144], [-76.1561789556107, 39.27301224303179], [-76.156500192258, 39.27268487032608], [-76.15672159104291, 39.272450200609356], [-76.15704271270583, 39.27213383322631], [-76.1572772843861, 39.271992610899545], [-76.15754004160671, 39.27185708178922], [-76.15782361997897, 39.27176016633581], [-76.15799951909473, 39.271832761836855], [-76.15807488505213, 39.27206396899011], [-76.15810693604315, 39.27238824438499], [-76.15814649066174, 39.272668639135944], [-76.15832052846825, 39.27292247949829], [-76.15865719008728, 39.27316644886154], [-76.15895926477125, 39.27333876927612], [-76.15924729878732, 39.273500007820644], [-76.15950655168, 39.27371048337231], [-76.15967356645761, 39.27396427267234], [-76.15988995533822, 39.27422390596092], [-76.1601559743416, 39.27446738122694], [-76.16038661409586, 39.274716113592966], [-76.16048313986977, 39.27495295997591], [-76.16055746378144, 39.27528849926805], [-76.16073816259578, 39.27558634030318], [-76.16098408898122, 39.27571981496175], [-76.16123720907547, 39.275842379356746], [-76.16153248710597, 39.27598718839986], [-76.16179814139338, 39.27626909582098], [-76.1621133979558, 39.27653488516101], [-76.16253541120493, 39.27672448383352], [-76.16290249606769, 39.27675444164661], [-76.16324179693702, 39.27674026417104], [-76.16359430932924, 39.276814042921394], [-76.16386829908417, 39.27696967495519], [-76.1640076439544, 39.277162873124695], [-76.16406251395027, 39.27732801297719], [-76.16418096670196, 39.277493589831955], [-76.16442726588824, 39.27759412860313], [-76.16475263568415, 39.27755787730755], [-76.1652335891957, 39.27750620395024], [-76.16562309510962, 39.27741545039464], [-76.16596232321541, 39.277406751231446], [-76.16633725755713, 39.27735985222315], [-76.16663545331569, 39.277213549562184], [-76.16688623958682, 39.27686372521465], [-76.16703870974168, 39.276452812940605], [-76.16716096865521, 39.276239430558846], [-76.167283430588, 39.27600407666092], [-76.1675255337436, 39.275813446162374], [-76.16781870252983, 39.27546389645923], [-76.16799844912998, 39.275152045393185], [-76.16816384334683, 39.27486204734286], [-76.16834927538441, 39.27468752554916], [-76.16864637699494, 39.2746510835997], [-76.16853612137024, 39.27437021347412], [-76.16850890870533, 39.274265679130274], [-76.16861685655809, 39.274068665602265], [-76.16852757659525, 39.273809909349026], [-76.16854378759288, 39.273601320060415], [-76.16866717479041, 39.273272591260536], [-76.16893869597493, 39.272966827891636], [-76.16924573744409, 39.27263933675165], [-76.16966527763125, 39.27236752275537], [-76.16984249367722, 39.27230830505109], [-76.16994187789037, 39.27225954305572], [-76.16994375177606, 39.27207280373006], [-76.16969133057111, 39.27187887453461], [-76.16950393751127, 39.2715425567174], [-76.16958574708418, 39.271131161895596], [-76.1697662851001, 39.27073691845754], [-76.16991802133137, 39.270397391933564], [-76.17002721245247, 39.270074074000526], [-76.17012812739486, 39.2698715226289], [-76.17040525586337, 39.269708608038144], [-76.17059000518134, 39.26960000250512], [-76.17083792762335, 39.26953572650502], [-76.17097301897073, 39.26944875911843], [-76.17095346713856, 39.26928385036397], [-76.17067236542154, 39.26913367591073], [-76.17025646610624, 39.26904298940179], [-76.16977029607783, 39.26891340495198], [-76.16952431399685, 39.2687854420808], [-76.16925603213726, 39.26876715072282], [-76.16889511061567, 39.26883063529683], [-76.16844948065771, 39.268888073472596], [-76.16811731420837, 39.26890231582397], [-76.16782074170553, 39.2688893113938], [-76.16759511904213, 39.26884386228565], [-76.16737131187392, 39.26861718241066], [-76.16710622801673, 39.26828033220695], [-76.16678369510052, 39.26803649466239], [-76.16650219542981, 39.26793023305664], [-76.16624236671703, 39.26777468387423], [-76.16619450178375, 39.26761508599265], [-76.16611155224872, 39.267433272863784], [-76.16586490631275, 39.26737119814562], [-76.16548309626585, 39.26740706385414], [-76.16505153212863, 39.26747005517717], [-76.16457102687642, 39.267483299114254], [-76.16416136456414, 39.26747503199905], [-76.16380849374411, 39.267439693495916], [-76.1634416577147, 39.267387776214484], [-76.1630964225746, 39.267297552024985], [-76.16291342586976, 39.26723040924008], [-76.16284350190635, 39.26715851905479], [-76.16283721190273, 39.267081589353076], [-76.16302159470804, 39.26701142936927], [-76.16352267677017, 39.2670587755429], [-76.16396015361859, 39.2671111541706], [-76.16451769210136, 39.26716436316038], [-76.16497706538483, 39.26714548300443], [-76.16543638117614, 39.267132112426395], [-76.16584630669479, 39.2671129158188], [-76.16617196754484, 39.26704369963225], [-76.16672923653304, 39.26712435157837], [-76.16720789305239, 39.267297844125395], [-76.1676646181024, 39.267542599484614], [-76.16801568151207, 39.26775915675588], [-76.16833239783685, 39.267876642139065], [-76.16856551963622, 39.26787821668622], [-76.16895519712838, 39.267765486251264], [-76.16927390052658, 39.26768524537214], [-76.1695913911991, 39.26772581301223], [-76.17000667337182, 39.26787690015896], [-76.17051249494537, 39.26816042170623], [-76.17094898454529, 39.26831163796831], [-76.17132245103981, 39.2684075087328], [-76.1717879670032, 39.2684820424918], [-76.17213318866858, 39.26857771829315], [-76.17242182814915, 39.26867852300679], [-76.17285925379359, 39.26873637719407], [-76.17332603817816, 39.26868456519274], [-76.17368015496147, 39.2685935547117], [-76.17423868338769, 39.26854786060821], [-76.17434623328677, 39.268525944425114], [-76.17466414796414, 39.268513154823765], [-76.17491844215647, 39.2685051124653], [-76.175050057922, 39.268638522025746], [-76.17506055293944, 39.268830983723234], [-76.1749722242925, 39.26902228764671], [-76.1748233896196, 39.26905354787172], [-76.17458268963249, 39.26912708017818], [-76.17447986666843, 39.26916463842981], [-76.17411088636044, 39.26932695201944], [-76.17391065098528, 39.26957276642398], [-76.1738164778991, 39.26980832830599], [-76.17380077714456, 39.2699675115724], [-76.17382740410791, 39.27013247087679], [-76.17362966515094, 39.27012564852184], [-76.17343968943466, 39.270047489044664], [-76.17299649391113, 39.26985777563612], [-76.17265133422951, 39.26975659568339], [-76.17236882305582, 39.26974921484323], [-76.17208540278705, 39.26983520544242], [-76.17181548060373, 39.26998169528655], [-76.17147367523138, 39.270254026909925], [-76.17116664454198, 39.27058152015727], [-76.17112115026276, 39.2708943039848], [-76.17113927107866, 39.27120199858918], [-76.1712206638333, 39.27154309359318], [-76.17127489872026, 39.27177414453447], [-76.17134347521073, 39.27198331090646], [-76.17143301209173, 39.27221461214126], [-76.17148745628614, 39.27242367705702], [-76.17127340122867, 39.27263646117286], [-76.17103079142326, 39.27287649961747], [-76.1709078731463, 39.27316129997993], [-76.17076423343069, 39.27339650348134], [-76.17066978186676, 39.27365951789046], [-76.17046299058669, 39.273850382344605], [-76.17017231732031, 39.273952795608864], [-76.16987549059425, 39.27396177962401], [-76.16969876951997, 39.273971573096254], [-76.16954257135669, 39.27404743264771], [-76.16959098695723, 39.2741521147439], [-76.16966006111439, 39.27431185907227], [-76.16986346484754, 39.274461531471665], [-76.17011679963913, 39.274562090588276], [-76.170412092941, 39.274706880024624], [-76.17064362831559, 39.27486770652454], [-76.17096778358923, 39.27495227291954], [-76.17129260810778, 39.27497091523135], [-76.17152541190354, 39.27500544744431], [-76.17191952078498, 39.275161871382856], [-76.17221458591479, 39.2753286209292], [-76.1723754804704, 39.2754889898223], [-76.17258608959042, 39.27562770237752], [-76.1727481285997, 39.27567272011383], [-76.1728255112749, 39.2757061935918], [-76.17280997042047, 39.2758489028318], [-76.17282986091752, 39.27598086451489], [-76.1728491926624, 39.27616773737072], [-76.17273397923566, 39.27638666568175], [-76.17254154752538, 39.27655563198282], [-76.17217999448813, 39.27667955369603], [-76.17181263474092, 39.27667710316273], [-76.17157258693068, 39.27665901900307], [-76.17138922281488, 39.27662483668811], [-76.17127601622447, 39.27664055237737], [-76.1711754246756, 39.276810143910616], [-76.17112405900764, 39.27700204841638], [-76.17115731643608, 39.27721098291932], [-76.17129614746999, 39.27745906510368], [-76.17151972377115, 39.277713233711665], [-76.17186247596783, 39.27806154625457], [-76.17221266711334, 39.27837148323612], [-76.17239433520989, 39.27857591325159], [-76.17246301680323, 39.278774111520896], [-76.17243988338805, 39.2789716896626], [-76.17229630296123, 39.27920140674662], [-76.17213856059398, 39.27943104102528], [-76.17204965702527, 39.27984787900969], [-76.17207453946031, 39.2801885967661], [-76.17220511407842, 39.28055747227854], [-76.17232283021158, 39.28079991033333], [-76.1724120688519, 39.28106415968835], [-76.1724242940246, 39.28125647461164], [-76.17223139249543, 39.28146940712703], [-76.17187622647988, 39.281659267102036], [-76.17161382678874, 39.28175637120488], [-76.17138638593522, 39.28189215582276], [-76.17121637707275, 39.28193497228506], [-76.17112418926335, 39.281967289215885], [-76.17123647148735, 39.28204494240716], [-76.1713699512571, 39.282122745703624], [-76.17154572191382, 39.282211795862715], [-76.17176442934614, 39.282246202824155], [-76.17206745354936, 39.28232514414897], [-76.1722430625093, 39.28243067747283], [-76.17235410326155, 39.282634631860915], [-76.17259247571378, 39.282822983998614], [-76.17281660627549, 39.28302222227245], [-76.17288567234779, 39.2831819415086], [-76.17305361149184, 39.28334785496737], [-76.17317220078745, 39.283502435073856], [-76.17317765356123, 39.28366724083251], [-76.17322475672313, 39.283903748930854], [-76.17325062281343, 39.284145579523454], [-76.17326291356315, 39.284332401396924], [-76.173303070053, 39.284557881785894], [-76.17316664919899, 39.284776668456416], [-76.17305842646176, 39.285001142704616], [-76.17289349757223, 39.28524720179317], [-76.17269401318866, 39.28541064692131], [-76.17242419790486, 39.28554066809944], [-76.17188627772958, 39.2856304321531], [-76.17135695443156, 39.28556647192185], [-76.17097622326132, 39.285481536621546], [-76.17062445826744, 39.2853253881184], [-76.17050627590866, 39.285132348043746], [-76.17029674476694, 39.284883788938984], [-76.16985292671093, 39.28474899328026], [-76.16963525773107, 39.28461020352859], [-76.16940378254361, 39.2844383926851], [-76.16918514517987, 39.28439848691927], [-76.16891845064337, 39.28421543727461], [-76.16853944154353, 39.283960240946875], [-76.1683074399433, 39.28384333321871], [-76.16816621849243, 39.28383138982792], [-76.1681017940152, 39.2839133498025], [-76.1683819704675, 39.2841623942008], [-76.168852772118, 39.284423708495126], [-76.16943606080841, 39.28474618703361], [-76.16999782047468, 39.285101480883945], [-76.17049542605665, 39.28551127584316], [-76.17097115855977, 39.285992296890555], [-76.17136345643759, 39.28633546554793], [-76.17157269832177, 39.28661150135787], [-76.17183679942205, 39.28705816102348], [-76.17220002871561, 39.28748351803997], [-76.17247987997777, 39.28776551894748], [-76.17278005921648, 39.288135508011386], [-76.17294044891887, 39.288350788393046], [-76.17314346188488, 39.288544386238755], [-76.17334005998144, 39.2886720342219], [-76.17370601566188, 39.28882275916129], [-76.17424739345269, 39.2891010065256], [-76.17462611778659, 39.28938914839001], [-76.17513816827832, 39.289777032363865], [-76.1756368033296, 39.29008794439384], [-76.1760513399006, 39.29033236011966], [-76.17644617192586, 39.290422876546835], [-76.17684873036087, 39.29044751820265], [-76.17725086479106, 39.290516093195095], [-76.17761646563696, 39.29070528485067], [-76.17800278163332, 39.290944025939126], [-76.17841111533731, 39.291100526221115], [-76.17872115987446, 39.291190456958525], [-76.1790092684507, 39.291357139845985], [-76.17951614644304, 39.29155274626118], [-76.1798336919128, 39.29159877297919], [-76.18023562871365, 39.291689326702496], [-76.18067250908072, 39.29181853600984], [-76.18102505111735, 39.291897776619464], [-76.18131465718517, 39.291910658589465], [-76.18165547441069, 39.29174814564531], [-76.18203288091605, 39.291454041399035], [-76.18227506042845, 39.291257911888174], [-76.18275049918246, 39.29105782938143], [-76.18309068489235, 39.290955714353515], [-76.18350465821968, 39.290535516993515], [-76.18364261159955, 39.29015743538302], [-76.18377410788916, 39.28971890493413], [-76.18373605166046, 39.28927375982635], [-76.18369766036015, 39.28886156667164], [-76.18372852288006, 39.28859814559384], [-76.18387497701747, 39.288071826090466], [-76.1842476853339, 39.28753050691388], [-76.18453444194563, 39.28710948317092], [-76.18501359164009, 39.286524922972845], [-76.18555792488819, 39.285776029590046], [-76.18581009186991, 39.2852778609944], [-76.18620383693366, 39.284753179009684], [-76.18670366045608, 39.284218195566154], [-76.18723867997129, 39.283694428325475], [-76.18788697165395, 39.28314943114394], [-76.1883788576625, 39.28270225356569], [-76.18875003704633, 39.2823147323071], [-76.18910648316117, 39.281987499719136], [-76.18971762771022, 39.28162901100175], [-76.19045587129554, 39.28127680283218], [-76.19104498735719, 39.28100054991123], [-76.19148292504134, 39.28101438302617], [-76.19190706370442, 39.280995175619466], [-76.19232433025557, 39.28095395021963], [-76.19299790053034, 39.28071117962819], [-76.19308326833011, 39.2806513160473], [-76.19318335412748, 39.28053114996887], [-76.19325543135263, 39.28038330817382], [-76.19311677998178, 39.28010777558851], [-76.19291476684069, 39.27980436939548], [-76.19276046502097, 39.279688026312115], [-76.19252029953145, 39.27968096429497], [-76.19237772611606, 39.27981186599571], [-76.19218480662059, 39.28003579361638], [-76.1919643501684, 39.280182650834995], [-76.19142707588182, 39.280212106518036], [-76.19101043365978, 39.2801874139771], [-76.19062967464177, 39.28010802452382], [-76.19027704726518, 39.280039817610756], [-76.18983397211592, 39.27982820609214], [-76.18956154273467, 39.27950236024922], [-76.18964926232383, 39.279200848373385], [-76.18972235734017, 39.27894868015464], [-76.189457074057, 39.27861739177294], [-76.18904412121583, 39.2782137383092], [-76.1888351991319, 39.27789928975236], [-76.18880961062102, 39.27762449770611], [-76.18844391635031, 39.277446340412006], [-76.18816303292391, 39.27726874870274], [-76.18806689252727, 39.27698249986824], [-76.18834672582311, 39.27653942880938], [-76.1887392869073, 39.27613006882875], [-76.18910241289461, 39.275841342526796], [-76.18948562072009, 39.27566809365737], [-76.18976031744916, 39.2757522613214], [-76.1900260274321, 39.276039621548435], [-76.19023416079521, 39.27643644980449], [-76.1905980144179, 39.276801320894094], [-76.19104852582109, 39.27697454331832], [-76.19153606039039, 39.2769722263085], [-76.19217222032515, 39.27694343404775], [-76.1923544247159, 39.277098407964765], [-76.19236631571533, 39.27732915826407], [-76.19220808646119, 39.277619246236675], [-76.19209267091348, 39.277865657386634], [-76.19227387547934, 39.278124989030225], [-76.19265277318809, 39.278396584597516], [-76.19294008406033, 39.278645615928276], [-76.19297291389071, 39.27890398995272], [-76.19309111691075, 39.27910247795434], [-76.19313855963584, 39.279311501457094], [-76.19319291310043, 39.279537056418754], [-76.1934243245075, 39.27971980816176], [-76.19354158878807, 39.28001717629426], [-76.1936024271907, 39.28030317422476], [-76.19372811856692, 39.2804577812155], [-76.19385496876988, 39.28049156392223], [-76.19442931832488, 39.28028108788132], [-76.19490410669863, 39.28013586841766], [-76.19555536821161, 39.28000829110007], [-76.19608498615705, 39.280039193185864], [-76.19680996791384, 39.28032949453406], [-76.19735182540501, 39.28055819057044], [-76.19792307307732, 39.280671747354404], [-76.1985657925103, 39.28069787978233], [-76.19918098127474, 39.280646935376275], [-76.19977731080812, 39.28035418772026], [-76.2002415511638, 39.279829894408664], [-76.2005506937924, 39.27927165674334], [-76.20091792148729, 39.27854900539495], [-76.20134118788624, 39.27787615681129], [-76.2017378839157, 39.277021875806696], [-76.20191953494425, 39.27649575789699], [-76.20205886364482, 39.27595839086657], [-76.2020804510594, 39.275173112508035], [-76.20200340704908, 39.274359715610245], [-76.20197400069824, 39.273738880576104], [-76.20195105233599, 39.27317847891171], [-76.20175174402223, 39.27258950890076], [-76.20165178937887, 39.27195723573035], [-76.201649527421, 39.27145188723442], [-76.20207274081933, 39.270779057422196], [-76.20255093650294, 39.27026580988075], [-76.20307849640805, 39.269763901413846], [-76.20369796564484, 39.269251588782495], [-76.20412549993969, 39.26886436101868], [-76.20443383138962, 39.26838300676197], [-76.20480531979388, 39.26794597156019], [-76.20518994426257, 39.26761340781392], [-76.20551767662766, 39.26731891429712], [-76.20586709701867, 39.26697510791868], [-76.20602514840638, 39.26669600345775], [-76.20592882655005, 39.26642076965507], [-76.20573301268274, 39.26621078617317], [-76.20560721800024, 39.266067171945416], [-76.20545244546332, 39.266000283922125], [-76.20529652038789, 39.26605420454554], [-76.20519450950084, 39.266383097264175], [-76.2051277691668, 39.266717710872804], [-76.20500586239285, 39.26690917565723], [-76.20456670659317, 39.26703268810215], [-76.20414355248363, 39.266958570090026], [-76.20375569048667, 39.26688467524899], [-76.20331179068398, 39.266766484374756], [-76.20296020894638, 39.266593956539815], [-76.20283670227293, 39.26620868788614], [-76.20296084495362, 39.26578105887196], [-76.20284571147691, 39.265258533653025], [-76.2025880144663, 39.26487239315052], [-76.2026835233473, 39.264483033809796], [-76.20295403213049, 39.26426508931122], [-76.20379840627675, 39.26386954072104], [-76.20421791861611, 39.263581129044375], [-76.20434800994063, 39.26326888429149], [-76.20422948981529, 39.26310335450306], [-76.20404003422355, 39.262970312073506], [-76.20388619683284, 39.262804565968224], [-76.20389644391528, 39.26246958521945], [-76.2040966963584, 39.26220722225256], [-76.20414999340422, 39.261801123354324], [-76.20419486515098, 39.261537768835694], [-76.20422535127679, 39.261301772961616], [-76.20407068923262, 39.26122390202919], [-76.20396433858446, 39.26126716096414], [-76.20383693861254, 39.261293792373905], [-76.2034708760326, 39.261159628780206], [-76.20307710401936, 39.26097034619555], [-76.20275393150264, 39.26078701206852], [-76.20233995727699, 39.26049324383916], [-76.20216598864076, 39.26021749810026], [-76.20221253215226, 39.259778385143846], [-76.20223743345194, 39.25938858921555], [-76.20220678383276, 39.2588940536962], [-76.20214746807454, 39.258448769049316], [-76.20200220330658, 39.258123776016184], [-76.2016790209084, 39.25794045392053], [-76.20134001199155, 39.25793825035483], [-76.20120031767664, 39.25777257442874], [-76.20127454187532, 39.25739407253538], [-76.2015951973126, 39.25709954721002], [-76.20183861380514, 39.256755089026036], [-76.20180672181591, 39.256397874203586], [-76.2017601935758, 39.256089988702975], [-76.20133484488201, 39.25551053131754], [-76.20100611718357, 39.255167857881275], [-76.20058502740257, 39.25488503780927], [-76.20002896754676, 39.25468371410292], [-76.199635752489, 39.25443950580148], [-76.19926796334707, 39.254492053152525], [-76.19883009303655, 39.254489228999454], [-76.19838807610269, 39.25417878502108], [-76.19806582256251, 39.2539020614597], [-76.19768644964498, 39.253690886455026], [-76.19741106211147, 39.253683613134214], [-76.19699219655911, 39.25390608625929], [-76.19694784673354, 39.254114504617256], [-76.19689524408545, 39.254443730904335], [-76.19675224846188, 39.25462405574764], [-76.19663794952007, 39.25476062263166], [-76.19654516433101, 39.25485889645001], [-76.19618156133829, 39.255213544708944], [-76.19610270093446, 39.25533386063235], [-76.19586858559836, 39.255442213511635], [-76.19564973084232, 39.25542981383836], [-76.19530241430571, 39.25555937591689], [-76.19503887914406, 39.25578833782681], [-76.1948598772473, 39.25603982285449], [-76.19462507649665, 39.25621955999538], [-76.19420024972406, 39.25632663788796], [-76.19386021942272, 39.25642878531089], [-76.1936338017503, 39.256471265367786], [-76.19344983666157, 39.25650301531738], [-76.19325877578042, 39.25654022002141], [-76.19336608223605, 39.25639811487607], [-76.19350909852088, 39.25621779320425], [-76.19355964402696, 39.25610277848445], [-76.19372235407775, 39.25607637603798], [-76.19387890438063, 39.25595655525743], [-76.19395073906064, 39.25583070002127], [-76.19410664077986, 39.25577679170545], [-76.19432705501124, 39.255624418061565], [-76.194420138441, 39.2554932207611], [-76.1946398385117, 39.255417740396936], [-76.19482457435494, 39.255303601511436], [-76.19488269625214, 39.25513369847191], [-76.19511075963817, 39.25492099059641], [-76.1954008247451, 39.254873428935085], [-76.19546632630234, 39.25467062634469], [-76.19552486681445, 39.254456795749896], [-76.19560456534647, 39.254248601699096], [-76.19560730880134, 39.253963014958465], [-76.19578027401941, 39.253601631709756], [-76.1958609642915, 39.25328908025838], [-76.19559074746078, 39.252743552324354], [-76.19514349963701, 39.252246320986266], [-76.19496987775047, 39.25193760058623], [-76.19484053741755, 39.25143144410752], [-76.1947804023958, 39.251074056078245], [-76.19460638525052, 39.25080925815549], [-76.19434033121283, 39.25056586626227], [-76.1941232048154, 39.250377696628796], [-76.19400418612508, 39.25026706672567], [-76.19384382606708, 39.2501787070938], [-76.19361789977314, 39.250052122186396], [-76.19346811108942, 39.24995440301999], [-76.19319003399994, 39.2497807764168], [-76.19303316659177, 39.24968313200271], [-76.1927486530733, 39.24955904498676], [-76.1924719369315, 39.249489871293164], [-76.1922808032868, 39.24947496621308], [-76.19243138428463, 39.249633163309504], [-76.19272994565752, 39.249751628637085], [-76.19287945855845, 39.24982736066538], [-76.19302197537996, 39.24990863554853], [-76.19300968373192, 39.25005167697156], [-76.19275707567739, 39.25020225195737], [-76.19252807445024, 39.25029811201288], [-76.19237533929237, 39.2503387975408], [-76.19211032460545, 39.25035617267347], [-76.19200069869974, 39.25036730856118], [-76.19186987884156, 39.25036925288923], [-76.19165548691585, 39.25036777812165], [-76.19137298382697, 39.25028669437758], [-76.1913145223666, 39.25021426994945], [-76.19117065088565, 39.2500285223162], [-76.19096263969341, 39.24980483897808], [-76.19083377906082, 39.249684955306265], [-76.19066271737286, 39.24958191318815], [-76.19042134364926, 39.24951243690777], [-76.19011798886604, 39.24956996326171], [-76.18999642794348, 39.24946650010392], [-76.19003583434004, 39.24923523092817], [-76.18998455491037, 39.249098213627], [-76.18984069061594, 39.248912486690024], [-76.18971861046714, 39.248770556696556], [-76.18954653547951, 39.24859054237007], [-76.18941055390171, 39.24846521513902], [-76.18931661707244, 39.24831205133052], [-76.18908718824719, 39.24807204493377], [-76.18890076716448, 39.247875664574984], [-76.18876484936706, 39.24775582560662], [-76.1886360713795, 39.24764145024262], [-76.18841384524619, 39.2474123712925], [-76.18826407902034, 39.247314631055914], [-76.188107219697, 39.24721697694699], [-76.18783017836508, 39.247120310563865], [-76.187673023496, 39.24700064561573], [-76.18758624623955, 39.24685292300036], [-76.1875125457587, 39.24662260872567], [-76.18741733332173, 39.24637048467681], [-76.18728727882817, 39.246157144275195], [-76.18712213883452, 39.245966075703905], [-76.186971792297, 39.24582437419515], [-76.1867022465078, 39.24576064198992], [-76.18653510506772, 39.245959952251106], [-76.18626063112086, 39.24606119994665], [-76.18595742725459, 39.24612968411779], [-76.18576000809786, 39.246175298221644], [-76.18549894330326, 39.24622143266912], [-76.18524482518075, 39.24625653977024], [-76.18491314022839, 39.246308771846785], [-76.18465173856555, 39.246327428038676], [-76.18437615789425, 39.24634618440423], [-76.18419962097462, 39.246364138640246], [-76.18398778026432, 39.246387886533014], [-76.1837902021058, 39.24642251144164], [-76.1835007155139, 39.246457891845836], [-76.18330322539026, 39.24649800705418], [-76.18307017096453, 39.24652192395266], [-76.18280091712778, 39.246480153726615], [-76.18260898667745, 39.246404763838854], [-76.18228903641764, 39.2462699699849], [-76.18201254036308, 39.246217263421435], [-76.18172963213404, 39.24621410570137], [-76.18147528943268, 39.246232682610234], [-76.18117896666149, 39.246284600950304], [-76.18093267645835, 39.24638009556097], [-76.18079266324155, 39.24649121440032], [-76.18067388080816, 39.24660215566455], [-76.18058026377915, 39.24647097348438], [-76.18045715326271, 39.246246574764946], [-76.18032831598634, 39.24612667387947], [-76.18020654934958, 39.24600672617788], [-76.1799930117217, 39.24589850898736], [-76.17973710864672, 39.245796158387655], [-76.17941821750065, 39.24574379653083], [-76.17918551431619, 39.24579518929083], [-76.17887572490056, 39.24590221005503], [-76.1786996569015, 39.2459586394863], [-76.17842461072783, 39.24601587308784], [-76.17814948550237, 39.246067609318196], [-76.17784506172396, 39.24604262716646], [-76.1775393776092, 39.245918679108144], [-76.17728370809617, 39.24583281709054], [-76.17710616057182, 39.2457737898491], [-76.17685075785846, 39.245709890631964], [-76.17651078055772, 39.24566870082486], [-76.17624966725408, 39.24570933129617], [-76.1760100982459, 39.2457772634325], [-76.17582709435455, 39.245844764175324], [-76.17554447178973, 39.245863557541526], [-76.17524636855767, 39.24577803982328], [-76.17496954910959, 39.24569781551699], [-76.17479278222125, 39.245699277860325], [-76.17451729587306, 39.24572352757155], [-76.17424165501465, 39.2457367777043], [-76.1739241104432, 39.245788852941836], [-76.1736276942472, 39.24583526591958], [-76.17335968996701, 39.245892432835575], [-76.17307013240823, 39.24592229182228], [-76.17288544507403, 39.24585781670923], [-76.17263748400445, 39.24582136255232], [-76.17237775500467, 39.24597192296769], [-76.17220377558866, 39.24619327406762], [-76.17221483115486, 39.245951272836834], [-76.17230514597689, 39.245824068787186], [-76.17251559519681, 39.24569040362014], [-76.17281207786813, 39.2456495032094], [-76.17311610818447, 39.24564699941422], [-76.1732926738502, 39.24562906516972], [-76.17358860405761, 39.2455441913772], [-76.1738353263504, 39.245481684033756], [-76.17411716648257, 39.24540240205434], [-76.17441322874235, 39.24532851092671], [-76.17468842673132, 39.245282272928975], [-76.17500618420351, 39.24524669157128], [-76.17529631129419, 39.24526080445685], [-76.1754950051603, 39.24531414482173], [-76.17570733185919, 39.24532889982026], [-76.17594207511765, 39.245436947444645], [-76.17613959398737, 39.2453968476304], [-76.1762866490977, 39.24528568183702], [-76.17643415426399, 39.24520749327063], [-76.17673974405564, 39.245325951464444], [-76.17698870764508, 39.24543936567697], [-76.1771594082103, 39.24551494304823], [-76.17745686555371, 39.24555098551419], [-76.17773928509925, 39.24551567143903], [-76.17802876360629, 39.24548031073467], [-76.178345482626, 39.24536225560878], [-76.17849298958893, 39.24528405877937], [-76.17875282728487, 39.24514446733289], [-76.1790487467125, 39.245059559560474], [-76.17919624918383, 39.24498139022158], [-76.17935094895724, 39.244914146752265], [-76.17949835441051, 39.2448304582632], [-76.17962437816341, 39.24473044992165], [-76.17979306740071, 39.244652086115146], [-76.18002514176447, 39.24455121971776], [-76.18022984715647, 39.24452204263209], [-76.1805263181497, 39.24448110745062], [-76.18079494316575, 39.24447341227386], [-76.18109925555308, 39.244492876665575], [-76.18136173070268, 39.24455671229112], [-76.18165250637699, 39.24462028001323], [-76.18195018560426, 39.24467280411157], [-76.18213472381814, 39.24472625971432], [-76.18241269041482, 39.244894420894475], [-76.18255524945714, 39.24498120447004], [-76.1828259316152, 39.2451329166761], [-76.18296882393248, 39.24524719942927], [-76.18312587549529, 39.245361372772116], [-76.18334673079947, 39.24548600776915], [-76.18354477428532, 39.24548986608533], [-76.18386233412815, 39.245437742622876], [-76.18411644236922, 39.24540266711386], [-76.184399147579, 39.24538934247872], [-76.18469589076174, 39.24537038967137], [-76.18497865975195, 39.24536255823599], [-76.18526856675537, 39.24536015113212], [-76.18544506235251, 39.245336702040184], [-76.18573430909423, 39.24528482126166], [-76.18602286592977, 39.24517796165275], [-76.18619056702029, 39.24502263191397], [-76.18637156497361, 39.24480121450647], [-76.18648884452553, 39.24457480960421], [-76.18657105834032, 39.24437071035085], [-76.1866044163801, 39.24421648638847], [-76.1866302716906, 39.244029346063414], [-76.18636185328708, 39.244053552522445], [-76.18610066542328, 39.24408870801677], [-76.18580376952694, 39.24409666621308], [-76.18555580755906, 39.24406021601081], [-76.18523688676858, 39.24400789599192], [-76.18495328593843, 39.24394975911332], [-76.18468280859626, 39.24381452433099], [-76.18454004743299, 39.243711248177235], [-76.18442484837928, 39.243552767090414], [-76.18435135451094, 39.243338950597675], [-76.18434239381598, 39.24319057255814], [-76.18433954166495, 39.24297066394641], [-76.18438589383531, 39.24272836495953], [-76.18441884493825, 39.2425411726593], [-76.18447974352799, 39.242331718060576], [-76.18454753668753, 39.24210574210379], [-76.18461532625382, 39.24187976194036], [-76.18465484404148, 39.24165400924885], [-76.1847166175903, 39.24151056804503], [-76.18471390377984, 39.24130163773605], [-76.18461920248427, 39.24108800014321], [-76.1845811480522, 39.240879395573124], [-76.18443747509892, 39.24070464444963], [-76.18432992430152, 39.24059008573881], [-76.18423545027973, 39.24039292119974], [-76.18415532594626, 39.24021214996747], [-76.1840967521965, 39.240058680792366], [-76.18401721446291, 39.239921889075866], [-76.18388031660349, 39.239725088623594], [-76.18378561710458, 39.239511451099695], [-76.18365643128189, 39.23936407241612], [-76.18347004343683, 39.239167660718245], [-76.18338943131819, 39.23894842133789], [-76.18333115311412, 39.23881694375631], [-76.18318677139008, 39.23858720701604], [-76.18307929335624, 39.23847814207132], [-76.18285786402859, 39.23830403341889], [-76.18273567608196, 39.23815109511379], [-76.18258491991267, 39.23797639563847], [-76.18244201771388, 39.23786211147583], [-76.18227128480932, 39.23778105014965], [-76.18199426863019, 39.237684367283315], [-76.18173132994991, 39.23758207149187], [-76.18141932618711, 39.23751316638204], [-76.18111494552784, 39.23748819092437], [-76.180846127374, 39.23747941027047], [-76.18054961954985, 39.237514852239045], [-76.18029587153323, 39.23757740355792], [-76.18002863980419, 39.237689573041], [-76.17980895410652, 39.237652889209116], [-76.17957996006587, 39.23744034330508], [-76.17944980406267, 39.23721598944714], [-76.17934763327551, 39.2369694242502], [-76.17926066827117, 39.23680519540379], [-76.1791109298931, 39.23670745708505], [-76.17886141114482, 39.23655006994746], [-76.17905952469927, 39.236559431695675], [-76.17927719278083, 39.236442191625116], [-76.17927429571404, 39.236216792288694], [-76.17913722088652, 39.236003495453964], [-76.17907188192433, 39.235872065233366], [-76.17925597547213, 39.23589255690854], [-76.17937772773584, 39.23601250938139], [-76.17942262822869, 39.236204564554036], [-76.17943154221126, 39.23634744815156], [-76.17942064924013, 39.23660045847273], [-76.17943012377143, 39.236787321518854], [-76.17953908582213, 39.237011826339774], [-76.17963956059002, 39.23712646255881], [-76.17985456157349, 39.237350111188036], [-76.18014528514551, 39.237413703531075], [-76.18034245636724, 39.23735160223216], [-76.18058185918709, 39.23727265547211], [-76.18077967899242, 39.237260022980344], [-76.18101983729544, 39.23724157380512], [-76.18131679427722, 39.237239101715446], [-76.18151487998388, 39.23724847867877], [-76.18173427911898, 39.237263172754226], [-76.18203206165252, 39.23732668724935], [-76.18219574907033, 39.237407797108865], [-76.18234522603866, 39.237483542465824], [-76.18253759846013, 39.23759741813132], [-76.1827212662065, 39.23758490745815], [-76.1828044205574, 39.23745225285602], [-76.18289447846126, 39.23730856301837], [-76.18305490229963, 39.23713681640722], [-76.18315238028775, 39.237020533299784], [-76.18333490358044, 39.2369200643505], [-76.18350311042245, 39.236803224260115], [-76.18362816309651, 39.23663175054974], [-76.18376708396195, 39.23643816860643], [-76.18384906421477, 39.23621755486955], [-76.1839388499291, 39.23605187633028], [-76.18395819514875, 39.2359087625206], [-76.18391400432496, 39.23577166908902], [-76.18377724480612, 39.2355858811192], [-76.18361335167411, 39.23548825521185], [-76.18345005322684, 39.23543462070835], [-76.18313224095739, 39.235464754810124], [-76.18288509915136, 39.23548877566476], [-76.18261645077914, 39.235490983414884], [-76.1823613615778, 39.23544911338365], [-76.18216240630194, 39.23537378887294], [-76.18201280087452, 39.235287038637914], [-76.18187598386349, 39.235095733109844], [-76.18176138398606, 39.23498122855747], [-76.18163120462667, 39.23475687796871], [-76.1815859618757, 39.23453731795601], [-76.18145663681413, 39.23437895669585], [-76.18140459830803, 39.23418143862674], [-76.18145138705961, 39.23397212954092], [-76.181561376783, 39.23372930544824], [-76.18163024253099, 39.233585795159264], [-76.18170558962376, 39.23339822638148], [-76.18181015262451, 39.233281917595015], [-76.18191364213851, 39.23308311822284], [-76.18204640505266, 39.232961067026295], [-76.18220022537541, 39.23282785537644], [-76.18238969713681, 39.232716334279154], [-76.182543296474, 39.23256660614381], [-76.182662063636, 39.2324556614684], [-76.18282994169462, 39.23231683216687], [-76.18305455195669, 39.232188513730044], [-76.18325134678429, 39.23209892336896], [-76.1832601987831, 39.23223630300244], [-76.1830716091673, 39.2324137910175], [-76.18293854891078, 39.23251385240532], [-76.18276309356274, 39.23261426851924], [-76.18255276831033, 39.23275346949588], [-76.18239182075413, 39.232881242769565], [-76.18217498900412, 39.23306446824988], [-76.18207774906956, 39.233197226474715], [-76.18197331901945, 39.23332454248622], [-76.18191853616018, 39.233462465933236], [-76.18178683864794, 39.23366697544545], [-76.18167642312312, 39.23387680868972], [-76.18165811276268, 39.23410238462443], [-76.18169638368873, 39.23432748738282], [-76.18170530036623, 39.2344703761946], [-76.18182110937605, 39.23467833115757], [-76.18192158414394, 39.23479296075236], [-76.18205167007855, 39.23501181720969], [-76.18220255111366, 39.235197511375596], [-76.18234571202723, 39.235333775150764], [-76.18265730436163, 39.23536970804211], [-76.182939948486, 39.23535636897683], [-76.18321490482816, 39.23529361598466], [-76.18351882465171, 39.23528561712937], [-76.18367529590284, 39.23535579425097], [-76.18393135618301, 39.235474635764575], [-76.18405997876201, 39.23557803606722], [-76.18421801936995, 39.23576915867908], [-76.18424126507456, 39.23592841436855], [-76.18420205001915, 39.236176159797864], [-76.18414115232773, 39.23638558963729], [-76.18405100549063, 39.236523787467554], [-76.18389753551087, 39.23668450188808], [-76.18372969338488, 39.23682884286182], [-76.18363248399305, 39.23696709617698], [-76.18346473708844, 39.2371169318126], [-76.18330431414839, 39.237288704216105], [-76.1831867022198, 39.23748760230052], [-76.1831119111842, 39.237719144687425], [-76.18321974854416, 39.23785569300522], [-76.18334843490356, 39.23796460445712], [-76.18361915568916, 39.23812180613063], [-76.1837755676515, 39.238186498475905], [-76.18403141682757, 39.23828883930651], [-76.18416710914785, 39.2383921846709], [-76.18431001404157, 39.23850646518701], [-76.18449519365255, 39.238609389294936], [-76.18463072517442, 39.23870173073072], [-76.18473205963004, 39.23888234304751], [-76.18481940462175, 39.23907405222622], [-76.18496244875433, 39.239199315530534], [-76.18511942036707, 39.23930797372903], [-76.18535428849137, 39.23942700962102], [-76.18553970346096, 39.23954642449605], [-76.18571824272536, 39.239682392479686], [-76.18588221670575, 39.23978551106392], [-76.18606717533117, 39.23987193290908], [-76.18620979276399, 39.23996422258919], [-76.18646617374272, 39.2401050634702], [-76.18666580904325, 39.240229851826435], [-76.18675934252894, 39.240355532600816], [-76.1869091913998, 39.24045875386138], [-76.18703080532298, 39.24056771136558], [-76.18717529035327, 39.240802937270445], [-76.1872699125971, 39.241011082880874], [-76.18731519756888, 39.24123061776431], [-76.18717564967939, 39.24137473857725], [-76.1870356562255, 39.24148584169143], [-76.18687489372226, 39.24163013660873], [-76.18659328355878, 39.24172594715666], [-76.18675755577983, 39.24185103040182], [-76.18705473284888, 39.241865059091644], [-76.18734425806831, 39.24183516498273], [-76.18751325363114, 39.24177879484975], [-76.18773821962606, 39.24167796676005], [-76.1879220328995, 39.24167643267253], [-76.1879451905692, 39.24182468868363], [-76.1880607525423, 39.24201066676335], [-76.18835100629543, 39.24203574984028], [-76.1886343268512, 39.24207189149589], [-76.1888467137372, 39.242092116983855], [-76.18910898496924, 39.24213941528499], [-76.18937237819706, 39.242274669994366], [-76.18955051052465, 39.242377658841924], [-76.18967291586358, 39.242547089780864], [-76.1897807684949, 39.24268365026881], [-76.18983946441557, 39.24284809702871], [-76.18992647343737, 39.24301231799047], [-76.18999219238691, 39.24317122398969], [-76.19005797871012, 39.243335618819316], [-76.19023703450581, 39.243510061449086], [-76.19035895205954, 39.24364100775516], [-76.19051023194665, 39.24385416379431], [-76.190654016291, 39.24403440177307], [-76.1907693069729, 39.24419838898291], [-76.19092036228119, 39.24439507670403], [-76.190929861067, 39.24458193359807], [-76.19095364845572, 39.24477965822885], [-76.1909342457439, 39.2449172773986], [-76.1908801914183, 39.245110165292594], [-76.19081205420402, 39.24530867039576], [-76.19082093045733, 39.245446040860465], [-76.19078822818773, 39.24564973000496], [-76.19077588533573, 39.24578730224768], [-76.1907641048291, 39.245968829239935], [-76.19087909547366, 39.24611080594902], [-76.1909938839973, 39.24623631200463], [-76.1911154476148, 39.246339775058104], [-76.19131636391295, 39.24656351327636], [-76.19144537546248, 39.24669440101013], [-76.1915882471185, 39.24680318047379], [-76.19172380469152, 39.246895509732184], [-76.19188079786383, 39.247004165053184], [-76.19206614456145, 39.24711808161372], [-76.1922299388788, 39.24720469269285], [-76.19248629111141, 39.247339991897555], [-76.19263580131742, 39.2474157223561], [-76.19293399438104, 39.24750670676694], [-76.19323090734537, 39.2474987329571], [-76.19342848730054, 39.24746409118793], [-76.19364039179122, 39.247445821397505], [-76.19395079655281, 39.247388252952014], [-76.19429020252504, 39.24738543199122], [-76.19450963310116, 39.247400084289886], [-76.19481446112148, 39.24745801865015], [-76.19509833593779, 39.247532610859885], [-76.19538181459703, 39.24757973853094], [-76.19567322807521, 39.24769275813153], [-76.19584402026861, 39.24777379826483], [-76.19602297096141, 39.24793724871883], [-76.19613790770705, 39.24807373331965], [-76.19639556698844, 39.24830800394859], [-76.19651130143808, 39.24850496397581], [-76.19660647973903, 39.24875158393305], [-76.19666586197259, 39.248965502187545], [-76.19682386934285, 39.24915111628766], [-76.19698061098688, 39.24923777146504], [-76.19726563025688, 39.24940033363427], [-76.19742241142677, 39.24949248069051], [-76.19766478946686, 39.24963889896321], [-76.19787852202913, 39.249758086367], [-76.19811974303911, 39.24981652869119], [-76.19842605327965, 39.24998439940709], [-76.19884649178206, 39.25009161064712], [-76.19926576337295, 39.25027925235732], [-76.19947658449539, 39.25039045545261], [-76.19973029568109, 39.25044702109712], [-76.20012557147408, 39.250471544641854], [-76.2005705474585, 39.250468916498484], [-76.20084724293906, 39.25033888380083], [-76.2011731436393, 39.2502311477258], [-76.20141368192967, 39.250188751539795], [-76.2015904299534, 39.25011571136238], [-76.20187793486176, 39.2500376339192], [-76.20206202661294, 39.25001118605866], [-76.20228142125647, 39.249990427900265], [-76.20247957343847, 39.24996956886658], [-76.20267765285692, 39.249959684388514], [-76.20287551488309, 39.249971768508864], [-76.20306577536533, 39.250038781043344], [-76.2032062628926, 39.25013297176849], [-76.20338224285676, 39.250216380541296], [-76.20358158530651, 39.2502469055075], [-76.20372529688737, 39.250206791052236], [-76.20385928151029, 39.250125647991965], [-76.20404921141251, 39.250047088475625], [-76.2043305233353, 39.24992924486216], [-76.20446289638062, 39.24977967241879], [-76.20456737583805, 39.24965782418231], [-76.20475545610908, 39.24944181620723], [-76.20476027377396, 39.24927134174352], [-76.20458290770932, 39.24922885523756], [-76.2042919793214, 39.24915434065857], [-76.2040288052825, 39.24904109106353], [-76.20389286592551, 39.248921286782604], [-76.20373504001493, 39.24875217663636], [-76.20361915375001, 39.24854422791288], [-76.20353080354352, 39.248281060817376], [-76.2035071176644, 39.248094325780855], [-76.20351813190811, 39.2478578143808], [-76.20350806987861, 39.247632463549294], [-76.20344940450066, 39.247473536351904], [-76.20339006987783, 39.247265096863956], [-76.20339452641996, 39.24706712670874], [-76.20342705621302, 39.24685242280645], [-76.20355848512898, 39.24663138823513], [-76.20360587305684, 39.24647154533642], [-76.20363160978974, 39.24627890745913], [-76.20369941372907, 39.24605841023844], [-76.20370336182475, 39.245821953889], [-76.20365788641011, 39.245591418477055], [-76.20352791995144, 39.24538908228898], [-76.20345423025036, 39.24516427103842], [-76.20343710386946, 39.24493900199307], [-76.2033153947249, 39.244824567075135], [-76.20320714234327, 39.24466055558829], [-76.20309249305849, 39.244546047167276], [-76.20329679600525, 39.24448934736228], [-76.20350739254889, 39.24437209967287], [-76.2036900703518, 39.244282605570895], [-76.20396453980707, 39.244181317044074], [-76.20410412003592, 39.24404269321965], [-76.2043643008883, 39.243930522067735], [-76.20455390470205, 39.24382997465925], [-76.20469378586652, 39.243713331832005], [-76.2047450239737, 39.24384485380639], [-76.2045710751004, 39.24406073640013], [-76.20440285388536, 39.244172138588056], [-76.20424138710293, 39.24426145194751], [-76.20409398164963, 39.244345168247975], [-76.20392648717164, 39.244511527079155], [-76.20379343589828, 39.244611615042906], [-76.20379657820513, 39.24484800172854], [-76.2039054674923, 39.24506151794966], [-76.20393555117285, 39.24519871149585], [-76.20405139970855, 39.24540117415379], [-76.20423682366129, 39.24552055798816], [-76.20436556122463, 39.24562942832104], [-76.20452358386626, 39.245815036641076], [-76.20466697564687, 39.24596228072158], [-76.20478892374332, 39.24609319253505], [-76.20491053047996, 39.24619664049459], [-76.20510426115413, 39.2464094193588], [-76.20524679055205, 39.24649069750739], [-76.20535511300228, 39.24666022147212], [-76.20538520836094, 39.2467974111955], [-76.20535240727664, 39.24699012278195], [-76.20521205808993, 39.24707378921516], [-76.2050794029736, 39.247201361793806], [-76.20494671192465, 39.24732894874956], [-76.20492134799261, 39.24754908857395], [-76.20507836272449, 39.24765772688193], [-76.20523568737515, 39.24778834682739], [-76.20537149378148, 39.247897163551855], [-76.20550715645737, 39.24799497115214], [-76.20564988977287, 39.24809274870226], [-76.2059698939316, 39.24822747853], [-76.20609187796065, 39.248358408376596], [-76.20619238237296, 39.248473016314364], [-76.20637901905133, 39.24868038228441], [-76.20650081802744, 39.2488002996739], [-76.20663664419672, 39.248909113436866], [-76.2067796586849, 39.24902885512937], [-76.20695753050103, 39.24910982554428], [-76.2072404513065, 39.24911293026398], [-76.20742461671954, 39.24913337494069], [-76.20760152733833, 39.24914286788014], [-76.20765276364887, 39.2492743831514], [-76.20752680367637, 39.249374422579024], [-76.20735826805097, 39.249463815574885], [-76.20720379105977, 39.249547591057166], [-76.20691547676934, 39.24967098313698], [-76.20664072344643, 39.24975028881281], [-76.20649367552262, 39.249861492051245], [-76.20643936248223, 39.25003239707802], [-76.20643407499846, 39.25008731571724], [-76.206447900969, 39.250341919597254], [-76.20639655236904, 39.250544824445555], [-76.20623920436218, 39.25075252654489], [-76.20613146132533, 39.25094408502337], [-76.20597493707359, 39.25106392132613], [-76.20583355123104, 39.251079480663876], [-76.20572755092581, 39.25108429587025], [-76.2055780568895, 39.251209673375996], [-76.20554700302843, 39.251506075220256], [-76.20563623987213, 39.25178128132726], [-76.20598101956638, 39.25191528896123], [-76.2063682859803, 39.25204411529848], [-76.20673405660781, 39.252200248239156], [-76.20710632115649, 39.252422325390874], [-76.20752118651089, 39.25261721760173], [-76.20783074236454, 39.252745531367594], [-76.2080699924708, 39.25284042033822], [-76.20840758115119, 39.252990891949196], [-76.20879375701037, 39.25323502947383], [-76.2090380493603, 39.2535441650079], [-76.20914874066794, 39.25379203395115], [-76.20935740852866, 39.254133896772466], [-76.20963603448875, 39.25454762773127], [-76.20991539167748, 39.25488445698299], [-76.21022446154257, 39.255067675078195], [-76.21051240123553, 39.25524526392623], [-76.21079243126242, 39.25551070660726], [-76.21099464113456, 39.25579209749782], [-76.21110433800717, 39.256144318999766], [-76.21128378906157, 39.25659034238568], [-76.2112447761271, 39.25698558147943], [-76.21111373079177, 39.25740216068558], [-76.21083443199353, 39.257812340248044], [-76.21066094126103, 39.258234150770726], [-76.21046605984498, 39.25867780359962], [-76.21044262729079, 39.25891933662065], [-76.21041209984249, 39.25916080273154], [-76.21042420374262, 39.25937510099996], [-76.21047808469338, 39.2596555526861], [-76.21060853534397, 39.26005733978638], [-76.21073340925331, 39.26029980634674], [-76.21096439036737, 39.26052647556326], [-76.2111254924338, 39.26067030076469], [-76.21120098685027, 39.260906969961326], [-76.21114964813178, 39.26110985119217], [-76.21113406685318, 39.26126355599592], [-76.21131576728907, 39.261473417279014], [-76.21153379649336, 39.261573666741796], [-76.21167418790091, 39.26166794630181], [-76.2117857586592, 39.26182243931009], [-76.21166290236599, 39.26211824334534], [-76.21149731231641, 39.262452241605025], [-76.21128923914043, 39.262796956960266], [-76.21120876266735, 39.26309304552342], [-76.21136983688602, 39.26324236143725], [-76.21162906282925, 39.263469197104115], [-76.21185248731513, 39.263750750794706], [-76.21189307858955, 39.26394323008791], [-76.21163114422575, 39.26400197565474], [-76.21149008536995, 39.263979126762116], [-76.21131947463624, 39.26409336350012], [-76.2110414568356, 39.26436074513568], [-76.21074937321423, 39.2646225199919], [-76.21037264403859, 39.264872787499684], [-76.20985481917619, 39.26510016942075], [-76.20957817939119, 39.26522473595067], [-76.20929473037633, 39.26531630998592], [-76.20914584539777, 39.265375771458515], [-76.20906709728332, 39.26548511519877], [-76.2091013141125, 39.26560069039469], [-76.20931989218744, 39.26564601641722], [-76.20953861938271, 39.26567486200482], [-76.20990469453908, 39.26580902391127], [-76.21011449158212, 39.2660355515156], [-76.21030319977554, 39.266250951979494], [-76.21044313124567, 39.266394657634876], [-76.21084407989969, 39.26657847436638], [-76.21122438437015, 39.2667017210241], [-76.21151392306433, 39.26671454573014], [-76.21181762190233, 39.26672197766013], [-76.21210655872525, 39.26679520570537], [-76.21241659338094, 39.2668795606799], [-76.21262773610027, 39.266963286143046], [-76.21281043276781, 39.26706881478868], [-76.21287296808799, 39.267179066268724], [-76.21286505393034, 39.267272392439935], [-76.2127230455553, 39.2673483851252], [-76.21238380846634, 39.267362704987384], [-76.21217834759118, 39.2674273042904], [-76.21197881290196, 39.267612781191865], [-76.21187079318399, 39.26783180299845], [-76.21188240121408, 39.26810100919259], [-76.21191454113831, 39.268441744434725], [-76.21193289461789, 39.26874394730677], [-76.21183219886444, 39.26893555607967], [-76.2116822035682, 39.26911035856071], [-76.21137726146183, 39.26923474201232], [-76.21099524120916, 39.26929272161814], [-76.21062054492101, 39.26932329530648], [-76.2101760854679, 39.26926006293451], [-76.2096898992698, 39.26912513428397], [-76.20921157692374, 39.268902392324705], [-76.20888987584745, 39.268554314520465], [-76.20875815048745, 39.26828983020422], [-76.20852091350575, 39.2679752522611], [-76.20822598312326, 39.26778660844281], [-76.20790105529846, 39.26778454358563], [-76.20760362939609, 39.267859537018396], [-76.20722379923608, 39.267686831746694], [-76.2070193534572, 39.26764160371482], [-76.20675802904948, 39.2676344229484], [-76.20655399829225, 39.26754524228843], [-76.20630785900609, 39.26742831759869], [-76.20617411153839, 39.267378027027995], [-76.2060260772644, 39.26734413924029], [-76.20596230855733, 39.2673656913633], [-76.2059889436055, 39.26753613156966], [-76.20635343054046, 39.26784055898819], [-76.20672621162043, 39.268013213807215], [-76.20709311592181, 39.2680595049722], [-76.20767809613989, 39.268206029824334], [-76.20796006652779, 39.26826826306512], [-76.20832656029908, 39.26835847626838], [-76.20851599882283, 39.26849700403673], [-76.20868329387481, 39.268739741843206], [-76.20906911849274, 39.269027800558], [-76.2095396775981, 39.269321903001504], [-76.21015885218748, 39.26958950879474], [-76.21056001464054, 39.26975133527881], [-76.21096906699674, 39.26982533489226], [-76.21133679954481, 39.26978373015701], [-76.21176966354425, 39.269577774392], [-76.21236594277195, 39.26927398182251], [-76.21293503269096, 39.268854660719924], [-76.21375978763142, 39.26828867711947], [-76.21476383911607, 39.26743271091938], [-76.21526958163787, 39.26698553734082], [-76.21598448968706, 39.26607279080351], [-76.21640049949514, 39.265399836318295], [-76.21696679385698, 39.26451363046152], [-76.21746045942812, 39.26384117012027], [-76.2181087753653, 39.263246577663416], [-76.21872788976754, 39.26275615485836], [-76.21933345577867, 39.26219971750892], [-76.21957257293424, 39.26155311092919], [-76.21988360022833, 39.26076414543486], [-76.22008573733693, 39.26029304980709], [-76.22023199204833, 39.25975569972026], [-76.22035474862855, 39.259465375034466], [-76.22059696407354, 39.25924170788904], [-76.22092470901505, 39.25893619004374], [-76.22128795717325, 39.258608905302324], [-76.22157480810807, 39.25814383828559], [-76.22193407044134, 39.257481489614044], [-76.22223611997246, 39.25689568890755], [-76.22239523137222, 39.25657368037968], [-76.22243537438733, 39.25646991176023], [-76.22255697663239, 39.256322220916836], [-76.22264295348992, 39.256201793308776], [-76.22272911180714, 39.256064892567046], [-76.2228363967032, 39.2559336028818], [-76.22290828079055, 39.255807609181794], [-76.22298019182738, 39.25568161386421], [-76.22309469648339, 39.25553387823337], [-76.22320916700339, 39.25539165071038], [-76.22328110948125, 39.25526014343393], [-76.22335312112936, 39.25512316990253], [-76.22344621983045, 39.254997295780385], [-76.22351836981913, 39.25484384713056], [-76.2236116607597, 39.254695989395316], [-76.22369068735189, 39.254564532984325], [-76.22377034635801, 39.254361662026746], [-76.22392801775835, 39.254137225951034], [-76.22399289588482, 39.254005694062265], [-76.22404985087046, 39.253839021771626], [-76.22424746226666, 39.25355451991103], [-76.22425913587378, 39.253512624489474], [-76.2243904210593, 39.25332853350674], [-76.22441259597207, 39.25327824812332], [-76.2244745276244, 39.253162119767396], [-76.22453428804869, 39.253018456545355], [-76.22461137427985, 39.25289361094495], [-76.22466253243695, 39.252718054312474], [-76.22474877878906, 39.252570170530134], [-76.2247929965623, 39.25237809199233], [-76.22482281344321, 39.25221339906488], [-76.22485238149078, 39.25207618376362], [-76.22490325488194, 39.25192810593817], [-76.22496869176051, 39.25173614529022], [-76.22501238042604, 39.25159900070526], [-76.22507735197726, 39.251456485555494], [-76.22511428980344, 39.251286353372784], [-76.22514435461937, 39.251094202450176], [-76.22520965944558, 39.250918716441745], [-76.22523213709063, 39.25078147704216], [-76.2252829520913, 39.250638885797144], [-76.22532697852337, 39.25046879197821], [-76.22538482643441, 39.25033172560945], [-76.22541531345851, 39.25018920718848], [-76.22550290189368, 39.24986959289643], [-76.22558448419282, 39.24965345270412], [-76.2256141106309, 39.24946091678435], [-76.22563491381625, 39.24917011676938], [-76.22572363323033, 39.24893292725118], [-76.22580542573527, 39.24870684108175], [-76.22585955192608, 39.24852492116971], [-76.22595458469999, 39.24823275376758], [-76.22598002139556, 39.24802363269413], [-76.22602623253042, 39.24778133724923], [-76.22603034591612, 39.247561379724516], [-76.2260698062116, 39.24734108549887], [-76.2261089269439, 39.24709884404572], [-76.22613404204262, 39.24686219989208], [-76.22617370895061, 39.246658409220814], [-76.22622663858547, 39.246388536302426], [-76.22627308058735, 39.24616271533537], [-76.22633358661332, 39.24593123212356], [-76.22640146241787, 39.24572174660215], [-76.22643360952861, 39.24548507275703], [-76.22649383348357, 39.24523164297167], [-76.2265192773657, 39.24502249973132], [-76.2265588221028, 39.24480767617072], [-76.22665455017275, 39.24456491880018], [-76.22672924688524, 39.24433888185876], [-76.22678275503516, 39.24411300837583], [-76.22682906408636, 39.24387618161179], [-76.22691755353173, 39.24362251990672], [-76.2269357650775, 39.24340246933204], [-76.22697537988321, 39.24319315853558], [-76.22704294487068, 39.242961661348794], [-76.22708225245256, 39.24273036306983], [-76.22719236614347, 39.242503910435516], [-76.22732366570202, 39.24227735618996], [-76.22740641221777, 39.24212272271185], [-76.22750133000734, 39.2418250824667], [-76.22754046511268, 39.24158281709224], [-76.2276294630045, 39.24136200107252], [-76.22781019236159, 39.24113504448176], [-76.22786363044288, 39.24090378331559], [-76.22792404663731, 39.240666847616716], [-76.22797032065422, 39.24043002313233], [-76.22801676355442, 39.24020417880702], [-76.22809112429702, 39.239950581051126], [-76.22818036473397, 39.239751849972], [-76.22828330897057, 39.239520003292355], [-76.22842873004541, 39.23929332043566], [-76.22857369567437, 39.23903363846657], [-76.22871234165534, 39.23882344493435], [-76.22892906650583, 39.238640092557524], [-76.22915158638823, 39.238380014368005], [-76.22904959526413, 39.23813962818888], [-76.22877473863497, 39.23815298898953], [-76.2283609162246, 39.23838737555075], [-76.22802410458694, 39.23858831119022], [-76.22772023686566, 39.23862394880337], [-76.22750750053501, 39.238592791201185], [-76.2271384016494, 39.23849149237103], [-76.2268473924131, 39.23841699143194], [-76.22655511475563, 39.23824904780444], [-76.22627749401033, 39.2381139613622], [-76.22596309623731, 39.237880167378435], [-76.22579043015824, 39.23766714208094], [-76.22567450526574, 39.2374646139617], [-76.22558591251413, 39.237185071262324], [-76.22537148016423, 39.23700557895268], [-76.22510613040572, 39.23673294074029], [-76.22484830673265, 39.23650949539958], [-76.22497965120697, 39.236271533883894], [-76.22512658414642, 39.23614364919607], [-76.2254154652738, 39.23605314544594], [-76.22569770335967, 39.23599016277127], [-76.2259253095032, 39.23605980482373], [-76.22619054068409, 39.23631606619154], [-76.2262982971957, 39.23644158977265], [-76.22658434503666, 39.23668645911945], [-76.22689067054856, 39.23686518132242], [-76.22717433156582, 39.236939650512014], [-76.2274640175837, 39.23695361199774], [-76.22773674610396, 39.236753566449586], [-76.22787465546637, 39.236505170415086], [-76.227864536843, 39.23627996679652], [-76.22786141699402, 39.236049034735736], [-76.22788649795675, 39.235812352606715], [-76.2279400258696, 39.23558635217018], [-76.22807846793297, 39.23536517355342], [-76.22821679141875, 39.23513858512031], [-76.22830552161261, 39.23490702586738], [-76.22830936640202, 39.2346706286433], [-76.22832045790084, 39.234445121332506], [-76.22832045790084, 39.23444502044108], [-76.2283877992078, 39.23419704832873], [-76.22841325566633, 39.2339878833216], [-76.22848097157075, 39.23376734816063], [-76.22855593687953, 39.2335289967355], [-76.22875113180761, 39.23377594976017], [-76.22880376589676, 39.23400652261204], [-76.22885647274941, 39.234242462842275], [-76.22892316816768, 39.23446731327071], [-76.22897591454621, 39.234708764082555], [-76.22904986745367, 39.234944624717826], [-76.22901776346204, 39.235186932499026], [-76.22895704543367, 39.23540188015109], [-76.22893877909068, 39.2356164375014], [-76.22890670294683, 39.235858609371036], [-76.22891675599318, 39.23607836285248], [-76.22895425167313, 39.23623746337576], [-76.22901508199092, 39.23655033991094], [-76.22906070652589, 39.23678635855958], [-76.22911320766435, 39.23700588022442], [-76.22908795692003, 39.23723172232205], [-76.22891440959364, 39.237475262767866], [-76.2287123461469, 39.23769692942583], [-76.22854590539275, 39.23792354160199], [-76.22864683201324, 39.238092425294006], [-76.22896392563042, 39.23802925172242], [-76.2291779339755, 39.238164880329585], [-76.22941004427189, 39.23814096475613], [-76.22941411004686, 39.23792142855293], [-76.22949480750546, 39.23761271328038], [-76.22959171775832, 39.23745788166103], [-76.22971586313395, 39.23722589172404], [-76.22983358465699, 39.237043441073936], [-76.22995716050073, 39.236772999586044], [-76.2300597436146, 39.236519258619694], [-76.23009925241912, 39.23630451964732], [-76.23013943675672, 39.23613918294441], [-76.2302486386576, 39.23584672459794], [-76.23045097429389, 39.23564146372235], [-76.23067363161852, 39.23538118098609], [-76.2307495787859, 39.23524858762199], [-76.23095727377117, 39.234922432930645], [-76.23106055667265, 39.234718100331875], [-76.23123357219637, 39.23444168267389], [-76.23134419253708, 39.23425932706692], [-76.23143972387597, 39.23400557979305], [-76.23159168468605, 39.23374031107608], [-76.23171632233847, 39.233546801173496], [-76.23184066534347, 39.23333125361327], [-76.2320355278949, 39.23309861127202], [-76.23224452543732, 39.23287137119132], [-76.2324391670032, 39.232627798760845], [-76.23255705830782, 39.23245626683418], [-76.23285085771138, 39.23222279495177], [-76.23307333986455, 39.231951525635054], [-76.23315629568778, 39.231813340369754], [-76.23326761312114, 39.23168038886905], [-76.23342753929288, 39.231475478334026], [-76.23379271523565, 39.231290845206814], [-76.23404414200557, 39.23106882222086], [-76.23428087054083, 39.2308084459799], [-76.2343492359272, 39.23063174020453], [-76.2345322775478, 39.230569641253], [-76.23467776060637, 39.23035964572933], [-76.23482240374017, 39.23007792873254], [-76.23496903933726, 39.2299391531781], [-76.23521970882742, 39.22965657233452], [-76.23548502534825, 39.22941234786467], [-76.23565172122395, 39.22919649673697], [-76.2358538313831, 39.228980284491385], [-76.23612598318495, 39.2287195080363], [-76.23627874529227, 39.228520320669126], [-76.23643072586529, 39.228260573080014], [-76.23656234522409, 39.22806146582663], [-76.23675691761969, 39.22781234036897], [-76.23694486224511, 39.227596254682716], [-76.23704923031146, 39.227474399921086], [-76.23731332242856, 39.22714224126704], [-76.2374656030389, 39.22690450267507], [-76.23762518066428, 39.22668317004229], [-76.2378338835593, 39.22643390399499], [-76.23795914823579, 39.22628988053334], [-76.23817427049183, 39.22599661983556], [-76.23826422688605, 39.22585287104828], [-76.23856382671141, 39.225531346988234], [-76.23872319053775, 39.22529351804063], [-76.23886283903857, 39.22516583533569], [-76.23896678759166, 39.22501651419553], [-76.239105597066, 39.22482839989321], [-76.23922272480263, 39.224607452505374], [-76.23936834530345, 39.22439722689101], [-76.23952750251728, 39.22414846908686], [-76.23963749583392, 39.22392208939381], [-76.2397545777565, 39.22369560806369], [-76.23994226636206, 39.223463026335146], [-76.24005934469136, 39.22323660615617], [-76.24021177442202, 39.22300980875602], [-76.24035079410214, 39.22283814754089], [-76.24053772003802, 39.22255064021434], [-76.24068315818086, 39.222329414942514], [-76.24088470689293, 39.22208026078774], [-76.24096711384553, 39.221903602628764], [-76.2411821624397, 39.22160481183646], [-76.24127163015042, 39.22142808288777], [-76.24144494660978, 39.22117914962476], [-76.24156261064064, 39.22099668787276], [-76.24174230513849, 39.220698253020856], [-76.24185860283181, 39.22041682642353], [-76.2419554394228, 39.22026202784767], [-76.24205102825385, 39.22001934143746], [-76.24211117675034, 39.21976585793889], [-76.242221700073, 39.219577956444894], [-76.24228213243713, 39.21934650730728], [-76.24239205388854, 39.21911462939433], [-76.24245947694219, 39.21887763125322], [-76.24260397185397, 39.21859045150995], [-76.24265800192504, 39.21840860869943], [-76.24268303078549, 39.2181719826037], [-76.24273663236016, 39.217957040638126], [-76.24281791462202, 39.21769784065914], [-76.2429634093587, 39.21748212332194], [-76.24303117736541, 39.21727268996103], [-76.24307821315371, 39.21709628556632], [-76.24321552693308, 39.21679815776325], [-76.243311206494, 39.216560917952854], [-76.24337954852417, 39.21638984368835], [-76.24351317112607, 39.216166778306906], [-76.24359456388069, 39.21592345274393], [-76.24370067737362, 39.21576972512985], [-76.24380652676186, 39.21564037282255], [-76.24390193053999, 39.215510954157835], [-76.24396582141796, 39.215397586916936], [-76.24398775288729, 39.215300202970454], [-76.2440306636118, 39.21519482887951], [-76.24401072370742, 39.21510530312917], [-76.24395875077835, 39.21508058626248], [-76.24392775710442, 39.21504788005708], [-76.24397083940711, 39.214926251285995], [-76.2441210709603, 39.21455337501833], [-76.24425947170118, 39.21431045311356], [-76.24439717534939, 39.214132545562805], [-76.24451320893802, 39.21402764021916], [-76.2446505694298, 39.21388223756936], [-76.24478749603529, 39.21377746757331], [-76.24487192958716, 39.21369673965474], [-76.24600825081086, 39.21392347666176], [-76.24608223785428, 39.213842683486355], [-76.24614638205713, 39.21370493376512], [-76.24616839796813, 39.213599422950224], [-76.24616926035081, 39.213518158202845], [-76.24612781927011, 39.213485384452646], [-76.24607567386451, 39.21347692374446], [-76.24602309726755, 39.21350909266544], [-76.24593737014169, 39.21371171915314], [-76.24380063022035, 39.21325098083855], [-76.2433699635001, 39.21445100722806], [-76.24201487375862, 39.21416594263064], [-76.24253329330573, 39.21257638773111], [-76.24234560559846, 39.21254266764989], [-76.24225891637693, 39.21283468230616], [-76.24141459523126, 39.212658558393116], [-76.24116267169298, 39.21277070784888], [-76.24078497772673, 39.21389792556302], [-76.24025334575845, 39.21378883477394], [-76.24067396212729, 39.21255624352209], [-76.24060118511453, 39.21252326399685], [-76.24056009437682, 39.212457982824446], [-76.24056052916141, 39.212417349801996], [-76.2406238163715, 39.21236086903352], [-76.24073907112076, 39.21232910675953], [-76.2408020079879, 39.212305131571654], [-76.24086511822986, 39.21226490633024], [-76.24092814223354, 39.21223280504951], [-76.24100126419937, 39.21223327834534], [-76.24109493512731, 39.212266393035165], [-76.24120966615875, 39.21228338852058], [-76.24126172532611, 39.212299978916704], [-76.24132422740863, 39.21231663821513], [-76.24140788301946, 39.21230905017838], [-76.2414710794997, 39.21226069747949], [-76.24157614915028, 39.212204487338134], [-76.2416813921757, 39.21213202359556], [-76.24176556701276, 39.212075678322435], [-76.2418496574082, 39.212027459795685], [-76.24193392028016, 39.21196298694447], [-76.24200791001854, 39.21188219429747], [-76.24202958277309, 39.21180919080104], [-76.24198909839818, 39.21168702256592], [-76.24195836882893, 39.211629935664625], [-76.2419492212844, 39.21150797105459], [-76.24192919783671, 39.2114265702488], [-76.24191979427232, 39.211328985905794], [-76.24192092075968, 39.21122334066652], [-76.24198403010334, 39.211183112717336], [-76.2420576712954, 39.21113482606238], [-76.24212052372089, 39.21111898014768], [-76.24225632204238, 39.211119857150884], [-76.24231882322658, 39.21113651394511], [-76.24242276369485, 39.211185946270255], [-76.24249536284117, 39.211235177407005], [-76.24260948840812, 39.211309057108934], [-76.242650753419, 39.21135808700611], [-76.24269175971511, 39.21143149397359], [-76.24273285045282, 39.21149677540423], [-76.24278438500404, 39.21156212568121], [-76.24284636786034, 39.211627542020075], [-76.24290878639954, 39.211652324832926], [-76.2429401232299, 39.211652528073415], [-76.2430132442974, 39.21165299858904], [-76.24306512919158, 39.211685842797344], [-76.24313755945464, 39.21175132583969], [-76.243168896285, 39.21175152838385], [-76.24323174511723, 39.21173567843213], [-76.24327387610404, 39.21170344396805], [-76.24331618046573, 39.21165495234238], [-76.24335865730393, 39.21159021117774], [-76.24340087363072, 39.211549849104884], [-76.24342245835037, 39.21148497002928], [-76.24346493518857, 39.21142022661984], [-76.24355946849917, 39.211372074462105], [-76.24365382753662, 39.21134017531856], [-76.24372755676356, 39.2112837605028], [-76.24382200383592, 39.211243733741775], [-76.24403152868939, 39.211188194458806], [-76.24412588682853, 39.21115629523174], [-76.24424105174627, 39.21113265582797], [-76.24439774218634, 39.21113366507744], [-76.24450220008421, 39.21113433744644], [-76.24459552336411, 39.211199953945446], [-76.24466803896712, 39.211257309168985], [-76.24476136224705, 39.211322926945165], [-76.24478156176451, 39.211388073446635], [-76.24477016663513, 39.211477398607364], [-76.24474832499732, 39.211566655443576], [-76.24473710234447, 39.21163972670698], [-76.24467330129805, 39.2117449676235], [-76.24465180281668, 39.21180171964204], [-76.24459888126665, 39.21186639518519], [-76.24452506759808, 39.21193093633566], [-76.24448310998609, 39.21194692127238], [-76.24445099521469, 39.212019855719134], [-76.24443994144512, 39.212076675725946], [-76.24448112201438, 39.212133830474464], [-76.24450141136337, 39.21219084945187], [-76.24452143660771, 39.21227224867569], [-76.24454155078523, 39.21234552174731], [-76.24454085908245, 39.21241053435998], [-76.24451918992116, 39.212483539319294], [-76.24445564848786, 39.21256440018041], [-76.24441343036445, 39.212604762366155], [-76.2443289977109, 39.21268548945205], [-76.24428634659952, 39.21276648510811], [-76.24427529642323, 39.212823304510785], [-76.244316301821, 39.212896712034635], [-76.24509804003574, 39.213064285502576], [-76.24500125914031, 39.2133237280955], [-76.24508465783298, 39.2133405193934], [-76.24516054571153, 39.213080940443575], [-76.24624462630821, 39.21330734117691], [-76.24625550221135, 39.213266774767256], [-76.24620370355544, 39.21322580673437], [-76.24614137125451, 39.21319289642899], [-76.24602680730969, 39.21315965410947], [-76.24562026754134, 39.21307576974917], [-76.24551589049184, 39.213066972816456], [-76.24531801588927, 39.21300881030092], [-76.24522408624652, 39.213000078785264], [-76.24517219955571, 39.21296723727969], [-76.24513067672834, 39.212942588566], [-76.24510011514406, 39.21286924860376], [-76.2450495247222, 39.212714508556076], [-76.24502017406691, 39.21252739835767], [-76.24503217466079, 39.212381188000066], [-76.24505479423965, 39.21221879201218], [-76.24514112952498, 39.21195928199839], [-76.24528279923518, 39.211407552584795], [-76.24533684188266, 39.211237232096764], [-76.24538000683039, 39.211107476788136], [-76.2454589058618, 39.21089956822149], [-76.24550152283719, 39.210807252149266], [-76.24557723015438, 39.21065813085587], [-76.24564562788011, 39.210492588956484], [-76.24573530938987, 39.210332354683956], [-76.24581084512886, 39.210172245333716], [-76.24587247584556, 39.21002875300085], [-76.24592005511457, 39.20989087468571], [-76.24595318408393, 39.209731145763236], [-76.24604946731272, 39.20953785643693], [-76.24614619969914, 39.209377562213724], [-76.24623535389784, 39.209178839216705], [-76.24630389984559, 39.209024287324496], [-76.24637220324823, 39.20885324829412], [-76.24644821778925, 39.20872611550352], [-76.2464957638206, 39.20858823671911], [-76.2465708414188, 39.208395137752156], [-76.2467087678492, 39.20814651535946], [-76.24680542926872, 39.20798071486787], [-76.24685961385002, 39.20780981320544], [-76.24687876054199, 39.20766116931485], [-76.24696120342719, 39.20749000236817], [-76.24702299763726, 39.20735750875109], [-76.24710568127097, 39.20720284147905], [-76.24718104094015, 39.20703172979739], [-76.24725698002268, 39.206899101669194], [-76.24733212050296, 39.20671149777027], [-76.24740810450125, 39.20658436458305], [-76.2475117494238, 39.20641300985457], [-76.24758751872476, 39.20626939846762], [-76.24767009905217, 39.2061092165109], [-76.24773158244517, 39.205954733736924], [-76.2477854508195, 39.20576181686508], [-76.24783309566553, 39.20562943345036], [-76.24788758567404, 39.20548051764655], [-76.2479422903799, 39.20534807871037], [-76.24801791325548, 39.205193444602315], [-76.24807223078743, 39.20503352818817], [-76.24811243488799, 39.20487373531507], [-76.24818073020576, 39.204702679911826], [-76.24827032457894, 39.20453695064575], [-76.24834592140336, 39.20438233285058], [-76.24837934502014, 39.20424458963178], [-76.24839841445699, 39.20409045916193], [-76.24844574758764, 39.20393608680522], [-76.24852773412866, 39.203731948009775], [-76.24860310906921, 39.20356083761776], [-76.24867886759037, 39.203417206476935], [-76.24876190246536, 39.20329001511855], [-76.24881631432042, 39.20313558879418], [-76.24889222286023, 39.20300295748564], [-76.24893962605947, 39.202854096675495], [-76.24904280655299, 39.20264975007683], [-76.24912579291895, 39.20251706355363], [-76.24922280198649, 39.20237876256485], [-76.24931983530854, 39.202240434155065], [-76.24940289084476, 39.20211326363794], [-76.2494716425067, 39.20197519575214], [-76.24953332263074, 39.201837190246344], [-76.24960223958271, 39.20171013107572], [-76.24968172341737, 39.20158471523535], [-76.24970388665206, 39.201530101823366], [-76.24988047208072, 39.2011369596036], [-76.25025910388814, 39.2004991323101], [-76.2509592337526, 39.19926128994482], [-76.25181370047108, 39.19768491726535], [-76.25272296891345, 39.19619696896179], [-76.25375965259909, 39.1942988625297], [-76.25506457412689, 39.192771475685916], [-76.25639496199469, 39.191008362871436], [-76.25738655115137, 39.18963656952893], [-76.25849165052907, 39.188611784406376], [-76.25914284826169, 39.1877190772953], [-76.25988996450705, 39.18698112111192], [-76.26082604945731, 39.18593794810453], [-76.261537747826, 39.18520506519676], [-76.26226971578075, 39.184521794240936], [-76.26349695818931, 39.18336662107606], [-76.26442106051196, 39.1825866995314], [-76.26494228459939, 39.18210294137942], [-76.26564792832303, 39.181447971087316], [-76.26721567444508, 39.179791692982946], [-76.26804277488675, 39.17813805545416], [-76.26828429054414, 39.17726815583066], [-76.26883468292883, 39.17608889054375], [-76.26960861298714, 39.175027374495464], [-76.27018786105539, 39.17419967445499], [-76.27130853542346, 39.172681009366784], [-76.27167828289271, 39.172125357053446], [-76.27211150531996, 39.17118074528731], [-76.27268145582501, 39.17008399324789], [-76.27386598064686, 39.16736962540995], [-76.27444699749789, 39.16604797427531], [-76.27467360471483, 39.165216310692585], [-76.2748568206086, 39.16483419209078], [-76.27511159719623, 39.16361316968787], [-76.27541511547285, 39.16203599186891], [-76.27555360604525, 39.161005778929656], [-76.27571921855274, 39.16003621750218], [-76.2758065734259, 39.15871456092149], [-76.27600225883413, 39.15764106571609], [-76.27609089829816, 39.15624806595355], [-76.27631573493568, 39.15512002713724], [-76.2766244903904, 39.154420988946534], [-76.27715273301513, 39.15327984830949], [-76.27763521725592, 39.152330262478834], [-76.27776404465081, 39.1514426307806], [-76.2776491348546, 39.15077729673982], [-76.27749958691938, 39.15007864105449], [-76.2777252239558, 39.149296346750056], [-76.27791321709026, 39.148645358102925], [-76.2779283887371, 39.14819549432702], [-76.27783483459014, 39.14751941349947], [-76.27776867007621, 39.14649789916542], [-76.27765934330951, 39.14591494056064], [-76.27803598265362, 39.14574899812866], [-76.27825982575443, 39.14545510719299], [-76.27781576964489, 39.14545017466541], [-76.27740600402633, 39.14550050663459], [-76.27692831409422, 39.14540739403083], [-76.27672618866373, 39.14566855851044], [-76.27676689941408, 39.14575681768426], [-76.27705717113352, 39.1460783641086], [-76.27680243317346, 39.1461304178166], [-76.27657799179467, 39.146067553050884], [-76.27636118789242, 39.1459718467627], [-76.27611796184271, 39.14577704235053], [-76.275837425166, 39.14569709183529], [-76.275387535397, 39.145626233639284], [-76.27495172402512, 39.145555514012024], [-76.27495610331214, 39.145314086928536], [-76.27484589889137, 39.14517015492464], [-76.27421366639105, 39.1450478687475], [-76.27355111664819, 39.14504046991317], [-76.27252338557267, 39.1449576628307], [-76.27127685633496, 39.14488886400349], [-76.27054585317083, 39.1447709246924], [-76.27058067276955, 39.14479327315678], [-76.2693874836968, 39.144505516802354], [-76.26881072216526, 39.14443321664205], [-76.26793328193172, 39.14461547106369], [-76.26762003669718, 39.145171755912415], [-76.26746313694967, 39.14565842874543], [-76.26740362715536, 39.146217551974395], [-76.26728284956373, 39.14665527075697], [-76.26687947186517, 39.147128205489004], [-76.2666463455742, 39.14754269044098], [-76.26629941800812, 39.1480107676744], [-76.2658813016507, 39.148516486220174], [-76.26527661688687, 39.1492012077435], [-76.26528323028398, 39.149612886947075], [-76.26544850861818, 39.149828784102965], [-76.26573070538151, 39.15020514499204], [-76.26601238741021, 39.150608938003536], [-76.26596310224048, 39.15099254733423], [-76.26559128145954, 39.1512792447666], [-76.26560581709916, 39.15164162572408], [-76.26590160986433, 39.1520455693227], [-76.26632095332042, 39.15224783387674], [-76.26559011903956, 39.152503086578385], [-76.2649845691981, 39.152847534635924], [-76.26439319477184, 39.15318663871985], [-76.26403333685555, 39.1535887260556], [-76.26399711498667, 39.15364319490652], [-76.26384741074457, 39.15411898680218], [-76.26377789012473, 39.15483714108134], [-76.26390947444924, 39.155354496512324], [-76.26417076292434, 39.156103819165835], [-76.26371519580275, 39.15711400717102], [-76.26359530754323, 39.15750232047178], [-76.26359725419245, 39.15778222706264], [-76.26388540678613, 39.15899284738865], [-76.26404775840912, 39.1601416792003], [-76.26392415202265, 39.160733022542], [-76.26386550281438, 39.16124275848189], [-76.26363483341572, 39.16190421981388], [-76.26325116924609, 39.16244871807306], [-76.26287115672808, 39.163179861506904], [-76.26290411322091, 39.16330645960113], [-76.26295428772279, 39.1636472858829], [-76.26320357829898, 39.1638970464058], [-76.26355239142885, 39.16410402771853], [-76.26358610070989, 39.164960544828574], [-76.26359149599148, 39.165438080808826], [-76.26366873583456, 39.16622923247278], [-76.26383243852374, 39.166532909895416], [-76.2640756744549, 39.16672773694524], [-76.26423719333961, 39.167152140494785], [-76.26410066917934, 39.16767745928534], [-76.2637910881729, 39.16802520880298], [-76.26390079852023, 39.168196588199045], [-76.26412593699168, 39.168610728972894], [-76.26391096834755, 39.16918455575329], [-76.26398231883562, 39.169525614720186], [-76.26387739111885, 39.16986471224255], [-76.26378397890572, 39.17034661432679], [-76.26357371743369, 39.17066255978447], [-76.26338933552668, 39.17110502102311], [-76.2632919770145, 39.17141675386499], [-76.26284730466067, 39.17182335221259], [-76.26292776676065, 39.171665105091506], [-76.26315960576581, 39.1713274495002], [-76.26321324776468, 39.171092063928384], [-76.26321756057636, 39.17085613226151], [-76.26332722870289, 39.17064332563718], [-76.26348534297266, 39.17048045430557], [-76.26347829299432, 39.17048037073317], [-76.2635534226948, 39.17022876712945], [-76.26361016927129, 39.16982328501482], [-76.26369355359093, 39.169505908071216], [-76.26369926148622, 39.169193140888666], [-76.26372680922273, 39.16884222689125], [-76.26378913433713, 39.16851912831062], [-76.26362401320813, 39.16829226704654], [-76.26350987686139, 39.1679781586532], [-76.26376999483169, 39.167635330125314], [-76.26393666465626, 39.167390233886465], [-76.26374807504045, 39.16690517324047], [-76.26346807196302, 39.166792249915474], [-76.263231116154, 39.16625175938601], [-76.2632240266498, 39.1658675186551], [-76.26315358795172, 39.16547705898735], [-76.26304275920187, 39.16498188463041], [-76.26299326741959, 39.16460266844321], [-76.26269342145586, 39.164418182666346], [-76.26237725579836, 39.16435424979058], [-76.26207226877624, 39.1640654478739], [-76.26211615147785, 39.1635939572939], [-76.26232293646976, 39.162696228235816], [-76.26259853600565, 39.16227676118857], [-76.26267130942513, 39.161767167866444], [-76.2626107809413, 39.16160734974369], [-76.26235786027304, 39.161170940797355], [-76.26220442802251, 39.1606917250632], [-76.26196851425924, 39.16009636791252], [-76.261828804673, 39.15963929218305], [-76.26158033156372, 39.15934561458234], [-76.26145694526451, 39.15915214485987], [-76.26155785841026, 39.1590325431026], [-76.26185502020792, 39.158975517206294], [-76.26186943188004, 39.15895921582545], [-76.26211631946282, 39.158566840595526], [-76.26222233234445, 39.1581674133058], [-76.2623206062399, 39.15780628633208], [-76.26237787204263, 39.15737338261349], [-76.26250452102296, 39.157001612149266], [-76.26266392437519, 39.15676741853302], [-76.26283860717209, 39.156467536387204], [-76.26284040470097, 39.156368759800394], [-76.26280041170452, 39.15624209349501], [-76.26259485830288, 39.15591598701563], [-76.26241808782127, 39.155557261455385], [-76.26231371167009, 39.15509507740481], [-76.26207491790801, 39.15465883495025], [-76.26228997548534, 39.15407951819379], [-76.26251791580216, 39.153566202749886], [-76.26285147104693, 39.153059548023876], [-76.26318435165695, 39.15259132394613], [-76.2635237702056, 39.15215058740985], [-76.26372514644113, 39.15193332782078], [-76.26372732934728, 39.15181260686054], [-76.2636805405957, 39.15128522600594], [-76.26349754119592, 39.150882530585314], [-76.26315131251911, 39.15053839196824], [-76.26290344667096, 39.149827632554796], [-76.26294454549354, 39.14912011861446], [-76.26309695186801, 39.14849618919234], [-76.26380977313079, 39.14768098228956], [-76.26469152707433, 39.14687864459796], [-76.26515494996309, 39.14659296797885], [-76.26530722518355, 39.14597452340548], [-76.26560569941984, 39.1454564970789], [-76.26598070472848, 39.14499422578755], [-76.2663884365612, 39.14466949052624], [-76.26634574322901, 39.14391715550976], [-76.26610435423406, 39.143623572532086], [-76.26574860970346, 39.14341651215751], [-76.26523410501437, 39.14341074762142], [-76.26471105375367, 39.14348719909864], [-76.26443804406073, 39.14376950235442], [-76.26424172803516, 39.14409658615683], [-76.2639496569902, 39.144263442369954], [-76.26408355447657, 39.14503878183623], [-76.26419277524207, 39.14562173794393], [-76.2638595433908, 39.146111926587174], [-76.26310501424767, 39.14650957472976], [-76.26280498323099, 39.14672572245394], [-76.26259916392804, 39.14680024403444], [-76.26204237823347, 39.14717815587775], [-76.26151188443065, 39.14766063695105], [-76.26096766976016, 39.14812099582015], [-76.26007806993093, 39.14819327895598], [-76.25935186646537, 39.14819608021601], [-76.25859387521514, 39.14839607986026], [-76.25808598841475, 39.14879647105193], [-76.25737719879096, 39.14900251033526], [-76.25657759667847, 39.14916360826999], [-76.25602468721435, 39.1493274966012], [-76.25561587021676, 39.149707045917616], [-76.2560983104401, 39.1506948858244], [-76.25657198041131, 39.1517759116044], [-76.25670842731644, 39.15240857328828], [-76.25706349900891, 39.152654076999575], [-76.25822306054732, 39.15324342340557], [-76.25911214294695, 39.153972376264434], [-76.25920198435682, 39.15445634187691], [-76.25849337888766, 39.15465142249781], [-76.25801754307831, 39.1544539616098], [-76.25762744786955, 39.154581278270314], [-76.25747569187534, 39.15478264320116], [-76.2574178960666, 39.154858814835116], [-76.25752896556494, 39.155337519996465], [-76.25766473064877, 39.15562443656558], [-76.25789253801494, 39.15665877331086], [-76.25799236509752, 39.15736788252272], [-76.25799569784724, 39.15795513807672], [-76.25796991440194, 39.15859146728864], [-76.2582258507146, 39.159247455694945], [-76.2583268554885, 39.15950652933013], [-76.25824458687647, 39.159763533975095], [-76.25765093072938, 39.160223344204056], [-76.25746803912743, 39.16058349267732], [-76.25724334622036, 39.160915729290544], [-76.25677878336951, 39.16125622864292], [-76.25607260784318, 39.16131411568831], [-76.25542925509795, 39.16140563239941], [-76.25461955502335, 39.16134159160997], [-76.25401347517588, 39.16132374448621], [-76.25360538581367, 39.16127523480651], [-76.25328469983366, 39.16145819646855], [-76.25301067055285, 39.16178987730467], [-76.25306826873225, 39.162108823499686], [-76.25363940052189, 39.16249397560696], [-76.25422279072193, 39.1633622087713], [-76.25440326585576, 39.16390209604582], [-76.25479846349533, 39.16426877973605], [-76.25501800097098, 39.16460054691907], [-76.25504881408354, 39.16522654072275], [-76.25452860149915, 39.1655225088925], [-76.25416533357802, 39.16572145705125], [-76.25389850609086, 39.16604223736272], [-76.25370562342631, 39.16617725352913], [-76.25326205779692, 39.166523477520364], [-76.25270093503616, 39.16674213445566], [-76.25242555468917, 39.16714513470406], [-76.252562100409, 39.16777232327999], [-76.2524960086586, 39.168298426525915], [-76.252173360758, 39.16858565239459], [-76.2517744943988, 39.16880065628826], [-76.25157755494243, 39.169155148853406], [-76.25115201041594, 39.169287530646756], [-76.25088063655512, 39.16947103976934], [-76.2505410131906, 39.16953305276694], [-76.250378842129, 39.16953121136295], [-76.25025776360174, 39.169595689028704], [-76.25003546739985, 39.16979623584391], [-76.24982663604574, 39.170029850524], [-76.2495582634563, 39.170260180717825], [-76.24945645738514, 39.17027810148612], [-76.24928076847515, 39.17034564627766], [-76.2490692439718, 39.17037500183974], [-76.2488366261273, 39.17041003265985], [-76.24861766357344, 39.1704119652742], [-76.24840583364293, 39.17041932870833], [-76.24813803148368, 39.17046568427017], [-76.24795468263925, 39.17048930044656], [-76.24776442844522, 39.1705239565269], [-76.24759543467903, 39.17056394589789], [-76.24740525414684, 39.170604110747895], [-76.24719351494619, 39.17061696834221], [-76.24693185546685, 39.17059727732065], [-76.24674076044974, 39.17057147646077], [-76.24652081424061, 39.170501920576996], [-76.24632166313202, 39.17040472093007], [-76.24608038642648, 39.17032436590757], [-76.24588216148095, 39.1702931292433], [-76.24565597826883, 39.17028412777172], [-76.24571484486938, 39.170454037752386], [-76.24579466287734, 39.170607292065995], [-76.24582504030698, 39.17076097156682], [-76.24571376150115, 39.170888402878546], [-76.24549305441899, 39.17076388614362], [-76.24528114992832, 39.1707657491048], [-76.24511959241603, 39.170833154837716], [-76.24494385589533, 39.17089517708069], [-76.24477516755633, 39.17095715051872], [-76.2445638838015, 39.17100299036657], [-76.24438787419294, 39.1710485167904], [-76.2441974717769, 39.171072185699884], [-76.24399991877118, 39.17109041756583], [-76.24373919264143, 39.17113668423862], [-76.24349249999305, 39.17117733556607], [-76.2432593970583, 39.171179383766685], [-76.24303328840635, 39.1711758605273], [-76.24281401144212, 39.17115581100066], [-76.24262294606939, 39.17112998666708], [-76.24240989263345, 39.171049385936655], [-76.24218318750016, 39.17100188512937], [-76.24197037301609, 39.17093778343345], [-76.24179206012712, 39.17081288235458], [-76.24161388198547, 39.17069898542009], [-76.24136455817164, 39.170547221679925], [-76.24122898802221, 39.17044943221328], [-76.24110012110144, 39.17032410404675], [-76.24094366242672, 39.17024849098683], [-76.24075865978385, 39.170151141255], [-76.24060902111876, 39.17005899937494], [-76.2404942954772, 39.16993354236724], [-76.24047789583338, 39.16976874372428], [-76.24046851203191, 39.1695983752196], [-76.24042370226891, 39.169422814287195], [-76.24037207788616, 39.16926382283195], [-76.24032037714662, 39.16909932696856], [-76.24030381760268, 39.168923522424976], [-76.24029457753167, 39.168764160023976], [-76.24027848960323, 39.16862134991728], [-76.24028343123561, 39.1684673537282], [-76.24028117017603, 39.168302426983495], [-76.24011058998505, 39.16822693780908], [-76.23992109486744, 39.16831656299968], [-76.23980966963623, 39.168433005164914], [-76.23971327681299, 39.168615287273475], [-76.23968030145554, 39.16878602170851], [-76.23967557721546, 39.16895651893533], [-76.2396493724603, 39.16910519038576], [-76.23963717872864, 39.169248258589015], [-76.23952599065267, 39.16938117716836], [-76.23933649104347, 39.169470809245404], [-76.23908935732227, 39.16947847085739], [-76.23888391441344, 39.16943629193556], [-76.2387414371178, 39.16934955703865], [-76.23857793295632, 39.16927401745097], [-76.23836589012508, 39.16926486263024], [-76.23824025713932, 39.16937592734474], [-76.23815091519276, 39.16955814432925], [-76.23806847140924, 39.169729306877954], [-76.2380213026703, 39.16989467878566], [-76.23792460531817, 39.17005497115962], [-76.23781390143412, 39.17022636998501], [-76.23766101266435, 39.17040915096986], [-76.23759936937124, 39.170552642739416], [-76.23755235065094, 39.17072900384029], [-76.23757579308659, 39.170893746607724], [-76.23763470909451, 39.17106918129629], [-76.23765123629911, 39.17124495888687], [-76.23766057069322, 39.17140983485616], [-76.2376846078136, 39.171618556017556], [-76.23763022021303, 39.17177297987515], [-76.23755471142351, 39.171933078540995], [-76.23750015224473, 39.172076519844474], [-76.2373957733986, 39.17219290355285], [-76.2372560135067, 39.172304070195224], [-76.23708791356421, 39.1724100100465], [-76.23688433376127, 39.17250524999048], [-76.23669468054018, 39.172583893515956], [-76.23651244111511, 39.172689956907575], [-76.23630888736332, 39.17278518184767], [-76.23609110519571, 39.17287506238423], [-76.23594404918707, 39.17296980515641], [-76.23587520679527, 39.17310237267487], [-76.23584193858704, 39.173251116840724], [-76.23582306049136, 39.173421717453365], [-76.2356486561722, 39.17358269401576], [-76.23549451694754, 39.17367748806493], [-76.23537632830056, 39.17381597159316], [-76.23532190746232, 39.173970416392145], [-76.23522460105244, 39.174086722451065], [-76.23506461649022, 39.17426954841779], [-76.2349394775779, 39.17441908957949], [-76.23484217835453, 39.17453539559274], [-76.23472357917746, 39.17464639766449], [-76.23466586870866, 39.174711055185], [-76.23461478062013, 39.17477472167688], [-76.23456420726626, 39.174863328055906], [-76.234558015179, 39.174975426428034], [-76.23459958651542, 39.17526567103415], [-76.23461185301062, 39.17550934078478], [-76.23448896527637, 39.17585653903698], [-76.23441734080215, 39.17605712927909], [-76.23439077043268, 39.176219339364714], [-76.23444299399172, 39.17644008105422], [-76.23446725928417, 39.176516111550264], [-76.23448192338287, 39.176611361949504], [-76.23455490251655, 39.17678117377371], [-76.23477427021061, 39.17680675856835], [-76.23497956130419, 39.176837955431445], [-76.23512235211186, 39.17694668438911], [-76.23510302575683, 39.17708431260188], [-76.23509108535008, 39.17724385948831], [-76.23497616657072, 39.17710741124079], [-76.23481918417819, 39.17699330166235], [-76.23460697515863, 39.17697316396231], [-76.23439384806085, 39.176887052562705], [-76.23433499942658, 39.17671710798653], [-76.23432216160286, 39.176567858619315], [-76.23428929673818, 39.176423607537124], [-76.23425069074054, 39.176322830419664], [-76.23418749246368, 39.17619869238902], [-76.2341782254432, 39.176136769531496], [-76.23425952207809, 39.175963303624286], [-76.23432649058421, 39.17573560912464], [-76.23443939354405, 39.17539222578661], [-76.23443519212347, 39.17532260155029], [-76.2344218629213, 39.175175572101175], [-76.2343979946842, 39.175086495355096], [-76.23436875362339, 39.17510143155386], [-76.23426614445837, 39.17517784233385], [-76.23405485261871, 39.17531656525059], [-76.23381573815807, 39.175463521980596], [-76.23370369129266, 39.17557765423697], [-76.23356804478645, 39.17567485160852], [-76.2334444276202, 39.17575809260258], [-76.23332535503098, 39.17578814577155], [-76.23316309234121, 39.17578427874922], [-76.23306856711545, 39.17576199514198], [-76.2330289747676, 39.17575085577306], [-76.23290106814588, 39.17569590890895], [-76.23274446574072, 39.17560930011814], [-76.23292157039562, 39.175646254533746], [-76.23301921367373, 39.175648606924774], [-76.23314468675935, 39.17565526646109], [-76.23326343326013, 39.17565604293111], [-76.23338232349136, 39.175645613162466], [-76.2335337003965, 39.17555693534505], [-76.2336301075928, 39.1754258864015], [-76.23371477650329, 39.17528353342295], [-76.23382679102932, 39.17517499548991], [-76.23403059361446, 39.1749941942004], [-76.23429884313471, 39.174788872409174], [-76.23432572432125, 39.174761487396935], [-76.23433642235798, 39.17474873710876], [-76.23444758797606, 39.17461031112919], [-76.23453722187513, 39.174450080671974], [-76.23473990695605, 39.17428887140872], [-76.23487953120235, 39.174166703385836], [-76.23502637880183, 39.174055447066685], [-76.23513007852162, 39.17388959188991], [-76.23524099530638, 39.17373468798273], [-76.23537346986132, 39.173607084941665], [-76.2355063163188, 39.173506937517665], [-76.23563123065233, 39.17334092296241], [-76.23567849820596, 39.17318106149562], [-76.2356901268973, 39.17299950365061], [-76.23575868362484, 39.17284497036388], [-76.23580616407918, 39.172701608626326], [-76.23558619990375, 39.17263203465338], [-76.23537414719105, 39.172622898376595], [-76.23515511367027, 39.17261928815759], [-76.23497845996965, 39.17261532973048], [-76.23516789759509, 39.17252021598702], [-76.23540097717364, 39.17251818384305], [-76.23560614160475, 39.17253839733559], [-76.23583306323205, 39.172602388235184], [-76.23603799499949, 39.17260610222101], [-76.23622818810807, 39.172565972638836], [-76.23647458521073, 39.17250333136204], [-76.23671346161782, 39.172407791259374], [-76.2368884076211, 39.17228528777645], [-76.23703529294981, 39.17217955666331], [-76.23712532480253, 39.172046803549904], [-76.23725096677144, 39.17193574792845], [-76.23731956571979, 39.17178668619663], [-76.23738034483361, 39.17158272073103], [-76.23739223762965, 39.171417678024476], [-76.23738313859413, 39.17126930117717], [-76.23736675422167, 39.17110450427148], [-76.23735036805257, 39.17093968539026], [-76.23734788151586, 39.1707582840275], [-76.2373599791278, 39.17060971775128], [-76.23742092442994, 39.17041675606816], [-76.23751739810156, 39.17023997144554], [-76.2376141969633, 39.170085177197315], [-76.23771089431543, 39.16992486469539], [-76.23776559183477, 39.169792454851105], [-76.2378130651026, 39.16964906739011], [-76.23786724159906, 39.16947814213447], [-76.23802811279845, 39.169361281741494], [-76.23816795533538, 39.16925560473383], [-76.23832167594512, 39.16913328240848], [-76.23847618437735, 39.169065962102614], [-76.23868884075793, 39.169119088054565], [-76.23883122103553, 39.16920032824874], [-76.23905114927831, 39.16926987915177], [-76.23924105582431, 39.16920773429321], [-76.2393877147776, 39.16908548640478], [-76.23938529291961, 39.16890957178711], [-76.23941813352977, 39.16872783088976], [-76.23945148617962, 39.168584595174885], [-76.23954075087109, 39.16839685972441], [-76.23963797194104, 39.16827505685661], [-76.23978501088169, 39.16818030984881], [-76.23998894641748, 39.16811254011031], [-76.24020720738712, 39.16806113504928], [-76.24042671342173, 39.16809770968199], [-76.24053416899771, 39.168206745363996], [-76.24062787495994, 39.168343375943934], [-76.24063721654058, 39.16850824687608], [-76.2406604227193, 39.16865649374014], [-76.24081905621533, 39.168891524612164], [-76.24092742537795, 39.169066525531385], [-76.24099288291778, 39.169203396805536], [-76.24110086221154, 39.16935089839771], [-76.24120224248126, 39.16953145024403], [-76.24136643924383, 39.16965648104819], [-76.24163606049152, 39.1697420942914], [-76.24187067888417, 39.169850013114996], [-76.24203470766177, 39.169964020765896], [-76.24212834535206, 39.17009515580067], [-76.2422641284022, 39.17020944093349], [-76.24243546138139, 39.170339886036736], [-76.24260588077395, 39.17040438246135], [-76.24281125181757, 39.1704410617339], [-76.24302329914039, 39.17045020107995], [-76.24317741950041, 39.17035537830493], [-76.24342372138165, 39.170287228317434], [-76.24359264507925, 39.170241759205176], [-76.24382497815782, 39.170184747967134], [-76.24407840817084, 39.17012203492511], [-76.24425462529022, 39.170093002405906], [-76.24439401148295, 39.1699543060955], [-76.24452586620036, 39.16978271578147], [-76.24470069093107, 39.16965472322085], [-76.2449112344741, 39.169553896704755], [-76.2451507639564, 39.16950780937031], [-76.24533382444164, 39.16946220812563], [-76.24555954951295, 39.16943823989845], [-76.24578472481534, 39.169375768554595], [-76.24598895050697, 39.16932999868387], [-76.24621498819204, 39.169328000573685], [-76.24643432893664, 39.16935355534712], [-76.24657672179063, 39.16943476323385], [-76.24671935179987, 39.16953249352055], [-76.2469324753044, 39.16961857980117], [-76.24716602560018, 39.16964951729366], [-76.24735582704328, 39.169581868063105], [-76.24750184819273, 39.1694156304321], [-76.24766210314785, 39.16925477387013], [-76.24778780081229, 39.16914919420543], [-76.24801307133609, 39.16909223083323], [-76.24823188476962, 39.16907930192216], [-76.24843010702021, 39.169110555143945], [-76.2486142113478, 39.169141918390956], [-76.24881250815857, 39.16917864289477], [-76.24903868328586, 39.16918763754333], [-76.2490433940512, 39.169017161770284], [-76.24911227057898, 39.16889008295517], [-76.24919519226623, 39.168757400242086], [-76.24933488208954, 39.168640708586516], [-76.24944567041521, 39.168480274394305], [-76.24960387002496, 39.16835356791054], [-76.24975827335432, 39.16824296611975], [-76.2498632450885, 39.168127078718676], [-76.24996093148576, 39.16798376795538], [-76.25008704507019, 39.16786779306934], [-76.25019897784955, 39.167740908580306], [-76.25030399090626, 39.16763053217721], [-76.25038050850384, 39.167487307460476], [-76.25040750197982, 39.16732783594196], [-76.25025803309632, 39.167163680999465], [-76.25009514877237, 39.16708751224056], [-76.24993884370957, 39.16695087643504], [-76.24983895643986, 39.16680846102911], [-76.2498520008761, 39.16667104880875], [-76.2499002547799, 39.16652247738074], [-76.25001210042267, 39.166384581942744], [-76.25013124218218, 39.16627962967536], [-76.25025723449403, 39.166147181626584], [-76.25042583300151, 39.16604748673874], [-76.25060155514917, 39.165958762689826], [-76.25080538378545, 39.16585342323914], [-76.25095295452876, 39.16577031678198], [-76.25110025038758, 39.16565425048908], [-76.25127601116282, 39.16557102051868], [-76.25149375829609, 39.165443638077065], [-76.25166971041249, 39.16538237159066], [-76.25181014943074, 39.165293805502124], [-76.2519435115212, 39.16519978091643], [-76.25209080378674, 39.165083719253985], [-76.25228852567574, 39.16510476788557], [-76.2524720056742, 39.1651039188641], [-76.25265510029543, 39.16505361763133], [-76.25270325179127, 39.16489405771231], [-76.2526951256312, 39.164756734385534], [-76.25273631159035, 39.164608174236825], [-76.25277732327633, 39.16443764696703], [-76.2528324456988, 39.16426707261842], [-76.25290895071997, 39.16412384244558], [-76.25293594239932, 39.163964371659134], [-76.25275963904166, 39.163976187804906], [-76.25258305630793, 39.16395503296739], [-76.2523999257541, 39.16399981800095], [-76.25220976408657, 39.16404465872608], [-76.25213311533496, 39.16417141127976], [-76.25204267205383, 39.16433665556328], [-76.25185286881408, 39.16443094388203], [-76.25166937623919, 39.16442630451666], [-76.25151313585508, 39.16430065079976], [-76.25140620040368, 39.1641582948022], [-76.25134865252996, 39.16401568777622], [-76.25124862961464, 39.16385681504027], [-76.25119099011275, 39.16370322492861], [-76.25116870830043, 39.163560456783785], [-76.2511109080001, 39.16338489888895], [-76.25105331251567, 39.163236820612944], [-76.2509676509668, 39.16311083462557], [-76.25090300550401, 39.16296278781218], [-76.25076065846409, 39.16280408821942], [-76.25056269133503, 39.162755560754654], [-76.250379488916, 39.16278936045222], [-76.25021049604811, 39.162834107223254], [-76.25008426208944, 39.162933589353955], [-76.24994384103749, 39.16302764343627], [-76.24975980498186, 39.16295158233673], [-76.24972341782296, 39.16280888649675], [-76.24963357192152, 39.162666980911006], [-76.2494207843869, 39.162602863956664], [-76.24925704037523, 39.16251083686399], [-76.24908586010963, 39.16239139126442], [-76.2489082245504, 39.162315994651394], [-76.24875869997136, 39.16222932689429], [-76.24857323739106, 39.16209901998275], [-76.24845097218932, 39.16194063117951], [-76.24834354446114, 39.16183162130633], [-76.24820781171664, 39.161722854350984], [-76.24807227300823, 39.16162509231686], [-76.24818360391636, 39.16150313354133], [-76.24843713813395, 39.161451414392175], [-76.24867697484008, 39.161427311095046], [-76.24889598410634, 39.161430873828266], [-76.2490455805506, 39.161523034673614], [-76.24920948536071, 39.1616260423764], [-76.24940852867148, 39.161717771121396], [-76.2495923697927, 39.16173263563152], [-76.24966220841614, 39.16174091520618], [-76.24968868266588, 39.16183452510877], [-76.24998358250566, 39.16190372597989], [-76.25021188843681, 39.16175813953235], [-76.25039167725777, 39.16156809290039], [-76.25075598183473, 39.16131428355152], [-76.2509133963169, 39.161189849470006], [-76.25105953424732, 39.160911607912894], [-76.25126997807735, 39.16020603522095], [-76.25182279142174, 39.16005314969885], [-76.25254234286264, 39.160033851354626], [-76.25325315010257, 39.16010775355002], [-76.25383353094637, 39.15998810953527], [-76.2542343744975, 39.15966335430012], [-76.25418916767914, 39.159053664592975], [-76.25371294020431, 39.158493968380334], [-76.25324578571386, 39.157824614279576], [-76.25321741601887, 39.157451094336366], [-76.25369073654544, 39.1570174145428], [-76.25407787180534, 39.1566705481927], [-76.25434995803016, 39.15644314021382], [-76.25482227244362, 39.15606430221361], [-76.25487192322768, 39.15566424772314], [-76.254544750513, 39.15543550740602], [-76.25438221922695, 39.1550714525767], [-76.25397511352, 39.15458938662781], [-76.25373414852984, 39.154273832209064], [-76.25325319591663, 39.15397203841325], [-76.25267187902828, 39.15337823286364], [-76.25234158197304, 39.15331959043629], [-76.25202682846717, 39.15318430786898], [-76.25181325670331, 39.15291296105335], [-76.25179182379895, 39.15254501860324], [-76.25181892776769, 39.15222151914847], [-76.25192306047543, 39.15192636022176], [-76.2521544997303, 39.15161066777212], [-76.25253271561775, 39.15136249234241], [-76.25261450722435, 39.1511329299525], [-76.25231129976483, 39.151134973860366], [-76.25183280584052, 39.15108564070658], [-76.25157472255435, 39.15093454660537], [-76.25111386345739, 39.15069332118709], [-76.25086352993716, 39.15050389044697], [-76.2507200043076, 39.14987660851703], [-76.2505165682351, 39.14905657101642], [-76.25026740432138, 39.148422600835616], [-76.25003994909481, 39.14814013093044], [-76.25003774732404, 39.14787665365149], [-76.25010574170621, 39.14763046726391], [-76.25022678250421, 39.14756598479136], [-76.25034882222882, 39.14744663852277], [-76.2502871187486, 39.147352638154544], [-76.25031433949833, 39.147023649462135], [-76.25038794924934, 39.146854360050874], [-76.2504327688938, 39.14671767658747], [-76.2505345830498, 39.14654868879676], [-76.25040811463084, 39.146525307025414], [-76.25019575649094, 39.14657228234913], [-76.25002264664411, 39.146784344599105], [-76.24989154291828, 39.147013374984915], [-76.2496284102019, 39.147136604519176], [-76.24959577440761, 39.147189697569104], [-76.24944878846756, 39.1472844630948], [-76.24929494029708, 39.147395795896124], [-76.24922617695701, 39.14752836702762], [-76.24910841680641, 39.14769434427763], [-76.24901215603552, 39.147882122437714], [-76.24899310097172, 39.14803625704282], [-76.24897457142235, 39.14822885515876], [-76.24899803631587, 39.1483935955865], [-76.24900760786524, 39.1485749654531], [-76.24903110240318, 39.14873970716069], [-76.24904740682557, 39.148898991618864], [-76.24902123351146, 39.14904768665097], [-76.24895275493735, 39.14920225271491], [-76.24884211124044, 39.14937366403541], [-76.248766648265, 39.149533774672214], [-76.24868374813731, 39.149666476925354], [-76.24861533783516, 39.14982653534456], [-76.24854654754564, 39.14995908866136], [-76.24849932580611, 39.150118951356326], [-76.24848064983136, 39.150300568959096], [-76.24852544072975, 39.150476123279354], [-76.24855591697408, 39.15063529791933], [-76.24844505139329, 39.15079021577876], [-76.24829849215298, 39.1509179890914], [-76.24818082273224, 39.15108947982852], [-76.24806305270018, 39.15125545634327], [-76.2478660126325, 39.15130666400063], [-76.24768993475196, 39.15134121110562], [-76.24746479448388, 39.15140367060118], [-76.24733912646386, 39.15150926366505], [-76.24727755413764, 39.15165274522634], [-76.24718856972055, 39.1518569642356], [-76.24714839706103, 39.15201677455266], [-76.24710134150982, 39.15218762520672], [-76.24704705631721, 39.15234757130961], [-76.2469639774248, 39.152469270793134], [-76.24683853218694, 39.15259131976643], [-76.24667041966805, 39.15269177631377], [-76.24646638531755, 39.15274855234293], [-76.24627679318189, 39.15282720541982], [-76.24607300227485, 39.15290048126897], [-76.24589591828122, 39.15286354555261], [-76.24569159916477, 39.15289833152749], [-76.24554502914471, 39.153026080114245], [-76.24532018711729, 39.15311053772305], [-76.24510204472529, 39.15316742626488], [-76.24488342263291, 39.15319135545334], [-76.24465822846591, 39.153248294085586], [-76.24442633107026, 39.153332835020514], [-76.24444546788075, 39.15318419850152], [-76.24461365495982, 39.153089254925135], [-76.24478215644923, 39.15301629971305], [-76.24496566609211, 39.15300918871963], [-76.24521232280787, 39.152968533858065], [-76.24538005084784, 39.152840600564765], [-76.24546310279081, 39.152718900330235], [-76.2455813399468, 39.1525859015023], [-76.2457285756185, 39.15250762363113], [-76.24593889907429, 39.15239580780189], [-76.24605705538194, 39.152257316929145], [-76.24616837640856, 39.15213537604903], [-76.24625106902543, 39.15198619363715], [-76.24624855733589, 39.15180476986557], [-76.24621096463787, 39.15164016072501], [-76.24618743416731, 39.15146992525504], [-76.24624141483106, 39.151287997884545], [-76.24630968319939, 39.15111695626002], [-76.24639974020494, 39.150989691848444], [-76.24646093883199, 39.150818708015954], [-76.24659267317513, 39.15064162126034], [-76.24670360972283, 39.150492194646205], [-76.24686396349263, 39.15034230305836], [-76.24706722978354, 39.1502305652952], [-76.24720730947568, 39.150146848936195], [-76.24736853011973, 39.150057452082535], [-76.2474653945585, 39.14991364542076], [-76.24750543157239, 39.1497428519438], [-76.24742584263485, 39.14960609676242], [-76.2472409477898, 39.14951425748297], [-76.24707064158498, 39.14945527953599], [-76.2469770272509, 39.149324124136214], [-76.24692563553182, 39.149181635426906], [-76.24683208946972, 39.149055996281014], [-76.246667784011, 39.14891999075411], [-76.24653923599213, 39.14881665792225], [-76.24641068438004, 39.1487133214554], [-76.24626065494782, 39.148588190727324], [-76.24602626382894, 39.14849128056412], [-76.24580646674016, 39.14842723568311], [-76.24553783543591, 39.1484076025422], [-76.24528355112507, 39.14840434707126], [-76.24508515460131, 39.148356594805605], [-76.24493557971662, 39.148264451546595], [-76.24479277812915, 39.148150241528576], [-76.24466363452729, 39.14800290796299], [-76.24451375691034, 39.14788877693987], [-76.24442015245774, 39.14775764648732], [-76.24426357610372, 39.14767104857638], [-76.24428933080289, 39.14748938099463], [-76.24439357220677, 39.14736749733961], [-76.24447657025084, 39.14724030696117], [-76.2446876446982, 39.147183461698035], [-76.2448990272677, 39.14714862134486], [-76.24511047721086, 39.14711927350667], [-76.245343262142, 39.14710071983685], [-76.24553405083364, 39.14711004474247], [-76.24575363771662, 39.147157596516884], [-76.24595880304605, 39.14718328126114], [-76.24607010969964, 39.147061343432526], [-76.24621640393691, 39.146917094533194], [-76.24637728861104, 39.14680570942099], [-76.24651707275746, 39.14670002569924], [-76.24654342663295, 39.146562331759284], [-76.2465199671293, 39.146397589831906], [-76.24652457907996, 39.14622160245509], [-76.24643029729764, 39.14604097475716], [-76.24637889120551, 39.14589848427771], [-76.2463416865797, 39.145761360745375], [-76.24631117440278, 39.14559667058787], [-76.24636524130477, 39.14542025414061], [-76.24634171263084, 39.14525001546911], [-76.24629735561875, 39.145107452326315], [-76.24632363583238, 39.14496427023444], [-76.24639225993357, 39.14482071094157], [-76.24643955264001, 39.14466633799287], [-76.2463171068769, 39.144491468661826], [-76.24618772971304, 39.14432766591041], [-76.24607969741865, 39.14417465113695], [-76.2460072770371, 39.14404333122975], [-76.24594850475962, 39.1438789066756], [-76.24591108363984, 39.14372528270596], [-76.24587357448515, 39.14356616419853], [-76.2459566372079, 39.14344446186009], [-76.24598275392813, 39.14329029490501], [-76.24589629287868, 39.143164600653435], [-76.24588641769877, 39.14296124124235], [-76.24594813645037, 39.142828745810824], [-76.24603119647814, 39.14270704777117], [-76.24606720005644, 39.142624860804844], [-76.24609588146681, 39.142546444355915], [-76.24609543680076, 39.142429276563526], [-76.24611589143979, 39.14230768164392], [-76.24605124507868, 39.14221229073326], [-76.24598731108158, 39.142051162953784], [-76.24585767789787, 39.14189692188188], [-76.2456252495979, 39.14171280783855], [-76.24543020918004, 39.1415362172307], [-76.24530918095844, 39.141455102549585], [-76.24518837102747, 39.14135203953876], [-76.2450394510146, 39.14124881682678], [-76.24493740778821, 39.14114587544129], [-76.24480762189091, 39.14100625184562], [-76.24475314445881, 39.14083787322015], [-76.24473540902017, 39.140742784789396], [-76.24483043999746, 39.14062286399194], [-76.24492959514019, 39.140557762671335], [-76.24516381378253, 39.140526900870356], [-76.24534715723706, 39.14052055502188], [-76.24553067855804, 39.14053620783504], [-76.24564712447338, 39.140533144298445], [-76.24577601564866, 39.14053762917103], [-76.24590475590698, 39.1405530722637], [-76.24602662944326, 39.14055385608855], [-76.24621414377567, 39.14055506213367], [-76.24641555684215, 39.140570956008766], [-76.24667590028959, 39.14055801349526], [-76.24682621269113, 39.14052976096105], [-76.24702086863005, 39.14052005337377], [-76.24729613219604, 39.14049274350511], [-76.24735189691393, 39.14048361420182], [-76.24750845081006, 39.14043654772302], [-76.24753913187028, 39.140428460030435], [-76.24777848438448, 39.14037687936933], [-76.24802460570433, 39.14030322539162], [-76.24822078788091, 39.140191521159224], [-76.24843197461769, 39.14014569049698], [-76.24865858722453, 39.14019318217962], [-76.24882213630178, 39.140274201468465], [-76.24897200224063, 39.14038834623176], [-76.2491230746169, 39.14059045059554], [-76.24923793949735, 39.14072688398581], [-76.24933828490784, 39.140826561801774], [-76.24966558428498, 39.14129390475787], [-76.2497142325492, 39.14133661473622], [-76.24999098192865, 39.141619635880176], [-76.2502756760085, 39.14185338732662], [-76.2505373283013, 39.14219113074533], [-76.25064718148077, 39.14235153780074], [-76.2508581777747, 39.14276006195036], [-76.25108623038093, 39.143009595641374], [-76.25143837087063, 39.143408747381606], [-76.25202413801289, 39.14375566377417], [-76.25257831320324, 39.143904627451306], [-76.25341490344755, 39.14441352665143], [-76.2535490883948, 39.1447827552087], [-76.25353668894893, 39.14545765496876], [-76.25341012351193, 39.145823932481825], [-76.25335735108224, 39.14600993074002], [-76.25382713853482, 39.14614696879343], [-76.2544031032607, 39.14587907197581], [-76.25486064577761, 39.14553301042917], [-76.25526401179806, 39.14506558205534], [-76.25594626878161, 39.144381788008005], [-76.25587588937238, 39.14399134634497], [-76.25598704151572, 39.1436962420794], [-76.25642845657836, 39.143459749646745], [-76.25693752286672, 39.14337769593322], [-76.25699217906354, 39.143087439577], [-76.25704482483079, 39.142522745643795], [-76.25736794165195, 39.142586777086166], [-76.25758783845373, 39.142896602609476], [-76.25798606880569, 39.14347734909477], [-76.25853118538473, 39.144120104591074], [-76.25900232929337, 39.14456997699772], [-76.25969175393458, 39.145033256397255], [-76.26021304629396, 39.14543977107182], [-76.26079827444704, 39.145819566381775], [-76.26099922308453, 39.14562424251931], [-76.26127468787313, 39.14521025554817], [-76.26115494154745, 39.144819246497214], [-76.26090619265538, 39.14415786142577], [-76.2605867607235, 39.14350666431297], [-76.26040449614561, 39.14268138577838], [-76.26060709768322, 39.14162446904488], [-76.26098873166032, 39.140800063743356], [-76.26106644132228, 39.14040577156726], [-76.26061405423678, 39.140087847349754], [-76.2597728232957, 39.139447252567194], [-76.25896063039617, 39.13876303396971], [-76.25857550287095, 39.13823732648787], [-76.25789833214853, 39.13787844183505], [-76.25723636900555, 39.13745935289614], [-76.25680193744593, 39.136933067116495], [-76.2566845626726, 39.136415848705994], [-76.25647121728421, 39.136133550103445], [-76.2560673140712, 39.135865544803416], [-76.25564438454052, 39.1358662722413], [-76.25534095340046, 39.13550061252549], [-76.25483738839492, 39.13490220283135], [-76.25433765829729, 39.13447944985828], [-76.25422833602217, 39.13429160807355], [-76.25440087813374, 39.13410695433074], [-76.25464382840063, 39.13392860195177], [-76.25458925754377, 39.133829201451334], [-76.2544500294545, 39.1337343321054], [-76.25390328333155, 39.133568988779516], [-76.25318547641893, 39.13350596228686], [-76.25293129541436, 39.1335305301599], [-76.25236079064877, 39.133507610922535], [-76.25210872517667, 39.13341692475348], [-76.2517296900257, 39.13333031129099], [-76.25126632103583, 39.13323175029362], [-76.25083090851592, 39.13314449275416], [-76.25032614964938, 39.13299607142041], [-76.25000713004421, 39.1330967224718], [-76.24975511936934, 39.13338472195848], [-76.24968032294383, 39.133473181185856], [-76.24966897183192, 39.133482921100914], [-76.24965782823081, 39.13349282406655], [-76.24964690651359, 39.133502869875436], [-76.24963622284992, 39.133513075250676], [-76.24962577454484, 39.13352340604898], [-76.24961554632702, 39.13353390059436], [-76.24960555795938, 39.133544522653075], [-76.24959580495035, 39.13355527710261], [-76.24958627472348, 39.13356615906535], [-76.24957701039796, 39.13357716645081], [-76.24956799849905, 39.13358831598214], [-76.24955925070479, 39.133599584664886], [-76.24955072838769, 39.13361095786612], [-76.24954248993822, 39.13362243140495], [-76.24953446259285, 39.13363403106297], [-76.24952674426792, 39.13364575265938], [-76.24951926219993, 39.13365755717322], [-76.24951205321977, 39.13366946759891], [-76.24950511014093, 39.13368149438832], [-76.24949844733646, 39.13369358806862], [-76.24949204504344, 39.13370578138936], [-76.24948592841466, 39.13371803672326], [-76.24948009565354, 39.133730396575146], [-76.24947452070889, 39.133742817743304], [-76.24946923322513, 39.13375533855177], [-76.24946421793088, 39.133767908133976], [-76.24945949997901, 39.13378055923959], [-76.24945506499645, 39.13379325006053], [-76.24945090938995, 39.13380602170799], [-76.24944704124434, 39.13381884073551], [-76.24944345966131, 39.13383170226546], [-76.24944016104757, 39.13384461884027], [-76.24943717145432, 39.13385758488544], [-76.24943444237248, 39.13387056625779], [-76.24943202410773, 39.133883615217286], [-76.24942991396514, 39.13389666487117], [-76.24942806523228, 39.133909760511415], [-76.24942706810232, 39.133917990403], [-76.24942771309269, 39.133915689573165], [-76.2493927380854, 39.134056090223766], [-76.2492954891677, 39.134172413498305], [-76.24906312913969, 39.13421845430043], [-76.24885073776211, 39.13417634761023], [-76.24863111853976, 39.13412329491465], [-76.2483981440641, 39.13412535464598], [-76.24826272932322, 39.13403308266415], [-76.24809929702694, 39.13395755253974], [-76.24793827850385, 39.13405793534344], [-76.24782682811981, 39.134168890496014], [-76.24775845105532, 39.13432894374113], [-76.2476618183819, 39.134489245377615], [-76.24758606075905, 39.13462736567861], [-76.24743202124738, 39.13472219898184], [-76.24727085809552, 39.134811597195565], [-76.24707343714216, 39.13482983079393], [-76.24684711918275, 39.13480433037231], [-76.24660694471005, 39.134795461627725], [-76.24639507705031, 39.134791816021476], [-76.246168337781, 39.13473333857685], [-76.24597733798531, 39.13470752038353], [-76.24580067799646, 39.13469808443878], [-76.2455884330443, 39.134666960166044], [-76.24541246565656, 39.13470699500313], [-76.24523414468275, 39.134576607860005], [-76.24508484647917, 39.13450094105036], [-76.24492138903007, 39.134425403763075], [-76.24469443775837, 39.134350430101556], [-76.24450920604511, 39.134231083027615], [-76.24453486372626, 39.1340439206548], [-76.2445820863641, 39.13388405350402], [-76.24461503387379, 39.13371331589759], [-76.24450747948313, 39.133593298117034], [-76.24451226480863, 39.13342831401072], [-76.24434161993896, 39.13334184828481], [-76.24413735382313, 39.133376632062195], [-76.24395987007918, 39.133306716087745], [-76.24376789291645, 39.13320943439286], [-76.24377268992006, 39.13304442778616], [-76.24354655252202, 39.13302992791769], [-76.24329277306435, 39.13305964606001], [-76.24323047939099, 39.133059486491135], [-76.24298279590086, 39.1330720561976], [-76.24286760133872, 39.13324142195516], [-76.24245786895783, 39.133265561385244], [-76.242233529987, 39.13314837954071], [-76.2416534330108, 39.13324257516832], [-76.2412000299307, 39.13336524488705], [-76.24048691851209, 39.1333759491941], [-76.24029272251059, 39.133116191952645], [-76.24001619321837, 39.13267447360282], [-76.23978139246772, 39.13228254620473], [-76.23972989205248, 39.131908566678014], [-76.23964279409746, 39.131556286302775], [-76.23961746070815, 39.13133635144881], [-76.23980986277402, 39.13120058971935], [-76.24024723990945, 39.13122062484989], [-76.24067575875785, 39.131377900287504], [-76.24105253284927, 39.13171055211916], [-76.2412587393261, 39.13212972823252], [-76.2413705104087, 39.13221852211426], [-76.24170367758127, 39.13211135178441], [-76.24213089746578, 39.13183465647064], [-76.24238126961356, 39.13158397313428], [-76.24263877887628, 39.131327885032015], [-76.24292253870821, 39.131220307794244], [-76.24304469611214, 39.131056488798016], [-76.24318374364002, 39.130684083172696], [-76.24342842945205, 39.130328975886755], [-76.24386796883236, 39.13018420352281], [-76.24409930028939, 39.130306938496865], [-76.24404753037956, 39.13102065654283], [-76.2439794425726, 39.131366181797716], [-76.24409820524306, 39.13146053311032], [-76.24428906220663, 39.1314400980714], [-76.2446790577024, 39.13130590091333], [-76.24489996241392, 39.131148389090825], [-76.24505114348634, 39.130924379303885], [-76.24501177122575, 39.13069884274523], [-76.244830130977, 39.13055453801909], [-76.24465607879743, 39.13037186463464], [-76.24453975145971, 39.13025122933798], [-76.24451571883091, 39.13009081840647], [-76.24450630089348, 39.12992045207691], [-76.24442614781393, 39.12973971844454], [-76.24443093044451, 39.12957471485732], [-76.24446374320688, 39.129393007544024], [-76.2444329345859, 39.12920631034858], [-76.24443081007027, 39.129052382592256], [-76.24454140166488, 39.12888097474928], [-76.24465201751404, 39.12870954418997], [-76.24455781119018, 39.128534431046944], [-76.24446393903962, 39.128381306688105], [-76.24437726059784, 39.12823911077471], [-76.24434000207313, 39.12809649018868], [-76.24419759754103, 39.12800976216964], [-76.24413210137367, 39.127867380838545], [-76.24408782970153, 39.12773032810878], [-76.24402886428626, 39.127549380494465], [-76.24397695244264, 39.12736840663136], [-76.24391822418262, 39.12720398076485], [-76.24388019580171, 39.12700637109856], [-76.24386404319458, 39.12685804972117], [-76.24386920760914, 39.12672054484931], [-76.24383892809585, 39.12657235109444], [-76.24382291293097, 39.12643505890795], [-76.2438560104593, 39.12627530410292], [-76.24390284233002, 39.12608795333565], [-76.2439361967765, 39.12594469702246], [-76.24407592253243, 39.12583900916296], [-76.24429498749424, 39.12585357044357], [-76.24447099979776, 39.125819047764374], [-76.24469604214947, 39.12575657323326], [-76.24489301843677, 39.12570536650203], [-76.24506116688829, 39.12561040607096], [-76.2452155396749, 39.1255430775739], [-76.24541182605607, 39.12544237600458], [-76.24559490810087, 39.12540777995114], [-76.24574897725694, 39.12531843948801], [-76.24563981757686, 39.12508388957022], [-76.24555221926025, 39.125055929791415], [-76.24539390915773, 39.12506859779355], [-76.24534145922323, 39.12504088052528], [-76.24536500945672, 39.124981026297014], [-76.24537126442604, 39.124833254681334], [-76.24520964582834, 39.12473112138264], [-76.24499247990501, 39.12473353958997], [-76.24483064660997, 39.12459310223432], [-76.24462064834431, 39.12462824923161], [-76.24445899291567, 39.1245261121512], [-76.2445774429724, 39.124393499097955], [-76.24449265099273, 39.12425222618479], [-76.24424716388346, 39.1241947776651], [-76.24391072235169, 39.12416022211572], [-76.24370709493802, 39.12406401006651], [-76.2435873522056, 39.123934038082275], [-76.24351658562247, 39.12379259629499], [-76.24350182720065, 39.12364507028276], [-76.24344499258926, 39.12348158490526], [-76.24326945190127, 39.1234014843259], [-76.24310099981919, 39.1233377037441], [-76.24291830854155, 39.123230324070136], [-76.24289665105836, 39.12309379754148], [-76.24276977300764, 39.122942033565586], [-76.24263584228362, 39.12277392953375], [-76.24278960601247, 39.122701105282516], [-76.24299253274022, 39.12265509249327], [-76.24320268821104, 39.122652778054224], [-76.2433211328779, 39.122520165655764], [-76.2434678053059, 39.12243102293797], [-76.2436214172195, 39.12232536256153], [-76.2434669474148, 39.12225596457387], [-76.24341722746045, 39.122119760919446], [-76.2434235363287, 39.12197745758455], [-76.24365460637597, 39.121958477048], [-76.24383655474688, 39.12191815759053], [-76.24402565460576, 39.121905129412276], [-76.24420027721553, 39.12180471465114], [-76.24404549659374, 39.12166967189], [-76.2439328164161, 39.12155058557966], [-76.243750662331, 39.121547133031946], [-76.24354742029459, 39.12153297716632], [-76.24334413513905, 39.121507878932206], [-76.24316160465983, 39.1214278562547], [-76.24301409769691, 39.12134743624004], [-76.24296437953922, 39.121211229435254], [-76.24292854035264, 39.12104749936371], [-76.24299093823059, 39.120915535570596], [-76.24299724620053, 39.12077322980319], [-76.24312942520973, 39.12059124052571], [-76.24325480846383, 39.120442140408784], [-76.24316312910088, 39.12032280530906], [-76.24307837485046, 39.12018152841393], [-76.24294465792548, 39.12005718399408], [-76.24271298151537, 39.11995582224935], [-76.24259290999956, 39.11975473543208], [-76.24257799077931, 39.11957438203132], [-76.24266832087271, 39.119425672837785], [-76.24279352446375, 39.11924377765146], [-76.24289785390253, 39.11909490119013], [-76.24298127325645, 39.11896268771731], [-76.24309280898044, 39.11885203965861], [-76.24307808020303, 39.118704515148224], [-76.24305625293826, 39.118546120683106], [-76.24293654524013, 39.11841614618497], [-76.24276781647696, 39.11829220009452], [-76.24258524737017, 39.11820670476435], [-76.24241672252457, 39.118126507583185], [-76.24224836207064, 39.11807914180327], [-76.24229807573677, 39.118215347693926], [-76.24248755827797, 39.11828437121611], [-76.24236205734458, 39.118406112860164], [-76.24215198092548, 39.11841937446751], [-76.24197000291018, 39.11844874402627], [-76.24174592894235, 39.11847312130829], [-76.24152158368328, 39.11843183597141], [-76.24132518052114, 39.11837931852348], [-76.24126149356077, 39.11824873457992], [-76.24124663812091, 39.118079321617785], [-76.2412038675336, 39.11792661082608], [-76.2410630260701, 39.11778046784061], [-76.24099921783716, 39.11762252711003], [-76.2407744728278, 39.117504673852686], [-76.24062696855982, 39.117424244481036], [-76.24075947365749, 39.11730242586837], [-76.24079376055525, 39.117154352389974], [-76.2407509279842, 39.116990714647365], [-76.24076409099806, 39.11682099687326], [-76.24082627777192, 39.11664525617511], [-76.24092367940322, 39.11650740309445], [-76.24075503328505, 39.11639986455453], [-76.24064236927707, 39.11628078188212], [-76.2405227020031, 39.116161747796674], [-76.24031898296128, 39.1160436432757], [-76.24014356983409, 39.11598543114585], [-76.23994694927964, 39.115889134749544], [-76.23981314521806, 39.11574291714319], [-76.239672381908, 39.115607715003044], [-76.23955269846437, 39.115483217538895], [-76.23939799150446, 39.11536458078002], [-76.23921532178638, 39.115251721815], [-76.23898403794007, 39.11522691756132], [-76.23875256634585, 39.11516383492706], [-76.23849313918001, 39.11511199390653], [-76.23832481915028, 39.11507011416267], [-76.23817036821022, 39.115000709725294], [-76.23797416896565, 39.114986449390386], [-76.23779211639017, 39.11499939660366], [-76.23770729207115, 39.11484170403957], [-76.23772046316985, 39.11467198387713], [-76.23768464015295, 39.114508249760746], [-76.23766273024316, 39.11432249517683], [-76.2376059917515, 39.11418089887564], [-76.23745141864056, 39.11408414557245], [-76.2374997390197, 39.113935901536756], [-76.23753386691567, 39.11375501397746], [-76.23749106219236, 39.11359684885069], [-76.23739922742088, 39.113433731173465], [-76.23721645349823, 39.11329900553464], [-76.23704081669051, 39.113197010248975], [-76.23718035829178, 39.11308057217679], [-76.23728597142312, 39.113194282872904], [-76.23744058585656, 39.11329652350753], [-76.23756719441269, 39.11340454283582], [-76.23769390807173, 39.11353442202859], [-76.23779252512364, 39.113648214935324], [-76.23780024434686, 39.11379583576314], [-76.23787104776093, 39.1139482063124], [-76.23797674892714, 39.114078336815396], [-76.23794259587835, 39.114259243060516], [-76.23809012440084, 39.11434514255716], [-76.23823063887757, 39.11443110119342], [-76.23842724955055, 39.11452739540028], [-76.23860965696058, 39.1145855571574], [-76.23879885114256, 39.11459986984774], [-76.23898799232396, 39.11460325791583], [-76.23917745959378, 39.11467227103673], [-76.23935249093701, 39.11465392418642], [-76.23965387571482, 39.11468888725835], [-76.23980161444308, 39.11481854383585], [-76.2399979223838, 39.11485464430961], [-76.24018730790695, 39.11490725568998], [-76.24039048885791, 39.11491594711635], [-76.24058647340513, 39.11488642414183], [-76.24082439939465, 39.114840031966374], [-76.24108349508217, 39.11482075259015], [-76.24130746574374, 39.11478543760466], [-76.24155957882655, 39.114771703452305], [-76.24178379562652, 39.11478563136731], [-76.24202239984407, 39.11487052168171], [-76.24219774110607, 39.11491779552539], [-76.24239429877844, 39.115003157540066], [-76.24256271133464, 39.115061445755856], [-76.24273818285236, 39.11513609076121], [-76.24292084807884, 39.115243476499515], [-76.24301957023364, 39.11537914771065], [-76.24311826004906, 39.11550385514993], [-76.24322393157088, 39.11562303740951], [-76.243196602125, 39.11576011718033], [-76.2431273770509, 39.11593045851611], [-76.24312847209721, 39.11614927334573], [-76.24317118968392, 39.116285550573544], [-76.24343083064882, 39.11638113133442], [-76.2436549432442, 39.116373169121964], [-76.24387208401468, 39.11637075202151], [-76.24408206161908, 39.11633560648026], [-76.24435501381986, 39.116283334895414], [-76.24453717059991, 39.11629226381989], [-76.24473335816639, 39.11630101710605], [-76.24495051420821, 39.11630407472712], [-76.24516124370251, 39.11642206938699], [-76.24509892397799, 39.116565006337794], [-76.24524664024837, 39.11668919522408], [-76.24538729486228, 39.1167970316248], [-76.24543013102661, 39.11696067051414], [-76.24558468167967, 39.117046462172816], [-76.24560648019836, 39.11720487464551], [-76.2457473243568, 39.11735648301262], [-76.24579023058973, 39.117531063587684], [-76.24581218541526, 39.117716799258915], [-76.2457779452299, 39.117875816577616], [-76.24577868454338, 39.11802351706225], [-76.24600322653347, 39.11810308082829], [-76.24618590433639, 39.118210454378314], [-76.2463684294257, 39.118290473043885], [-76.24653013426168, 39.1184035501665], [-76.2466776816488, 39.118494916376875], [-76.24684620918936, 39.1185750991997], [-76.24702844412283, 39.118594950441995], [-76.24704820077088, 39.11857230303371], [-76.247076596517, 39.11841936052849], [-76.247061814739, 39.1182608706366], [-76.24700502324676, 39.118113821605704], [-76.24696913644947, 39.11793916720327], [-76.24694726337061, 39.1177698273744], [-76.24691856668886, 39.11763338156517], [-76.24691080254985, 39.11748575483764], [-76.24687474147942, 39.117278290027606], [-76.2468458004559, 39.11708714405251], [-76.24680998821877, 39.11693437117118], [-76.24678816364894, 39.116770507796886], [-76.24671738179445, 39.11662359574653], [-76.24666061455672, 39.11648199779652], [-76.24673695877945, 39.116338910828205], [-76.2467360919052, 39.11616387496282], [-76.24669337072523, 39.11602757519649], [-76.24660165812462, 39.11589730123103], [-76.24644698350406, 39.11578415108535], [-76.24637591239203, 39.11557706321029], [-76.2462911940742, 39.11544671801671], [-76.24620635448383, 39.11528902366577], [-76.24611453318707, 39.11513686580817], [-76.24609283168643, 39.11500033892875], [-76.24613415239287, 39.11485765599226], [-76.24614721838867, 39.11467152037933], [-76.2461605439976, 39.11453461901134], [-76.24604066831452, 39.114371836667104], [-76.24604051290598, 39.11434678048948], [-76.24602744960511, 39.11429085030698], [-76.24600102116946, 39.1142488055846], [-76.24596981908637, 39.114213976814106], [-76.24592678798764, 39.11401205463931], [-76.24589073230707, 39.11380456705547], [-76.24572856034715, 39.11359303974625], [-76.24558066621034, 39.11343056608962], [-76.24546095312232, 39.113306082901005], [-76.245355140565, 39.113154075496524], [-76.24513041262364, 39.113041703682846], [-76.24498967626303, 39.11290650890598], [-76.24500291024378, 39.11275318817312], [-76.24493194692961, 39.11256796775161], [-76.24476298999434, 39.112400265537886], [-76.24466430377217, 39.112275559576155], [-76.24459340513668, 39.11210128172749], [-76.24454369686043, 39.11196508214042], [-76.2444519833615, 39.111834808331515], [-76.2443531120864, 39.11167179391658], [-76.2442753835598, 39.1115358953092], [-76.24416272134845, 39.111416793264574], [-76.24404270193492, 39.11122667274187], [-76.24397880746369, 39.11105231702064], [-76.24385903778182, 39.11091142441843], [-76.2437392366589, 39.110765036863945], [-76.2436262959698, 39.110591252958955], [-76.24354151117664, 39.11044448416047], [-76.24344970604956, 39.11029232211558], [-76.24335081590982, 39.1101238414756], [-76.2432659385902, 39.10996067951362], [-76.24315994906478, 39.10977038568263], [-76.24306828317654, 39.10965105272258], [-76.24294871022572, 39.109548437367934], [-76.2428570102015, 39.10941816327405], [-76.24275822516465, 39.1092715669903], [-76.24268031697501, 39.10909738557256], [-76.24263763442261, 39.108961087473034], [-76.24253174371187, 39.1087981514507], [-76.2424540636943, 39.10866772192224], [-76.24233424460506, 39.10851588365485], [-76.242242505055, 39.10837465976188], [-76.24215063884246, 39.10821157600276], [-76.24206595645725, 39.108086692547715], [-76.2419531415323, 39.107929305160674], [-76.2418334652752, 39.1078102736973], [-76.24173485540983, 39.1076964901846], [-76.2416151773561, 39.10757748133103], [-76.24143937076681, 39.107431717691746], [-76.24129172546333, 39.10731848424687], [-76.24116493005762, 39.10717216520949], [-76.24111519393358, 39.10702503727314], [-76.24104438512964, 39.10687264548156], [-76.24097369131003, 39.10673667070161], [-76.24077022289819, 39.10666779479963], [-76.24055981500075, 39.106609957615596], [-76.24041906516541, 39.10647475747108], [-76.24024343644251, 39.10636182083543], [-76.24006733610412, 39.106161363716936], [-76.23995454992526, 39.10600944476613], [-76.23989766500821, 39.10583500782452], [-76.23982688315371, 39.105688107829856], [-76.23975610758743, 39.10553571593612], [-76.23976237603148, 39.10538794187522], [-76.23969143337852, 39.10520274113345], [-76.23957870559016, 39.10506721344853], [-76.23956390045598, 39.10490327298612], [-76.23948591590951, 39.10471267272368], [-76.23933109396525, 39.10456120654694], [-76.2392320556035, 39.10435991058667], [-76.23911937183257, 39.104229860428696], [-76.23899958777764, 39.10408348409198], [-76.23892187542071, 39.103947584794625], [-76.23883025354995, 39.103828246855706], [-76.23874543641745, 39.103670530688994], [-76.23869569670018, 39.10352885582389], [-76.2386460108818, 39.10339265291557], [-76.23854718182751, 39.10322963431066], [-76.23844833121363, 39.10306660208382], [-76.23844034249582, 39.10286428198947], [-76.23836962891328, 39.102728302265646], [-76.23825694873564, 39.10259826722243], [-76.23816501335281, 39.10241875942359], [-76.23809426832925, 39.10227183627604], [-76.23803044931653, 39.102113898430666], [-76.23797372789284, 39.10196682546518], [-76.23784711843838, 39.10185335667869], [-76.23777629975295, 39.10169549318451], [-76.23775456231972, 39.10154801710839], [-76.23760012126112, 39.101473156940386], [-76.23739642108394, 39.101349575619906], [-76.23724198092366, 39.10127469711597], [-76.2370944182652, 39.101172399305646], [-76.2368976593702, 39.10103779592699], [-76.23674993770993, 39.10090267014441], [-76.23663035667424, 39.10080004623621], [-76.23649685624325, 39.1007085413606], [-76.23646816854466, 39.10056662142763], [-76.23629924125379, 39.100393435612], [-76.23628452325617, 39.10024588640182], [-76.23621383572478, 39.1001153992202], [-76.23614997449123, 39.0999410397152], [-76.23610717875111, 39.09978286868449], [-76.23604333548386, 39.099613986469045], [-76.23600751695854, 39.099450267563576], [-76.23592986658537, 39.099319836074955], [-76.23586554182114, 39.099052497303326], [-76.23571738896953, 39.098829839008346], [-76.23563267783824, 39.09868855806338], [-76.2355410164416, 39.09856374627466], [-76.23549131535187, 39.098422047203655], [-76.23540637425188, 39.09823698850621], [-76.23547561459733, 39.09807212307163], [-76.23539771449252, 39.09789243921964], [-76.23524328690866, 39.09781757795867], [-76.23518654302711, 39.09767049881909], [-76.23531211582572, 39.097570651868104], [-76.23514362870937, 39.09748497314388], [-76.23507989323996, 39.09733797418115], [-76.23505114176096, 39.097185121538544], [-76.23502908812074, 39.09696653575794], [-76.23497237927349, 39.096830402436815], [-76.23486663408981, 39.09668387897172], [-76.23471871659682, 39.09650497519975], [-76.23463385634518, 39.09633633123393], [-76.23456297657432, 39.096162048135454], [-76.23449223873727, 39.09601514262468], [-76.23443554246643, 39.09587353812787], [-76.23442766513972, 39.09569310339087], [-76.23448285224089, 39.09551742225369], [-76.23435596700362, 39.09534923327623], [-76.23429225039884, 39.09520225356512], [-76.23424940075978, 39.095033138673514], [-76.23419262274224, 39.094875118379605], [-76.23412895374818, 39.094739063288664], [-76.23407924187867, 39.09460283712424], [-76.23403654854647, 39.094455609749566], [-76.23401483446943, 39.09431363400431], [-76.23396494024192, 39.09412817479341], [-76.23393619415282, 39.09397532843941], [-76.23381571749681, 39.093681251431924], [-76.2337238997933, 39.09351268367934], [-76.23368794562236, 39.093321608504716], [-76.23365200312954, 39.09312505698554], [-76.23362995577752, 39.092917437497164], [-76.23360100936412, 39.09272081164484], [-76.23362830826728, 39.092572809229075], [-76.23359256609876, 39.092420038985686], [-76.23353589677738, 39.09228388294286], [-76.23350717045122, 39.09213650570659], [-76.23342944012802, 39.09198965665022], [-76.23334471462367, 39.09184837315517], [-76.23328092435703, 39.09168495484634], [-76.23330124065549, 39.09154250359797], [-76.2333075126928, 39.09138925422456], [-76.2333487597374, 39.09123016110868], [-76.23339706754011, 39.0910873868249], [-76.23337528069952, 39.090923516346], [-76.23331158924756, 39.09078199017229], [-76.23329682274093, 39.09062352179641], [-76.23321913733348, 39.09048761468182], [-76.23313425372564, 39.09030800841772], [-76.23308451400837, 39.09016085295537], [-76.23302776024535, 39.09000830269341], [-76.23287956157967, 39.08976377981951], [-76.23285075350681, 39.089599980172245], [-76.2328079945976, 39.08944728088252], [-76.23276485031113, 39.08921252510794], [-76.23267317004986, 39.08907677006209], [-76.23259537055637, 39.088913519642034], [-76.23248966130531, 39.08877244334164], [-76.23241901509643, 39.088641937716154], [-76.23233425725275, 39.088489686774565], [-76.23229120010286, 39.08827136688509], [-76.2322484025661, 39.08810770252494], [-76.23218450719656, 39.087927890088366], [-76.23212064326806, 39.08774805557847], [-76.23209885912244, 39.08758966196475], [-76.23210508265072, 39.087425470986986], [-76.23210427237032, 39.08725590514452], [-76.23202523499837, 39.086835541666225], [-76.23202436363253, 39.08665503429834], [-76.23200236299293, 39.08644191871967], [-76.23202241249174, 39.08624476510886], [-76.23197261797723, 39.08608667003808], [-76.23188040321837, 39.08583604287683], [-76.231844504743, 39.08565045817506], [-76.23178775996313, 39.085497911405845], [-76.23168188452374, 39.08532401709989], [-76.23159699732265, 39.0851389372772], [-76.23153995070884, 39.08492076739149], [-76.23151810817272, 39.08474595473273], [-76.23148940969433, 39.084604031958214], [-76.23148858054932, 39.084428989803996], [-76.23150890223768, 39.084286517624754], [-76.23149413303611, 39.084128045114184], [-76.23137372914363, 39.08383944055021], [-76.23139370318397, 39.08362586810338], [-76.23132274346304, 39.08342971770418], [-76.231287011176, 39.083276940904746], [-76.23127896496598, 39.08305820532693], [-76.23127117387752, 39.08289418231089], [-76.23127750340703, 39.08275188205538], [-76.23119970660848, 39.08258861629927], [-76.23118472360784, 39.08238639085396], [-76.23117001728832, 39.08223884022517], [-76.23112035572449, 39.08210262547825], [-76.23106334683992, 39.081895381470574], [-76.23104169115335, 39.08175885436079], [-76.23111806861375, 39.081621246146995], [-76.2311243352612, 39.0814680024122], [-76.23113761685266, 39.08132015141001], [-76.23112270032738, 39.081123373984134], [-76.2311358031541, 39.08093724691873], [-76.2312048755146, 39.08073954446957], [-76.23124612705077, 39.08058045313317], [-76.23114748394774, 39.08045024405657], [-76.23111860311137, 39.08027002996353], [-76.23108935845728, 39.080013237247655], [-76.23113752522451, 39.079837648150104], [-76.23110869469377, 39.07966291215404], [-76.23112879359992, 39.079471234615], [-76.23112084440798, 39.079274383692955], [-76.23117567757294, 39.07902760536453], [-76.2311748699875, 39.078858041650165], [-76.23118091115778, 39.078661020259716], [-76.23120817502665, 39.078502097178486], [-76.23120046748151, 39.07835447636188], [-76.23117864381, 39.078185111169276], [-76.23112876485385, 39.077999675098845], [-76.23115585894114, 39.077807918424455], [-76.2312033932944, 39.07750105422022], [-76.23121606762474, 39.077221917793686], [-76.23127085856885, 39.0769696733369], [-76.23124859292624, 39.07670732734997], [-76.23122647550561, 39.07647234367678], [-76.23117634502118, 39.07623766327398], [-76.23116160815896, 39.07608464076766], [-76.2312017359027, 39.07569034205119], [-76.23107464315461, 39.07546197519059], [-76.23117146986415, 39.075214731626275], [-76.23119853700197, 39.07502297365985], [-76.2312668826254, 39.074672107724055], [-76.2313707656015, 39.07443575178941], [-76.23138856482053, 39.07435150598744], [-76.23129349072413, 39.070230986486976], [-76.23142739090544, 39.07017362017051], [-76.2315176724898, 39.070019448399854], [-76.23155870483703, 39.06982205221949], [-76.2316068212986, 39.06963554104552], [-76.23166203175595, 39.06947080124552], [-76.23167527471989, 39.06931200671765], [-76.23169563144252, 39.06917502772927], [-76.23168788437152, 39.06902195015387], [-76.23172215330298, 39.06886840565772], [-76.2316164718997, 39.068727327630654], [-76.23162971127034, 39.06856853212752], [-76.23163600666386, 39.06841530607551], [-76.23166323639676, 39.068256359919], [-76.23162754363557, 39.0681145099869], [-76.23166188982215, 39.06797737384038], [-76.23174520676812, 39.06783422259909], [-76.23171655769708, 39.067697771504896], [-76.23161071459704, 39.06752387726576], [-76.23156789999229, 39.067349290720706], [-76.23154611494832, 39.06719089245852], [-76.2315453900079, 39.06703771921265], [-76.23156566318724, 39.066884325236444], [-76.23160680692556, 39.066703360201316], [-76.2316201460092, 39.06656643682974], [-76.23160545136778, 39.06641890473122], [-76.23167474830711, 39.06627590656193], [-76.23172304173679, 39.066127677084495], [-76.23173634488785, 39.065979828114756], [-76.23168646862663, 39.0657998414069], [-76.23165769468977, 39.0656360481937], [-76.23162193006335, 39.06547780580883], [-76.23160007315418, 39.06529751720819], [-76.23157100007832, 39.06507353036779], [-76.23154928061138, 39.06492607396436], [-76.23156957894355, 39.064778151334615], [-76.23155489867518, 39.06463607191522], [-76.23151907386165, 39.06446141196644], [-76.23151128906139, 39.0642973917542], [-76.23151060095189, 39.06415516349963], [-76.23148183060829, 39.06399136995766], [-76.23147408623221, 39.063838268585464], [-76.23150135818592, 39.06368479581479], [-76.23148666264619, 39.06353726745847], [-76.2315418695103, 39.063372528770266], [-76.23154815502234, 39.06322477935207], [-76.2315936852342, 39.062987205607456], [-76.23156013226001, 39.06280341337096], [-76.23151745419918, 39.06266165501365], [-76.23140494110817, 39.062548010692346], [-76.23129241005083, 39.062439840909704], [-76.23127076424576, 39.06230330475455], [-76.23120710153988, 39.06216177696582], [-76.23125538868135, 39.06201902336877], [-76.23120570196467, 39.06187185144716], [-76.23126784382278, 39.06169064338267], [-76.23128110475298, 39.061537337531654], [-76.23129444114169, 39.061400411114704], [-76.23123779876978, 39.06126427611426], [-76.23123699028602, 39.061094710174004], [-76.2311384594724, 39.06098091127099], [-76.23102572180255, 39.06082351151989], [-76.23093403704972, 39.06068228000196], [-76.23084242326378, 39.06055201258604], [-76.23073683977687, 39.06042735094232], [-76.2306381481648, 39.06028072047119], [-76.23052554883552, 39.06015065808523], [-76.23041974436303, 39.0599822396971], [-76.23036291603985, 39.05980782004315], [-76.23039020775649, 39.0596598015897], [-76.23040347227997, 39.059506496211526], [-76.2303957512601, 39.05935340115641], [-76.23035305792791, 39.05920617206031], [-76.2304083115044, 39.05904690731827], [-76.23043549093165, 39.05888251180505], [-76.23043482887329, 39.058740283104406], [-76.23041316240695, 39.05859828081891], [-76.23041946139371, 39.058455974815764], [-76.23027897566307, 39.05834812521506], [-76.23011758433913, 39.05826235908939], [-76.22992833446159, 39.05820425689904], [-76.22978778225558, 39.05808546307442], [-76.22971688901, 39.05790024553752], [-76.22959726395688, 39.05776478669125], [-76.22956862027573, 39.057628351010784], [-76.22959583114401, 39.05746393545336], [-76.22944832238446, 39.05735615409294], [-76.22925192191727, 39.05726531622277], [-76.22913942140265, 39.057151670888196], [-76.2290128245246, 39.0570217575962], [-76.22890722037644, 39.05689711064615], [-76.22891350049859, 39.05674933512021], [-76.22891275938849, 39.056590690550806], [-76.22894709210031, 39.05644808403645], [-76.22891837296069, 39.0562952334737], [-76.22877792945086, 39.05619830308165], [-76.22862333388203, 39.05606871100985], [-76.22854573561115, 39.055938274640795], [-76.2284121848745, 39.05581937655366], [-76.22851659336503, 39.0556978860881], [-76.22844585013809, 39.055540019043825], [-76.2282704325193, 39.05544895003277], [-76.22824178075331, 39.055307019954164], [-76.22818516083927, 39.055176353372715], [-76.22803778772533, 39.05509044108854], [-76.22791817075705, 39.05495500475516], [-76.22803657859295, 39.05483881860135], [-76.2280848989721, 39.05469606275435], [-76.22808424410026, 39.054553833294364], [-76.22814648656966, 39.05439449667104], [-76.22818071058535, 39.054235476392556], [-76.22818680385791, 39.05404394674223], [-76.22811617831027, 39.053907958700975], [-76.22799653439255, 39.053772518704534], [-76.22782145004872, 39.05374707545524], [-76.22766007399613, 39.05366133024953], [-76.22765933558097, 39.053502685718364], [-76.22756765352307, 39.053355996918306], [-76.22734336934946, 39.053287346527775], [-76.2271751948468, 39.05324541262361], [-76.22704163063541, 39.05312105967213], [-76.22690111615867, 39.05300226217899], [-76.22678855635526, 39.05288313521878], [-76.22662710394587, 39.052775506617024], [-76.22664877849705, 39.05292295770402], [-76.22669851821433, 39.053081062201436], [-76.22675519202728, 39.05322267027873], [-76.22676983007484, 39.0533647447633], [-76.22681249376264, 39.05350650364959], [-76.226806220827, 39.05365975369085], [-76.22678595842746, 39.0538131498936], [-76.22670262621013, 39.05395629817552], [-76.22664041967333, 39.05412110487592], [-76.2266621472251, 39.05427403339138], [-76.22685144650997, 39.054343067889945], [-76.22704770953494, 39.05440656907738], [-76.22718817460434, 39.05450895843083], [-76.22740546359684, 39.054577686460696], [-76.22745514492362, 39.0547248394053], [-76.22759570341782, 39.054849130238374], [-76.22765946583668, 39.05501253272138], [-76.22770213311775, 39.055154313412714], [-76.22776582367138, 39.05530131657205], [-76.22768947585539, 39.05543345061968], [-76.22755004744182, 39.055555327298386], [-76.2274456218833, 39.05567134485589], [-76.2273833147352, 39.055814266148325], [-76.2274259802196, 39.05595604453235], [-76.22741966506317, 39.056103798698715], [-76.22723784245642, 39.05613315026948], [-76.22720360855924, 39.05629763937987], [-76.22714140022582, 39.056462428757385], [-76.22716304333595, 39.05659895946663], [-76.22722666921089, 39.056735026033245], [-76.22724135397085, 39.056882570696594], [-76.22729099577177, 39.05701878669184], [-76.22738963797647, 39.0571544722804], [-76.22742528582191, 39.057296308660966], [-76.22746094444712, 39.05743268778353], [-76.22748266481236, 39.05758561261496], [-76.22748342299046, 39.057749727244165], [-76.22747012073772, 39.05789210791352], [-76.22740779023341, 39.0580350337792], [-76.22751336922876, 39.05815968081317], [-76.22760495606524, 39.05828449713095], [-76.22775929112264, 39.05835939476767], [-76.22770403035962, 39.05851863734403], [-76.22765569830239, 39.05865593765261], [-76.22758651994069, 39.05882627883817], [-76.22752420919932, 39.05896917839893], [-76.2274548251234, 39.059101255360225], [-76.22727964016825, 39.05905941698374], [-76.22707646550549, 39.05901787294404], [-76.22686673134453, 39.05906941062422], [-76.22676239561756, 39.05920730904651], [-76.22669303220289, 39.059339362543675], [-76.22664430758188, 39.059400075373375], [-76.2265539379626, 39.05953235799878], [-76.22658963341874, 39.05967966105073], [-76.22652025203776, 39.059806261757544], [-76.22637377993406, 39.05991727661713], [-76.22622033870037, 39.060033828290514], [-76.22607395912314, 39.060161261210794], [-76.22599757178128, 39.060293385466515], [-76.2260333085599, 39.06044616110943], [-76.22615978057213, 39.06055419374436], [-76.22627927626786, 39.060656823896906], [-76.22636416706221, 39.060847361173224], [-76.22637192311639, 39.06100591108129], [-76.22637969803516, 39.06116995149625], [-76.22637337209893, 39.06131772195537], [-76.22637407637811, 39.06146542374864], [-76.2264447576213, 39.061612332857315], [-76.22666880284305, 39.06162629289654], [-76.22686525900579, 39.06172260551358], [-76.22705423220222, 39.06172052622823], [-76.22721494799306, 39.06166406394728], [-76.2273825215228, 39.06157469081901], [-76.22754304327756, 39.061474474008094], [-76.22764040178973, 39.061342102251764], [-76.22776582726463, 39.06122038971271], [-76.22790539222214, 39.0611313222334], [-76.22812916076276, 39.061085105338314], [-76.22836703554832, 39.061066076320394], [-76.22857000090362, 39.061058388263675], [-76.22875235980462, 39.06113843273689], [-76.22896266978566, 39.061201765291635], [-76.22913093232323, 39.061265567218626], [-76.22914565121916, 39.06141311776014], [-76.22904122027074, 39.06152913406297], [-76.22888771166342, 39.06163476698919], [-76.2289864050721, 39.06178137511777], [-76.22903613580624, 39.061934007341115], [-76.22905778161132, 39.06207053514287], [-76.2291493334135, 39.062189883058956], [-76.22933147851546, 39.062220696866085], [-76.22954871989724, 39.06227300783637], [-76.22972400366706, 39.06233673206954], [-76.2299061945831, 39.06237849805586], [-76.23012352849135, 39.06245269175165], [-76.23029882214263, 39.06251641512517], [-76.23041834119456, 39.06262451504006], [-76.23048909789621, 39.06278236554732], [-76.23050387158939, 39.06294633208456], [-76.23056759448238, 39.063098788809526], [-76.23064518197346, 39.063223776350185], [-76.23072993173231, 39.06337600369716], [-76.23086332975538, 39.0634675332935], [-76.23098291258769, 39.06358657892541], [-76.23103968072375, 39.063750070694745], [-76.2310963653165, 39.06389167830081], [-76.23112515632134, 39.06405547207408], [-76.23116083560781, 39.064202778941144], [-76.23118259010904, 39.06436117414392], [-76.23119027160305, 39.064503330142486], [-76.23120501655012, 39.064656351954106], [-76.23119164692373, 39.06479325392141], [-76.23105918135194, 39.064898649004824], [-76.2309055847097, 39.064987856109674], [-76.23076605478653, 39.065082399517514], [-76.23058418097578, 39.06511175642302], [-76.23040225416443, 39.06512469326599], [-76.23031069517575, 39.0650053475215], [-76.2304361646681, 39.064894555486966], [-76.23063200368824, 39.06485958376375], [-76.23077815958499, 39.06468839853277], [-76.2307774975266, 39.06454616757856], [-76.23080464730945, 39.06437080922331], [-76.23078999848212, 39.064228754093634], [-76.23082427909166, 39.064080657025286], [-76.23080248057299, 39.06391678449398], [-76.23074565584305, 39.0637423647955], [-76.230584369622, 39.06367849326508], [-76.23034638973357, 39.06368110677266], [-76.23014359415984, 39.06372710365301], [-76.22992684056327, 39.06377324906924], [-76.2297447834962, 39.063764296753426], [-76.22952085505545, 39.06377770325571], [-76.22932469533674, 39.063741561981395], [-76.229121221535, 39.063639858399874], [-76.22891799207501, 39.06358739290122], [-76.2287007668629, 39.0635405540537], [-76.22851876728802, 39.06353707146245], [-76.22833676322156, 39.06353359514853], [-76.22816202383082, 39.063590228215304], [-76.2279729994304, 39.063586841183216], [-76.22778424991449, 39.06363266444906], [-76.22759510154658, 39.063601916822684], [-76.22737094313712, 39.06357156605719], [-76.22718168786967, 39.06351345986601], [-76.22699270569011, 39.06351551887123], [-76.22680362918742, 39.063495719776235], [-76.22661438649638, 39.063443100023896], [-76.22641121273195, 39.06340703600035], [-76.22615219968947, 39.06340439039778], [-76.22595603458085, 39.063362796602576], [-76.22576709013052, 39.063375802818186], [-76.22563458593118, 39.06348119025298], [-76.22554418846413, 39.06360799408863], [-76.22548880912349, 39.06373989915871], [-76.2253774665373, 39.0638778728551], [-76.22528702864605, 39.06399922788256], [-76.2251053659394, 39.06406685510399], [-76.22509768534374, 39.063924702411434], [-76.22514597697676, 39.06377100523609], [-76.22518718898706, 39.06360644216436], [-76.22528452683798, 39.063463147442036], [-76.22541702744408, 39.06335775788783], [-76.22557062857788, 39.06327948478412], [-76.22571716895357, 39.063179398732906], [-76.22584268156504, 39.06307408338754], [-76.22594012990876, 39.06295815192862], [-76.2260867214884, 39.06287447693194], [-76.2262261175626, 39.0627471242392], [-76.22636567713022, 39.06265260769639], [-76.22664576015771, 39.06267688988141], [-76.22686271587523, 39.06266903390182], [-76.22710066162769, 39.062660956115245], [-76.22724704389985, 39.062533528404316], [-76.22722530377168, 39.06237512910079], [-76.22718965233298, 39.06223327571997], [-76.22719592526862, 39.06208002684804], [-76.22710427644839, 39.06194428794901], [-76.2269289531527, 39.06186961662121], [-76.2266837993184, 39.061834014941475], [-76.22650167038611, 39.061808664576], [-76.22626333027324, 39.061734684339655], [-76.22608794858708, 39.06164908624344], [-76.22610831429287, 39.061512084014176], [-76.22616361907335, 39.06136378803467], [-76.2261135703356, 39.06114551812899], [-76.22611989627184, 39.060997741031805], [-76.22602823846846, 39.06086197912626], [-76.22592262623544, 39.06072638645764], [-76.22587998231059, 39.060590077171575], [-76.22586530204221, 39.06044254792832], [-76.22581565574973, 39.060306314822185], [-76.22579400904633, 39.060169805929625], [-76.22592637221018, 39.06003705645632], [-76.225967639916, 39.05988343382325], [-76.22604396257918, 39.05974036382239], [-76.22615540308176, 39.059618781750935], [-76.22628077645439, 39.05949158571084], [-76.22639213251531, 39.05935360971969], [-76.22639130606525, 39.05918403988808], [-76.22639065478667, 39.059041814584994], [-76.22632704328477, 39.05891121978599], [-76.22624940638634, 39.05877530877955], [-76.22613683759978, 39.05865071863583], [-76.22597537081735, 39.05854855361924], [-76.22617831012148, 39.05854084715224], [-76.2263811874419, 39.05851674699886], [-76.22657015704507, 39.05851466971171], [-76.22667460326483, 39.05840412209485], [-76.22652714301431, 39.05830179279799], [-76.22643552024523, 39.05816603268391], [-76.22630159131784, 39.0579650974703], [-76.22623796903615, 39.05782903048384], [-76.22613941127307, 39.057709763087495], [-76.22601291141308, 39.05760173516844], [-76.22586646985208, 39.05771823695267], [-76.22572606766475, 39.057626771750456], [-76.22579539784176, 39.057483776000495], [-76.22575966196145, 39.05733099324997], [-76.22568899958287, 39.05718953362015], [-76.22559028461461, 39.0570319607928], [-76.22552668209588, 39.05690138878366], [-76.22549792522699, 39.0567430424148], [-76.22542033863422, 39.0566126038035], [-76.22530771235547, 39.05647708179895], [-76.22522992184513, 39.05630834004579], [-76.22507531369989, 39.0561732701785], [-76.22497661939289, 39.05602118425411], [-76.2249126377851, 39.05580853629945], [-76.22491220839039, 39.05580774664894], [-76.22486122899802, 39.0555549833946], [-76.22487123982353, 39.055335334560944], [-76.22488651118337, 39.05524756761389], [-76.22489466069963, 39.05516521724694], [-76.22493184466418, 39.055022697143905], [-76.22487742562258, 39.054873930619046], [-76.22478710361402, 39.05477430142661], [-76.22468106468126, 39.05479540046832], [-76.22465254676426, 39.054817142673244], [-76.22460202281772, 39.05490461786928], [-76.22458005451745, 39.05496485946064], [-76.22458489374188, 39.055129711940175], [-76.22463142916855, 39.055338830113094], [-76.2246764176963, 39.055663338118684], [-76.22472466710853, 39.05582705820512], [-76.22469173846348, 39.05609744036435], [-76.22448358982899, 39.05637038992473], [-76.22398114771754, 39.056503594825685], [-76.22371304731763, 39.0565123569296], [-76.22343191505787, 39.05644410303409], [-76.22312368781255, 39.056293231458376], [-76.22303446803683, 39.05611122500935], [-76.22293767995485, 39.055967592797046], [-76.22281121872241, 39.05593358208837], [-76.2226068421138, 39.05592641037214], [-76.22252274992175, 39.05588724111127], [-76.22250299057876, 39.05578270872436], [-76.22247004666235, 39.05561213557778], [-76.2223874959793, 39.055457633441634], [-76.22236313366881, 39.05539544464074], [-76.22243283215508, 39.054105050588944], [-76.22265924264097, 39.05413045813227], [-76.22275712936253, 39.05419170002638], [-76.22284198691922, 39.054175934556575], [-76.2227802070822, 39.054049064949176], [-76.22264803975106, 39.053916141429866], [-76.22246672828568, 39.053766312235126], [-76.2224073424589, 39.0534636588175], [-76.22232473158873, 39.05331467135839], [-76.22223321751578, 39.05330293500663], [-76.22212214532249, 39.053175661317304], [-76.22208115250112, 39.05307643503339], [-76.22212628565762, 39.05286806426657], [-76.22209361213412, 39.052675506130186], [-76.22183565730703, 39.05245914312481], [-76.22168298413291, 39.05227659800826], [-76.2217437794164, 39.05195297644821], [-76.22179860808976, 39.051546917198124], [-76.22175155613179, 39.0513762333636], [-76.22181150610061, 39.05111304300466], [-76.22173707798437, 39.050881688945914], [-76.22133067565825, 39.05069155520979], [-76.22100704859399, 39.05063942890039], [-76.22089432799216, 39.05063300240465], [-76.22082478491443, 39.05056100635803], [-76.22079182931992, 39.05039043245835], [-76.22080266210392, 39.050110362123405], [-76.22091411877618, 39.04968828512476], [-76.22110633578909, 39.049552546122776], [-76.22114937227774, 39.049497976558065], [-76.22125616669365, 39.04942193935498], [-76.22154527689142, 39.049418836975605], [-76.22174118059027, 39.04953033837097], [-76.22190979975899, 39.049575679626244], [-76.22212183360708, 39.04953898483541], [-76.22229749107606, 39.04958437422176], [-76.22242141905939, 39.04980515645387], [-76.22262756085752, 39.05003255918508], [-76.22295426465163, 39.05009142293228], [-76.22323360477239, 39.04996801738816], [-76.22330938844638, 39.049710077736286], [-76.22351834646294, 39.04949443048718], [-76.22366394450589, 39.049202909085096], [-76.22379573274794, 39.048949807555225], [-76.22382260045978, 39.048708823845395], [-76.22363977982472, 39.048524823518996], [-76.22349242827038, 39.04843890384064], [-76.22332424298791, 39.048391510781194], [-76.22298848327743, 39.04842253850794], [-76.22268021650622, 39.04835478746936], [-76.22237201261707, 39.048292515672614], [-76.2221125423321, 39.048180489088345], [-76.22201398995891, 39.04805574072182], [-76.22184549655434, 39.04793723120902], [-76.22175322969318, 39.0476592378223], [-76.22177310581716, 39.04741830552161], [-76.2218912980574, 39.047252902032355], [-76.22190463803938, 39.04711052781794], [-76.22193898242932, 39.046967922391666], [-76.22198717973926, 39.046803284576214], [-76.22199352274349, 39.04666098061702], [-76.22204883920205, 39.0465181349848], [-76.22201322459429, 39.046381773852964], [-76.22204749891563, 39.046228224766814], [-76.22221506076727, 39.0461443373882], [-76.22238979297148, 39.04609867579409], [-76.22255047821963, 39.04604219474251], [-76.22276730547809, 39.046017936836584], [-76.22292854768169, 39.04607634765526], [-76.22309679674451, 39.04614015208632], [-76.22326448795353, 39.04608909822057], [-76.22341097892188, 39.04598354180476], [-76.22357156086373, 39.04590519502252], [-76.22377450286284, 39.04590298550495], [-76.22385905499232, 39.04602788278835], [-76.22399243864233, 39.04611942371062], [-76.22413994380864, 39.04623815394492], [-76.22430821622764, 39.04630743280703], [-76.22448351077725, 39.04637661950951], [-76.22460998099282, 39.04648465064705], [-76.22476431066032, 39.04656502210065], [-76.22489773742947, 39.04666203199287], [-76.22510083304049, 39.04669808573246], [-76.22521332726689, 39.046806268468224], [-76.2254165288791, 39.0468587575989], [-76.22562616602201, 39.04679628006883], [-76.22578669675991, 39.046701514039], [-76.22590514591833, 39.046590803512835], [-76.22607271675312, 39.04651238066115], [-76.22618417162873, 39.04640174100029], [-76.22619743345727, 39.04624844241944], [-76.2261687412671, 39.04610103948996], [-76.2261750654067, 39.04595326509321], [-76.22620936757582, 39.04581065942363], [-76.22629271236957, 39.045672988792525], [-76.22627107015775, 39.045536450913374], [-76.22628426012106, 39.04536673627449], [-76.22624857095315, 39.04521941243553], [-76.22611510914969, 39.04511147843309], [-76.226023516025, 39.04498118578056], [-76.2259249573636, 39.0448564380429], [-76.22583335076419, 39.04472067789474], [-76.22578372603127, 39.044584464690075], [-76.2257061448284, 39.04445402594737], [-76.225565645623, 39.04434068930319], [-76.2255160217884, 39.04420445931905], [-76.22537550102345, 39.04408565171172], [-76.22520818980179, 39.044218772340336], [-76.22502607164928, 39.04418247733139], [-76.22484434965382, 39.044233711182606], [-76.22464825820708, 39.044197559904546], [-76.2246685772005, 39.04405510906557], [-76.2247870434269, 39.043949871942345], [-76.22477592497864, 39.04376475058967], [-76.22475793980833, 39.04370948932824], [-76.2246871965814, 39.04354614023047], [-76.22457467271059, 39.04342701685623], [-76.22443419506477, 39.043319155466165], [-76.22433570018376, 39.043205352335974], [-76.22431399059828, 39.04305240124866], [-76.22418731107523, 39.04289514223877], [-76.22399080999672, 39.04277695896385], [-76.22385728890447, 39.042658079185685], [-76.22365414568276, 39.04261105900642], [-76.22345771197789, 39.04250379569709], [-76.22337296940556, 39.04234061265584], [-76.22323234623268, 39.04219442744075], [-76.22310584367773, 39.04207546993455], [-76.22296515582613, 39.041918366432114], [-76.22281088095588, 39.041848931165035], [-76.22285206691502, 39.04167889020871], [-76.2230194544935, 39.041562193816254], [-76.22317301699974, 39.04147845160262], [-76.22327023178146, 39.04131326514852], [-76.22331138450294, 39.04114325220704], [-76.22344380066741, 39.04102145043124], [-76.22354113851833, 39.04088907661593], [-76.22351252268496, 39.04075263973022], [-76.22353284616995, 39.04061018961982], [-76.22344112099292, 39.04045253026254], [-76.22348932998094, 39.04028242524338], [-76.22356569755988, 39.040150294247475], [-76.22343178031058, 39.03994935382482], [-76.22339614773652, 39.039807498653204], [-76.22332551410405, 39.03966603601907], [-76.22332470202701, 39.03949099893017], [-76.22339527816733, 39.0396215173073], [-76.22345886271977, 39.03975211010044], [-76.22350856291119, 39.039904738307364], [-76.22360009495043, 39.04002955758433], [-76.22367090016112, 39.040203851657076], [-76.22377646029183, 39.04033399403956], [-76.2238680749761, 39.040469740290604], [-76.22405029463822, 39.04053339837995], [-76.22421154492666, 39.04059728596225], [-76.22402955702988, 39.04058832373093], [-76.22388311097731, 39.040693880533524], [-76.22388390059645, 39.04086344662095], [-76.22405245418815, 39.040998372036825], [-76.22424169148927, 39.04106193336492], [-76.22426342443096, 39.04122035326727], [-76.22437590697923, 39.04132853043765], [-76.2245373522021, 39.04143616880789], [-76.22474771428544, 39.04152686726236], [-76.22496442476292, 39.04148073521612], [-76.2251327663522, 39.041566405902394], [-76.2250843768028, 39.04169276139321], [-76.2252457303975, 39.04177851136132], [-76.2254488960771, 39.04183100143704], [-76.2256165567434, 39.041774443016024], [-76.22586823234667, 39.04172246222675], [-76.22602251799673, 39.04179188924563], [-76.22612101018278, 39.041905689768754], [-76.22626875699588, 39.042073644035966], [-76.22634637502969, 39.04220955648697], [-76.22659102490913, 39.04215217786668], [-76.22675169758084, 39.042095713195444], [-76.22675094299599, 39.041931599166624], [-76.22682010788297, 39.04176126118488], [-76.22691744753052, 39.04162890550081], [-76.2270077937936, 39.04149660678118], [-76.22723919172596, 39.04159802340249], [-76.22739357259742, 39.04168931470312], [-76.22756176865965, 39.04174764049174], [-76.2277023073909, 39.04186646807837], [-76.22780788189466, 39.04199658507166], [-76.22777378004986, 39.04218296413713], [-76.22771850132052, 39.042331265512864], [-76.22755820683955, 39.04246978897013], [-76.22750985412107, 39.04260709187579], [-76.22766427721335, 39.042703874869176], [-76.2277209393482, 39.04285095487569], [-76.22766565972057, 39.04299925554691], [-76.22755427311691, 39.04312083483626], [-76.22747102174796, 39.04327491045962], [-76.22745787041221, 39.043455590883944], [-76.2274515642389, 39.04359789083501], [-76.22748733245858, 39.04376161447277], [-76.22755799753209, 39.04390854785559], [-76.22778156754505, 39.04383496747898], [-76.22792100763671, 39.04372403408303], [-76.22807439497147, 39.043602000936836], [-76.22831232904583, 39.043604841239606], [-76.22855071048119, 39.043700702612036], [-76.22860731871715, 39.04383137019249], [-76.22864999587966, 39.04397860204068], [-76.22860878386938, 39.04414316760118], [-76.22844121123798, 39.04422159378084], [-76.22827394583037, 39.04436566221362], [-76.22839364724031, 39.044522993299765], [-76.22851169934336, 39.04465093142531], [-76.2285422115203, 39.044860534117895], [-76.22860581134411, 39.04499114094806], [-76.22873821313551, 39.044874805843165], [-76.22881449357787, 39.044726262130304], [-76.22892702283855, 39.04484538052298], [-76.22891372238247, 39.04499321514458], [-76.22876033414937, 39.04511526542247], [-76.22859996420992, 39.04523189734116], [-76.22848851382588, 39.045342539532015], [-76.22840530467774, 39.045502105879585], [-76.22835011667827, 39.045672266702795], [-76.22839980878483, 39.04582492049187], [-76.22840763221265, 39.045994409380825], [-76.22847838621936, 39.04615775560811], [-76.2286885946908, 39.046215615852724], [-76.22873126466679, 39.04635739676309], [-76.22882291079208, 39.04650407777408], [-76.22890053960566, 39.04663998798038], [-76.2287611579045, 39.04676187285811], [-76.22860766726347, 39.04686203590091], [-76.22846724621154, 39.04676510372364], [-76.22843152111099, 39.04660683718276], [-76.22836779642135, 39.046448905863464], [-76.22820647606434, 39.04637408629048], [-76.22809502388367, 39.04648472111103], [-76.228032743685, 39.046633100663996], [-76.22797738231068, 39.04676500605118], [-76.22792913469509, 39.046918722106334], [-76.22792286535272, 39.04707195086208], [-76.22780442068589, 39.047182663424806], [-76.22774905392167, 39.04731457197169], [-76.22788941568481, 39.047400554411325], [-76.22810616928139, 39.047359887440784], [-76.22830173880695, 39.047281138940306], [-76.22852568790897, 39.047278680402854], [-76.22873575624321, 39.0473091986326], [-76.22893211359127, 39.047394568538344], [-76.22914242986054, 39.047474313161494], [-76.22937361219722, 39.04752100290451], [-76.22956283243036, 39.04757910621083], [-76.2297660475173, 39.04763158779074], [-76.22995542944717, 39.04772248060987], [-76.23012372252745, 39.047797240152036], [-76.2302501496239, 39.047894303466244], [-76.23041849121321, 39.04797451983324], [-76.23066333512872, 39.047955412633684], [-76.23080274467767, 39.047833527722524], [-76.23088600413146, 39.04769037679728], [-76.23101827297222, 39.047541207629365], [-76.23114370653195, 39.04743041539847], [-76.23127619276502, 39.04733049036431], [-76.23128949322111, 39.04718263970446], [-76.23118372557956, 39.04701422387393], [-76.23105727692354, 39.0469171460948], [-76.23095868502448, 39.046786930027146], [-76.23077626324141, 39.04668499900427], [-76.23062874280377, 39.04656627928833], [-76.23042527259528, 39.04645909733203], [-76.23035451409699, 39.046295775522246], [-76.23038179323721, 39.04614777409365], [-76.23052114978556, 39.046020417045675], [-76.23063259657634, 39.045909779404916], [-76.23074396341705, 39.045782744949086], [-76.23097460676458, 39.04572548225368], [-76.2311000807485, 39.04562016180523], [-76.23117633064814, 39.04547161547366], [-76.23116174290624, 39.0453459504625], [-76.23149029183995, 39.04527122111671], [-76.23181936898304, 39.04530591021647], [-76.23210642114049, 39.04533557394956], [-76.23254659652802, 39.04518846283675], [-76.23279835836955, 39.04515835322677], [-76.23307838929476, 39.04517715001932], [-76.23342148644448, 39.04522258476689], [-76.23370940367955, 39.04542730762926], [-76.2338366464463, 39.04569395660039], [-76.23408986266027, 39.0459591994609], [-76.23441959916678, 39.0461306359131], [-76.23472745271296, 39.046121769266406], [-76.23504871990295, 39.04598691084422], [-76.23537765601056, 39.045994229382494], [-76.23569214181848, 39.045903228293746], [-76.23599261750122, 39.04581239104021], [-76.23637029260287, 39.04576990991034], [-76.2367197552147, 39.045678519232105], [-76.23713175135009, 39.045493431014044], [-76.237362059626, 39.04536506743769], [-76.23770396471134, 39.04516435254507], [-76.23803139524252, 39.04485984969455], [-76.23824062365196, 39.04471531482354], [-76.2383589632159, 39.044588170776635], [-76.23852635618428, 39.04447142825889], [-76.23867964380604, 39.04433296663433], [-76.23883296646211, 39.044205447939774], [-76.23897911337568, 39.04403972296795], [-76.23920867515159, 39.04375817974428], [-76.23930573362647, 39.04357658821057], [-76.23937507817651, 39.04344998073331], [-76.23968851295555, 39.04314563933545], [-76.23985556995399, 39.04296325085146], [-76.23995232749324, 39.042716016253074], [-76.24005596612757, 39.042446801750195], [-76.24015979700137, 39.042215906303795], [-76.2402705125635, 39.0419630246336], [-76.24038106103902, 39.0416718628665], [-76.24046397194647, 39.041457596270725], [-76.24057468661029, 39.04120471328162], [-76.24058782087806, 39.04102952441381], [-76.24071253848052, 39.04077649616226], [-76.24085775743441, 39.04042476089036], [-76.24092647675701, 39.040166883373374], [-76.24096038995563, 39.03995316341821], [-76.24095885383647, 39.039635891959676], [-76.24099266732209, 39.03940028530301], [-76.24105753826203, 39.039172549014424], [-76.24106147288296, 39.039158826650514], [-76.24112315121037, 39.038895551694985], [-76.24114308033495, 39.038681977210665], [-76.24110651980122, 39.03835961907634], [-76.24108431344737, 39.03811369059624], [-76.24109730039146, 39.037905667124576], [-76.24113101146911, 39.03764818999285], [-76.2412207414879, 39.03739554037358], [-76.24120549168764, 39.037138589583876], [-76.24125296675209, 39.03683718926284], [-76.24130782596818, 39.03660682462144], [-76.2413485052775, 39.0363437746055], [-76.24136834636718, 39.03611379003333], [-76.24138822698272, 39.035883824947945], [-76.24143595267714, 39.03563164629512], [-76.24143445788052, 39.03532530419517], [-76.24140534707541, 39.03509586266666], [-76.2413407887492, 39.03477382729256], [-76.2412348585126, 39.034572584792016], [-76.24125511372561, 39.0344301250131], [-76.24130318077982, 39.034243588730654], [-76.24133017515413, 39.03404089053389], [-76.24136437761025, 39.03388186629922], [-76.24138464899295, 39.03373394143928], [-76.24143290649002, 39.03358570854399], [-76.24152302278436, 39.03341510970335], [-76.2415362540702, 39.03326178643162], [-76.24155654611415, 39.033119332383805], [-76.24156274089636, 39.0329551577307], [-76.24159001823995, 39.03281260327968], [-76.2416794113905, 39.03249433330401], [-76.24172766170105, 39.03234607617677], [-76.24175491568845, 39.032198072041446], [-76.24182412010131, 39.03204414462072], [-76.24188627094256, 39.03187932618482], [-76.24194128826213, 39.03168178988112], [-76.24198223976099, 39.031473441833384], [-76.24204438161908, 39.031308643001], [-76.24212043748261, 39.03112178795163], [-76.24218962303085, 39.030962379629656], [-76.24224486313261, 39.03081405578726], [-76.24230707685594, 39.03066019862321], [-76.24240436799447, 39.030527831216304], [-76.24250119919556, 39.030302461959124], [-76.24259140262652, 39.03014827989078], [-76.2426466750676, 39.0300108976463], [-76.24270897592751, 39.0298734558195], [-76.24272925449674, 39.029730978194046], [-76.2427704997447, 39.02957735174753], [-76.24277658672906, 39.02939676353699], [-76.24277581597454, 39.0292381175455], [-76.2427611195365, 39.029096039196595], [-76.24270424809417, 39.02891615806053], [-76.24261271425831, 39.028796820906564], [-76.2425279842624, 39.02863912960857], [-76.24250622976116, 39.02848618048592], [-76.24242859915094, 39.02835027862348], [-76.24237195677901, 39.02821414551354], [-76.24228737231017, 39.02808926698415], [-76.2422166326765, 39.02792592992556], [-76.24211810186287, 39.02781213898833], [-76.24208235520277, 39.02765389489049], [-76.24196983043366, 39.02753478519812], [-76.24187126458574, 39.027410053413035], [-76.24169589906923, 39.0273190067543], [-76.24154145531568, 39.02721131896505], [-76.24140791356217, 39.027086989271375], [-76.24125363330204, 39.027012107323], [-76.2411132895052, 39.02692613356752], [-76.24095882239546, 39.02681296769674], [-76.24074166815025, 39.02675519135619], [-76.24064366015612, 39.026745344578714], [-76.24024473181316, 39.026716957100106], [-76.23989495928257, 39.02672081835058], [-76.23957955090485, 39.02660396256789], [-76.23921520231046, 39.02649313192088], [-76.23890665346823, 39.0263433666866], [-76.23856948430107, 39.02606809305128], [-76.23827448744323, 39.0258251965985], [-76.23811274218306, 39.02565740539431], [-76.23794400713167, 39.02548419552483], [-76.23784538918147, 39.02534853772881], [-76.23768348581781, 39.02514244398748], [-76.2375989435698, 39.025017560729296], [-76.23747914065024, 39.02484382309288], [-76.2372610018515, 39.02458365550174], [-76.23709899697819, 39.02435567186953], [-76.23690884698875, 39.024095203089466], [-76.23663427063394, 39.02373718265692], [-76.23644459315834, 39.02357516711497], [-76.23631106847282, 39.023450828932205], [-76.2361495846224, 39.02333224255539], [-76.2360159611222, 39.023186017318096], [-76.2359244021335, 39.023061205278466], [-76.23568478731124, 39.02269733331736], [-76.23561412313605, 39.02255040467993], [-76.23548693516653, 39.022289236929566], [-76.23535214655142, 39.02190232103027], [-76.23520460455421, 39.02177263812376], [-76.23503615965866, 39.0216541668785], [-76.23471385401619, 39.021553775477315], [-76.23440532763185, 39.021404018622285], [-76.23427169155525, 39.02125231497247], [-76.23423548855098, 39.02100106956817], [-76.23405235081064, 39.02074049769924], [-76.23360340247604, 39.0204828645089], [-76.2334699891816, 39.020380392338076], [-76.23307051735793, 39.02022615861669], [-76.23277591935208, 39.02006528799914], [-76.2326005619204, 39.01996875526323], [-76.2324322850098, 39.01988854199673], [-76.23220759659431, 39.01971050019896], [-76.2320525024605, 39.01946604087273], [-76.23211387895397, 39.01913165624204], [-76.23194517534363, 39.01896393429898], [-76.23209868215433, 39.018880180660325], [-76.2324130889105, 39.01880012598635], [-76.23258742316106, 39.01868331503962], [-76.23240556821494, 39.01869080460882], [-76.2321467348355, 39.01869365149638], [-76.23180364577061, 39.01862084609701], [-76.23147471325629, 39.018591649236875], [-76.23114574301272, 39.018551512869365], [-76.23083032924511, 39.018418198714734], [-76.2305010922019, 39.01832336042533], [-76.23020620404021, 39.01809685857938], [-76.22984889374605, 39.0179804261527], [-76.2294931932329, 39.01820316925363], [-76.22945892879302, 39.018351248059005], [-76.22930550103405, 39.0184513906552], [-76.22927116472896, 39.0185885496914], [-76.2291387305982, 39.01868847210118], [-76.22898540434888, 39.01881050011462], [-76.22890911312675, 39.01894810652855], [-76.22885383170247, 39.01909095276098], [-76.22867923065228, 39.01915304231058], [-76.22863648252284, 39.018989396356965], [-76.22853102839333, 39.01887567129718], [-76.22831376635028, 39.01879053145185], [-76.2280615194185, 39.018705780255154], [-76.22790729215895, 39.01863635568091], [-76.22774597270023, 39.018545112768344], [-76.22758471792021, 39.018464844843336], [-76.22745796653193, 39.01829117276271], [-76.2275341769057, 39.01813715294013], [-76.2274356299224, 39.01800695572185], [-76.22718362463742, 39.01796594031001], [-76.22705720921907, 39.017863405166004], [-76.22694462336452, 39.01772239345067], [-76.22685309132525, 39.01759757525545], [-76.22669876345441, 39.01750628354186], [-76.22659329315522, 39.01738708346698], [-76.22648056716348, 39.01721873271849], [-76.22641032699309, 39.01715933068239], [-76.22621404240856, 39.01706848788516], [-76.2260249272783, 39.01701584889906], [-76.22583646791821, 39.01709997047355], [-76.22565465788787, 39.01711837270898], [-76.22545166019323, 39.01708777373784], [-76.22549979282446, 39.01691220472248], [-76.2256322305485, 39.01681227072914], [-76.22580673547895, 39.016728298873126], [-76.22596713057126, 39.01662808404075], [-76.22607851358165, 39.01651197374659], [-76.22623881075758, 39.016384398565044], [-76.22646291706477, 39.01644211288734], [-76.22661023358484, 39.01652802680508], [-76.22675754112176, 39.01661939725497], [-76.22688394665865, 39.016721952349755], [-76.22692527275498, 39.01658474641941], [-76.22677100596955, 39.01650437506493], [-76.22660971795186, 39.0164186104819], [-76.22644136917604, 39.016321995293694], [-76.22628710598389, 39.01624162643242], [-76.22608371123387, 39.016128986473404], [-76.22597826429087, 39.016015259604906], [-76.22580979244587, 39.015896751491915], [-76.22559997204665, 39.01589905756899], [-76.22541097998558, 39.015873761211886], [-76.22521507628674, 39.01586497452435], [-76.22506770676607, 39.01576265968314], [-76.22493419735191, 39.01563281405636], [-76.22480064661525, 39.01549751984421], [-76.22475792902856, 39.01533934519871], [-76.22478519828731, 39.015185872438536], [-76.22475650699545, 39.01503299471689], [-76.22478378523738, 39.01488499341762], [-76.22480400451778, 39.014720671018395], [-76.2248173346183, 39.01457829197835], [-76.22488643572488, 39.01439699120251], [-76.22488576288674, 39.014254781818224], [-76.22489207894151, 39.01410700713068], [-76.22497544080323, 39.013985724125085], [-76.22499567176176, 39.01382687463591], [-76.22492495907753, 39.01366352486624], [-76.22477064108813, 39.01357221271798], [-76.22479230485952, 39.013719689086756], [-76.22480700309421, 39.01386723773838], [-76.22482165910807, 39.01400930411733], [-76.224675371159, 39.01413672653759], [-76.22456412199759, 39.01428019531732], [-76.22436866026986, 39.01436438575631], [-76.22420814659995, 39.01444273400632], [-76.22405467212859, 39.01453739881793], [-76.22385883490507, 39.014539552779965], [-76.22364199147697, 39.014536463526575], [-76.22345323657115, 39.0145604076799], [-76.22327158913585, 39.014611634390604], [-76.2230827551783, 39.014619164175805], [-76.22288707066838, 39.01465412936641], [-76.22267030719033, 39.0146674509634], [-76.22247442055946, 39.014664106953816], [-76.22228555605919, 39.01466071338771], [-76.2220340250847, 39.014723627648195], [-76.22183119178175, 39.01473132702978], [-76.22167689535192, 39.01464548072689], [-76.22150188826319, 39.014614572877484], [-76.22131982939952, 39.01457280098343], [-76.2211097925063, 39.01453132430964], [-76.22090674630263, 39.014489788283285], [-76.2207317140611, 39.014458862218376], [-76.22054968304518, 39.014422560997915], [-76.22034659821396, 39.014370081275665], [-76.22017146446281, 39.014317284631176], [-76.21996135750099, 39.01425941362284], [-76.21977226662527, 39.014212241233636], [-76.21961102981156, 39.01413193000112], [-76.21940076294963, 39.014041222911445], [-76.21912790776692, 39.01403326659672], [-76.2189528063551, 39.01398047109671], [-76.21881924843193, 39.013839696631074], [-76.2185600754893, 39.013760471042204], [-76.21843358371414, 39.013636019276944], [-76.218279186673, 39.013522823756496], [-76.2181038337329, 39.013415323651124], [-76.21795640133016, 39.013296586428005], [-76.21777432719513, 39.013254783043834], [-76.21762687592775, 39.01313057329007], [-76.2174023599888, 39.01297986118864], [-76.21726189312277, 39.0128610269111], [-76.21711443107561, 39.01273134556975], [-76.21698803272524, 39.012623306803185], [-76.21686844090978, 39.01247690446253], [-76.21681882965159, 39.01233521750945], [-76.21676219356787, 39.01218813192669], [-76.21679638883747, 39.01201816688299], [-76.21670480649257, 39.01187145337551], [-76.21665521589564, 39.011735236182986], [-76.2166895261496, 39.011592632655976], [-76.21680084088801, 39.011460120656416], [-76.21680714706132, 39.01131234152527], [-76.21682047446687, 39.011164490190154], [-76.21680584001258, 39.01102242926479], [-76.21685414242539, 39.01087965887106], [-76.21688847962882, 39.010737056411024], [-76.21685277069797, 39.01057880620231], [-76.21684509908545, 39.01043118019004], [-76.21689342395614, 39.01029390062843], [-76.21694876736419, 39.01015652377534], [-76.21675289420804, 39.01015319490893], [-76.21657118389071, 39.010182530669454], [-76.21636152788318, 39.01022309827805], [-76.21619392111577, 39.01028509858918], [-76.21585841742514, 39.01033251581083], [-76.21562734468291, 39.010280328316234], [-76.21560567103006, 39.01012190746621], [-76.21542383674519, 39.01012934908064], [-76.21525561912341, 39.01005460483046], [-76.21508737994206, 39.00997436705517], [-76.21491227224203, 39.00991609252516], [-76.21473009659735, 39.00984696575441], [-76.21452012977275, 39.00982189478873], [-76.21453496095808, 39.01000226286757], [-76.21464746416764, 39.01013781050452], [-76.21471805647761, 39.01027927849313], [-76.21457164096776, 39.01037933340179], [-76.21447433725282, 39.01051714887562], [-76.21428570811113, 39.010568439242654], [-76.21407600089964, 39.01059259554073], [-76.2138944271262, 39.01066022084638], [-76.2137197964316, 39.01071134567978], [-76.21357331983633, 39.01080047673322], [-76.21339138673677, 39.01078602641451], [-76.21321646319139, 39.01076605269365], [-76.21305527039512, 39.010696683843854], [-76.21286613729858, 39.01063856975489], [-76.21266992368095, 39.01055864605212], [-76.21252267992443, 39.010478162448074], [-76.21235440930204, 39.01038699975145], [-76.21217214113088, 39.010295983521615], [-76.21208067377034, 39.01017662610437], [-76.21205899921917, 39.010023690088474], [-76.21189741026585, 39.00986679175363], [-76.2119315776877, 39.009685885150816], [-76.21195890893021, 39.009543359161064], [-76.21203514445678, 39.00938935448883], [-76.21216056454182, 39.009278577129564], [-76.2122859756437, 39.00917328054095], [-76.21246067910182, 39.009138573006474], [-76.21267044380551, 39.00912534879054], [-76.2128523086331, 39.00912883336645], [-76.21304111294624, 39.00911585206389], [-76.21301250968929, 39.00897393430874], [-76.21292102436244, 39.00885457954673], [-76.21273176370512, 39.00876361369767], [-76.21259840520793, 39.0086611378065], [-76.21239511735745, 39.00855940168676], [-76.21225461096553, 39.00842416374644], [-76.21202342144234, 39.00833913905887], [-76.21179931154188, 39.00827592314965], [-76.21157551335683, 39.00827835233029], [-76.21140040026692, 39.00822554415771], [-76.21119060232559, 39.008227826053506], [-76.21107929926525, 39.00836578532739], [-76.21105909795114, 39.00853559999553], [-76.21105273698062, 39.00867790045613], [-76.21096242036194, 39.00881564664955], [-76.21080902584066, 39.00892125858391], [-76.21064137056425, 39.008966831119054], [-76.21041791194237, 39.009045843593626], [-76.21036257302592, 39.009188688888266], [-76.21039825231239, 39.00934146895489], [-76.21030090457998, 39.00947381041675], [-76.21015448008698, 39.0095738559944], [-76.20998694877808, 39.0096522570174], [-76.20980537141138, 39.009708940264865], [-76.20977106475067, 39.00986248633695], [-76.20977869683733, 39.01000464103324], [-76.2098003651003, 39.01015756801605], [-76.20966108221383, 39.01029037492673], [-76.2095986987089, 39.010422345360936], [-76.2095643624038, 39.010559498332], [-76.20976733494562, 39.010590103617965], [-76.20989366053246, 39.01068720826866], [-76.2100409518997, 39.01077314593041], [-76.21025827592649, 39.01088566040147], [-76.21042652768426, 39.01097138004177], [-76.21058781480365, 39.011062621558644], [-76.21074916660172, 39.01117029555512], [-76.21084762195684, 39.01128411327848], [-76.2109882370449, 39.01144668886783], [-76.21117750039717, 39.01153763521205], [-76.21135946044618, 39.01156302665328], [-76.21155552494346, 39.011610123330726], [-76.21170290973548, 39.01171794865906], [-76.21167508621619, 39.01175107464198], [-76.21161282398386, 39.01190491572473], [-76.2115295492587, 39.01205352633541], [-76.21156522135863, 39.01221177882843], [-76.21156593462096, 39.012364952318975], [-76.21156657511976, 39.01251265316881], [-76.21158132186346, 39.01267660308222], [-76.21176327652259, 39.01269650995384], [-76.21194549259144, 39.012776582007824], [-76.21207189004349, 39.01288464776202], [-76.21223316009488, 39.01297041034914], [-76.21239441487491, 39.01305073057867], [-76.21256959893171, 39.01312540046728], [-76.2127448701251, 39.013211023164125], [-76.21285738321613, 39.013346570235335], [-76.21297686094556, 39.01347110626868], [-76.21309629106428, 39.01358467529553], [-76.21339020006228, 39.013614313955344], [-76.2134328125461, 39.013756077916284], [-76.21360115144046, 39.01385820441274], [-76.21376962957368, 39.013987651957116], [-76.2139308439295, 39.01406249186238], [-76.2138686005618, 39.01422180707415], [-76.21365223952898, 39.01432264093566], [-76.2135828464699, 39.01444921963218], [-76.2135838983971, 39.01468442856242], [-76.21351472901854, 39.01485477946054], [-76.2135085081852, 39.0150244235988], [-76.21352314623276, 39.01516650719626], [-76.21358684037966, 39.015329934458904], [-76.21360157454696, 39.01549388342482], [-76.2137489665255, 39.0156016818928], [-76.21395204506854, 39.01565419210962], [-76.21412724888829, 39.01572341091973], [-76.21432328104623, 39.015765030675425], [-76.21453337363498, 39.01581746120285], [-76.2146869352429, 39.01574467657288], [-76.214805218213, 39.01560116679227], [-76.2150150377139, 39.01559888024862], [-76.21507893308343, 39.015806065511015], [-76.21510759293426, 39.01595344718384], [-76.21513622853057, 39.016095378852604], [-76.21516483897406, 39.0162372941833], [-76.21518644884654, 39.01637382934988], [-76.2151661109885, 39.01651628015437], [-76.21500569703159, 39.016621952479454], [-76.2148238914928, 39.01663488564112], [-76.2149434024599, 39.0167648753008], [-76.21500701306348, 39.01690641378799], [-76.2149867371892, 39.01706527869421], [-76.21488932657473, 39.01718123383237], [-76.21476395679537, 39.017302928034425], [-76.21477183771536, 39.01749432836677], [-76.21480049576955, 39.017641718386], [-76.21483608881773, 39.01777808263566], [-76.21485780019984, 39.01794197567351], [-76.2149213515146, 39.018072577818785], [-76.21494318327096, 39.01825286483261], [-76.21490202246466, 39.018433845837286], [-76.2147484779247, 39.01851210373197], [-76.21455261734499, 39.018508748737176], [-76.2143637869807, 39.0185217373889], [-76.21420323558154, 39.01859461826766], [-76.21405005396097, 39.0187549178292], [-76.21391763420326, 39.01886576688934], [-76.21386246327177, 39.01903594579379], [-76.21402362822026, 39.01909984303977], [-76.21417805939738, 39.019213061040006], [-76.21410868340631, 39.01934508601294], [-76.21400446086705, 39.019499393543086], [-76.2138512801448, 39.019659711293286], [-76.21367612932565, 39.01960143497294], [-76.2135997087461, 39.01971713888574], [-76.21343238854128, 39.01984479808687], [-76.21329319009645, 39.019999470238936], [-76.21319581271963, 39.020126364704076], [-76.21311242390846, 39.020247611354705], [-76.21301517049916, 39.02039637193459], [-76.2128967599683, 39.0205125435485], [-76.2127503767978, 39.020629012284864], [-76.21268105560397, 39.020771998892315], [-76.21250647521502, 39.020839534901526], [-76.21229006477486, 39.02094036839938], [-76.2121016647036, 39.02104085977538], [-76.21191282805108, 39.021053866805644], [-76.21195552048496, 39.021212046814], [-76.21191427703364, 39.02137660747014], [-76.21182394604192, 39.0215143449823], [-76.21180372137161, 39.02167868648957], [-76.21186030535304, 39.021814832883656], [-76.21197278340976, 39.02193943984576], [-76.21204355089122, 39.02211919008243], [-76.21208632058021, 39.022293792136544], [-76.21207995960968, 39.02243609213236], [-76.21215059234385, 39.022588484162256], [-76.21219318955632, 39.022724799789266], [-76.21211705553935, 39.02290614760687], [-76.21194955387483, 39.022995492897856], [-76.2119291917623, 39.02313247213495], [-76.21189498122133, 39.02330243349575], [-76.21188178676643, 39.023477640490185], [-76.21174119233962, 39.023331461614475], [-76.21165663571857, 39.02319561404775], [-76.21166984813976, 39.023025876454376], [-76.21169011053931, 39.022856086809135], [-76.21167528294723, 39.02267571871235], [-76.21173764489258, 39.0225437481138], [-76.21173688042627, 39.0223741583062], [-76.21163835859579, 39.02224395004662], [-76.21144949050226, 39.022245987922105], [-76.21126071403688, 39.0222699134131], [-76.2110858964927, 39.02228822217992], [-76.21096047550934, 39.02239898823358], [-76.21079996722933, 39.02248826367759], [-76.21066753938679, 39.0225936353558], [-76.2105071218366, 39.02270479454545], [-76.21038886222271, 39.02285377607375], [-76.21020041184578, 39.022948816259245], [-76.2100264288365, 39.02315310187249], [-76.20988717110284, 39.02330232462456], [-76.20967012465547, 39.02326089703846], [-76.20976722445285, 39.02307385601092], [-76.2097733752176, 39.02288777967893], [-76.20984967182962, 39.02273924138733], [-76.20966758691479, 39.022692002771585], [-76.20942983340181, 39.02271646200353], [-76.20919862860724, 39.022642374519364], [-76.20905125728993, 39.02253454421319], [-76.20889695457188, 39.022448680863505], [-76.20890324816878, 39.02228997949746], [-76.20904957384708, 39.022157103696], [-76.20908386433811, 39.0220035605889], [-76.20896442793119, 39.02188997158366], [-76.20876129189601, 39.02183199580559], [-76.20859303744328, 39.021751753945104], [-76.20874627026782, 39.021602388338366], [-76.20889988667298, 39.02153507987846], [-76.20910256456737, 39.02149458924774], [-76.2093050026116, 39.02139393171596], [-76.20943040562865, 39.02127769664439], [-76.20954159819618, 39.02111237921953], [-76.20943603177726, 39.02097129302548], [-76.20923979121018, 39.02089134610444], [-76.20897377400341, 39.020850477532385], [-76.20878469929735, 39.02080875817615], [-76.2086164655059, 39.02072851026888], [-76.2084207944707, 39.020774393445805], [-76.20830255551806, 39.02092884302297], [-76.20814109682048, 39.020804769581886], [-76.20800047813917, 39.02064218549546], [-76.20792988223592, 39.02050071729894], [-76.20776820255277, 39.02032739010665], [-76.20771163474102, 39.02019124154622], [-76.20759219294422, 39.020072196051245], [-76.20756360945019, 39.01993573712056], [-76.20745118529237, 39.01982753487898], [-76.20735252422304, 39.01966449140251], [-76.20737291597999, 39.01952751521715], [-76.20719770677033, 39.01945828547431], [-76.20702965084531, 39.01941633707336], [-76.20692396135718, 39.019247892747885], [-76.20688135875484, 39.01910613002534], [-76.20672713149527, 39.019031206122264], [-76.20656591444451, 39.01895634983954], [-76.20634871618185, 39.01887663933416], [-76.20633390116619, 39.018696275043816], [-76.20636109676309, 39.01851544197609], [-76.20633950755186, 39.01837892978911], [-76.20654182342521, 39.018256390835305], [-76.20678680118972, 39.018286562160455], [-76.20697549321346, 39.01824622949807], [-76.20713595388276, 39.018151486596196], [-76.20739480253357, 39.018154168093005], [-76.20759786670355, 39.0182012192024], [-76.20784934647408, 39.01812189241248], [-76.20794667174859, 39.01798410432093], [-76.2081559504637, 39.01785601531545], [-76.2083307392618, 39.01783221745077], [-76.20849220424758, 39.017961764506175], [-76.20861863583562, 39.01808076120867], [-76.20869627453068, 39.01823307747727], [-76.2088505233498, 39.018313472690686], [-76.20899697299562, 39.01820795504486], [-76.20923468249116, 39.018183497742896], [-76.20946547406069, 39.0181700546683], [-76.20956987266976, 39.01805405927506], [-76.20970232386851, 39.017948681529035], [-76.20984870973395, 39.01783220488774], [-76.21002347427752, 39.01780842655761], [-76.21019179790052, 39.01790508717518], [-76.2102486019692, 39.01809045983307], [-76.21003906453929, 39.01816385135259], [-76.20989993706134, 39.01834041322223], [-76.2097677751201, 39.01850595767734], [-76.20971951223316, 39.018659666114175], [-76.2097062665743, 39.018829380689155], [-76.20963728045204, 39.01904895668257], [-76.20958202148566, 39.01920272047156], [-76.20981302146434, 39.01923852859173], [-76.20995343982135, 39.01935187478921], [-76.21005214670477, 39.0195258674059], [-76.21023436277362, 39.01960048648791], [-76.21043081174984, 39.01972416980709], [-76.21057136575247, 39.01987035474557], [-76.21073265197352, 39.01995614166312], [-76.21097054382706, 39.01996996057974], [-76.21113813801803, 39.01990250330338], [-76.21121451458013, 39.019775855502616], [-76.21130477640156, 39.01962169583873], [-76.21142989914422, 39.019445307463606], [-76.21152723879179, 39.01931294208719], [-76.21174385135286, 39.019261362138955], [-76.21193974337362, 39.019264700347655], [-76.21210733576798, 39.01919723960674], [-76.21223273159848, 39.01908099464243], [-76.21228093878989, 39.01891088633783], [-76.21227312614187, 39.018730453737035], [-76.2123002831112, 39.01854961866288], [-76.2123555178231, 39.01839038369332], [-76.21238281313299, 39.01823691406525], [-76.2123468257244, 39.018013017368624], [-76.21226907114668, 39.01783331671594], [-76.21226141211056, 39.01768570514874], [-76.21224676328323, 39.01753815748476], [-76.21230209052158, 39.01740080238081], [-76.21237837815045, 39.01725226861431], [-76.21230778584048, 39.01711079712498], [-76.21216037409897, 39.01699750596315], [-76.21202690241407, 39.016873137367604], [-76.21187938467136, 39.016732501970125], [-76.21175998329875, 39.01662985755202], [-76.21164061785873, 39.01652720879713], [-76.21144414103473, 39.01639258284828], [-76.21128273443944, 39.01627398463267], [-76.21112145720154, 39.0161881960395], [-76.21089726555438, 39.0161140368039], [-76.21070806688083, 39.01603950966362], [-76.21058854603227, 39.0159040312688], [-76.21044104266262, 39.01576888205456], [-76.21045438174627, 39.015621033754485], [-76.21043955595083, 39.01544064789841], [-76.21034080055838, 39.01525573593477], [-76.21014462287337, 39.01518126372771], [-76.21015082933367, 39.015006147151745], [-76.21000334662529, 39.01487645718038], [-76.20983501671407, 39.014774340530096], [-76.20968052534984, 39.01463925197483], [-76.20945639838138, 39.01457600889151], [-76.20923930701825, 39.01451819114131], [-76.20899422774411, 39.01446066579716], [-76.20879088150315, 39.01435347004088], [-76.20861592112682, 39.01433347220021], [-76.20837796908617, 39.01430322729633], [-76.20819601352873, 39.0142833041254], [-76.20813923820616, 39.01410339925712], [-76.20804778432034, 39.01398403709753], [-76.20792095567695, 39.01377753052337], [-76.20790629247657, 39.013629979590576], [-76.20779362667194, 39.01345613649362], [-76.20768809708395, 39.013320526813224], [-76.20747835214321, 39.013344671701454], [-76.20726858294795, 39.01336333596248], [-76.20707981636403, 39.01338180757329], [-76.20689788506112, 39.01336736964786], [-76.20670892713605, 39.013342036787634], [-76.20647078285592, 39.01327349339594], [-76.20630956311018, 39.01319319086924], [-76.2060925040864, 39.01314630743567], [-76.20591063117398, 39.01314278955407], [-76.20563802751956, 39.013189497793995], [-76.20544936693683, 39.01323530070813], [-76.20530295052866, 39.013340822284256], [-76.2052827635876, 39.013521554115115], [-76.20521351785224, 39.01368095569992], [-76.20506028412939, 39.01383031849702], [-76.20488579716525, 39.01391425331114], [-76.2046409289952, 39.01390594798973], [-76.20447285869712, 39.0138639990868], [-76.20429136217881, 39.013942541232844], [-76.20408873279342, 39.013993963826664], [-76.20385786576541, 39.01398552659557], [-76.20366207525429, 39.01400404411086], [-76.20342439360653, 39.01403394503678], [-76.20322155132044, 39.014041606104385], [-76.20303959935626, 39.01402166959809], [-76.2028016536038, 39.01399142176887], [-76.20257755448313, 39.0139336579835], [-76.20240937908216, 39.01386435156935], [-76.20226212364751, 39.01377840021409], [-76.20215659675446, 39.013642787661716], [-76.20201607059963, 39.013496593338225], [-76.201910240076, 39.013289864077564], [-76.20185346295679, 39.01310446208307], [-76.2018037762401, 39.01293540942631], [-76.20184514635388, 39.01279821290097], [-76.20175347777072, 39.012629592270635], [-76.2015786997524, 39.012653359778255], [-76.20138293978401, 39.01267189020631], [-76.20119424596363, 39.012706748170196], [-76.20099145218657, 39.01271986073505], [-76.20077476596362, 39.0127604938959], [-76.20056504168413, 39.01278462571344], [-76.20046771551131, 39.01292243021842], [-76.20069892389913, 39.01301295098279], [-76.20086010052572, 39.01308234129249], [-76.20102149364628, 39.01319548447062], [-76.20115486561821, 39.013303447678055], [-76.20128831843849, 39.013433296883825], [-76.2014148057221, 39.0135687109113], [-76.20147155140026, 39.01374314841599], [-76.2014791709105, 39.01388530299032], [-76.20150781818492, 39.01403816225357], [-76.20150159735158, 39.014218770853454], [-76.20157229386612, 39.01439305808498], [-76.20174779502823, 39.01453340986995], [-76.20188833825105, 39.01468507419132], [-76.20208438747699, 39.0147267315509], [-76.20230135307598, 39.01475173377224], [-76.20252534170388, 39.014787624413714], [-76.20273575768613, 39.01491664937795], [-76.20291081597881, 39.01495852506714], [-76.2031421689954, 39.01507638354332], [-76.20332422696077, 39.01512365586417], [-76.20342991555057, 39.01529210443075], [-76.20352142064034, 39.0154224120412], [-76.20347309487134, 39.01557064882695], [-76.20329164237047, 39.01566560597303], [-76.20309581772337, 39.01567317403425], [-76.20294159944696, 39.015598243701696], [-76.20270379113676, 39.01560627940869], [-76.20277436009052, 39.01574775041827], [-76.20274708544186, 39.01590668981796], [-76.20288738971284, 39.0160036531598], [-76.20303466221546, 39.0160841311738], [-76.20311241409824, 39.0162692887476], [-76.20326687222483, 39.016398912650146], [-76.20346987351272, 39.01643502510486], [-76.20365930305331, 39.01656426203458], [-76.20404509263692, 39.01680082075705], [-76.20438864074092, 39.016977628220346], [-76.20460230772619, 39.017069740711946], [-76.20460163848131, 39.01706887106175], [-76.20474642893879, 39.01721448218967], [-76.20492862075314, 39.017283641542505], [-76.20505503078162, 39.01739714791259], [-76.20507635678646, 39.01747350922959], [-76.2050700398334, 39.01762676135891], [-76.20507089053795, 39.0178236864549], [-76.20498756910042, 39.01796134853108], [-76.2049393556208, 39.018136926108575], [-76.20491904381392, 39.018284846619885], [-76.2048077479401, 39.01842827418061], [-76.20470346970528, 39.01857710210074], [-76.20462745336764, 39.018785802930836], [-76.20460704813594, 39.018922785438626], [-76.20459374588323, 39.01907610840778], [-76.20458045261365, 39.019234899344056], [-76.20468624810299, 39.01943069978317], [-76.20477791668614, 39.019593820570975], [-76.204925608702, 39.01977821938107], [-76.20512846536114, 39.01977057219558], [-76.205183717141, 39.01961131624606], [-76.20513412654407, 39.01946962544105], [-76.20519624504597, 39.019277486460275], [-76.20534958387171, 39.01915548368043], [-76.2055451803467, 39.019093185450814], [-76.20574126101369, 39.01914030852044], [-76.2059376983118, 39.01926400311361], [-76.20610592401843, 39.019344253381036], [-76.20637199153086, 39.01939609010732], [-76.20654724655459, 39.019481718472306], [-76.20668762628402, 39.01958962043576], [-76.20680703753811, 39.01969772463357], [-76.2069197123259, 39.019866115542946], [-76.20707394767028, 39.01994103925925], [-76.207193377789, 39.02005461604135], [-76.20715918790927, 39.020235517756554], [-76.20707597337126, 39.02040054131336], [-76.20699970011542, 39.02054905590383], [-76.20697237605943, 39.02069705023359], [-76.20693105175972, 39.0208452110556], [-76.20679183355193, 39.02099990125872], [-76.2067645256656, 39.02115335093141], [-76.20668813922205, 39.02128546719731], [-76.20659076813347, 39.021406877962995], [-76.20650770361408, 39.02160471516657], [-76.20645257849668, 39.02179678361566], [-76.20629912738153, 39.02190236918581], [-76.20613189251665, 39.022046406355884], [-76.20615352664366, 39.022199358943986], [-76.20628713127923, 39.022351071728096], [-76.2064688784275, 39.022321775212575], [-76.2066162362701, 39.02242411266637], [-76.20675675793336, 39.022559357334636], [-76.20686222104602, 39.02267857521004], [-76.20698870922791, 39.02280303688301], [-76.20712219169262, 39.02293288050917], [-76.20727671898948, 39.023067977646335], [-76.20741700619244, 39.02315399238469], [-76.20752248188154, 39.02327318622688], [-76.20753031519081, 39.023464568304156], [-76.20756610766499, 39.02364471385552], [-76.20770649008938, 39.023752616444504], [-76.20786802514377, 39.02389310737423], [-76.20795264195196, 39.02403988945691], [-76.20814935503287, 39.02422923652551], [-76.20827586028277, 39.024359150809794], [-76.20840942629079, 39.02450541130612], [-76.20853579948832, 39.02460251708757], [-76.2086482272394, 39.02471618059482], [-76.20876771934185, 39.02484072172789], [-76.20897811735782, 39.0249587877505], [-76.2091532232612, 39.0250061281371], [-76.20936311732227, 39.0250093251038], [-76.20962182763252, 39.02497916920923], [-76.20981804574173, 39.02504815068568], [-76.21007721868435, 39.025121946728724], [-76.21021752115868, 39.02520795129137], [-76.21035826560413, 39.025386965337624], [-76.21044276203807, 39.02551185143259], [-76.21056220922478, 39.02562544508654], [-76.21066768221891, 39.02574464313618], [-76.21075933014083, 39.02590230320675], [-76.2108089396024, 39.02604399228583], [-76.21088660075533, 39.0262018087081], [-76.21094937412907, 39.02615736176822], [-76.21107485979111, 39.02605753854305], [-76.2112912307054, 39.02594578655405], [-76.21150083820389, 39.02588333519408], [-76.21168267248876, 39.02587042186869], [-76.2118573993031, 39.02583022822092], [-76.21208112113135, 39.02580044184848], [-76.21224162312316, 39.02570569301837], [-76.2124091616186, 39.02562729025262], [-76.21258386956832, 39.02558164610515], [-76.212828605686, 39.02555710412012], [-76.21306623163822, 39.025505296336505], [-76.21322690251331, 39.02544883371598], [-76.21335225432638, 39.02532711445348], [-76.21342861561709, 39.02518954208905], [-76.21349084101851, 39.02503020971588], [-76.21358120794284, 39.02490341407836], [-76.2137484428077, 39.02475389392057], [-76.21389488347036, 39.02465384050713], [-76.21402728616009, 39.0245320452026], [-76.21417332797078, 39.02434446319035], [-76.21430568574475, 39.02421720083482], [-76.21445197908372, 39.024078849565], [-76.21459135898826, 39.02396245001938], [-76.21470970843367, 39.023835337021865], [-76.21483518511256, 39.02373550842401], [-76.21495357408385, 39.02361385948979], [-76.21505094247749, 39.02349246507623], [-76.21509922961897, 39.023338744813245], [-76.21533678370596, 39.02327599105641], [-76.21552519815029, 39.023169998572165], [-76.2157211997655, 39.02319522532128], [-76.21591695254737, 39.02316574142216], [-76.21602830411673, 39.0230387184163], [-76.2159155969896, 39.02287035879158], [-76.21583087058696, 39.02270168052444], [-76.21585099464593, 39.02251000256613], [-76.2158642627627, 39.02235120851682], [-76.21587761082951, 39.02220882878923], [-76.21596789151556, 39.02206561896665], [-76.21607225329367, 39.02193864353549], [-76.21618360126979, 39.021811626699744], [-76.21625994189925, 39.02167949955259], [-76.21612634534853, 39.02152777904611], [-76.21620267879149, 39.02139566044137], [-76.21630005167668, 39.02126878360838], [-76.21646043059931, 39.021157615181735], [-76.21660659907245, 39.02099738876523], [-76.21676708399627, 39.0209026334977], [-76.21687843197238, 39.02077559525901], [-76.21694064839065, 39.020616279458466], [-76.2170518822807, 39.020461896896755], [-76.21714928481032, 39.02034594225314], [-76.2172957784736, 39.02025682881353], [-76.21738730602127, 39.020381656272896], [-76.21733209376728, 39.020546373102036], [-76.21724886036463, 39.02070592914376], [-76.21716555599505, 39.02084360166044], [-76.21707520613873, 39.02097037805875], [-76.21695679920111, 39.02108657385447], [-76.21684545391999, 39.02121359827403], [-76.21668503097993, 39.02131929428724], [-76.21676960197404, 39.021455119636705], [-76.21696509154951, 39.02137093554621], [-76.21707632633789, 39.02121655393441], [-76.21732121786413, 39.02123031118833], [-76.21739180478421, 39.0213663007179], [-76.21737151094362, 39.02151970004377], [-76.21734426414274, 39.02167864321931], [-76.21723301138806, 39.021827552233944], [-76.2169740998552, 39.021808495889616], [-76.21679889873037, 39.021744751141625], [-76.21658917175594, 39.02177438149594], [-76.21643563709748, 39.021858115654375], [-76.21642950429903, 39.02204417375932], [-76.21629020883613, 39.022176988357536], [-76.2162348411736, 39.02230888496519], [-76.21627745096247, 39.0224451767048], [-76.21629928990534, 39.02263641027742], [-76.2163838528146, 39.02277225822079], [-76.21642648595966, 39.0229140226652], [-76.2164904513978, 39.02313214970801], [-76.21657501430705, 39.02326799600089], [-76.2165477279803, 39.02342146657274], [-76.216450508707, 39.023581171057415], [-76.21635325889098, 39.02372993229992], [-76.21631889743306, 39.02386705946172], [-76.21625664148891, 39.02402092513177], [-76.21620843070424, 39.02419103719311], [-76.21616009415543, 39.02432833304578], [-76.21630079099018, 39.02449637375642], [-76.21644830244466, 39.024626057249755], [-76.21652600222518, 39.02478931818816], [-76.21663842099308, 39.02489752749141], [-76.2167579930456, 39.025032978884084], [-76.21687753994532, 39.02516843769381], [-76.21695515887743, 39.02531529947733], [-76.21714419226097, 39.02534606237708], [-76.21738183617951, 39.0252997187799], [-76.21757067642525, 39.02528670485422], [-76.2177599074382, 39.0253612438817], [-76.21792820411171, 39.02544692573683], [-76.218047638722, 39.02555504121681], [-76.21782364200926, 39.025530143308785], [-76.21761381083027, 39.02553788547949], [-76.21743898699788, 39.02555620107652], [-76.21724337435319, 39.02561304325222], [-76.21703378392266, 39.02568095776679], [-76.21682439920636, 39.02578719353145], [-76.21662833381077, 39.025751032117434], [-76.21642510255414, 39.0256711903967], [-76.21620851245093, 39.02573372289676], [-76.21604023104875, 39.02565348825623], [-76.21615164190692, 39.02554286199064], [-76.21587143581024, 39.025458405712975], [-76.2156401618454, 39.025373383360474], [-76.21546557516824, 39.02544092334856], [-76.2154384244871, 39.02562175196271], [-76.21537623411997, 39.02579201091121], [-76.21543978723138, 39.02592260832609], [-76.2153565107096, 39.02607122088132], [-76.21530823434793, 39.026219443018505], [-76.2151758145902, 39.026335762082944], [-76.21507138903168, 39.02644631453015], [-76.21488992215775, 39.02654128428705], [-76.21479248549215, 39.02665723853951], [-76.21473019541203, 39.02680560250874], [-76.21464691080543, 39.02695421669687], [-76.21475246374962, 39.02708436882672], [-76.21500449867898, 39.02712539569735], [-76.21519362099576, 39.027172576918026], [-76.21505413778496, 39.027267081627], [-76.21485830145977, 39.0272801468292], [-76.21461355635894, 39.02731015728665], [-76.21443212631593, 39.0274106047158], [-76.21436303868406, 39.027602820687946], [-76.21430770156424, 39.02774566548436], [-76.21409077908439, 39.027731612214914], [-76.21390128306847, 39.02760784032034], [-76.21380281423859, 39.02748855329628], [-76.21369716697129, 39.0273365354103], [-76.2136126615542, 39.027211630207745], [-76.2134302676189, 39.027104201856794], [-76.21333173680529, 39.02697397160357], [-76.21328207074987, 39.026821337798616], [-76.21310754695476, 39.026905292782644], [-76.21296808979511, 39.02700526694313], [-76.21290589134315, 39.02717554558853], [-76.21274525999395, 39.027237459855456], [-76.21261986955334, 39.02735917582854], [-76.21241685299407, 39.0273285526775], [-76.21229038547341, 39.02721503712858], [-76.21215702428128, 39.02711253563576], [-76.21198161744228, 39.02700502757867], [-76.21171586074693, 39.027029814706076], [-76.21154840848976, 39.02713008248717], [-76.21143004646794, 39.02725719235175], [-76.2112127610687, 39.027166548157865], [-76.21105159881515, 39.02710812100803], [-76.21089105550084, 39.02719192212361], [-76.21072347119132, 39.02726485338239], [-76.21054191897746, 39.02734340018294], [-76.21032511058363, 39.02735669915154], [-76.21010798688114, 39.02730434975749], [-76.2099049298977, 39.02726825262425], [-76.20987058550774, 39.02740539944079], [-76.2099970359604, 39.0275243676876], [-76.21007462614644, 39.02766576669937], [-76.21013121551776, 39.02780738525031], [-76.2101110986453, 39.02799906350012], [-76.21005577500019, 39.02814190051737], [-76.21005653407661, 39.028311473697045], [-76.21004321026433, 39.02846479375138], [-76.2099740777167, 39.02864606194514], [-76.20993985909088, 39.02881602261086], [-76.20982851919962, 39.02895398359065], [-76.20981520616711, 39.0291018549526], [-76.2097738630028, 39.029244528541746], [-76.20964852107119, 39.02937718097405], [-76.20954407664807, 39.02949319896187], [-76.20938343811231, 39.029555090263806], [-76.20956562992667, 39.02961330394856], [-76.20934889429638, 39.029653956710405], [-76.20918141688638, 39.029748748398376], [-76.20902793702516, 39.02984888880709], [-76.2090355870781, 39.02999649451851], [-76.20906431609922, 39.030160318060695], [-76.20922548733591, 39.03021874827016], [-76.20944219511844, 39.03017809373972], [-76.20965930444787, 39.030224993793226], [-76.20984160406005, 39.03031053925998], [-76.20995410008308, 39.03043514939044], [-76.21011546805082, 39.03053186252683], [-76.21033951866248, 39.03057320978942], [-76.21051487070424, 39.030669776194884], [-76.21069029281462, 39.0307827593428], [-76.21088658368735, 39.030868156197144], [-76.21113179052224, 39.030942092705665], [-76.21137669372656, 39.03095036881114], [-76.21161422984727, 39.03087120356577], [-76.21180964665923, 39.03075969574751], [-76.2119351107617, 39.030659847619994], [-76.21208167359525, 39.03057619087785], [-76.2122560419818, 39.03045943079006], [-76.21233943258963, 39.030332709090935], [-76.21249292233233, 39.030238037513975], [-76.21263929741798, 39.03011062247776], [-76.21274369512872, 39.029989151992666], [-76.2128621532703, 39.02988392741431], [-76.21288238782205, 39.029714112371366], [-76.21276973010228, 39.02955669597155], [-76.21280397657586, 39.029397682581624], [-76.21296424949728, 39.02925370435325], [-76.2130411039631, 39.02923098568661], [-76.21311705652036, 39.029005858630285], [-76.21319281324492, 39.02874245443042], [-76.21337520987514, 39.0288498872699], [-76.213452808146, 39.02899127874522], [-76.21369105573241, 39.029076230451786], [-76.21383872978197, 39.029238725358546], [-76.21402796618476, 39.029313268592645], [-76.21435734875504, 39.029430046623986], [-76.21468624264183, 39.029448345162436], [-76.21488243469987, 39.02951186942774], [-76.21500282152437, 39.02982783814001], [-76.21520659805834, 39.030022554128955], [-76.2153330431211, 39.030136065169145], [-76.21548740063638, 39.0302328645471], [-76.2155650069921, 39.03037426302539], [-76.21559363360525, 39.030510703203085], [-76.21572717356213, 39.03064600706707], [-76.2158256307139, 39.03075981298104], [-76.21580537280593, 39.03091868234738], [-76.21591785894749, 39.031037814250034], [-76.21607149331895, 39.030970497328454], [-76.21614076780041, 39.03082203254389], [-76.21625221369287, 39.0307114080869], [-76.21639154957995, 39.03057861650118], [-76.21638389862869, 39.03043645780612], [-76.21625750297328, 39.03033936143451], [-76.21642560920395, 39.030381297771655], [-76.21664247688659, 39.03037345913411], [-76.2167819780637, 39.030278954391505], [-76.21696389948512, 39.0302824309468], [-76.21714609668939, 39.03034609681834], [-76.21734910336718, 39.03037124075694], [-76.21750339800037, 39.03044615264209], [-76.21769234245072, 39.03046049706125], [-76.2178670189594, 39.03040937324785], [-76.2180421024049, 39.03044575627943], [-76.21825906261402, 39.0304598006354], [-76.21846922437305, 39.03051768141226], [-76.218595758369, 39.03064760577182], [-76.2187641053482, 39.030738762585266], [-76.21893237327565, 39.03081897331024], [-76.21908566628731, 39.03068053587106], [-76.21936534597123, 39.03064466515994], [-76.21954704011891, 39.03059346053265], [-76.21958837430009, 39.030450767336134], [-76.21969964591939, 39.03030732159834], [-76.2196723038971, 39.0304498503986], [-76.21963105864911, 39.03060894585756], [-76.21958975321405, 39.03075163733911], [-76.219443530842, 39.030906397977205], [-76.21926163098011, 39.03090837070592], [-76.21917823947399, 39.03102965050313], [-76.21929781601807, 39.03117057008231], [-76.21911607156473, 39.03120538194251], [-76.21892702111319, 39.03117462019716], [-76.21873111921097, 39.031171270688006], [-76.21852774063066, 39.031075037825694], [-76.21833867580607, 39.031038801659335], [-76.21811503392787, 39.03109047210459], [-76.21794023884158, 39.031119730793186], [-76.21778663950441, 39.03118705106176], [-76.21765418022082, 39.03129243001014], [-76.21765487641517, 39.03144560403589], [-76.21769052156563, 39.03158744389526], [-76.2175931765282, 39.0317198107133], [-76.21761495079235, 39.03188915619751], [-76.21753866046853, 39.032037692707846], [-76.2175602936972, 39.03217968280253], [-76.217371907999, 39.032291147907806], [-76.2172803445187, 39.032160849755094], [-76.2172587328496, 39.032024317163575], [-76.21725805462155, 39.03187663613709], [-76.21720842988864, 39.03173494270013], [-76.21703361054783, 39.03175870936827], [-76.21686612505299, 39.031848069289296], [-76.21669139823865, 39.03189374288504], [-76.21653085402602, 39.03197754600262], [-76.21643347485258, 39.032098951663514], [-76.21624496069526, 39.03218852607809], [-76.21606340398982, 39.03226708275882], [-76.21588868705695, 39.03230728460896], [-76.21565779307949, 39.0323097973983], [-76.21546190465199, 39.03231193686282], [-76.21528026440323, 39.03237407830102], [-76.21518287624666, 39.032500974279316], [-76.21511358200226, 39.03264394454989], [-76.21504427248651, 39.0327924103918], [-76.2152124667521, 39.03285075399167], [-76.21538062328845, 39.03290363379058], [-76.21554880048606, 39.03295650657195], [-76.21567531741404, 39.03308096968693], [-76.21585751461828, 39.03314461838377], [-76.21599790872078, 39.03324704065172], [-76.21612446158137, 39.03338241812769], [-76.2162369809606, 39.03350155006413], [-76.21635649821589, 39.033631529646065], [-76.21638518591449, 39.033784409717626], [-76.21656742354291, 39.03385353192759], [-76.216812206373, 39.03382897955664], [-76.21699384931672, 39.03376683660663], [-76.21718276771593, 39.03377024251368], [-76.21721143295663, 39.03391762511693], [-76.21702246964166, 39.033908747168404], [-76.21681265103906, 39.033927454148355], [-76.21664499576265, 39.03398397698361], [-76.21642100982969, 39.03397000101328], [-76.21627354418929, 39.03385126062776], [-76.21607043959511, 39.033809697572984], [-76.21583215607613, 39.03371930251966], [-76.2156434415945, 39.03376512144171], [-76.21544752621756, 39.033767244115275], [-76.21527279311499, 39.03380197235745], [-76.21507710501184, 39.03385333724473], [-76.21488143218001, 39.03391015809448], [-76.21468581684037, 39.033972460711695], [-76.2144760880693, 39.03401303281406], [-76.21432250939338, 39.03409129369896], [-76.21415435555198, 39.03403841827771], [-76.21393046843372, 39.03404084936449], [-76.21374201087026, 39.034141366078], [-76.21364459666253, 39.03426276802167], [-76.21349801226943, 39.034340947687184], [-76.21360944917873, 39.03422487066986], [-76.21366482762106, 39.03409297606005], [-76.21343372164118, 39.03404625720652], [-76.2132164578015, 39.033972008545845], [-76.21304124230366, 39.033902804112856], [-76.21288689466985, 39.033811472048846], [-76.21278836924611, 39.03368673389567], [-76.21278768472988, 39.03353356333174], [-76.21272394926045, 39.0333646627928], [-76.21269528851133, 39.033217279734146], [-76.21253401666331, 39.03313696636401], [-76.21235892962453, 39.03310057425089], [-76.21216987827468, 39.033069800072305], [-76.21199476159151, 39.03302793720338], [-76.21172886386067, 39.0330198650977], [-76.21151186951559, 39.03300582404158], [-76.21132293674336, 39.032996920857826], [-76.21109874868947, 39.032933703964304], [-76.2108817669208, 39.0329141747162], [-76.21085359755011, 39.032870711705094], [-76.21072001896567, 39.032729929493314], [-76.21053757831801, 39.032611555462765], [-76.21037621035025, 39.03251484028759], [-76.21021485945049, 39.03241810404602], [-76.2100188937679, 39.03240381863958], [-76.20981624282295, 39.032460725786635], [-76.20962040290449, 39.03247927195772], [-76.20945992786214, 39.03257946362386], [-76.20941163353415, 39.032727685371576], [-76.20925099769335, 39.032795087146475], [-76.20901319117978, 39.03281404981538], [-76.20884572634618, 39.03291434148975], [-76.20839778771797, 39.032886373771646], [-76.2082373701678, 39.03299751258916], [-76.2080205411127, 39.033010801422556], [-76.20780363210758, 39.03301312996862], [-76.2076284148131, 39.03294392250326], [-76.20741848661604, 39.03293525377153], [-76.20720144286362, 39.03290476771124], [-76.20732794272361, 39.03302923859312], [-76.20753139406747, 39.03315284957248], [-76.20766488731195, 39.033277219535165], [-76.20776338398959, 39.03339650795445], [-76.20786182856494, 39.03351032758188], [-76.20798136288823, 39.03364033575707], [-76.20808703441004, 39.03380330443559], [-76.20822736652877, 39.033894787930066], [-76.20821404720807, 39.03404263918579], [-76.2082287544259, 39.034201113204475], [-76.20823635596985, 39.03434327200275], [-76.20826499066783, 39.034485185593645], [-76.20835664218302, 39.03464284849717], [-76.20844136139912, 39.03481150943426], [-76.20854689098714, 39.034941667331104], [-76.2086664181239, 39.03507165612645], [-76.20877907494535, 39.03522908466482], [-76.20890548048224, 39.03533166160846], [-76.20902492317738, 39.03543977941311], [-76.20910250617689, 39.03557570811425], [-76.20915214887613, 39.035728340458355], [-76.2092088649099, 39.03589184509174], [-76.20925848874451, 39.03603901184701], [-76.20932218468805, 39.03619694690088], [-76.20938583751246, 39.03634943835044], [-76.20961037141771, 39.03648924067152], [-76.20974374877952, 39.0365917418233], [-76.2098424421882, 39.036754783937766], [-76.20987805859261, 39.036891172722854], [-76.20991371721779, 39.03704395642971], [-76.20998434276542, 39.03719089959719], [-76.210173159655, 39.037166975667745], [-76.21034823950725, 39.037197898079405], [-76.21053011691124, 39.03719046140707], [-76.21067046789462, 39.03727645407593], [-76.21090154333177, 39.03731772622165], [-76.21107637614732, 39.03729394677023], [-76.21119582513064, 39.037402069247825], [-76.21111944767024, 39.03753965761396], [-76.21128067729742, 39.03760355557858], [-76.211442004841, 39.037689325860164], [-76.21159634259334, 39.03777518814059], [-76.21173673849246, 39.03787759741738], [-76.21187709756065, 39.03797455016251], [-76.212003712405, 39.03812087737844], [-76.21217882100333, 39.0381572655107], [-76.21217812840226, 39.03800411231194], [-76.21214249942146, 39.03786225463032], [-76.21196701892059, 39.03773833231934], [-76.21188245870627, 39.03760795838671], [-76.2117490076826, 39.03749452982044], [-76.21171337870182, 39.037352694141646], [-76.21174775004121, 39.03721554709025], [-76.21183099152869, 39.037055994820584], [-76.21187231762502, 39.03690784913593], [-76.21195566960529, 39.03677565461303], [-76.21208098099416, 39.03663205076165], [-76.21215732342026, 39.03649447946781], [-76.21226878099084, 39.03638385691235], [-76.21241514350007, 39.03625644946745], [-76.21258276823377, 39.03618898959058], [-76.2127503767978, 39.036116055678335], [-76.21291089226435, 39.036026780699295], [-76.21309953937232, 39.03596454897227], [-76.21330229362354, 39.035929523148404], [-76.21347712643907, 39.03590574113647], [-76.21368013850676, 39.03592542027565], [-76.21384823485599, 39.03596736027583], [-76.21403747215712, 39.036036409178394], [-76.21422686127352, 39.03613830951327], [-76.21431838882117, 39.03626861219452], [-76.21439596553249, 39.036399065352214], [-76.21450146278113, 39.03651825081517], [-76.21460704806469, 39.03665387670707], [-76.2147125839409, 39.03678402841938], [-76.2148041195734, 39.03690883297437], [-76.21501433612967, 39.03697768488723], [-76.21507797727597, 39.0371246965726], [-76.2149174842673, 39.03721942451325], [-76.2148272592768, 39.0373790559577], [-76.2147089403741, 39.03752256339673], [-76.21462554976628, 39.03764931267333], [-76.21449313989002, 39.0377656303711], [-76.21438174250659, 39.037887179592914], [-76.21423521111409, 39.037976304996796], [-76.21403243889658, 39.03801133189937], [-76.21385097831086, 39.03811724561139], [-76.21368337513671, 39.0381847064384], [-76.21352267012566, 39.03824115190749], [-76.2133481005165, 39.038314158284926], [-76.21320147480088, 39.03839234323658], [-76.2130619862002, 39.038492338826636], [-76.21290838147313, 39.03856510143276], [-76.2128460788166, 39.03871349482924], [-76.21262944559425, 39.03877602067452], [-76.21249703122643, 39.03889233512199], [-76.21240315099104, 39.03898345408897], [-76.21237161742961, 39.03901405544439], [-76.21214807706106, 39.03909854087711], [-76.21203667608435, 39.03922008710825], [-76.2118619133374, 39.039260283607476], [-76.21165221061749, 39.03930631872306], [-76.21149175533807, 39.03941748163274], [-76.21146452830013, 39.039587342435176], [-76.21148619835972, 39.03973481965862], [-76.21167511316565, 39.03973276484412], [-76.21187115969663, 39.03975801219571], [-76.21198367188933, 39.03988259520196], [-76.21202648200251, 39.04006813838603], [-76.21209714258444, 39.040215078752986], [-76.21218166776447, 39.04033998120858], [-76.21226618935124, 39.04046488832739], [-76.21235774295005, 39.040595168377926], [-76.21245635371373, 39.040736340993405], [-76.21251293320358, 39.04086701545214], [-76.21255564899366, 39.04103068332185], [-76.2126331807892, 39.041155644339156], [-76.21268983933079, 39.04130273384834], [-76.21265549943244, 39.04145080124485], [-76.2126562953398, 39.041620389935524], [-76.21286617323119, 39.04161263487459], [-76.21301973034754, 39.0415234582406], [-76.21320163200605, 39.04152146976075], [-76.21341153954187, 39.04151373213176], [-76.21361439170943, 39.04149510530392], [-76.21366269052899, 39.04134688589866], [-76.21377386423192, 39.04117062220345], [-76.21389924748604, 39.04104890280542], [-76.21403179660115, 39.040954473738026], [-76.21415708283719, 39.04081086651831], [-76.21427552391076, 39.04069471640256], [-76.21419218360859, 39.040832362547214], [-76.21409479814695, 39.040964730189316], [-76.21394838353544, 39.04107572652633], [-76.2138650800642, 39.0412243379187], [-76.21377472841124, 39.04136207443201], [-76.21370546650618, 39.04152148162185], [-76.21366412513851, 39.041664154557814], [-76.21346128105579, 39.0416773133826], [-76.21339136966878, 39.04169446590002], [-76.21320951292604, 39.04171285126749], [-76.21303474658583, 39.041753049139416], [-76.2129584023631, 39.041890638103176], [-76.21288220995562, 39.04206106647486], [-76.21283386891525, 39.042203810882505], [-76.21263789514782, 39.042194999559335], [-76.21254629124334, 39.042059227319406], [-76.21235703148436, 39.04198469892513], [-76.21225279906362, 39.04214993195107], [-76.21209250458264, 39.04228842994875], [-76.2119670081408, 39.04239374978288], [-76.21177828647266, 39.0424450184211], [-76.21168791595508, 39.04257730489916], [-76.21177953243597, 39.042718527276854], [-76.2116190223593, 39.042813276323656], [-76.21182214132652, 39.04285484245495], [-76.2119972885524, 39.042902178529424], [-76.21216579543173, 39.04302615597168], [-76.21226449512861, 39.04318920975112], [-76.21239793716911, 39.0432971592491], [-76.2124825117565, 39.04342753803318], [-76.21242012376001, 39.04355950801235], [-76.2123016979578, 39.04368114843197], [-76.21223937284337, 39.04382406817471], [-76.21217011363329, 39.04398345166953], [-76.21217779422896, 39.04413654865058], [-76.21212251819459, 39.044290312286655], [-76.21210936685884, 39.0444819186211], [-76.21199090153074, 39.04459261710349], [-76.21180930529943, 39.044671164878366], [-76.21159966276662, 39.044733617776195], [-76.21135482963088, 39.04475268677718], [-76.21117300073591, 39.0447820130654], [-76.21092208420906, 39.04500355124249], [-76.21079033908613, 39.04527303925825], [-76.21071452936097, 39.04553644463432], [-76.21060313197755, 39.04566345930059], [-76.21028058558659, 39.04551926095674], [-76.20995778856563, 39.04532033882862], [-76.20981877607204, 39.045535204172474], [-76.20991108964559, 39.04583507786471], [-76.21024783211298, 39.04602290353364], [-76.21034709864684, 39.04630628654348], [-76.21062106863883, 39.04654402455182], [-76.21089495688412, 39.046754398821086], [-76.2110362978109, 39.04705920605542], [-76.21121221668963, 39.04727612977475], [-76.21128991108024, 39.04743393785277], [-76.21133255590341, 39.047581173354864], [-76.21137520252321, 39.04772841064299], [-76.2113619011688, 39.04788173182499], [-76.2115935488328, 39.048037877450405], [-76.21161515690865, 39.04817441049445], [-76.21170692520481, 39.0483539412263], [-76.21189631701614, 39.048444882648624], [-76.21205760503385, 39.04851970491168], [-76.21213533266213, 39.04868845690408], [-76.21224821046914, 39.04888416180085], [-76.21226284941501, 39.04902624222274], [-76.21227755753117, 39.0491901890802], [-76.21236234232431, 39.04936434125688], [-76.21246106268245, 39.049527378313556], [-76.21244772180218, 39.0496752268559], [-76.21249738965422, 39.04982238931822], [-76.21254004166391, 39.04996962332964], [-76.21267355017977, 39.05008853893982], [-76.21279995481835, 39.05018562142932], [-76.21286371903382, 39.05035999299629], [-76.21278738199761, 39.050503060377125], [-76.21281598974616, 39.050639500057855], [-76.21297657528129, 39.05055571279492], [-76.21314425481222, 39.05049370524513], [-76.21329074937383, 39.05038271114852], [-76.21340914283667, 39.05025559823144], [-76.21356242417023, 39.050106243331165], [-76.21368788467946, 39.04999547395969], [-76.21382045086257, 39.04990102057429], [-76.21396703705231, 39.049822856730486], [-76.21412739621199, 39.04968982968103], [-76.21425986986863, 39.04957895989498], [-76.21444130619982, 39.049462121678], [-76.2146439643313, 39.04939973853841], [-76.21480464418953, 39.04933781857333], [-76.21501435679092, 39.04928630936987], [-76.21517493963111, 39.04920250236312], [-76.2153425580766, 39.049124094270915], [-76.21551023401427, 39.04906210220753], [-76.21569200541707, 39.049021809430045], [-76.21586662892516, 39.04894879388594], [-76.21602018154994, 39.048859609769345], [-76.21620203020784, 39.04883575048581], [-76.21638392557814, 39.048822830889726], [-76.21660086243106, 39.048820472168444], [-76.21684603782492, 39.048872507034275], [-76.21712620888732, 39.04892415327675], [-76.217357291511, 39.048954469177936], [-76.21754643269237, 39.04899070452866], [-76.2177639462637, 39.04911962102145], [-76.2179881998946, 39.04918829499713], [-76.21822656605859, 39.04927870863032], [-76.21840896448546, 39.04937516366416], [-76.2185841018299, 39.04941154739518], [-76.2187873259, 39.04946951799115], [-76.21894175348385, 39.04957176451153], [-76.21921514945237, 39.04966725362277], [-76.21938350631302, 39.0497529590295], [-76.21951696092995, 39.04986091593783], [-76.21960162534884, 39.050013158840734], [-76.21961647899207, 39.05019351786502], [-76.21965918490068, 39.050346223274026], [-76.21965745833872, 39.05042636779159], [-76.21965957387118, 39.05049759798476], [-76.21956125056839, 39.0506658994711], [-76.21941795939912, 39.05083501258632], [-76.21939502361327, 39.05096666316957], [-76.21947835762725, 39.05106074818274], [-76.21961624093852, 39.05129260393822], [-76.21991421032163, 39.05167963101008], [-76.22000821093128, 39.05202649395511], [-76.21993105013993, 39.05252026857327], [-76.2197856569129, 39.05336504961244], [-76.21972383485503, 39.05376554697748], [-76.21980678977995, 39.05388710215552], [-76.22003873029475, 39.053943970374426], [-76.2201506406162, 39.054010800814915], [-76.22030113717238, 39.054352644344235], [-76.22046099417382, 39.05452428365089], [-76.22057328807593, 39.0545636782897], [-76.22074308224103, 39.05452111592282], [-76.22081402938554, 39.05448875360643], [-76.22092640503432, 39.054522633865226], [-76.2210100399839, 39.05459474585749], [-76.22118628944266, 39.05459620589889], [-76.2212933210138, 39.05450371887757], [-76.22140108381359, 39.05435627039353], [-76.22153645184207, 39.054253026275305], [-76.22177794683822, 39.0541231711309], [-76.22189461733237, 39.05417187808665], [-76.22183513358921, 39.05538220745271], [-76.22189917628243, 39.055590939119895], [-76.22185552444786, 39.055689461508095], [-76.22169352226952, 39.05567712284838], [-76.22153097661042, 39.05570325809141], [-76.22151525788959, 39.055823977731876], [-76.22146915365425, 39.05610375614706], [-76.22132548429423, 39.05630035012237], [-76.2213521310205, 39.056415915131176], [-76.22138271236773, 39.05676224698828], [-76.22134263043806, 39.05711899378353], [-76.22128898484593, 39.05743718771115], [-76.22114923753043, 39.05786450792644], [-76.22097718589902, 39.058071830182975], [-76.22063682052607, 39.0582118531903], [-76.22009330115162, 39.05825128064918], [-76.21957801313161, 39.05829095501751], [-76.21909001682823, 39.05839678949648], [-76.2187492885359, 39.0585642385928], [-76.21855607439302, 39.05877140184783], [-76.21841785511184, 39.05908337604906], [-76.21843597053787, 39.059308766505396], [-76.21847202711673, 39.059770511160536], [-76.218503551695, 39.060045437968334], [-76.21820159918191, 39.060246938536444], [-76.21792761122363, 39.06037608907863], [-76.21785180868501, 39.06063949462805], [-76.21827196062485, 39.060678686363595], [-76.21848988921785, 39.0608841874998], [-76.21842816777131, 39.06115839013208], [-76.2182330249455, 39.06134651962325], [-76.21791220421818, 39.06159617983149], [-76.21759835621411, 39.061840305100695], [-76.21740386466689, 39.06216519196661], [-76.21751004553347, 39.06242660434477], [-76.2178541532879, 39.06267450163023], [-76.21792488304011, 39.06283238201828], [-76.21770947422151, 39.063179353395526], [-76.21756384563585, 39.06347636009779], [-76.21741782807968, 39.063685832987304], [-76.21726500039533, 39.06394460182475], [-76.21726568401327, 39.064092304399566], [-76.21747629492994, 39.064226769042996], [-76.21791775850159, 39.06433136007229], [-76.21782029488652, 39.06444731020071], [-76.21756227987231, 39.06465799592319], [-76.21757010509674, 39.064838431233376], [-76.21778187034856, 39.065224539416654], [-76.2177760007565, 39.065470766884935], [-76.2176442574302, 39.06574573217495], [-76.21754006633196, 39.06592190524837], [-76.21732451647785, 39.06623606998585], [-76.21725578457882, 39.06651581899946], [-76.21762086350357, 39.06674707719814], [-76.21779703121561, 39.06700227776534], [-76.21799414045357, 39.06724628320813], [-76.21803009013293, 39.06745378226943], [-76.21810784201571, 39.067611589895215], [-76.21799645631037, 39.067749558116546], [-76.2179623041599, 39.06793045839628], [-76.21807479569135, 39.06803864696615], [-76.21819428240393, 39.06814126554058], [-76.21828582432464, 39.06826062062946], [-76.21839850719726, 39.06841257626962], [-76.218504264059, 39.06857006580913], [-76.21863787588111, 39.06870536652724], [-76.21849142084538, 39.06882183673737], [-76.21847111802165, 39.06897523556968], [-76.21849980392363, 39.06912263957575], [-76.21855638880338, 39.06925330266508], [-76.21869682243175, 39.069344775820106], [-76.21879548619603, 39.06948591956679], [-76.21867700739321, 39.06960209486887], [-76.21867780689381, 39.069777137542296], [-76.21869948413993, 39.06991914244991], [-76.21863004436847, 39.07004572060955], [-76.218553703739, 39.07018878506893], [-76.21842123098068, 39.070305109858495], [-76.21828166332824, 39.07040509165379], [-76.2180930476613, 39.07048372788695], [-76.21794640218275, 39.070567386889664], [-76.21796805068277, 39.07070938881246], [-76.21812246209697, 39.070795225599845], [-76.21827709270008, 39.07093030306188], [-76.21836868043486, 39.07105512400073], [-76.21848838453974, 39.07120699481612], [-76.21856596035272, 39.07133198613295], [-76.21873446184215, 39.07143953693189], [-76.2188331291997, 39.071580702991234], [-76.21891072297899, 39.07171114742376], [-76.21889061329304, 39.0719028258183], [-76.21887742063477, 39.07207803155883], [-76.21890606970581, 39.072219964188285], [-76.21901901847976, 39.07242113221296], [-76.21905471393588, 39.072573908110705], [-76.21909048125723, 39.07273763291889], [-76.21910523339083, 39.0729016021354], [-76.21914106988247, 39.073081733925406], [-76.21913481760808, 39.07324590598288], [-76.21915647688789, 39.07338243840728], [-76.21915013747694, 39.073530216079114], [-76.21925586469429, 39.07368222592882], [-76.21935442784728, 39.073806977142866], [-76.21954358699497, 39.07383773845614], [-76.21972605099884, 39.07393421224678], [-76.21990847996844, 39.074019743141506], [-76.21994414398353, 39.07416159863987], [-76.21990289154905, 39.07432616011727], [-76.21988253123314, 39.07446314235831], [-76.21983420366747, 39.074611361304086], [-76.21975081934787, 39.07474903270423], [-76.21974457156507, 39.07490775293182], [-76.21980827739006, 39.075060231941094], [-76.21963362872916, 39.07514419306328], [-76.21948007340944, 39.075238872803524], [-76.21936867243274, 39.075376842851895], [-76.21919433638554, 39.07552644556516], [-76.21937657311565, 39.07556822048419], [-76.21957250466228, 39.07554967586267], [-76.21974744258071, 39.07553136276514], [-76.21996440009487, 39.07551804636475], [-76.22016062808554, 39.075559674839766], [-76.22026615048702, 39.075673403515964], [-76.22021078102786, 39.07580528394674], [-76.22023943009889, 39.07594721465872], [-76.22042171893128, 39.0760054040621], [-76.2206316794677, 39.07599216376461], [-76.22084899720629, 39.07604996190572], [-76.22103791560548, 39.07602602184887], [-76.22122702175257, 39.07604585648186], [-76.22142301707957, 39.07603823560955], [-76.22161900701668, 39.07603061473641], [-76.22182920470834, 39.07606661721793], [-76.22185790408503, 39.07621401478126], [-76.22180956394297, 39.0763567675655], [-76.22163496918097, 39.07645167511254], [-76.22144624212292, 39.076519374087056], [-76.22124341331156, 39.076559881304135], [-76.22101944264998, 39.07657326863925], [-76.22079583490776, 39.07666324482704], [-76.22036961484818, 39.07684842289859], [-76.22006205325445, 39.07695023924946], [-76.2199161713439, 39.077198019976066], [-76.2200502125607, 39.07742082397603], [-76.22037333477176, 39.077652523434104], [-76.22069601591002, 39.07778577325582], [-76.22104675412957, 39.07793511074939], [-76.22134856291218, 39.07809594166507], [-76.22162935920203, 39.078256987695134], [-76.2220083826749, 39.078466201239074], [-76.22235213469646, 39.07861561190846], [-76.22242984705339, 39.07876246858667], [-76.22245199681335, 39.07900839987472], [-76.22246715588375, 39.07925987206188], [-76.22237736028796, 39.07952342959486], [-76.22232951421931, 39.07977012739027], [-76.22230220094309, 39.07991812529133], [-76.22250690184352, 39.08027146855405], [-76.22222070847545, 39.08046059239769], [-76.22191275791123, 39.080485825189285], [-76.22160476871943, 39.080500155263145], [-76.22152905870729, 39.0807854326077], [-76.22164932785248, 39.081052179569724], [-76.22181154562648, 39.08130752086951], [-76.22195912445461, 39.081426253300286], [-76.22207173366537, 39.081545376028714], [-76.22191799688596, 39.08161270123567], [-76.22169353574424, 39.08152215537567], [-76.22130045992537, 39.08130761779685], [-76.22097733501936, 39.08108139176299], [-76.22066193921805, 39.081008263632], [-76.22033176253704, 39.080771147220524], [-76.2198900231826, 39.080633735818004], [-76.21978562457355, 39.08076615646928], [-76.2195347269113, 39.08101507089003], [-76.21933295362041, 39.081290808219585], [-76.2193406234363, 39.081432935698096], [-76.21950324096062, 39.08178128069476], [-76.21951841170913, 39.08203275345823], [-76.21952661602262, 39.082295248392846], [-76.21961187243129, 39.08256237665151], [-76.21966881034895, 39.08275868426406], [-76.21979623816864, 39.08306364567565], [-76.2197693641686, 39.08331011632371], [-76.21966556204087, 39.08357382259094], [-76.21961068216355, 39.08382059268767], [-76.21966074257938, 39.08404433385355], [-76.2198652548336, 39.08436485319784], [-76.21974724405304, 39.084584949314355], [-76.21971348985623, 39.0848588527795], [-76.21974258628829, 39.085088293720155], [-76.21979994641411, 39.08538307524941], [-76.21992001523499, 39.08560605351976], [-76.21994216409664, 39.08585198187009], [-76.21993614179097, 39.08606539626907], [-76.21981606937683, 39.08584242014803], [-76.21968187724308, 39.085592229311466], [-76.21955463447632, 39.08533104637357], [-76.21944141351287, 39.0850696909373], [-76.21951026758276, 39.084817300913954], [-76.21954411430603, 39.08457077347333], [-76.21945896210195, 39.08432006561876], [-76.2192966949206, 39.08405925171899], [-76.219120488581, 39.08380406262696], [-76.21911230043717, 39.08354701780175], [-76.21908303961342, 39.08327382327783], [-76.2190749332163, 39.083033218905655], [-76.21898321702241, 39.08288103116638], [-76.21870265339625, 39.082774696472384], [-76.21877850624053, 39.082522210377164], [-76.21858817299476, 39.08223982691871], [-76.2185870761518, 39.0820046197036], [-76.21830628704849, 39.08184903522189], [-76.21801899054928, 39.081797445139436], [-76.2180812051709, 39.08162171544068], [-76.21823470299844, 39.081505175006775], [-76.21838824574175, 39.08139954741162], [-76.21847861625933, 39.08125635924264], [-76.21862435803271, 39.08097576701991], [-76.21835047248238, 39.08079822223157], [-76.21803546654989, 39.08081259617341], [-76.21767796221964, 39.08071254195774], [-76.21804833311971, 39.08056082060495], [-76.21823581870603, 39.080225071030846], [-76.21872649737884, 39.08035102402941], [-76.2189148965518, 39.08021219832076], [-76.21903282109409, 39.079975682426195], [-76.2191576464944, 39.079717223403364], [-76.219380936233, 39.07955066616948], [-76.21962443806548, 39.07921978968013], [-76.21942023393342, 39.078964890610116], [-76.21936357988339, 39.07882328325945], [-76.21920905348485, 39.07871556100944], [-76.21902669278722, 39.07864644364941], [-76.21871843859242, 39.07860055621208], [-76.2185427074616, 39.07844930869778], [-76.21838825831817, 39.07835798472126], [-76.21808642258608, 39.078186226231935], [-76.21785410208392, 39.07790975640346], [-76.21786002557491, 39.07767447338517], [-76.2177748015056, 39.07741279599533], [-76.21755661419782, 39.07715807171082], [-76.21746447579575, 39.07691290246683], [-76.21740077715727, 39.0767604170005], [-76.21736513021017, 39.076624055690004], [-76.2172735029495, 39.076488288272515], [-76.21716093865449, 39.076369159097744], [-76.21710426304493, 39.07622754514274], [-76.21704064615312, 39.07609147360609], [-76.21692108398209, 39.07597243860395], [-76.21680856550115, 39.07586425591957], [-76.21661239769762, 39.07583356731915], [-76.2164372253189, 39.07579715814993], [-76.21626900769712, 39.07575522924676], [-76.2160868940362, 39.07573532967627], [-76.21600225926169, 39.075599489416476], [-76.21605056796274, 39.0754512676646], [-76.2162323788914, 39.07540004739566], [-76.21641418263354, 39.07535432033613], [-76.21659625856522, 39.07536327466887], [-76.21659553452311, 39.07521010521142], [-76.21661593077162, 39.07507312093346], [-76.21660121546896, 39.07492011961276], [-76.21673371517674, 39.07480380103526], [-76.21681009084051, 39.07466620994122], [-76.21683035952826, 39.074507340627086], [-76.2167876158904, 39.07434368966347], [-76.21681493455652, 39.07419569262269], [-76.21679319532664, 39.074031821258174], [-76.21677840276885, 39.07386238222722], [-76.21677069252877, 39.07370381307515], [-76.21669301430785, 39.07356244134655], [-76.21670633183193, 39.07340912222425], [-76.21663570808091, 39.073278603518965], [-76.21648118168237, 39.07316540937561], [-76.21630596618454, 39.073123550043505], [-76.21610308437255, 39.07315310375833], [-76.21589313192096, 39.07316631948213], [-76.21575971054172, 39.07307476549983], [-76.2156679099062, 39.07290071782937], [-76.21570217434609, 39.07274170087534], [-76.21589783010991, 39.072662996720204], [-76.2161287887661, 39.07264953960014], [-76.21621925181014, 39.07252821687975], [-76.21630268104553, 39.072401466728444], [-76.21638595307574, 39.07224193465925], [-76.21644128031407, 39.07209361867867], [-76.21647549714326, 39.07192365960666], [-76.21648168384063, 39.071743072239194], [-76.21655803974146, 39.071600009535636], [-76.21655716837564, 39.07140855279469], [-76.21655649463916, 39.07126085785734], [-76.21647882360476, 39.07111399184316], [-76.21642909376894, 39.070955908895066], [-76.2163723507857, 39.070797877899615], [-76.21634365051071, 39.070645008886785], [-76.21628704946127, 39.07051433721513], [-76.21624435523077, 39.07036163148359], [-76.21615973572763, 39.07022578436673], [-76.21620109236669, 39.070083111938025], [-76.21627034349193, 39.069923703653046], [-76.21626957273743, 39.0697541389847], [-76.2162898602898, 39.06959527256103], [-76.21630317871221, 39.06944742318276], [-76.2163095315979, 39.06930512091494], [-76.21618309282333, 39.06920802635266], [-76.21598689896865, 39.069171866935406], [-76.21595199941987, 39.06919412430526], [-76.21581140319643, 39.069058892175775], [-76.21578275502371, 39.06892243159268], [-76.21565615814566, 39.06879252740608], [-76.21559256011848, 39.06866192972094], [-76.21539624499125, 39.06859295316137], [-76.21522779560411, 39.068496301194905], [-76.21510823073812, 39.06837177563278], [-76.21510058248178, 39.06822963997878], [-76.21509292883556, 39.06808748799721], [-76.21520443671179, 39.067976859121636], [-76.21523875415227, 39.067828791537835], [-76.21531516664696, 39.06769666673832], [-76.21520953195606, 39.067561045349734], [-76.21520886450782, 39.06741336467945], [-76.21528522490024, 39.06727577452053], [-76.21534059615603, 39.06713293013328], [-76.21539600064949, 39.06700102931102], [-76.21540937656407, 39.06686412953307], [-76.21537369907425, 39.06671681915265], [-76.21540096473974, 39.06655788033074], [-76.21537932701949, 39.066415890979314], [-76.21539967296238, 39.06627344310601], [-76.215476005507, 39.06612490952684], [-76.21544732589325, 39.06597752227684], [-76.2153837350526, 39.065846908223605], [-76.21527819917638, 39.065733172778714], [-76.21517969710887, 39.065619359730924], [-76.21491338166142, 39.06554567573002], [-76.2147588444831, 39.065432460116874], [-76.21460451840885, 39.06536303959615], [-76.2144361202257, 39.065271857708886], [-76.21424667182048, 39.06516998056746], [-76.21433011183564, 39.065048729384706], [-76.21452588168552, 39.064997363464656], [-76.21468658849321, 39.064929975673145], [-76.21465095052926, 39.06479359220036], [-76.21474826322735, 39.064644831614956], [-76.21476163644698, 39.06450792517487], [-76.21469800697878, 39.0643663808813], [-76.21462742455029, 39.06423586289021], [-76.21449398879798, 39.0641443105754], [-76.21428421960272, 39.06419037271786], [-76.21412294505976, 39.06413194479616], [-76.21408727295982, 39.06398461546158], [-76.21401667436166, 39.06384862633764], [-76.21403003320823, 39.06370624861285], [-76.21415553503995, 39.063600944515834], [-76.21434431060702, 39.063549656359235], [-76.21453305652967, 39.06349838560273], [-76.21463048511045, 39.063371496475604], [-76.21473478131158, 39.063217187785156], [-76.21481113900904, 39.06307959572457], [-76.21488055632261, 39.06294754782808], [-76.21500605725602, 39.062842249574366], [-76.21510350829466, 39.06272085070784], [-76.21524301845493, 39.06261538053005], [-76.2151863230824, 39.062462838363], [-76.21508781562497, 39.06234900678991], [-76.21491239081965, 39.062252454387384], [-76.21495358576193, 39.06207694525255], [-76.21485503698202, 39.061957666199035], [-76.21469366901428, 39.06187737573573], [-76.21460912047804, 39.061752474395405], [-76.21455248978423, 39.06161085970822], [-76.2144330003767, 39.061502744988395], [-76.21428558055037, 39.06141134397755], [-76.21423594952925, 39.06126964978667], [-76.21422127465075, 39.06111662760907], [-76.2141087714412, 39.06100843540523], [-76.21409411363072, 39.06086090564117], [-76.21412145205976, 39.060718380991126], [-76.21397406457277, 39.06062697408223], [-76.21378480211884, 39.06056885151696], [-76.2138051534516, 39.060426419745774], [-76.2138393792639, 39.060256437462066], [-76.2141190742192, 39.06019324077479], [-76.21430112679468, 39.06020766704313], [-76.21446873086713, 39.060123789293286], [-76.21462934065678, 39.06003998328938], [-76.21477582174363, 39.05992898675853], [-76.2149083205531, 39.05981814141748], [-76.2149707094479, 39.059686170427156], [-76.2150961933133, 39.059575392365694], [-76.21501855551655, 39.05943400419578], [-76.21510894579708, 39.059301734639305], [-76.21517826968586, 39.059158742979044], [-76.21533177020835, 39.05904767182114], [-76.21543623619107, 39.058937120156024], [-76.2155056678777, 39.05881054718752], [-76.2155680406028, 39.05867309860296], [-76.21551836107265, 39.05852594133041], [-76.21550369338068, 39.05837841126172], [-76.2153772177752, 39.05827037041475], [-76.21522263837606, 39.058140755639], [-76.21501955084989, 39.05811560763148], [-76.21477457398372, 39.058112796511715], [-76.21458579212843, 39.05815861565755], [-76.21442519042363, 39.05824241970935], [-76.2142223696971, 39.05827744284128], [-76.2140194690205, 39.058296050595125], [-76.21380946446664, 39.0582873898568], [-76.21362039784542, 39.05826756557903], [-76.2134526491442, 39.05831863435821], [-76.21341146049012, 39.058499606936834], [-76.21341213781983, 39.05864729160682], [-76.21350381538616, 39.05879947929641], [-76.21360246387908, 39.058946100288026], [-76.21364518416074, 39.059104280585004], [-76.2137157638943, 39.05923482061902], [-76.21369555719029, 39.05940461284249], [-76.21351393311122, 39.05948864071916], [-76.21333920539855, 39.05954523029603], [-76.2131855836035, 39.0596289587635], [-76.21303906658403, 39.05972903031718], [-76.21286383132325, 39.05967622639883], [-76.21266810189755, 39.059727589912846], [-76.2124720032643, 39.059702358766586], [-76.2122828728627, 39.059671591292506], [-76.21214244103096, 39.05957464042415], [-76.21200891634545, 39.059455743577395], [-76.21195932395187, 39.05931950368442], [-76.21193065421957, 39.05917212175685], [-76.21194395737062, 39.05901879857885], [-76.2119993627624, 39.05888690561401], [-76.21204073826607, 39.05874970550311], [-76.21215207725902, 39.05860627257492], [-76.21221446974707, 39.0584742965292], [-76.2124030791258, 39.058390202573655], [-76.21259190499853, 39.058360803810395], [-76.21280857325517, 39.058287328472694], [-76.21301139488003, 39.05825228930208], [-76.21317192202466, 39.05815209079423], [-76.21312223530799, 39.057999458067805], [-76.2129470000472, 39.05794665425101], [-76.212765016642, 39.057943149759815], [-76.21254089955501, 39.057912764474246], [-76.21236548463118, 39.057816208795025], [-76.21225294279405, 39.05769159742743], [-76.21221734705092, 39.05755520973674], [-76.21214674396117, 39.05742468891918], [-76.21200637770644, 39.057338697756364], [-76.21181678197755, 39.05720398003379], [-76.21169724316267, 39.057079445712304], [-76.21151502889046, 39.05702673607553], [-76.21144444197034, 39.05689073912955], [-76.21126196988165, 39.056783309860286], [-76.21115632980086, 39.0566367332069], [-76.21100876265082, 39.05650704428081], [-76.2109381146453, 39.05636010222705], [-76.21090951049003, 39.056223661739715], [-76.21092281274277, 39.056070348203214], [-76.21093581855143, 39.0558459128472], [-76.21089305874392, 39.05568225977141], [-76.21075262691217, 39.05557982886968], [-76.21062716101308, 39.0556960961178], [-76.210571837368, 39.05584438725998], [-76.21050252425898, 39.05599282318517], [-76.21046821400502, 39.056146384526535], [-76.21041996459279, 39.05631102149007], [-76.21035765924134, 39.056464858375044], [-76.21026724201134, 39.056591672720046], [-76.21014198092813, 39.056757138743855], [-76.21006561784075, 39.05689472708235], [-76.20996117701088, 39.05701620084], [-76.2098217414108, 39.05713805734805], [-76.20975235014836, 39.05727010146168], [-76.20971108423916, 39.05743465977169], [-76.20966272882573, 39.057577431008845], [-76.20957944242248, 39.05773150927798], [-76.20955910456445, 39.05787942783889], [-76.20953176883035, 39.05802742561059], [-76.20951154236342, 39.058202685324645], [-76.20947029621713, 39.058367243553846], [-76.2094919581919, 39.0585201977507], [-76.2094856690866, 39.05867344318907], [-76.20951427234355, 39.058809883128035], [-76.20952911161375, 39.059001189892115], [-76.20955071968959, 39.059137727550635], [-76.20957944062584, 39.05929605599358], [-76.20960806364575, 39.05943798642466], [-76.20974865986918, 39.059573223732805], [-76.20988229504748, 39.05971947830817], [-76.20991801655475, 39.059877734995936], [-76.20996074492123, 39.06004138671833], [-76.21001046307896, 39.06020496621598], [-76.2100392361175, 39.060379709935916], [-76.21004689605194, 39.060527335568864], [-76.21008951572227, 39.060663627538], [-76.21009019754356, 39.06081679996705], [-76.21005581362775, 39.060953923519044], [-76.21007755824752, 39.061117800835476], [-76.21007120087025, 39.06126557628636], [-76.21006487852728, 39.06141334794034], [-76.21005862715123, 39.061577537374184], [-76.21003140011328, 39.061752873372484], [-76.21000408773538, 39.06190634057796], [-76.20996970202295, 39.06204348572915], [-76.20980199105095, 39.062105472674794], [-76.20956363656506, 39.06202051324956], [-76.20938150134458, 39.06198966378206], [-76.20935431832407, 39.062170492332086], [-76.2094109499162, 39.06231758202282], [-76.20950950678098, 39.062442340769735], [-76.20967769386004, 39.06248427967481], [-76.20983226517436, 39.06261389972937], [-76.21001457915959, 39.06268305092738], [-76.21020362781451, 39.06269740972668], [-76.2104207407372, 39.062727868980886], [-76.21058209702684, 39.062808184284506], [-76.2106037356454, 39.06295019344772], [-76.21060437794084, 39.06309241785258], [-76.21064700300107, 39.06322871044982], [-76.21066169404922, 39.06338718665519], [-76.21064145231092, 39.06355152564482], [-76.21054409200212, 39.063694811120286], [-76.21040466089362, 39.063822141876166], [-76.21032822594104, 39.06394878816397], [-76.21027284300715, 39.06408068492486], [-76.21046892906399, 39.064105914506406], [-76.21070009163773, 39.064141694992514], [-76.21087531252546, 39.06419450324342], [-76.21105761303598, 39.06425817901046], [-76.21105131584584, 39.06441690051238], [-76.21105915185005, 39.0646028089003], [-76.21100389647692, 39.064767515423235], [-76.21099752382831, 39.06490981498214], [-76.21109599445481, 39.06501268989568], [-76.21116657508668, 39.06514321551771], [-76.21132090475416, 39.0652181275003], [-76.21153139170335, 39.0653252656421], [-76.21171337151529, 39.06531780682175], [-76.21190906590667, 39.06525005106785], [-76.21203453539903, 39.06513381559414], [-76.21215398977225, 39.065236456526165], [-76.21219669208759, 39.06538916288416], [-76.21218328832525, 39.065526067615146], [-76.21216997439441, 39.065673916837866], [-76.212191761235, 39.06584873490259], [-76.21215050969884, 39.06601876370387], [-76.21209523905435, 39.06617800155882], [-76.21203289866857, 39.06632091902022], [-76.21206161780822, 39.06648471692139], [-76.21200626811199, 39.06662755983058], [-76.2120701212607, 39.066818325801485], [-76.212077803653, 39.06697142280276], [-76.21207151095446, 39.06713014517858], [-76.21212153274273, 39.06735386813143], [-76.21204525050373, 39.06751334778135], [-76.21208791508984, 39.06766058396424], [-76.21206079405312, 39.067852354961566], [-76.21208944402247, 39.06799973620446], [-76.2121043515646, 39.068201989631994], [-76.21209797891598, 39.06834428924174], [-76.21209166196289, 39.06849206351434], [-76.21208533602666, 39.06863983887248], [-76.2120930031476, 39.06878744165281], [-76.21206572760063, 39.06894638800821], [-76.2120384304941, 39.06910532563641], [-76.21205313501699, 39.06925834444616], [-76.21209586338348, 39.06942200092558], [-76.21212479003395, 39.06962407870863], [-76.21207638790813, 39.06976137834221], [-76.21202101755064, 39.06989874117504], [-76.21193761706134, 39.070036407820226], [-76.2118612548723, 39.07017946811394], [-76.21177788582405, 39.07031713421152], [-76.21168040334436, 39.0704330605589], [-76.21153379739167, 39.07052218674224], [-76.21137332234932, 39.07063879553144], [-76.21119870962103, 39.07072821716258], [-76.21101706218573, 39.07081223853534], [-76.21081429266317, 39.070869139849506], [-76.21059059059786, 39.070931738355746], [-76.21037402385085, 39.07103254361458], [-76.21021341765447, 39.07112728745461], [-76.21001059872457, 39.0711677740547], [-76.20982147640778, 39.0711479485119], [-76.20963218161451, 39.07107886837404], [-76.2094987404723, 39.07098733121146], [-76.20930233012363, 39.07089643765074], [-76.2091556621872, 39.070974616525525], [-76.20901616011177, 39.07108552873695], [-76.20889067534804, 39.07120177114787], [-76.20877211479853, 39.071306990676966], [-76.20866069585554, 39.07143949508691], [-76.20854920145405, 39.07155011435062], [-76.20840976585397, 39.07168291819223], [-76.2082983379278, 39.071815405158425], [-76.20816582294867, 39.07192077301879], [-76.20810340171452, 39.072052739270184], [-76.20796399036894, 39.07219101264428], [-76.2078595809801, 39.072323423336556], [-76.20776914129223, 39.07245021338022], [-76.20772078677713, 39.072598453291576], [-76.20760228821138, 39.072714617193526], [-76.2074977602449, 39.07282516192861], [-76.20733730855875, 39.07294723593762], [-76.20728889565315, 39.0730845053947], [-76.20717752342253, 39.07322795493498], [-76.20710818605902, 39.073376393365784], [-76.20701775086275, 39.0735032045317], [-76.20690631934332, 39.073635687383224], [-76.20679491118008, 39.07376817138085], [-76.20666246716786, 39.07390090270401], [-76.20659306512565, 39.074038410208566], [-76.20649589436137, 39.07422546905307], [-76.20641957708808, 39.074379448919984], [-76.20632925687617, 39.074539072396405], [-76.2062529467894, 39.07469307040841], [-76.20617667353358, 39.074863468438366], [-76.20603719661099, 39.07498532691739], [-76.20587662185562, 39.07508553709946], [-76.2057651651834, 39.07521256277644], [-76.20566074591308, 39.075344976167905], [-76.20553524857294, 39.07546120947075], [-76.20542386825748, 39.075604638837405], [-76.20533337916231, 39.075725972308426], [-76.20525001909719, 39.075874558906655], [-76.20522966776443, 39.07602247711024], [-76.20513237842252, 39.076182193804414], [-76.20502785494764, 39.076298187228076], [-76.2049935689482, 39.07645719895745], [-76.20489608557018, 39.07657860767268], [-76.2046872200801, 39.07684342559361], [-76.20453434029349, 39.07710218524577], [-76.20470347329854, 39.07735202264565], [-76.20501279199696, 39.077644079856], [-76.20504173302047, 39.077857106950304], [-76.2047840207385, 39.078155293174085], [-76.20466570812398, 39.07832068006423], [-76.20472270982204, 39.078544352202236], [-76.20480131600267, 39.078904564896774], [-76.20482333460859, 39.07913408238514], [-76.20483146885348, 39.07939110702774], [-76.20484660546603, 39.07964805263242], [-76.20499428849874, 39.0797941651982], [-76.20507886128946, 39.07992454702953], [-76.20517790324449, 39.08015323346849], [-76.20532604621462, 39.080408760721724], [-76.20540419245783, 39.080665010873396], [-76.20547547557226, 39.08094870602343], [-76.2053295469493, 39.0812019180819], [-76.20537966306068, 39.08145302891066], [-76.20540870828876, 39.08168247116634], [-76.20549407878346, 39.081987889088744], [-76.20532699393725, 39.082203039626535], [-76.20527879213574, 39.08238955802901], [-76.20525926365977, 39.08272346269247], [-76.20528796123985, 39.08288180517337], [-76.20534541479049, 39.0832094108851], [-76.2055496395838, 39.08347525335173], [-76.20582961661007, 39.08345583012114], [-76.20631988924437, 39.083488831828895], [-76.20658638076162, 39.083584421500674], [-76.20686016929392, 39.083745586094054], [-76.2067422905657, 39.084003976667574], [-76.20675050925223, 39.0842773907993], [-76.20688449118023, 39.08449476079401], [-76.20724971742867, 39.084747919682286], [-76.20735589919356, 39.08500936347114], [-76.20688671271392, 39.08499255617044], [-76.20657043836027, 39.08472792014715], [-76.20617770479952, 39.08457897286936], [-76.2059043142209, 39.08451081444552], [-76.20563809489317, 39.08448086524457], [-76.20538605457392, 39.08448357629936], [-76.2052182870081, 39.084545553996605], [-76.20491753374593, 39.08461991823614], [-76.20458882311547, 39.08470006080333], [-76.20433804043759, 39.08499269702155], [-76.20424085440196, 39.085185204663574], [-76.20408817943122, 39.085498654703905], [-76.20392804574865, 39.085702784552026], [-76.2043356077998, 39.08603209593958], [-76.20440669687814, 39.08627749915472], [-76.20447094798051, 39.086555797198926], [-76.20454892623874, 39.08677378213322], [-76.20465516010594, 39.08704616822331], [-76.20489495908284, 39.08743743455025], [-76.2050355103905, 39.08755081079143], [-76.20523968847142, 39.08780571021611], [-76.20544400758786, 39.0880879682009], [-76.20563329519462, 39.08814063930369], [-76.20591424689299, 39.08834001044722], [-76.20614641018996, 39.08858368970746], [-76.20646270789983, 39.08885378254327], [-76.20670898193328, 39.08912465386119], [-76.20677295904952, 39.089337310917244], [-76.20683671068858, 39.08950073954655], [-76.20683098842022, 39.089790746096604], [-76.20689411752682, 39.08981740000216], [-76.2067616627348, 39.089950124142014], [-76.20677633761329, 39.090103124941805], [-76.20686099664229, 39.09023897771609], [-76.20690373489023, 39.09040262946112], [-76.20696047877179, 39.090571604856365], [-76.20701010889462, 39.09070782346922], [-76.20701776164252, 39.090855448417024], [-76.20713744149288, 39.09099638319788], [-76.20722906875353, 39.09113215895157], [-76.20732068523444, 39.09126246405011], [-76.20737733838612, 39.09140955376692], [-76.20749685743806, 39.0915122059846], [-76.20757452487919, 39.09165904766864], [-76.20765235311879, 39.09183874949662], [-76.20770220961705, 39.09202419450932], [-76.20782890441147, 39.09217054289578], [-76.20796947638038, 39.09228389618988], [-76.20807515778367, 39.09243044762246], [-76.20820883248784, 39.092571235631105], [-76.2083495185428, 39.09271194596871], [-76.20849695364049, 39.09280335315558], [-76.20860949817255, 39.092911548211546], [-76.20881300970353, 39.09300781952858], [-76.20898850637406, 39.09310438702523], [-76.20915681292908, 39.093162742155506], [-76.20937413426093, 39.09321508736136], [-76.20950761223405, 39.0933066479774], [-76.2096901633745, 39.09341955114615], [-76.20985841872553, 39.09346149465032], [-76.21003388934493, 39.09354713573438], [-76.2102092180305, 39.093605392890574], [-76.21039139547182, 39.09363079109643], [-76.21051093787995, 39.09373888797264], [-76.210693126101, 39.093769755632884], [-76.21084757973603, 39.09385560271228], [-76.21096027338841, 39.09400207488454], [-76.21108678043493, 39.0940991764637], [-76.21116443619799, 39.09424056978884], [-76.21127709391777, 39.09437611619571], [-76.21131970819822, 39.09451241042547], [-76.2113624132085, 39.09465964325899], [-76.21142605974471, 39.09480119023559], [-76.2115037074229, 39.09493710855853], [-76.21167919960187, 39.09502820191728], [-76.21186136446677, 39.09504811835569], [-76.21205051912288, 39.09506794903502], [-76.21222575977356, 39.09510433919549], [-76.21240096089836, 39.095135259941095], [-76.21258312576326, 39.09515515961692], [-76.21268827446558, 39.095175918912574], [-76.21292665140938, 39.09523897551463], [-76.21310922051615, 39.09534640272406], [-76.21327072862108, 39.09544858558688], [-76.21342542659785, 39.09558366883702], [-76.21357287696688, 39.0956750709072], [-76.21371343905435, 39.09578294713071], [-76.21386784238369, 39.09585786214286], [-76.21400138773045, 39.09596582593076], [-76.21431021325377, 39.09612110319459], [-76.21461175254183, 39.096210839024636], [-76.21480806587245, 39.09626341691458], [-76.2150881533915, 39.09625489538933], [-76.21512188602874, 39.09597554175022], [-76.2151628195613, 39.09573439647137], [-76.21513374648544, 39.09549948802726], [-76.21513249513225, 39.09522597377706], [-76.21521540603972, 39.09497891520918], [-76.21547335098535, 39.09472446211307], [-76.2156485377371, 39.09474990523302], [-76.21566365009514, 39.09499590836982], [-76.21594483445715, 39.09522808275124], [-76.21620550938295, 39.095569879351714], [-76.21610148447303, 39.095795317821405], [-76.21605358630208, 39.0960365367923], [-76.21615983005073, 39.096303418500625], [-76.21624491577951, 39.096532263779814], [-76.21622473063506, 39.096712996151204], [-76.21607222275097, 39.09705382625696], [-76.21589774746492, 39.097187003876385], [-76.2159478231521, 39.09741622345136], [-76.21623517714352, 39.09746781117336], [-76.2165643899322, 39.097480634721954], [-76.2168934509056, 39.09746064507164], [-76.217067627951, 39.09726727229348], [-76.2172143111588, 39.0971781638596], [-76.21756393367075, 39.097064945316404], [-76.21787163629996, 39.09697406582961], [-76.21820802033957, 39.09702510939019], [-76.21843226139404, 39.09705550502661], [-76.21887993322264, 39.0969411980125], [-76.21919487178145, 39.09689948943123], [-76.21950267142873, 39.09683048470235], [-76.21953876394019, 39.09705984974917], [-76.219357843242, 39.09731346688787], [-76.21916262226276, 39.09749610398704], [-76.2188136034187, 39.09774608109618], [-76.21849121243625, 39.09768941409067], [-76.21818329960126, 39.09774199506104], [-76.21798058397762, 39.09782080369903], [-76.21763159747289, 39.09807624324821], [-76.21749956219412, 39.098301961627996], [-76.21742382792746, 39.09858178359675], [-76.21738920236484, 39.098669686980195], [-76.21741087961095, 39.098811689509155], [-76.21739048336244, 39.098948663247256], [-76.21736316918789, 39.09910213112996], [-76.2173918452084, 39.09924404076522], [-76.21736445108381, 39.09938111823444], [-76.21735813592737, 39.09952888815611], [-76.21732376548627, 39.09967148919001], [-76.21722630905774, 39.099798363238584], [-76.21720595413171, 39.09994083336325], [-76.21719279201616, 39.10012696117351], [-76.21734726721074, 39.100212792147694], [-76.21746694167119, 39.10034826154381], [-76.21756556411297, 39.10047301510026], [-76.21776179659523, 39.10050370134746], [-76.2179023182585, 39.10060062945106], [-76.21808480472023, 39.10069165066021], [-76.21830930179459, 39.100776723170235], [-76.21844281120875, 39.10086826560215], [-76.21857637182687, 39.10097622938639], [-76.2187239973674, 39.10110043598398], [-76.21884356313171, 39.10120854720263], [-76.2189212332678, 39.101344461539995], [-76.21875373429825, 39.101472101501024], [-76.218761395131, 39.10161425244877], [-76.21879702860336, 39.10175061285598], [-76.21886082156496, 39.101914039905154], [-76.21888946075454, 39.10205049384295], [-76.21898110867645, 39.102180796890764], [-76.21900289372041, 39.10234466351693], [-76.21914339112915, 39.102441586301005], [-76.21930479233458, 39.102510946640976], [-76.219473177043, 39.10257476071462], [-76.21965579106552, 39.10268765043762], [-76.21981723898334, 39.10276246609535], [-76.22000651042043, 39.10280416075173], [-76.22014606639479, 39.10268776755174], [-76.22029979958091, 39.10261497412651], [-76.22048166440852, 39.10256921660742], [-76.22067067443588, 39.102550749491996], [-76.22085952635975, 39.10249399432964], [-76.2210272022974, 39.102404636661966], [-76.22123000685426, 39.1023422466325], [-76.22139781574259, 39.10228571786364], [-76.22150926702494, 39.102153196795996], [-76.22156468409483, 39.10202131961295], [-76.22164804595657, 39.10187270373697], [-76.22180153390264, 39.10175068744753], [-76.22192124699066, 39.101886129489515], [-76.221963966374, 39.102038831123544], [-76.22208361837657, 39.102163334910465], [-76.2222171197059, 39.10226034856838], [-76.2223991093993, 39.102236476661076], [-76.22259501130152, 39.102196062961994], [-76.22281899004794, 39.10216625581369], [-76.22304309006692, 39.10216380755305], [-76.22323919858165, 39.10216165417113], [-76.22340745842426, 39.10220357156178], [-76.22361081544503, 39.102256064117896], [-76.22384224392009, 39.102324648058385], [-76.22396180698946, 39.102427283689444], [-76.2240534019108, 39.10254663027403], [-76.2241519731486, 39.10266042907097], [-76.22439778365136, 39.10280543297133], [-76.22458003116127, 39.10283627923482], [-76.22474842575116, 39.10290006722105], [-76.2249237292839, 39.102947383949754], [-76.22514100659832, 39.10298330019491], [-76.22540736157163, 39.10302960327795], [-76.2256036659191, 39.10307122736884], [-76.22584949438817, 39.103221714529695], [-76.22561885643054, 39.1033226988155], [-76.22547219837558, 39.103411835035686], [-76.22529738981454, 39.10347392018295], [-76.22513659766689, 39.10353584633688], [-76.22488464089096, 39.10357143464568], [-76.22470255148454, 39.10357344159377], [-76.22452732790184, 39.10354251688058], [-76.22434513698582, 39.10352263560522], [-76.22414867183993, 39.103448204159406], [-76.22396623927708, 39.103379078270365], [-76.22379767310896, 39.10327698427905], [-76.2236571460558, 39.103180047307276], [-76.22350969119518, 39.103099626682116], [-76.2233272981582, 39.10303049417738], [-76.22306091623543, 39.10298416809044], [-76.2228225554613, 39.10292659696663], [-76.22264030615477, 39.10289576886735], [-76.22248652715454, 39.10296309530507], [-76.22233285415552, 39.10304683290799], [-76.22212984208784, 39.10307092552279], [-76.22191978363506, 39.103078696140486], [-76.22173787748497, 39.10311898246077], [-76.22149991646116, 39.10315438555056], [-76.22129008438384, 39.10321685363389], [-76.22112223057972, 39.103267933803885], [-76.2210107577378, 39.1033949582279], [-76.22082890997821, 39.10344618117443], [-76.22075952410567, 39.10358917441962], [-76.22059182391348, 39.10367306533747], [-76.22041696953839, 39.103724193276705], [-76.22029152609714, 39.103856861266756], [-76.22015189915591, 39.10395137002206], [-76.21999829442885, 39.10405699242488], [-76.21985184029145, 39.10419535782594], [-76.21971231665647, 39.104311750628014], [-76.21952349797026, 39.10437397370383], [-76.21937681835573, 39.1044576385276], [-76.21920197296377, 39.104514235263785], [-76.21937042594418, 39.10458899461002], [-76.2195318280479, 39.10465835214009], [-76.21962352088558, 39.10479959184419], [-76.21977802931781, 39.104890894831414], [-76.21992554077231, 39.10498228832141], [-76.22009386798855, 39.10503515941662], [-76.22021344273602, 39.10514326320697], [-76.22017904804044, 39.10528039473163], [-76.22017269784969, 39.10542269344917], [-76.22016650576244, 39.1055978068807], [-76.22013216047418, 39.105740425613135], [-76.22007672903125, 39.105872304900664], [-76.21995121731808, 39.105994028952495], [-76.21979048535755, 39.10607237038838], [-76.21964388748971, 39.106172445789305], [-76.21949009501475, 39.10623976630924], [-76.21928020095366, 39.106285815610214], [-76.21910535556171, 39.106342418546355], [-76.2189164182979, 39.1063772979109], [-76.21869247728071, 39.10642349629516], [-76.21852463784967, 39.10647456577676], [-76.21835687477541, 39.10654750578348], [-76.21818914763377, 39.10662591631108], [-76.21804946859022, 39.10671497376808], [-76.21803613759143, 39.1068628217243], [-76.21801577637719, 39.10700527617811], [-76.21789782308879, 39.10724725981218], [-76.21781494631732, 39.10749979262221], [-76.21773863623056, 39.10765927144717], [-76.21809584860837, 39.107660851679015], [-76.21839758283082, 39.10778338192578], [-76.21879052030914, 39.10793773535465], [-76.21906488106826, 39.1081973331144], [-76.21926788235616, 39.10817323040176], [-76.21947071116755, 39.108105388240794], [-76.21967356513176, 39.108053936560715], [-76.21987644963866, 39.10800249041956], [-76.2200512770643, 39.107940421110825], [-76.22039438319719, 39.10792027340634], [-76.2205974437739, 39.10790710671381], [-76.22077960235058, 39.10791604854964], [-76.22092029020217, 39.108051290540985], [-76.22111686224758, 39.10814761925654], [-76.22119452968874, 39.10827803789759], [-76.2213629754826, 39.108358267199094], [-76.22151056059896, 39.10846060058694], [-76.22173512414862, 39.10855660810018], [-76.22184074985638, 39.108675808382955], [-76.22203710271285, 39.1087283511863], [-76.22220549820106, 39.10879218402814], [-76.22239495648776, 39.108866691385636], [-76.22255637835441, 39.1089360454036], [-76.22271776518679, 39.108994462014756], [-76.22279549820495, 39.10914676627054], [-76.22272616084143, 39.10929523367582], [-76.22274789737635, 39.109448161830294], [-76.22288153165634, 39.109567057392944], [-76.22303974833407, 39.10966710413273], [-76.22321829927658, 39.10968920792504], [-76.22340056205783, 39.10972003165917], [-76.22358292275545, 39.10977275142866], [-76.22380022252774, 39.109808654437586], [-76.22394077114045, 39.109905589961066], [-76.22406037104075, 39.11001914685617], [-76.2242079211228, 39.11011600541636], [-76.22422262834063, 39.11026901055457], [-76.22423737867759, 39.11042749890551], [-76.22423117491225, 39.11059713867675], [-76.22414775555833, 39.11073481233408], [-76.22411340128693, 39.11087196016425], [-76.22409317212504, 39.11104175221115], [-76.22405894541438, 39.11121173343938], [-76.22412267639223, 39.111358716716836], [-76.22408133682119, 39.11150688322868], [-76.22403997030065, 39.11164955831243], [-76.22403368478861, 39.11180280338041], [-76.22405541593365, 39.11195572888176], [-76.22420316005179, 39.11209634477237], [-76.224357736756, 39.1121931307764], [-76.22458213860892, 39.11225084837168], [-76.22476426574457, 39.11225431322415], [-76.22494645666059, 39.11226874627423], [-76.22513571462298, 39.11229402484082], [-76.2253181992881, 39.112374092046046], [-76.22538867391877, 39.11246630736718], [-76.22555017034561, 39.112546600905034], [-76.22564179221636, 39.1126713976953], [-76.22565653177357, 39.11282441749885], [-76.22574827401858, 39.112965649900524], [-76.2258887813088, 39.11305709495381], [-76.22600151718201, 39.11319810036293], [-76.22612809070385, 39.11330065603732], [-76.22625462739478, 39.113397744280086], [-76.22642303905266, 39.11346152967865], [-76.22638170127823, 39.11360422032105], [-76.22623506568114, 39.11370428502763], [-76.2262567213677, 39.113840819994124], [-76.22635558276136, 39.11400931544586], [-76.2263842551886, 39.11415122155739], [-76.22644091912008, 39.114281903007004], [-76.22642057317722, 39.11442435779905], [-76.22636521359951, 39.11456718240495], [-76.22629577472638, 39.11469923196953], [-76.22626141596339, 39.114836386721194], [-76.22612175398785, 39.11493090096728], [-76.22629717070832, 39.11499463061318], [-76.22646560751905, 39.115063904720266], [-76.22652938970084, 39.1152163631355], [-76.22652316257928, 39.11538602065228], [-76.22648185175431, 39.11553416615096], [-76.22640545093772, 39.11567176952618], [-76.22633600218312, 39.11580381632382], [-76.22630166408138, 39.11594644019235], [-76.22620424538206, 39.11608426230966], [-76.22630294238401, 39.116219927023096], [-76.22646436245404, 39.11628381023121], [-76.22663976480149, 39.11634206602384], [-76.22671047029918, 39.11647804736284], [-76.22679514639619, 39.116613884166675], [-76.22692180795292, 39.11673283803386], [-76.2270695305115, 39.116862521516936], [-76.22709119518122, 39.11699903363683], [-76.22725268621816, 39.11708479597616], [-76.22737229240667, 39.11719290010271], [-76.22751984069208, 39.117284264398236], [-76.22763994185229, 39.11750178146354], [-76.22742312447532, 39.11756978881931], [-76.22707203681115, 39.11739312511982], [-76.22688252372724, 39.11731860517091], [-76.2267002977769, 39.117298726387446], [-76.22651802152092, 39.11726243410695], [-76.22634271888649, 39.11722606653562], [-76.22615328665094, 39.11716795713947], [-76.22603371459843, 39.11705985367164], [-76.22587220559518, 39.11697957712484], [-76.22571083133921, 39.1169211713144], [-76.2257095242905, 39.116922089916926], [-76.22557818969763, 39.117015614461444], [-76.22543147774373, 39.117104759152795], [-76.2252500378193, 39.11724894855649], [-76.22506127303201, 39.11732761620588], [-76.22490052220685, 39.117405958983014], [-76.2247258986988, 39.117511814220144], [-76.22460033757825, 39.11762259959385], [-76.22442532509966, 39.11765186842558], [-76.2242432383882, 39.11765932450081], [-76.22402631590833, 39.117710925287135], [-76.22383050832923, 39.11777872126257], [-76.22366989674295, 39.11788987490709], [-76.22345303175526, 39.11795242471675], [-76.22333483592175, 39.11814518946156], [-76.22327944759796, 39.11828253962224], [-76.22320313840953, 39.118442020531084], [-76.22316874551055, 39.118579153361495], [-76.2232744709313, 39.11871476587865], [-76.22339422174855, 39.11886115016098], [-76.22345092610423, 39.11899728832996], [-76.22354967790342, 39.11914392362245], [-76.22345226189906, 39.1192872139775], [-76.22327747220267, 39.11936023411401], [-76.22310264298036, 39.119422333787476], [-76.22298419202532, 39.11956037700548], [-76.22283794989033, 39.119747965366585], [-76.22283880688312, 39.11992847583078], [-76.22283260940597, 39.12010360618741], [-76.22265103563254, 39.120225948930006], [-76.22249029019727, 39.120309743382975], [-76.22233674206407, 39.120426294957134], [-76.22219028163848, 39.12057012700711], [-76.2220226820576, 39.12068137242414], [-76.2218760994611, 39.120797852296754], [-76.22172234920697, 39.12087611873472], [-76.22156866991975, 39.12097079911097], [-76.22141518826187, 39.12110923654249], [-76.22137387474196, 39.12126285480022], [-76.22134650307525, 39.12139990687241], [-76.22126306665334, 39.121537576847246], [-76.2212148864114, 39.12172410062618], [-76.22127853654085, 39.121854689975855], [-76.22130027307578, 39.122007634780346], [-76.22134312810472, 39.12218220661805], [-76.22142787966021, 39.12232898442109], [-76.22135163155721, 39.12251033571679], [-76.2212260946912, 39.12262658676643], [-76.22119878051667, 39.12278005536451], [-76.22117143220615, 39.122922603783465], [-76.22110195021386, 39.12304917673082], [-76.22106059177818, 39.12319732005494], [-76.22108928756164, 39.123339227872094], [-76.22116017811229, 39.123518990418745], [-76.22122387675077, 39.12366052892761], [-76.22125255187295, 39.12379696376109], [-76.22139335111564, 39.12394860324118], [-76.2214011835266, 39.12412358283115], [-76.2212686712424, 39.124256306501856], [-76.22131836065404, 39.12439798708926], [-76.22142415165177, 39.12454454354228], [-76.22154430581261, 39.12477299259645], [-76.2215381343866, 39.124953575902225], [-76.22160882910451, 39.1250895608303], [-76.22182371420531, 39.125289443535536], [-76.22192358530533, 39.1254102956989], [-76.22194714721692, 39.12558604937749], [-76.22203411581454, 39.12575574603719], [-76.22211349185135, 39.125881513180666], [-76.22219283195555, 39.1260073030965], [-76.22233548262605, 39.12611604162683], [-76.222548584571, 39.126213163082745], [-76.2227468355677, 39.12625544457163], [-76.22293817672322, 39.126308784731634], [-76.22317185188481, 39.126361756901964], [-76.22334187512031, 39.12640427663228], [-76.22361798220436, 39.12646237144152], [-76.22384446725043, 39.12650441514742], [-76.22404235083617, 39.126519193017664], [-76.22426117594779, 39.12651731285685], [-76.22443852584277, 39.12658176652495], [-76.22455325417926, 39.126712752447915], [-76.22465401550974, 39.12685483227833], [-76.22485299414181, 39.12695207118305], [-76.22505145983584, 39.12701084568289], [-76.22527855753292, 39.12709686412827], [-76.22542782609212, 39.127172554921415], [-76.22557741894312, 39.12727023729026], [-76.2256640569607, 39.12741242400993], [-76.22575076594518, 39.127560145615604], [-76.22585116166132, 39.12767474583105], [-76.22599388240042, 39.12778897582761], [-76.22620671934236, 39.12786411744913], [-76.22637018397798, 39.12794516973984], [-76.22655551181099, 39.128075530834266], [-76.22671972923482, 39.12821156478671], [-76.22684226033789, 39.12839743954456], [-76.22697089100174, 39.12851180077098], [-76.22710659769507, 39.12862608724866], [-76.2273128679523, 39.12873976449386], [-76.22745567313302, 39.12885951041294], [-76.22758446729024, 39.12898485042156], [-76.22760757195935, 39.1291276078811], [-76.22760281627824, 39.129298083442634], [-76.22759100792382, 39.129468638728454], [-76.2276003863354, 39.12963900406046], [-76.22759555429748, 39.12980400749706], [-76.22757666721863, 39.12997459291536], [-76.22754353914759, 39.13013434351084], [-76.22750349943874, 39.13030513230163], [-76.22744881629244, 39.13043756559116], [-76.22735889133925, 39.130575803938605], [-76.22721174909235, 39.13065955541961], [-76.22706462840499, 39.13074330331687], [-76.2268611626881, 39.130838530681615], [-76.22661460478702, 39.13087914327595], [-76.22643180121996, 39.13093569858453], [-76.22626305179553, 39.13098665762349], [-76.22608038926396, 39.131054199720744], [-76.22584823944172, 39.13111669324496], [-76.22568661635242, 39.131173067884866], [-76.2254682862125, 39.13121343848779], [-76.22524996056417, 39.13125380976442], [-76.22505952041888, 39.131266439720115], [-76.22485515279342, 39.13129569521817], [-76.22468637911449, 39.13134665190618], [-76.22452499048549, 39.13141952226814], [-76.22439241801418, 39.13153611399372], [-76.22428177252061, 39.13170752582682], [-76.22422030529731, 39.131861999660835], [-76.2240878684716, 39.13198961361741], [-76.22387045371495, 39.13209594934595], [-76.2239178569142, 39.131947080535305], [-76.2240007184143, 39.131808919439294], [-76.22409770412564, 39.131670628463496], [-76.2242365854652, 39.13149898240807], [-76.22435504630171, 39.13138249932562], [-76.22448078439035, 39.13128243951894], [-76.22465644185932, 39.13122044715938], [-76.22486073222964, 39.131185697855045], [-76.22505794926546, 39.13115100149236], [-76.22524113281987, 39.13112192710905], [-76.22544546810597, 39.13109266875151], [-76.22567077456239, 39.13104674785052], [-76.22584659552474, 39.13099573938025], [-76.22604336879279, 39.1309280697073], [-76.22623294296214, 39.13084944929929], [-76.22637300917955, 39.130765776785886], [-76.22658332724544, 39.13065399888834], [-76.22677964596595, 39.13055332622801], [-76.22693367290118, 39.13045852424266], [-76.22709441204823, 39.13033617627581], [-76.2271771226314, 39.13018699295639], [-76.22718872167836, 39.129999960596315], [-76.22714396850921, 39.129824396322476], [-76.22706402833037, 39.129654647446394], [-76.22701235813356, 39.12949013981188], [-76.22690411832835, 39.129315122683664], [-76.22677546340998, 39.129200783666995], [-76.22666089317697, 39.12908080627822], [-76.22653232809012, 39.128971957345094], [-76.22638303527644, 39.12889626569829], [-76.22623353495192, 39.12880407675835], [-76.22606976309245, 39.12870103634319], [-76.22592748162954, 39.12861980165051], [-76.22577780613355, 39.12851660487083], [-76.2255927118625, 39.128402741902434], [-76.22540061702047, 39.12829444104264], [-76.22523024523863, 39.128224424553395], [-76.22502448881775, 39.12814922617407], [-76.22485439192039, 39.12810120442237], [-76.22466960666982, 39.12800932314953], [-76.2244920834, 39.12793388760883], [-76.22430706368912, 39.1278255142516], [-76.2241921754525, 39.127683557633], [-76.22411216790005, 39.12750830465717], [-76.2239905979943, 39.12739388744602], [-76.22377704868833, 39.127263759236456], [-76.22359248172839, 39.12718837585899], [-76.22333708081165, 39.12709710106283], [-76.22315993663088, 39.12704914200865], [-76.22298302870705, 39.127017686130856], [-76.22279375996487, 39.127118268374495], [-76.22263265340688, 39.12721314942063], [-76.22240065180665, 39.12728661778807], [-76.22220160400433, 39.12718385947402], [-76.22205916443792, 39.12709160905902], [-76.22193776161885, 39.12698817449907], [-76.22182995120833, 39.12684614720279], [-76.22176433736168, 39.126692770390854], [-76.22164256264007, 39.12656185202728], [-76.22156938497871, 39.12637004203176], [-76.22144063483893, 39.12624469179484], [-76.2214031122095, 39.12608007027031], [-76.22137965090923, 39.125909813405116], [-76.22130698977917, 39.12575649100148], [-76.22122755445353, 39.12562520433834], [-76.22112004318201, 39.12550516510815], [-76.22090708317087, 39.12541902973329], [-76.22071644809117, 39.125415182242484], [-76.22052546356682, 39.12538931603244], [-76.22034133857798, 39.12534692321913], [-76.22014309117456, 39.12530463770045], [-76.21989552805866, 39.12526826173655], [-76.21974583279973, 39.125159592979784], [-76.21973408463244, 39.125145539585326], [-76.21975779925761, 39.12501133043338], [-76.22004521972435, 39.124805748477826], [-76.2202341057842, 39.124748999389745], [-76.22040883349686, 39.124659543104116], [-76.22053446199101, 39.12455425681652], [-76.22049859136341, 39.12437412546765], [-76.22043482445295, 39.124216173036636], [-76.22039213112078, 39.12407441403119], [-76.2203004328932, 39.123938650847506], [-76.22024371326616, 39.12379702020988], [-76.22020796840269, 39.123638794693626], [-76.22015129548805, 39.12350263343632], [-76.22010148031228, 39.12333907943167], [-76.21993303182346, 39.12326979812874], [-76.21992536739747, 39.12312764346712], [-76.22000868614005, 39.12296808744539], [-76.22008498724367, 39.122803155804746], [-76.22011232387608, 39.122655158002864], [-76.22019570999232, 39.12250654521386], [-76.22025795156341, 39.12233081660669], [-76.22032019493115, 39.12215507222898], [-76.22027742434383, 39.121996898081136], [-76.22027673982758, 39.12184922125851], [-76.22024795151766, 39.12168542297777], [-76.22028928839379, 39.1215317882184], [-76.22032354654546, 39.121367302033505], [-76.22031569976144, 39.12118686564527], [-76.22025193554595, 39.12102891721843], [-76.22018828272157, 39.12089832215649], [-76.22006858131162, 39.12076834920996], [-76.21984401237206, 39.12068326528546], [-76.2196195135011, 39.120609127946686], [-76.21942999772224, 39.12053461279315], [-76.21966085936036, 39.120466449398684], [-76.21990604104242, 39.12046376202911], [-76.22009505645968, 39.1204343514944], [-76.22027675599726, 39.1203393769883], [-76.22036724599079, 39.120218042906735], [-76.22045765333928, 39.12006935946458], [-76.22064621600563, 39.11994694745327], [-76.22078587348959, 39.11984696269956], [-76.22096766555363, 39.119773868495], [-76.22112848465075, 39.1197064772704], [-76.22133137005598, 39.11965502081826], [-76.22150608788716, 39.11956558663842], [-76.22165976717439, 39.11947090507064], [-76.22181343658016, 39.11937624637474], [-76.22191789807128, 39.11923833242758], [-76.22192414585409, 39.11907961299199], [-76.22194443789802, 39.11892075171859], [-76.22201380310935, 39.11877777354816], [-76.22205502140781, 39.118602269815185], [-76.22213141054633, 39.11845920457641], [-76.22222896668788, 39.11834324843058], [-76.22235446223137, 39.11821607322321], [-76.22243061151968, 39.11802377981468], [-76.22253502540012, 39.11788039349774], [-76.22258335476239, 39.11772669886571], [-76.2225967261854, 39.11758979994873], [-76.22240010832591, 39.117488002538146], [-76.22215492125393, 39.117485206328965], [-76.2219655411207, 39.1174325648132], [-76.22212627487785, 39.117348769726085], [-76.22230803460255, 39.117275654111715], [-76.22249718386877, 39.11727360225117], [-76.22272125065008, 39.11725473474937], [-76.22291034961064, 39.11724720405619], [-76.22307818005856, 39.11718520143451], [-76.22328806513649, 39.11712820087588], [-76.2234836319671, 39.11700571196687], [-76.22361602028377, 39.11685655129237], [-76.22376973101204, 39.11676736028712], [-76.2238740586542, 39.11660757519356], [-76.22391542517472, 39.11646488366309], [-76.22395656711642, 39.116278430991], [-76.22395575863266, 39.11610339846032], [-76.22401800289869, 39.11593313699791], [-76.22404517064783, 39.11575231032389], [-76.22413567411607, 39.115630975312506], [-76.22414896199575, 39.11547765493156], [-76.22417624293263, 39.11532418715365], [-76.2241614180355, 39.11514382868447], [-76.22408367783079, 39.115002447311376], [-76.22399902509, 39.11487210244887], [-76.22394926830474, 39.1147194537079], [-76.22395540020486, 39.114533401368746], [-76.22390552933355, 39.114353410978495], [-76.22393989528305, 39.11421080967433], [-76.22389018431186, 39.11406365739964], [-76.22388941176072, 39.11389954340043], [-76.2237280105553, 39.11384113573398], [-76.22349638265423, 39.11373973577272], [-76.22323699231931, 39.11369333587237], [-76.2230547843353, 39.11367345049015], [-76.2228513491611, 39.113610017268265], [-76.22266923280525, 39.11361201835454], [-76.22250090918224, 39.1135646056288], [-76.2223963821141, 39.11368063585372], [-76.22220031222693, 39.11369372897972], [-76.22197607296908, 39.11367429176805], [-76.22179400063065, 39.113687214130486], [-76.22161176569718, 39.113661855211724], [-76.22142963406996, 39.113658364639456], [-76.22114959326328, 39.11369426148693], [-76.22107893357966, 39.11355827129066], [-76.22091052641335, 39.11349445879662], [-76.22077003349618, 39.11340846068275], [-76.22081842663884, 39.11327116653915], [-76.22104247365723, 39.113252320966716], [-76.22123133276763, 39.11319555002592], [-76.22122351203477, 39.11301511501386], [-76.22122281853535, 39.11286741797083], [-76.22108899830411, 39.11271023572507], [-76.22113025792511, 39.11254020374448], [-76.2211575397603, 39.11238673514516], [-76.22110789975599, 39.112250517987434], [-76.22097436608733, 39.112158979184606], [-76.2207707512501, 39.11205178321302], [-76.2206371106819, 39.11193290160033], [-76.22046127175324, 39.11177618148417], [-76.22036264571821, 39.11165690768186], [-76.22025002303272, 39.11153778423412], [-76.22013030724975, 39.111396862630535], [-76.22005952180199, 39.11123898496082], [-76.21993972696727, 39.11108165270775], [-76.21976434438278, 39.11102338489893], [-76.21954737968211, 39.11105856584993], [-76.21937246242493, 39.11110424257957], [-76.21921101899868, 39.111029410682704], [-76.21902919100204, 39.1110915804307], [-76.21886852731348, 39.111186310897644], [-76.21866571557008, 39.11125417030668], [-76.2184909501282, 39.11133265924089], [-76.21835139505218, 39.11144358118763], [-76.21821882078423, 39.11155990625928], [-76.2180721411697, 39.11164903415404], [-76.21793250524529, 39.11174354640199], [-76.21777911252065, 39.111898392312916], [-76.21760442613049, 39.11199328897911], [-76.21746495819104, 39.112126102415665], [-76.21738144451403, 39.11224735424444], [-76.21726301691518, 39.11238541291367], [-76.21712358580668, 39.112529144977614], [-76.21695583261389, 39.11261303083152], [-76.21675986333803, 39.11264251014993], [-76.21658509879444, 39.11272101008399], [-76.21656331554713, 39.112557120880204], [-76.21675904946439, 39.11246747276966], [-76.21691243769746, 39.11231264483748], [-76.2169607401103, 39.11215346301477], [-76.21701613831554, 39.11201064466898], [-76.21703643305445, 39.11185724949726], [-76.21704275090585, 39.11170947684052], [-76.21701410003817, 39.11156754559839], [-76.2169641034027, 39.111360220890354], [-76.21691441309275, 39.11121306545119], [-76.21682973789409, 39.11107721963015], [-76.21677309731878, 39.110946549663225], [-76.21670938161232, 39.110799543221255], [-76.21653383014456, 39.11070298741384], [-76.21635883922552, 39.11072677420453], [-76.21619806145092, 39.11079963662292], [-76.21601641850721, 39.110900079615135], [-76.21589798102688, 39.1110435909635], [-76.21575832084798, 39.11113264702069], [-76.21565270861497, 39.11101343974076], [-76.21558201210043, 39.110871976195895], [-76.21549033902568, 39.110736207087456], [-76.21534283026614, 39.110644801541355], [-76.21534974998876, 39.11062833492443], [-76.21520917712154, 39.110520441685345], [-76.21499885995395, 39.11047895652017], [-76.21482354653972, 39.11043162602731], [-76.21462005567, 39.1103517838476], [-76.21436752307396, 39.11027247829266], [-76.21417818516153, 39.11022529612919], [-76.21402346742182, 39.110084738541374], [-76.21382018496125, 39.11005411850095], [-76.21361694202652, 39.11002897365869], [-76.21340688357374, 39.110042201293865], [-76.21321771813784, 39.11003331688469], [-76.2130143853716, 39.109986278150416], [-76.21280430535926, 39.10999403406504], [-76.21262212073142, 39.10997959009359], [-76.21239795693205, 39.109976546835846], [-76.21221581362674, 39.10996759132073], [-76.21203405120708, 39.11004614093581], [-76.21175405262125, 39.110081993619], [-76.21156515218834, 39.11013327931849], [-76.21139013521818, 39.110157055845995], [-76.21120126173474, 39.11020834149086], [-76.21108267693072, 39.110313562785734], [-76.21100627072424, 39.110456621561305], [-76.2108387268389, 39.11058425059913], [-76.21069204093617, 39.110673374848616], [-76.21046818436061, 39.11073597009791], [-76.21025124391446, 39.11078205270678], [-76.2100693701037, 39.11083326401195], [-76.20989458849213, 39.11090628454529], [-76.20970583628126, 39.11099037795346], [-76.20956614196638, 39.11107940828801], [-76.20934966325426, 39.11122398432284], [-76.20916795473356, 39.11131347230605], [-76.20897216871401, 39.11139217097776], [-76.20881839690028, 39.111464949762706], [-76.20862264591504, 39.11154913381388], [-76.20838478819749, 39.11161187326542], [-76.20818908661958, 39.11171245032159], [-76.2080072685044, 39.111774579039995], [-76.20781849832721, 39.11185322004134], [-76.20771391556353, 39.111963764083086], [-76.20763049710793, 39.112106891301345], [-76.20761021584376, 39.11227120673014], [-76.20761793416868, 39.11242977840184], [-76.20765355147138, 39.1125661408882], [-76.20777321425375, 39.11269615266388], [-76.2078788525379, 39.11282629175205], [-76.20798459502662, 39.11297286042854], [-76.20808342408091, 39.11314684337991], [-76.2081962408025, 39.11330973519534], [-76.2083297223689, 39.11340128923144], [-76.20852610307315, 39.11345935573184], [-76.20872216757044, 39.11344081201131], [-76.20875080316674, 39.11358274087468], [-76.2088844886507, 39.11371258279813], [-76.20896909827236, 39.113837487649185], [-76.20883643956277, 39.11393191053453], [-76.2086685336564, 39.113977478064406], [-76.20848654665794, 39.11401228952687], [-76.20831163568896, 39.11405793018932], [-76.20812285563032, 39.114136567248586], [-76.20812369825005, 39.11432252863248], [-76.20805425488533, 39.11446006049272], [-76.20820172950889, 39.11454597926033], [-76.20839092369087, 39.11456035817271], [-76.20857300141918, 39.11454744154635], [-76.20861567229349, 39.114689221116166], [-76.20851780263992, 39.11473403122669], [-76.20818212467613, 39.114863485594746], [-76.2080354046374, 39.11494711357275], [-76.20786010200297, 39.114905244882664], [-76.20763570464163, 39.11484749391509], [-76.20746733879781, 39.114794605088846], [-76.20737561811238, 39.11464790986442], [-76.20719357092678, 39.114666280413935], [-76.20718023902964, 39.114814127024054], [-76.20704060939346, 39.11491956865983], [-76.20689386420189, 39.11500321120801], [-76.20681039005076, 39.115135399352454], [-76.20673399103077, 39.1152784622794], [-76.20665053484596, 39.11541611633663], [-76.20663015027552, 39.11555856883573], [-76.20653973843544, 39.1157017696023], [-76.20637902264458, 39.11579650781161], [-76.20615495945651, 39.11581532343053], [-76.20599438470117, 39.115937420617044], [-76.20581232404086, 39.115950318170285], [-76.20557429654171, 39.115980237975535], [-76.20539245507032, 39.11604784116007], [-76.20529498965861, 39.1161856456547], [-76.20516236777998, 39.116296480507785], [-76.20509995013909, 39.11643391581799], [-76.2051566041891, 39.116575534076745], [-76.20505235380207, 39.116757189424774], [-76.20492686903835, 39.116895288743166], [-76.20485740950396, 39.117027323490376], [-76.20483713183305, 39.11719713276683], [-76.20476072382992, 39.117345659878154], [-76.20461409182609, 39.117451172300655], [-76.20435500602005, 39.1174703742914], [-76.20425741843746, 39.11758630748018], [-76.20419518225629, 39.11776750022955], [-76.20421681728159, 39.11790948171047], [-76.20416150261966, 39.11807420526696], [-76.2041551578188, 39.11822197990976], [-76.2041629632803, 39.118402415528095], [-76.20437355712897, 39.11850406874253], [-76.20450013963398, 39.11861759017659], [-76.20456391822252, 39.118781023419594], [-76.20448052042819, 39.118935099072615], [-76.20452317782775, 39.119076862147466], [-76.20461489581827, 39.11922356209016], [-76.20476242074749, 39.11931497741709], [-76.20486802759062, 39.11943419365291], [-76.20500152442835, 39.119525752973374], [-76.2049811623158, 39.11967367301988], [-76.20480640585707, 39.119757608911385], [-76.20458928305288, 39.119770893960236], [-76.20455425055344, 39.11976579306491], [-76.20407057963817, 39.11969989955558], [-76.20388118872512, 39.11964175665574], [-76.2037476155306, 39.11953377616045], [-76.20366297267125, 39.11940339577295], [-76.2035433691777, 39.11928434884232], [-76.20345876584425, 39.11915943552589], [-76.20346502800008, 39.118989780125276], [-76.2034713710043, 39.11884201127456], [-76.20350573875044, 39.118693941031744], [-76.20340702018893, 39.118547313166125], [-76.20338540762151, 39.118410779652706], [-76.2032796184204, 39.11824780902519], [-76.20320196984387, 39.11810641157762], [-76.2031453086073, 39.11797026402075], [-76.20292782647704, 39.11789602067736], [-76.20277338721507, 39.11782109075202], [-76.20261862725455, 39.11767504721293], [-76.20277923434925, 39.11755845275447], [-76.20291170980252, 39.11741479088752], [-76.2031147335483, 39.11739073035717], [-76.2032967340215, 39.11735594844227], [-76.2034788171397, 39.11734852369822], [-76.20366070532349, 39.11729185223843], [-76.20373013072188, 39.11714886936849], [-76.20375753472796, 39.117011821572035], [-76.20371473988614, 39.116831755270354], [-76.20353930969092, 39.11676801404359], [-76.20337085940548, 39.11668776155822], [-76.20314629495749, 39.11660264412994], [-76.20297086476229, 39.116527955375034], [-76.20292822892229, 39.11639164376746], [-76.20269676720953, 39.11632303518088], [-76.20278014344433, 39.11616896287645], [-76.20275850662239, 39.116026959069856], [-76.20279293725059, 39.11588983730257], [-76.20302393633096, 39.11584905088192], [-76.20320623684147, 39.115890849313445], [-76.20339567356858, 39.11595993644673], [-76.20359885272292, 39.115968691865085], [-76.20383014555237, 39.115999015211735], [-76.20399189260915, 39.116144979284876], [-76.20406255588604, 39.11628097912559], [-76.20416836035852, 39.11644941716655], [-76.20434308627456, 39.116360007493505], [-76.20448279765743, 39.11627099080005], [-76.20444714082886, 39.116129130775875], [-76.20448853519714, 39.11598099210394], [-76.20457894074903, 39.11583231435666], [-76.20452229658048, 39.11569617286025], [-76.20440273081616, 39.115588048315864], [-76.20435296774268, 39.1154189941748], [-76.2045064646719, 39.11528605033559], [-76.20468172328889, 39.115311511823315], [-76.20486379742394, 39.115304086166894], [-76.20496839725561, 39.11519354527408], [-76.20497473846319, 39.11504579355307], [-76.20498104553482, 39.11488708070371], [-76.20512061049232, 39.1147706976982], [-76.2053164405293, 39.1146974623145], [-76.20555467553928, 39.11471131148452], [-76.20573674518276, 39.11470386624913], [-76.20585498144044, 39.11451114157583], [-76.20596649829982, 39.11438410930502], [-76.20604991675542, 39.11424097834788], [-76.2061893945763, 39.11410273094336], [-76.20625882087305, 39.11395974508693], [-76.20637720535275, 39.11379982816705], [-76.20639059923364, 39.11366293068157], [-76.20645989796962, 39.11349806020015], [-76.20664901669312, 39.11349602913962], [-76.20679571427397, 39.11340690776283], [-76.20677407924866, 39.11326492557312], [-76.2068434767993, 39.11311646931854], [-76.20684266741723, 39.11293594070522], [-76.20675102937678, 39.112805654053844], [-76.2066175424205, 39.112714097152924], [-76.20642137461698, 39.112705255598115], [-76.20624633249398, 39.11272357298438], [-76.20607137121935, 39.11275826936292], [-76.20603008644552, 39.11292282443718], [-76.20598879718011, 39.11309285200961], [-76.2058281128303, 39.11318760836355], [-76.20558316740514, 39.113239471709925], [-76.2053238336641, 39.113198503928174], [-76.20516941326674, 39.11312905303912], [-76.20502885746751, 39.11302114480939], [-76.20488118251961, 39.11289144937739], [-76.20473364321735, 39.11278911196802], [-76.20470498606149, 39.112647182900226], [-76.20457842511604, 39.11253913313659], [-76.20442382595397, 39.11242592114055], [-76.20423439821, 39.112356836118444], [-76.20405223873502, 39.1123423954193], [-76.20385585353917, 39.11228981558059], [-76.20363866695462, 39.11228121513897], [-76.20340041308, 39.11225641680988], [-76.20313418926072, 39.11224287105519], [-76.20290297727963, 39.112223472476074], [-76.20272114209646, 39.11229108693196], [-76.2025603086263, 39.112352985823236], [-76.20237805752313, 39.11232759784681], [-76.20253172153902, 39.11222746845419], [-76.20270667562713, 39.11218729119479], [-76.20283227986678, 39.112082000904934], [-76.20302819165046, 39.11203067759065], [-76.20325938386861, 39.11204458583406], [-76.20346258188758, 39.112053357770215], [-76.20369352167913, 39.112007096162635], [-76.20384705184601, 39.111879625136254], [-76.20405012589745, 39.1118665058836], [-76.2042602696902, 39.11186971216171], [-76.20449853254794, 39.11189449250446], [-76.20468747430333, 39.11185415543831], [-76.2048838963301, 39.11192316985752], [-76.20516454619454, 39.112029537273514], [-76.20531213400584, 39.11213736895601], [-76.20550140813789, 39.11217362344939], [-76.20557069339912, 39.11200328139609], [-76.20559094951045, 39.11182802356467], [-76.20560425535645, 39.1116692358571], [-76.20554056120952, 39.1115222141941], [-76.20546270422385, 39.11133706442153], [-76.20535012914908, 39.11122339603514], [-76.20544759725571, 39.11109106114737], [-76.20555912848812, 39.1109695055169], [-76.20564966070248, 39.11084818457498], [-76.20571189868029, 39.110672465923045], [-76.20560626848099, 39.11054231100793], [-76.20575266871947, 39.110382081033016], [-76.20571001491315, 39.11024031510259], [-76.20567428801598, 39.11008205844323], [-76.2055756880321, 39.10996277480335], [-76.2054979604038, 39.10980496292767], [-76.20532942567672, 39.109708314445605], [-76.20518186930647, 39.109605978687114], [-76.20510417850912, 39.10945911234218], [-76.20503354936824, 39.10932311048808], [-76.20483016809295, 39.10926512073947], [-76.20462718926294, 39.10930012691348], [-76.20448048449558, 39.10938376567596], [-76.2042844316764, 39.10940228606754], [-76.204074354359, 39.10941002531741], [-76.20391979741773, 39.109307755344844], [-76.20387714810298, 39.10916597191839], [-76.2037435192129, 39.10904160248249], [-76.20363781625004, 39.10889504235896], [-76.20380621802647, 39.1089643301297], [-76.20393978942438, 39.10907778119653], [-76.2041012606984, 39.10916355875306], [-76.20429081600311, 39.10925998214031], [-76.20449389993603, 39.10925233418657], [-76.20460548416904, 39.109141725248904], [-76.20475899726793, 39.109008778628834], [-76.2049339783055, 39.10898501216965], [-76.20510973908074, 39.10913083045119], [-76.20519644806522, 39.10917076967004], [-76.20519617946896, 39.109169455045716], [-76.2052571840599, 39.10921127904764], [-76.20543253430505, 39.109264096086655], [-76.20562853771688, 39.109240108750896], [-76.20578910079414, 39.109118030630114], [-76.20588067595251, 39.109237395162566], [-76.20605612052077, 39.10931207909814], [-76.20607642064957, 39.10915321113814], [-76.20610362792456, 39.108972411677094], [-76.20607499951477, 39.10883047701387], [-76.20599030365484, 39.1086891756818], [-76.20618661339219, 39.10873080967468], [-76.20631326147422, 39.10886074418321], [-76.20641883597798, 39.10897446308231], [-76.20643347851711, 39.10911654453189], [-76.20652514620195, 39.109257791334834], [-76.2065959720739, 39.1094320734271], [-76.20656872617134, 39.10960742574083], [-76.2065976231774, 39.10980405468794], [-76.2066402994416, 39.109951288349045], [-76.2064796276682, 39.11004602731909], [-76.2065574100937, 39.11021476395631], [-76.20650209094019, 39.11037401637604], [-76.20655871624413, 39.110504684616394], [-76.20657346478446, 39.11067410672883], [-76.20656713794992, 39.11082734834171], [-76.20648374015558, 39.110975952308884], [-76.20669422351146, 39.11105573662544], [-76.20687665068444, 39.11112487450282], [-76.20705831608602, 39.11101897412248], [-76.2072189106043, 39.11090783682327], [-76.20737269679105, 39.1108405326114], [-76.2075682770964, 39.110718070412], [-76.2076658017969, 39.110596677940215], [-76.20778422849745, 39.11045315801447], [-76.20795206253861, 39.11038569862733], [-76.20814087763154, 39.1103234780703], [-76.20823123647102, 39.11016387423133], [-76.20832877554457, 39.11004793580091], [-76.20841946316744, 39.109970370402365], [-76.20853090277171, 39.10982147155919], [-76.20860732694452, 39.10968388603562], [-76.20863472017078, 39.10954683208495], [-76.20874620738574, 39.1094143281532], [-76.20879457986716, 39.10926611611645], [-76.20884271968494, 39.10906865409424], [-76.20886308539073, 39.10892073130179], [-76.20873636903676, 39.108779872775855], [-76.20856786934398, 39.1086886877479], [-76.20837136826547, 39.10860328880827], [-76.20822386848907, 39.10851189652799], [-76.20816705723387, 39.108337451141296], [-76.2080055230778, 39.10824073372975], [-76.20780205466593, 39.10816634560376], [-76.20794878997603, 39.10808270400244], [-76.20813790420794, 39.10808611887197], [-76.20830628622143, 39.10814994811317], [-76.2084050011897, 39.10829657321783], [-76.20853173101841, 39.108442926864704], [-76.20867921821839, 39.108528839027464], [-76.2088470908871, 39.10847780170455], [-76.20902198478807, 39.10843213930482], [-76.20921102266321, 39.10841916021471], [-76.20941420900405, 39.10842790541714], [-76.20959623283346, 39.10840952836204], [-76.20976456094802, 39.108462411524606], [-76.2098981000066, 39.108564909962006], [-76.21008726274754, 39.10857379664746], [-76.2102973382683, 39.10856604685], [-76.21048650011095, 39.1085749509615], [-76.2107175396155, 39.10855603861057], [-76.21096250570191, 39.10851508832064], [-76.21115846958786, 39.10848014100601], [-76.21156422872025, 39.10837180254762], [-76.21182959824169, 39.10819936781291], [-76.21220724908882, 39.10806945857316], [-76.21236075320456, 39.107941951845405], [-76.21254933653216, 39.107825047821294], [-76.212800933982, 39.107701959303306], [-76.21314302142534, 39.10745754588293], [-76.21330297005494, 39.10720417853706], [-76.21355388658178, 39.10693341221759], [-76.21365786208435, 39.1066915836493], [-76.2138248076917, 39.10643813756932], [-76.21397777281828, 39.10619029504628], [-76.21412352716807, 39.10589879658262], [-76.21418561063565, 39.10569023391804], [-76.21433843652336, 39.105415056232324], [-76.21430930415872, 39.10516920237587], [-76.21416167143167, 39.10504499039947], [-76.21397894511972, 39.10490475150522], [-76.21385199430546, 39.10471464757328], [-76.21357741256077, 39.10440033628999], [-76.21340113705088, 39.10413421508735], [-76.21327392392854, 39.10388394484351], [-76.21327273635573, 39.1036213803795], [-76.21339071749189, 39.10338487048178], [-76.21343844677956, 39.10309442349993], [-76.21351446671048, 39.102874776919876], [-76.2136253574441, 39.1026164791837], [-76.21365906582682, 39.102326181006234], [-76.21354640720872, 39.10219610409161], [-76.21355919652342, 39.1019279173805], [-76.21328557417945, 39.101815997524064], [-76.21289990766505, 39.10171625334308], [-76.21262617123506, 39.10158247011723], [-76.2122543621322, 39.10143877568148], [-76.21202978241286, 39.101337283981294], [-76.211804431939, 39.10106072921436], [-76.21167730236, 39.10082687444496], [-76.21127736520899, 39.100661629554736], [-76.21088499636424, 39.100622114248246], [-76.21061167046433, 39.10057583886331], [-76.21042943193758, 39.100544986730824], [-76.21023301709732, 39.10047053331861], [-76.20995238609753, 39.10035868295295], [-76.20963648634134, 39.10019799760566], [-76.20930007265733, 39.100141452477615], [-76.20906850853666, 39.10004002513752], [-76.20866853006312, 39.09985835737238], [-76.20834597648565, 39.09977430436212], [-76.20797447999652, 39.099701733801076], [-76.20767305120124, 39.09963387372665], [-76.2073230999059, 39.09968141782301], [-76.20724786510254, 39.10008704541269], [-76.2071227378683, 39.10029627717023], [-76.20680172759646, 39.10055684628769], [-76.20668318142, 39.100673008771025], [-76.2066066988567, 39.10079965235974], [-76.2063696424364, 39.10103744457648], [-76.20635684863011, 39.10131110359255], [-76.20652610380604, 39.101571837662036], [-76.2064711583517, 39.10181862007586], [-76.20619097830615, 39.10181070501622], [-76.20605208978009, 39.10207476595654], [-76.20604572072472, 39.10222254208329], [-76.20600493900746, 39.102496490679364], [-76.20565467958997, 39.10248385974828], [-76.20549267741163, 39.10227227545654], [-76.20554068966862, 39.102047457214006], [-76.20563063618138, 39.10179485607207], [-76.20534944103956, 39.101557182131835], [-76.2051532651512, 39.101537417412594], [-76.2047260749111, 39.101542033735406], [-76.2044821320058, 39.10181270713459], [-76.20406942260809, 39.10192656218839], [-76.20386570715952, 39.10178653110511], [-76.20396250961454, 39.10150647437822], [-76.20403149933004, 39.101265041282026], [-76.20420551917024, 39.1010224612868], [-76.20412723997639, 39.100744308864094], [-76.20374895941025, 39.100715571889516], [-76.20351809867043, 39.10077823105523], [-76.2030917869827, 39.10097976032292], [-76.20274818318315, 39.100884988950064], [-76.20243953642456, 39.10076794285933], [-76.20229132069089, 39.10050696112434], [-76.20247332206239, 39.10048861616349], [-76.20280182248706, 39.100337358415636], [-76.20313744026375, 39.10020793940994], [-76.20345909642425, 39.10010053424721], [-76.20379498100057, 39.10003675000211], [-76.20413769995956, 39.09993459470243], [-76.20414380131697, 39.09973212270647], [-76.20377173439765, 39.09952825306246], [-76.20340687556016, 39.09936806846081], [-76.20328716696372, 39.09922165553774], [-76.20310475685875, 39.09914702783661], [-76.20280286722775, 39.0989752272456], [-76.20244487151903, 39.098787601015864], [-76.20215043431162, 39.098714185194105], [-76.20182162037491, 39.098794297803295], [-76.20145722147485, 39.09874352183354], [-76.20112053290636, 39.098621315384115], [-76.20083980848176, 39.0984821038578], [-76.20065720434071, 39.098358240525506], [-76.20047482837172, 39.09829456624832], [-76.20034120756648, 39.09816469522373], [-76.20023565911384, 39.09805096376528], [-76.20031214257546, 39.097924311753324], [-76.20042355163697, 39.09777541813843], [-76.20052810565458, 39.09766489925078], [-76.2006957249984, 39.09755915572563], [-76.200828249859, 39.09743738085673], [-76.20101670293089, 39.097287658683285], [-76.20117738907732, 39.09720387031855], [-76.20130987800532, 39.09707115495025], [-76.20139337012279, 39.096944441222114], [-76.20155386582638, 39.096816902519095], [-76.20163025765983, 39.096668376761535], [-76.20169960041324, 39.09650897834352], [-76.2015585217945, 39.09627525836803], [-76.2014320102564, 39.09617269465283], [-76.20124986605276, 39.0961582492435], [-76.20106766525527, 39.096127365896685], [-76.20092721276228, 39.096041368901915], [-76.20078671355691, 39.095938929640724], [-76.200709066777, 39.095797525777485], [-76.20068038985818, 39.09564466840111], [-76.20049797166838, 39.09556458010039], [-76.2003085717722, 39.09549001615481], [-76.20016113038628, 39.09540406857969], [-76.20002068058827, 39.09531259225712], [-76.19985909432991, 39.095193981502746], [-76.19980248609396, 39.09505781478056], [-76.19975950350424, 39.0948339872401], [-76.19966783851433, 39.094692751971884], [-76.19957629210205, 39.09457339209219], [-76.19947754659107, 39.094410320326624], [-76.19940695697602, 39.094279788182675], [-76.19925939341925, 39.094161029280734], [-76.19911868580472, 39.094014833527275], [-76.19904772069391, 39.09379677336517], [-76.19901893328232, 39.09361655641725], [-76.1989553496282, 39.09348595378129], [-76.19884972841204, 39.09335581175268], [-76.19873002969705, 39.09320390564388], [-76.19865944098035, 39.09307338939406], [-76.19854680032856, 39.09293235766925], [-76.19838526617248, 39.09282468485199], [-76.19820929339484, 39.09261321659178], [-76.19801251922848, 39.09245121120633], [-76.1977807907161, 39.09230600891907], [-76.19761203859673, 39.09214369117413], [-76.19746464032997, 39.092063209155164], [-76.19731008698197, 39.0919445197278], [-76.19726047752039, 39.09180829862314], [-76.19697262586234, 39.09163631839669], [-76.1966774179004, 39.09137690367755], [-76.19650893437729, 39.09128022504895], [-76.19633320234814, 39.09112346738124], [-76.1962206515279, 39.0910043426994], [-76.19601676360278, 39.09081504632215], [-76.19570760839777, 39.09056671868539], [-76.19534296246101, 39.090450281577326], [-76.19500634126616, 39.09032805099341], [-76.19471208192519, 39.0902928966493], [-76.19440334264011, 39.090143037987765], [-76.1940529520686, 39.090081127959714], [-76.19375202273663, 39.0901226279182], [-76.19338842243886, 39.09024141174897], [-76.19306676897328, 39.09034877127083], [-76.19282940532914, 39.09052089687153], [-76.19264141578795, 39.09077452985917], [-76.19254450194184, 39.091038154534736], [-76.1925244946638, 39.09127360493938], [-76.19242004754574, 39.09141147111992], [-76.19228749843062, 39.09152776301414], [-76.19208522926967, 39.091721392071676], [-76.19209289189905, 39.09187447060294], [-76.19175050711334, 39.092047708718], [-76.19142951211286, 39.09231917782829], [-76.19126894723898, 39.09243578336424], [-76.19109404255822, 39.09247592238006], [-76.19091235739369, 39.09256538954346], [-76.19077275291033, 39.09267082890603], [-76.19067525875253, 39.09279767859975], [-76.19045846652838, 39.09287110755395], [-76.19031890516418, 39.09298200138166], [-76.19016531391182, 39.093093033778366], [-76.19001874299344, 39.093209490228034], [-76.18985811613582, 39.09331512663251], [-76.18971842900744, 39.093404155587045], [-76.18955064976352, 39.0934715845135], [-76.1893476826116, 39.093495619744175], [-76.18918703599101, 39.09359579945128], [-76.18901220137884, 39.09365235540638], [-76.18884463413733, 39.09376902706309], [-76.18866994235727, 39.09385841380288], [-76.18850210023128, 39.09391489564474], [-76.18835541702349, 39.09400397194846], [-76.18825799742586, 39.09414725764421], [-76.18814658566937, 39.09430161164906], [-76.18800696950792, 39.09440702749998], [-76.1879095436221, 39.094550294249814], [-76.18772084351353, 39.09464528887128], [-76.18753916104394, 39.094740222012376], [-76.1873434873138, 39.09483531677271], [-76.18720380108377, 39.09492431382908], [-76.18700799979285, 39.09499204666847], [-76.18684035260125, 39.09509228281308], [-76.18670779001143, 39.09520856933466], [-76.18656815229039, 39.09530853117943], [-76.1864143687986, 39.095381281254525], [-76.1862747553321, 39.09548670037171], [-76.18610703268202, 39.095570535396334], [-76.18595328781777, 39.09564873294534], [-76.18579260616289, 39.09573797298689], [-76.18563181221862, 39.09580532299234], [-76.18546425036699, 39.09592745972487], [-76.18528233523375, 39.09596768947743], [-76.18510777640437, 39.096089878913844], [-76.1849541770672, 39.09620092733224], [-76.18478637895863, 39.0962683452183], [-76.18465369779119, 39.09636274283901], [-76.18454915275673, 39.096484210020805], [-76.18443061646173, 39.096605804575105], [-76.18431902504217, 39.09671639693103], [-76.18416543468817, 39.09683292338788], [-76.18417273978805, 39.096909410088564], [-76.18420141221529, 39.097062293306884], [-76.18441168087385, 39.097109289075775], [-76.18458701674595, 39.09717308084943], [-76.18472769381776, 39.09731929236418], [-76.18486121221507, 39.09743274404749], [-76.18495977626637, 39.09755751879752], [-76.18503732333326, 39.09768251223409], [-76.18512187546276, 39.09781290771095], [-76.18519947553025, 39.097948846720485], [-76.18527011185768, 39.09809580048898], [-76.18536866512918, 39.09821510560557], [-76.18555120908312, 39.098328053898804], [-76.18568464393711, 39.09841963227618], [-76.18583901223217, 39.098489089294], [-76.18598564154104, 39.09838907618614], [-76.18616039530484, 39.098305171311765], [-76.186356664618, 39.09834685466125], [-76.18653891661947, 39.0983886788105], [-76.18672823836224, 39.09844683506298], [-76.1869175789696, 39.09850500451329], [-76.18709299299515, 39.098585184983605], [-76.18726126541418, 39.09863264961507], [-76.18744357221286, 39.098685399986], [-76.18761187697123, 39.09874378953791], [-76.18778021766222, 39.09880765024452], [-76.18794862572685, 39.098882451196964], [-76.18807507707783, 39.098979573941286], [-76.18812481230353, 39.0991486124421], [-76.18821643597093, 39.099289880613796], [-76.18832909279239, 39.09943090798913], [-76.18835076285198, 39.09958932868781], [-76.18840037680513, 39.0997310254128], [-76.18852015457186, 39.09990480890632], [-76.18852775521748, 39.10004694140313], [-76.18861952261534, 39.10022103782742], [-76.18864810610935, 39.10035748249369], [-76.18871871728395, 39.10049349258431], [-76.18881036700249, 39.100634756666935], [-76.188810972467, 39.100787925994915], [-76.18890952124693, 39.10090175621298], [-76.18895208881497, 39.10103805456005], [-76.18904374392342, 39.1011793161573], [-76.1891635073171, 39.10134762856088], [-76.18931798790156, 39.10144443908511], [-76.18935370851052, 39.10161364595579], [-76.18917182122506, 39.101659344840066], [-76.18899683839086, 39.10168856244116], [-76.18879361881234, 39.10165790250303], [-76.18860462046308, 39.10168179342843], [-76.18840132991765, 39.10163471356759], [-76.18814178956407, 39.10153900405576], [-76.1879942439736, 39.101425703283766], [-76.18781199736203, 39.10138934915042], [-76.18767847087989, 39.10127588013158], [-76.18749621079357, 39.10123405351236], [-76.1873070875785, 39.10123060136341], [-76.18710392549215, 39.10121087559145], [-76.18687273507062, 39.101196916411595], [-76.18671138866245, 39.10113298467116], [-76.18671775142961, 39.10097973940914], [-76.18679425465413, 39.100847660652946], [-76.1869128349666, 39.10073151937123], [-76.18701732250886, 39.10059910692259], [-76.18700260990114, 39.10042420973221], [-76.18695996867123, 39.10028244050444], [-76.18693125312487, 39.10011314120571], [-76.18695863557136, 39.0999597020148], [-76.18695782618927, 39.09976277581359], [-76.18690109039257, 39.099593791070646], [-76.18671877910229, 39.09954102046519], [-76.18649430628247, 39.09945042302577], [-76.18633281255057, 39.09935365507753], [-76.18615045903948, 39.09928447219081], [-76.18597516718484, 39.099237095838056], [-76.18578584723869, 39.09917894093453], [-76.18563844987024, 39.09909844742503], [-76.18548401330322, 39.09901255165412], [-76.18537835166289, 39.09886050714779], [-76.1852100172601, 39.09880211908687], [-76.18506251748371, 39.09869428582552], [-76.18490802971273, 39.09859744363892], [-76.18484438856642, 39.09845041841237], [-76.1846969166378, 39.09834805794335], [-76.18449393331622, 39.09837208244892], [-76.18443149052248, 39.09852045194206], [-76.18438309019331, 39.09866318817083], [-76.18431363425215, 39.09880615486607], [-76.18417394892043, 39.09890062786659], [-76.18407655178069, 39.099060303221094], [-76.18399311086722, 39.099203420390864], [-76.18392362797661, 39.09933544645618], [-76.18391019456986, 39.09947234806852], [-76.1838407206624, 39.09960984128539], [-76.1837502360588, 39.099747562895004], [-76.18361073128843, 39.09988033039064], [-76.18352017302294, 39.10000163326313], [-76.18339459573275, 39.10011783988349], [-76.18338078772851, 39.10016723454077], [-76.18345147166667, 39.10032513422227], [-76.18337495856065, 39.10045176100765], [-76.18329148530782, 39.10058940498564], [-76.1832780779522, 39.100737251150136], [-76.18329268545703, 39.10088478399515], [-76.18325826830355, 39.10102739134924], [-76.18316070048391, 39.10114329233325], [-76.18309122477984, 39.10128079135399], [-76.18300071232845, 39.10140756212112], [-76.18315519381122, 39.1015098763211], [-76.1830225207286, 39.101604271107], [-76.1829810796479, 39.10174693277507], [-76.18294676849563, 39.10191688134757], [-76.1830733725602, 39.10205231331066], [-76.18325554371329, 39.10207225774095], [-76.18344471992899, 39.10209213524266], [-76.18369663089085, 39.10203477182751], [-76.18367496532281, 39.10187634686423], [-76.18387091932732, 39.10184691881192], [-76.18401139607482, 39.101943903626406], [-76.18413090883853, 39.102052030979465], [-76.18432727516975, 39.10211560705575], [-76.18430699929549, 39.102290877884585], [-76.1842234353128, 39.102412107595555], [-76.184090870028, 39.102533864112715], [-76.18409853445402, 39.10269243677943], [-76.18407811305265, 39.102834879445346], [-76.18398779463737, 39.10301634923094], [-76.18400244526133, 39.10316937466106], [-76.18401703569816, 39.1033114385342], [-76.18403862041784, 39.10345344774729], [-76.1839903126151, 39.10362354068785], [-76.18397692053084, 39.10377685479222], [-76.18394250607231, 39.10391944095996], [-76.18388706834118, 39.10406226803384], [-76.18383859075688, 39.10419953480621], [-76.18381824122075, 39.104358389533594], [-76.18379782700592, 39.10450630865628], [-76.18369331431082, 39.10463324719813], [-76.18366585371089, 39.10477029048787], [-76.18363139074334, 39.10490740531104], [-76.18353383639842, 39.10502880270226], [-76.18350639735807, 39.10516584592003], [-76.18343701328216, 39.10532522685766], [-76.18340963622555, 39.10548416409199], [-76.18329816518026, 39.10562756796498], [-76.18320769315305, 39.105765279909974], [-76.18312418666255, 39.10589745262005], [-76.18316676770533, 39.10603922589175], [-76.18329326936197, 39.10614182753457], [-76.18346852258907, 39.106178261471726], [-76.18367903828432, 39.10627450631009], [-76.18383356288624, 39.106376816234636], [-76.18401589753272, 39.10643504466662], [-76.18414238751124, 39.1065321737359], [-76.18439470002004, 39.1065787310094], [-76.18459101065571, 39.10662589261076], [-76.18476635281601, 39.10668421215297], [-76.1849415647206, 39.10671517243243], [-76.18510303329967, 39.106806442267484], [-76.1853133073481, 39.10684251547766], [-76.18551663831772, 39.10688959813405], [-76.18571306483607, 39.106969563434085], [-76.18590234435798, 39.10700584986267], [-76.1860777502987, 39.10708603809136], [-76.18625322540966, 39.1071717114212], [-76.18642859811268, 39.10724095418288], [-76.18659010891258, 39.10733771757831], [-76.18674465148078, 39.10744547976289], [-76.18691304068079, 39.10752026179153], [-76.18712358242719, 39.1076219711342], [-76.18735501629217, 39.10769062722751], [-76.18752348544223, 39.10778184630838], [-76.1875941073966, 39.10791785880423], [-76.18772059378186, 39.10802045283302], [-76.18789601679056, 39.1080951596668], [-76.1881134504118, 39.108169439824614], [-76.18832389873343, 39.10824925171511], [-76.18852712639678, 39.108274445986], [-76.18870205623037, 39.10822881621604], [-76.18891212007304, 39.108215653763494], [-76.18912914945243, 39.10819145207558], [-76.18931119573968, 39.108178574013856], [-76.18955609894404, 39.10812127549818], [-76.18978000941848, 39.108064167231845], [-76.18994083929537, 39.10800228687941], [-76.1901437184124, 39.107950911103124], [-76.19035366188082, 39.10790489425753], [-76.19053538567292, 39.10781543261683], [-76.1907312803886, 39.107758655205046], [-76.19092001822644, 39.10767457676132], [-76.19107374961595, 39.10758542362555], [-76.19122039868776, 39.10748538647789], [-76.19135305290578, 39.10738550951236], [-76.19143659982046, 39.1072642737161], [-76.19150605755823, 39.1071267689394], [-76.19163166179787, 39.10701602422369], [-76.19172907600561, 39.106867281555495], [-76.19180556755205, 39.106729706297564], [-76.19184694575065, 39.10658155065463], [-76.19189533979166, 39.10642787180862], [-76.1919507029626, 39.10627412082913], [-76.19211844357898, 39.106190269254554], [-76.19219608227404, 39.10633168155125], [-76.19222473942992, 39.10648453736704], [-76.19214830537565, 39.106627585093825], [-76.19218391279688, 39.10676396020096], [-76.19224752070552, 39.10690003669987], [-76.19220616676144, 39.10705913698173], [-76.19210868697668, 39.10719693326272], [-76.1921443357204, 39.107344243470465], [-76.1919554568471, 39.10739549840027], [-76.1918509261857, 39.10752242337448], [-76.19178148102432, 39.10766539510675], [-76.19169795027933, 39.10778662881899], [-76.19161446894165, 39.10792427938719], [-76.19155901683749, 39.10805616713573], [-76.19152463112503, 39.10820422697105], [-76.19165824564209, 39.10833410738326], [-76.1917218697204, 39.10847565757715], [-76.1917710821266, 39.10851888515269], [-76.19185570971457, 39.108654742875515], [-76.19197525481765, 39.108768354064594], [-76.19209479093755, 39.10887649186105], [-76.19219347266815, 39.109023129395176], [-76.19232004080011, 39.10914213511077], [-76.19250256858435, 39.109233180840484], [-76.19262209661943, 39.1093467904001], [-76.19276275752158, 39.10948204846619], [-76.19295900527517, 39.109512776796464], [-76.19309261709726, 39.10963716212981], [-76.19316324444154, 39.10977316756014], [-76.19312183570021, 39.1099213060388], [-76.19317150534889, 39.110068494147704], [-76.19306008191431, 39.11022284954248], [-76.19288534791345, 39.11031224260648], [-76.19272453061298, 39.11037960517645], [-76.19254252474988, 39.11039795174551], [-76.19236732272677, 39.11037794554394], [-76.19236657712507, 39.110208361007814], [-76.19233097239879, 39.11006652014515], [-76.1922812210034, 39.10989746181922], [-76.19219650807548, 39.10973971322779], [-76.19200716297654, 39.10968704501445], [-76.19179699852255, 39.1096728749163], [-76.19167044745859, 39.10957028468686], [-76.19139717006769, 39.109540370524414], [-76.19122887069919, 39.10949293484514], [-76.19106055605937, 39.10944002178601], [-76.19088527408617, 39.10939812960975], [-76.19068182364065, 39.10932371761178], [-76.19069566578086, 39.10928526527135], [-76.19054129838412, 39.10921579658488], [-76.19044270558673, 39.10909104525653], [-76.1903581453724, 39.10896610550507], [-76.19024554873806, 39.10884696844744], [-76.19009091364337, 39.108717324582585], [-76.18992252713832, 39.10864799892841], [-76.1897406200899, 39.108693704405255], [-76.18955892773886, 39.108794110667134], [-76.18937721292993, 39.108889038001145], [-76.18923757341227, 39.108994454347275], [-76.18913300861487, 39.10911043633335], [-76.18890217751948, 39.109189474834125], [-76.18874841468893, 39.109267703282704], [-76.18855947023859, 39.109308007674166], [-76.18834919169858, 39.1092719399081], [-76.18817396542093, 39.10924099190438], [-76.18796367789776, 39.10920492131584], [-76.18778149237161, 39.109184984479946], [-76.18751532963776, 39.109187823538164], [-76.18736167640168, 39.10928791472992], [-76.18716574485506, 39.10933375780616], [-76.18700495540234, 39.109412053707544], [-76.18684424140812, 39.10950129305697], [-76.18660609892463, 39.10950381843426], [-76.18642392327996, 39.10948934996593], [-76.18624162366777, 39.10944204599302], [-76.1860801550887, 39.10935075726554], [-76.1860094549809, 39.109192859677165], [-76.18600178426671, 39.10903430860394], [-76.18602207810727, 39.10885905384488], [-76.18599338861205, 39.1087006978913], [-76.1859998034815, 39.10855292767752], [-76.18581772395655, 39.10856580148853], [-76.18578338136325, 39.108724823426115], [-76.18561579076552, 39.10884694474786], [-76.18543402026106, 39.10893092629776], [-76.18525905539316, 39.108965607814426], [-76.18504912629777, 39.10901159678274], [-76.18486018364406, 39.10905189574432], [-76.18470653040798, 39.109162919563936], [-76.18450388485293, 39.10927448062855], [-76.1843431475025, 39.10936371178763], [-76.1841332516448, 39.10942064404367], [-76.18395096999892, 39.10937881319554], [-76.1838034684259, 39.10927642468041], [-76.1836211490508, 39.1092291393848], [-76.18343901832186, 39.10922012173787], [-76.18322899849665, 39.109249687514776], [-76.18308927453735, 39.1093387019252], [-76.18315302797309, 39.109507620092266], [-76.18326567221814, 39.10964865072641], [-76.18342007375085, 39.10972360119181], [-76.18359553718372, 39.10981473190596], [-76.18374304414662, 39.109917121730156], [-76.18393954792009, 39.110008034022], [-76.18409405725063, 39.110110321798345], [-76.1842484848345, 39.11018527734903], [-76.18440290163858, 39.110265703830905], [-76.18454341252206, 39.11036813691295], [-76.18469084761975, 39.110454105976594], [-76.18481038014642, 39.11056224745982], [-76.1849928693031, 39.11065330808372], [-76.1850984276372, 39.11077254315694], [-76.18520410005732, 39.110919111225655], [-76.18533057296787, 39.111016238994814], [-76.18545018454627, 39.111146269661425], [-76.18556986170168, 39.11128722313209], [-76.1855984559755, 39.111429138907326], [-76.18559208871675, 39.11158238584862], [-76.18550869900723, 39.111741916773376], [-76.18536207957983, 39.11185834520813], [-76.18528514606226, 39.11188652351188], [-76.18511724464744, 39.111937528394655], [-76.18490718888962, 39.11195617636616], [-76.1846830565313, 39.11195855458504], [-76.18450109019408, 39.11199328688808], [-76.18429765501989, 39.11192433736007], [-76.18417105724353, 39.11179986545106], [-76.18391841056146, 39.11167672253718], [-76.18373599955818, 39.11160755104727], [-76.18352568418722, 39.11156053148623], [-76.18333628159608, 39.11149141215878], [-76.18318167794243, 39.11137270594736], [-76.18304115717748, 39.11126479433125], [-76.18287974968385, 39.111189913813206], [-76.18269740156266, 39.111131669792705], [-76.18241036916812, 39.11117300889565], [-76.18231983425885, 39.11129978557155], [-76.18216618551433, 39.1114053356251], [-76.1820124181922, 39.11148902695391], [-76.18189386752417, 39.11161610696182], [-76.1817401163717, 39.11170524036165], [-76.1815724080947, 39.11180001321882], [-76.18143276228881, 39.111910918398586], [-76.18120900003638, 39.11200079792933], [-76.18112546929137, 39.11212749644452], [-76.18101385361732, 39.112243563189395], [-76.18084617318807, 39.112349254716904], [-76.18067125503259, 39.11239487345505], [-76.1806227918213, 39.11253215885073], [-76.1805252841888, 39.112669938158376], [-76.18042070591669, 39.11279140163881], [-76.18022476987849, 39.11283722013187], [-76.18003544364416, 39.11278999786501], [-76.17997880396719, 39.11264287886782], [-76.17999928106407, 39.11250590455462], [-76.17994249226676, 39.11232599680924], [-76.17984389138455, 39.11219026883782], [-76.17982930454096, 39.11204819079672], [-76.17972362673093, 39.111901610438856], [-76.17967400289633, 39.11175443870473], [-76.17961736681261, 39.111607338456295], [-76.17954674575655, 39.11146584891975], [-76.17942710273712, 39.11132489023014], [-76.17924429647512, 39.11115176499939], [-76.17906894443334, 39.11109343591037], [-76.17888659721045, 39.111035183445786], [-76.17870418441053, 39.1109605320053], [-76.17854279847647, 39.110891117247164], [-76.17837435088599, 39.11080535712781], [-76.17827579761448, 39.11068604404287], [-76.17805106068997, 39.11053525776007], [-76.17787581105614, 39.11050428730904], [-76.1776938204644, 39.11053353818661], [-76.17750466670661, 39.11052460295619], [-76.17734388444042, 39.11060288219998], [-76.17716906060804, 39.11067583466319], [-76.17693825017386, 39.1107548574679], [-76.17675623712427, 39.11078412636422], [-76.17655335710893, 39.110840968950406], [-76.17637834013874, 39.110870163926066], [-76.17617540532618, 39.1109160694025], [-76.17595834450576, 39.11093476992125], [-76.17574822317093, 39.1109369690389], [-76.17557317835296, 39.11095522345544], [-76.17536297616974, 39.110941023640116], [-76.17506177015666, 39.1109332462219], [-76.17485862693493, 39.11092992280081], [-76.17463444427095, 39.11092133752781], [-76.17443129655766, 39.11091800574181], [-76.17422128302064, 39.11094208730205], [-76.17404623730438, 39.110960338232125], [-76.17389242416817, 39.11102759911401], [-76.17376702654103, 39.11119849487132], [-76.1736694416534, 39.11131988421543], [-76.17348764150452, 39.11140384330196], [-76.1733409043978, 39.11149291632946], [-76.17322935250412, 39.11162536686488], [-76.17308268097443, 39.11173085927531], [-76.1729571306337, 39.11186345434309], [-76.17278242358229, 39.111963759901016], [-76.17260773719214, 39.11206953688398], [-76.17254539860299, 39.11225071384814], [-76.17246189929902, 39.11238834803054], [-76.17244851170635, 39.1125416639811], [-76.17245610696207, 39.11269473634202], [-76.17261055071562, 39.11278065029194], [-76.1727858623332, 39.112833514143446], [-76.17302431922707, 39.11290760250952], [-76.17325579441453, 39.112987214569756], [-76.17344507124152, 39.113028991697725], [-76.17359952307989, 39.11311490314914], [-76.17358628281092, 39.113306495526615], [-76.17353082621517, 39.113454791767516], [-76.17347541004361, 39.11361400480372], [-76.17336376562348, 39.113724593479354], [-76.17328026901444, 39.113862223389155], [-76.173182690415, 39.113989058653935], [-76.17314125472421, 39.11413173707626], [-76.1730718230376, 39.11428562425311], [-76.17311443911467, 39.11443834433007], [-76.17311503739266, 39.11459151433155], [-76.17322067657513, 39.11473264491629], [-76.17331924332136, 39.114857411349696], [-76.17338983922458, 39.114993447827864], [-76.17349536252439, 39.11511267486077], [-76.17364990329597, 39.11522047324921], [-76.17374153864147, 39.115361723849105], [-76.17387513968379, 39.115491624525944], [-76.17405764860344, 39.11558816819646], [-76.17425423322526, 39.11569551979081], [-76.17436691430125, 39.115852972077775], [-76.17443756410339, 39.1159999268565], [-76.17441021758953, 39.1161697825184], [-76.17443192897161, 39.11634460579241], [-76.17446079094337, 39.11655765469236], [-76.17436335158283, 39.116717322808306], [-76.17422379920176, 39.116850082038454], [-76.17409820304692, 39.11697720604503], [-76.17400058941321, 39.11709312331808], [-76.17394509868147, 39.11722499599893], [-76.17396668519775, 39.1173724608806], [-76.17404436611363, 39.11753029065796], [-76.17406606941091, 39.11769964151696], [-76.17413663027983, 39.11783018953942], [-76.17424224251285, 39.11796037559946], [-76.17443874538799, 39.11805677719318], [-76.17459325921011, 39.118159080468125], [-76.1747828225997, 39.11826649644703], [-76.17493047059811, 39.11840170115189], [-76.17507789940758, 39.118482206769386], [-76.17526693907935, 39.118458340356206], [-76.17544187430282, 39.11840178687708], [-76.17558151831206, 39.118290917700186], [-76.17570017048973, 39.11818573061904], [-76.17579054639722, 39.11800973963278], [-76.17604261366593, 39.11797973078186], [-76.17622461773239, 39.11795044048072], [-76.17635109782945, 39.11804757737646], [-76.17642866825254, 39.1181725769957], [-76.17652741825509, 39.118341138754026], [-76.17666799651221, 39.11845999840448], [-76.17687149995838, 39.11855085088888], [-76.177081731786, 39.118570518839945], [-76.1772500428326, 39.11861797977175], [-76.17743214481538, 39.11860512103906], [-76.17763539044505, 39.118630334607126], [-76.17778297735805, 39.11874912128698], [-76.1778256518256, 39.11890731109018], [-76.17786828407236, 39.119060028816556], [-76.17805084689093, 39.11916204349351], [-76.17808654773694, 39.11933124546623], [-76.17827589103926, 39.11937848634855], [-76.17852127933386, 39.11943607539669], [-76.17868278474384, 39.11952735942288], [-76.17889348369542, 39.11966191146329], [-76.17904783222752, 39.11972045508657], [-76.17932163872614, 39.119865260805916], [-76.17957360089197, 39.11981335633835], [-76.17975563729777, 39.119784085616836], [-76.17986013472151, 39.1196407544559], [-76.17999982364651, 39.11954082153824], [-76.18016751036397, 39.11942963704502], [-76.18038421275659, 39.119317940820025], [-76.1805518671347, 39.119206753884264], [-76.18069152551696, 39.119095874125996], [-76.18083111383065, 39.118968581796224], [-76.1811322767246, 39.11895447071401], [-76.18130731255938, 39.118925264451704], [-76.18153161739426, 39.118961179524426], [-76.18171385951426, 39.11899206820072], [-76.18201511583301, 39.11899435697304], [-76.18230947848025, 39.11903501542581], [-76.18254775032116, 39.11905983367169], [-76.18273007957774, 39.119101672712226], [-76.18298933786032, 39.11912080177088], [-76.18320652983476, 39.119123990992215], [-76.18344458877496, 39.11909958675453], [-76.18365467148224, 39.11908093997651], [-76.1837873409716, 39.11897560074657], [-76.18395496390868, 39.11885348582547], [-76.18410861714476, 39.118742431274], [-76.18433956142789, 39.11868528770667], [-76.18433322471188, 39.1188494707086], [-76.18431347974193, 39.11915600934488], [-76.18440541692138, 39.11936838764821], [-76.184300835056, 39.1194898367946], [-76.18415433600283, 39.11963909225375], [-76.18395861106873, 39.11973963415684], [-76.18410616115078, 39.11984201652997], [-76.18429541013, 39.11987283164168], [-76.184519741016, 39.11990873717112], [-76.184821083573, 39.11993837652066], [-76.18499631524054, 39.11996386281086], [-76.18519978724565, 39.12003828448165], [-76.18524238715305, 39.12017460785153], [-76.18518699074443, 39.12033382939994], [-76.18519464528896, 39.120486924558875], [-76.18529326593412, 39.12062262609565], [-76.18551806933397, 39.120778888168644], [-76.18557465511202, 39.12090957474952], [-76.1857290719161, 39.120979052119345], [-76.18586268733146, 39.12110346181699], [-76.18601747334313, 39.12126044832145], [-76.18623439851794, 39.1212034433936], [-76.18641625346406, 39.121135878608214], [-76.1866401980745, 39.12107879761464], [-76.18683640540391, 39.12109312083374], [-76.18702547202513, 39.12107470665967], [-76.18724243762412, 39.12102315154639], [-76.1874734906034, 39.12099335793552], [-76.18769774692926, 39.12101833369388], [-76.1878940629548, 39.12105452437925], [-76.18766317706216, 39.12112261960296], [-76.18752344950961, 39.1212171107814], [-76.18732756018382, 39.121279376776776], [-76.18713868400545, 39.12134701599535], [-76.18699193611893, 39.12143063488433], [-76.18686624114943, 39.12153043688784], [-76.18678977565413, 39.12167347777015], [-76.1866078668091, 39.12173010179961], [-76.18649636252614, 39.12186806174399], [-76.18642689221197, 39.122011009250855], [-76.18628725089768, 39.12212738587238], [-76.1860983747193, 39.12218408550072], [-76.18601484487262, 39.12231627480834], [-76.18595941612465, 39.12246455766238], [-76.18596003506386, 39.12261225270855], [-76.18592572750485, 39.12278765515723], [-76.1858843537978, 39.12294674814426], [-76.18584289025922, 39.12308393771555], [-76.18582949548004, 39.12323725269519], [-76.18580214537289, 39.123396182985374], [-76.18579587603053, 39.12357676494246], [-76.1858034802694, 39.12371892218221], [-76.18581115996676, 39.12388293943911], [-76.18577721173388, 39.1241404170429], [-76.18582701163827, 39.12432589137709], [-76.1857575233578, 39.12446336956355], [-76.18579314335544, 39.12460523371365], [-76.18568862167719, 39.1247376275449], [-76.18565439496655, 39.124934932764305], [-76.18563404363378, 39.12509379023248], [-76.18611329034627, 39.125151979505254], [-76.18634767697358, 39.1252599883242], [-76.18654624238062, 39.12532981123909], [-76.1867586634026, 39.12537754358308], [-76.18698496249739, 39.12540865314563], [-76.18719038384668, 39.12546193053054], [-76.187389166646, 39.12554824843596], [-76.18752480776232, 39.12566257456639], [-76.1876882229906, 39.12574370395663], [-76.18783753646557, 39.12582493708837], [-76.18787491087296, 39.12598407617847], [-76.18789157551979, 39.126181876172346], [-76.18797187143146, 39.12638463944], [-76.18794590562817, 39.12656080462919], [-76.18793400474728, 39.12673135469684], [-76.18811184871566, 39.12683432273179], [-76.18830336504266, 39.12690421934783], [-76.18830543476108, 39.127063658439596], [-76.1884202987432, 39.12721115847682], [-76.1886327269517, 39.12725886376189], [-76.18883109832261, 39.1273122087369], [-76.1890648426545, 39.127370743215124], [-76.18927697711389, 39.12739645817504], [-76.18946749002271, 39.127389375255376], [-76.18964311964392, 39.12732194671661], [-76.18978270885592, 39.12719982953826], [-76.18999300266731, 39.12708259927297], [-76.19021789230541, 39.12700375924011], [-76.19044298406446, 39.1269413875025], [-76.19065439538008, 39.12691213855806], [-76.19087230510844, 39.12683886004522], [-76.19103545623202, 39.12689797262066], [-76.1908387952534, 39.126976589774294], [-76.19067030184881, 39.127049463264235], [-76.19049505670654, 39.127144402939834], [-76.19032705378211, 39.12725576550121], [-76.19017325591727, 39.12737250906751], [-76.19002010663606, 39.1275387324445], [-76.18987343959792, 39.127660922205635], [-76.18979779965437, 39.12781550038526], [-76.18982105434213, 39.12797476529035], [-76.18998533464803, 39.12812183554983], [-76.19019797216399, 39.128186059877926], [-76.19038843746212, 39.12817346351575], [-76.19057851289139, 39.1281333845466], [-76.19076199917806, 39.128126373477244], [-76.19100984885652, 39.12818477836056], [-76.19126478085269, 39.128243130234445], [-76.191476986279, 39.12827435978406], [-76.19164012213123, 39.128333471851555], [-76.19160668324308, 39.128476710762925], [-76.19138792281016, 39.12848402492828], [-76.19120439699762, 39.12848557054735], [-76.19102842601662, 39.128525523882686], [-76.19087425804585, 39.12861476829362], [-76.19065657289632, 39.12870456937493], [-76.19043088735086, 39.12872294044041], [-76.19023281242397, 39.12869160516839], [-76.19004191413788, 39.128671186050475], [-76.18982285187103, 39.12865652918691], [-76.18954690199214, 39.128609330065736], [-76.18932763670604, 39.12857818010574], [-76.1891363826871, 39.128530274323964], [-76.1889941146989, 39.12844899553257], [-76.18882940948988, 39.128268907592755], [-76.18870746857996, 39.12812147597202], [-76.18850945473851, 39.12809563235836], [-76.18828285111482, 39.12804253954211], [-76.18806238118792, 39.12791791143931], [-76.1878496529421, 39.12784819492194], [-76.18770020292324, 39.127755955829976], [-76.18750818892957, 39.12764759752989], [-76.18734503600935, 39.127588478615], [-76.18719807701876, 39.12768865586447], [-76.18699407051605, 39.12774532941385], [-76.18683087986659, 39.12768071722942], [-76.18675084626298, 39.12749992000993], [-76.18676298340078, 39.1273458881758], [-76.18663386315512, 39.12718750547407], [-76.18665989004384, 39.12701683455921], [-76.18670750344884, 39.12687897947251], [-76.18677576822391, 39.12669697251883], [-76.18683000760245, 39.12652607114448], [-76.1866807875523, 39.12645035247858], [-76.18649744499606, 39.12646836175823], [-76.18627805753907, 39.126426194684335], [-76.1860792603667, 39.126339875764124], [-76.18591618200664, 39.12628624294048], [-76.18573387341131, 39.12638122476033], [-76.1857359359432, 39.126540663642245], [-76.18573114971936, 39.126716634014485], [-76.185761179501, 39.12685385735899], [-76.1857776357387, 39.12703516007168], [-76.18580799789697, 39.12719984417242], [-76.18578211384038, 39.12738149930435], [-76.18560663513614, 39.12745995424613], [-76.18538787110994, 39.12746725736729], [-76.1851970455874, 39.12745233962656], [-76.18506779059443, 39.1272829731869], [-76.18503029491447, 39.12711282863731], [-76.18500013487713, 39.12696462037671], [-76.18499079509311, 39.126788755851315], [-76.1848550255177, 39.12666341890317], [-76.18467764597834, 39.126593413336224], [-76.18446537856828, 39.1265566840271], [-76.18424603243378, 39.12652000835794], [-76.18408261810382, 39.12643889519305], [-76.18393226078649, 39.12627519539048], [-76.18378944033441, 39.12614990561294], [-76.1836185277668, 39.12603585135855], [-76.18347593728342, 39.125927081344905], [-76.18326266016697, 39.12581337586615], [-76.18316234619753, 39.12569873917197], [-76.18328071271092, 39.12557129500542], [-76.18374865232894, 39.125507524053965], [-76.1837950467201, 39.125343130081355], [-76.18385570456137, 39.12515556219392], [-76.18387524202046, 39.12501395769718], [-76.18387454582611, 39.12484439444679], [-76.18388789748619, 39.12468560819588], [-76.18388018994105, 39.124510643939765], [-76.18383744270996, 39.12434151294563], [-76.18368999683247, 39.12426101262985], [-76.183528433032, 39.124158792086405], [-76.18342966775808, 39.12399026097273], [-76.18326801232944, 39.12386068259996], [-76.18312732268122, 39.12371994104965], [-76.18305671959146, 39.123583934661205], [-76.18308416312338, 39.12344686732465], [-76.1831396700248, 39.123314984685514], [-76.18319517872284, 39.12318312549423], [-76.18332781587286, 39.12307231541263], [-76.1834182483742, 39.12291271396655], [-76.18331962144083, 39.12277698966159], [-76.18322795734925, 39.122635747655124], [-76.18319228345268, 39.1224829338399], [-76.18319169864941, 39.122335240613324], [-76.18316305676491, 39.12218237596834], [-76.18314842949714, 39.122040297863926], [-76.18314073812168, 39.12187080551038], [-76.18293046137829, 39.1218402038327], [-76.1827411728732, 39.12180392922377], [-76.18255150887231, 39.121680116629676], [-76.18243196107429, 39.121571967119024], [-76.18220055236216, 39.12151971544812], [-76.18199744058147, 39.121527323042926], [-76.18182953737004, 39.1215783404612], [-76.1816194465779, 39.121596964973676], [-76.18142335513116, 39.121615461944785], [-76.18117127528602, 39.12164548597318], [-76.18098229669972, 39.12168575471163], [-76.1807934420809, 39.12175340399378], [-76.18055566072013, 39.121859840898026], [-76.18036667854055, 39.1219001325122], [-76.18016373115157, 39.12195151693587], [-76.17998892798042, 39.12202994168604], [-76.17980693199881, 39.12206468853853], [-76.17957586734143, 39.12209448866544], [-76.17937310051381, 39.122195092574415], [-76.17924752412195, 39.12232223690423], [-76.17905885545439, 39.12243911130397], [-76.17891233933322, 39.122588366787085], [-76.17882179993238, 39.12272060411976], [-76.17873832039133, 39.122863693459756], [-76.17868310993397, 39.123072160002565], [-76.17884446083373, 39.123130633192126], [-76.179047642683, 39.12313395743163], [-76.17906230857834, 39.12329792447965], [-76.17892963998729, 39.12339778795285], [-76.17888826538193, 39.12356233281484], [-76.17886083891798, 39.12371032034806], [-76.1788334564715, 39.12387472022209], [-76.17869381336058, 39.12398559873119], [-76.17856120046508, 39.124107348642774], [-76.17841351473743, 39.12396667588125], [-76.17819590145311, 39.12385957104711], [-76.17804131037587, 39.12374085500788], [-76.1778308764273, 39.12368288966811], [-76.17772525341452, 39.1235417784048], [-76.17772449613473, 39.12335577793474], [-76.17770980778151, 39.123191831928516], [-76.17772310374603, 39.12301664722421], [-76.1776033726917, 39.12285380224078], [-76.17742093923056, 39.12278459712062], [-76.17723179625253, 39.12278658052358], [-76.17703570839905, 39.12280507300087], [-76.1768679399349, 39.122888894353245], [-76.17672119384503, 39.122983424280086], [-76.17653928859325, 39.12304552703198], [-76.17637856292093, 39.12314567310973], [-76.17616168805179, 39.12321907811993], [-76.17594463890948, 39.12325420001725], [-76.17574836061316, 39.12322343865248], [-76.17575470900726, 39.123053781888], [-76.17584499148994, 39.12286137623993], [-76.17584409137804, 39.12263709060158], [-76.17578043136712, 39.12248459249038], [-76.17587787971081, 39.1223249179307], [-76.17590532414106, 39.12218240314807], [-76.17588360557244, 39.12200758669311], [-76.17586895225354, 39.12184910626702], [-76.17576337864807, 39.1217243912416], [-76.17571369462634, 39.12156080383764], [-76.17558002261711, 39.12141998660627], [-76.17546027090154, 39.121257130962746], [-76.17527745565638, 39.1210894738213], [-76.17505996903452, 39.12100423486996], [-76.17486358294036, 39.12095158692336], [-76.17476503326212, 39.12082682013023], [-76.17458925811385, 39.120670015952044], [-76.17446962138261, 39.12053452219207], [-76.17433596464475, 39.120393695939974], [-76.17415328863848, 39.120258874189865], [-76.1739779725293, 39.12021145827036], [-76.17378148582384, 39.12012600081288], [-76.17353632300639, 39.12013404762739], [-76.17333349599164, 39.12021276850712], [-76.17313768032771, 39.12029687659591], [-76.17295597450192, 39.12040272400494], [-76.17281624245778, 39.12050265360927], [-76.17266262066273, 39.120624628376596], [-76.17248088968414, 39.120730475990214], [-76.17232001848474, 39.12079780769334], [-76.1721662502643, 39.12088146347443], [-76.17199152524658, 39.12098176246783], [-76.17188701614475, 39.121130559674064], [-76.17195058093425, 39.12126117451633], [-76.17212625097964, 39.1213960981898], [-76.17221085610971, 39.121531974296445], [-76.17237940610816, 39.12163960954126], [-76.17245695766664, 39.121764610453624], [-76.17258369108862, 39.12192192094529], [-76.17272413010689, 39.122007976269536], [-76.17287877148976, 39.12213764307395], [-76.17300528033293, 39.12224025612544], [-76.17313177120977, 39.12234286972438], [-76.1732653030818, 39.12245085985244], [-76.1733499324664, 39.12258673462164], [-76.17330142074611, 39.122724011310844], [-76.17323189653303, 39.12285603304427], [-76.17319041412982, 39.122993218610816], [-76.17309303136314, 39.12316929959348], [-76.17298867856815, 39.12335637378706], [-76.17278595845293, 39.123462436820475], [-76.17262534866329, 39.12360088538438], [-76.17247858640374, 39.12368995693177], [-76.1722690768216, 39.12385626287048], [-76.17212959989902, 39.124016377882455], [-76.17201807675146, 39.12415977052754], [-76.17185043405144, 39.12428734268882], [-76.17172484418482, 39.12441447906101], [-76.17144517438237, 39.12455965145333], [-76.17133364853984, 39.12470304299251], [-76.17106077359419, 39.12478795411179], [-76.17095611177875, 39.12489846462025], [-76.17073458902632, 39.12500017396901], [-76.1705331795531, 39.1251027675193], [-76.17023060989742, 39.12527711147134], [-76.16994895661482, 39.12533442042849], [-76.16979518569941, 39.12545661540744], [-76.16962088109325, 39.125628495009835], [-76.16963011218112, 39.125798864752554], [-76.16989126950222, 39.12579673927103], [-76.17020103196836, 39.125728226256285], [-76.17035467083141, 39.12559500360453], [-76.17050863039302, 39.125489283163716], [-76.17079721507636, 39.125420961492736], [-76.1709805944635, 39.12540844965576], [-76.1712081682677, 39.1255385548115], [-76.17109039464236, 39.125715456628285], [-76.17098664641357, 39.12588127763574], [-76.17107301313995, 39.126012517130874], [-76.17118834694095, 39.12619850152647], [-76.17121190885254, 39.12638527080727], [-76.17124944765163, 39.12656091612867], [-76.17136504555734, 39.126768887405504], [-76.17144577805023, 39.12701014393764], [-76.17127797095854, 39.127137979926864], [-76.17113546401849, 39.12703468271779], [-76.17098575169156, 39.12692044034803], [-76.17065222788781, 39.1267857084414], [-76.17046736089056, 39.126682742426034], [-76.17021196805864, 39.12658585646329], [-76.16995184469845, 39.126670448933666], [-76.16964262481471, 39.126782940476076], [-76.1694604285088, 39.12688890078849], [-76.16935619429142, 39.12702170426655], [-76.16918211067083, 39.127210058823486], [-76.168987383765, 39.12744256612484], [-76.16880518566245, 39.12754852823242], [-76.1687504584987, 39.127686442635515], [-76.16902626464714, 39.12772266543511], [-76.16930841110482, 39.127703889232876], [-76.16960495306496, 39.12770695681198], [-76.16985896338963, 39.127693899739356], [-76.17010609441589, 39.12769738334454], [-76.1702964303566, 39.12767383503423], [-76.17047283791884, 39.12766689081774], [-76.17069849651483, 39.12764855919793], [-76.17104398947143, 39.12761274332723], [-76.1712203943387, 39.12760580816391], [-76.17167224602831, 39.127607613034684], [-76.17199704719064, 39.127610456925474], [-76.1723222678662, 39.12764628325027], [-76.17250658509452, 39.127705273894364], [-76.17279034582478, 39.127812909462634], [-76.1729327916794, 39.12791070801559], [-76.1731175149462, 39.12800266955568], [-76.17345776982637, 39.12810983777574], [-76.1736568346967, 39.1282181897898], [-76.17370094736704, 39.128355275019274], [-76.17374563495916, 39.12853635714615], [-76.1737769403485, 39.12877801737178], [-76.1737999569827, 39.12892078500645], [-76.17379478178836, 39.12906928600754], [-76.17379866071377, 39.12937167158292], [-76.17378048599892, 39.129608235728185], [-76.17370523233095, 39.12979578060884], [-76.17380618500256, 39.12995991472112], [-76.17396296527416, 39.130074086658176], [-76.17407052595303, 39.1302051531908], [-76.17421291431546, 39.13029745666815], [-76.17435516703227, 39.13037878001422], [-76.17463620047732, 39.130271988750145], [-76.17478981059428, 39.1301387872357], [-76.17507855427944, 39.13008143828685], [-76.17534157380808, 39.130222240294], [-76.17551187102976, 39.13028681809251], [-76.17578772748385, 39.130328531306446], [-76.1759937228566, 39.13042582255574], [-76.17613032876352, 39.13061714138923], [-76.17623184108558, 39.13082522890559], [-76.17629720609892, 39.130967654428694], [-76.17622124096523, 39.13110023210918], [-76.17608901614193, 39.13124976608766], [-76.17598523377717, 39.131415569187965], [-76.1758878698751, 39.13153182365796], [-76.17576390506083, 39.131774773174655], [-76.1755829430401, 39.13197968814219], [-76.17547868366991, 39.13210700016387], [-76.17531863083573, 39.13228977078251], [-76.17520793503655, 39.13246663264798], [-76.17507498347618, 39.132561172019095], [-76.17494946996638, 39.13268316632131], [-76.17475361747148, 39.13282772938297], [-76.17503607654291, 39.13283090962205], [-76.17527561860162, 39.1327904535419], [-76.17545867279864, 39.13275047335997], [-76.17574058030448, 39.13270967440271], [-76.17600855314362, 39.13268547206911], [-76.17618463551572, 39.1326510321751], [-76.176430652631, 39.132566550015994], [-76.17659939486893, 39.132510170917115], [-76.17687379695056, 39.13243644320943], [-76.1770499466963, 39.13240751568774], [-76.17733959229, 39.13242162477194], [-76.17764979223568, 39.132386083782784], [-76.17785431167644, 39.132367918536254], [-76.17799417397627, 39.13226228839539], [-76.17817594627739, 39.132123339121385], [-76.17832299330287, 39.132028668857586], [-76.17849742816475, 39.1318677776853], [-76.1786726679171, 39.131767371551724], [-76.17881259309902, 39.13166725793985], [-76.17911480342859, 39.13156028327488], [-76.17912695404112, 39.13140623732564], [-76.17923813223564, 39.131267861243295], [-76.17937818857158, 39.131178729595916], [-76.17953871212296, 39.131034463481775], [-76.17972912262384, 39.131016390564675], [-76.17979526827315, 39.131219307152804], [-76.17974049619366, 39.13135169482337], [-76.17975709795843, 39.13154400271976], [-76.17985063144413, 39.13168068498461], [-76.18000043719584, 39.13180043217468], [-76.18023439442845, 39.131875458722114], [-76.18054459617079, 39.13183991257959], [-76.18063884741038, 39.132031575980285], [-76.1806983042041, 39.132262022211975], [-76.18071416485877, 39.1323993455456], [-76.18043878541009, 39.13239611232916], [-76.18025493979731, 39.132375643417824], [-76.18002819693476, 39.13231152743245], [-76.17974671253543, 39.13238533261729], [-76.1796066570978, 39.13247443974266], [-76.17958089521208, 39.13266710412774], [-76.17966751616167, 39.13281483700997], [-76.17979587822923, 39.13291274707468], [-76.17994513241537, 39.132988497117445], [-76.18008044834157, 39.13308084990409], [-76.18022976900305, 39.133162085722404], [-76.18036512265849, 39.133254458488736], [-76.180677738174, 39.133405831636104], [-76.18096708912027, 39.13339794033138], [-76.18113073701221, 39.133495556231296], [-76.18137912118827, 39.133592466135354], [-76.18162649565794, 39.133612428118035], [-76.18187364644712, 39.133615891223236], [-76.18171289472365, 39.1337436671432], [-76.18141694924488, 39.1337900935561], [-76.18122697802016, 39.13384116410791], [-76.18100871255895, 39.13388694382692], [-76.18068515735992, 39.1339830727784], [-76.18039519735588, 39.13394698350004], [-76.18022462165648, 39.13386040204549], [-76.17998368002254, 39.13379091926423], [-76.17969436500887, 39.13380430200571], [-76.1793902322846, 39.13376281870423], [-76.1794346369074, 39.13392190850276], [-76.17957034809233, 39.1340417640662], [-76.17967073662196, 39.13416189117622], [-76.17978588626833, 39.13433138879397], [-76.17985974485268, 39.134583697721546], [-76.17991241038284, 39.134836185516804], [-76.1799570234148, 39.135011751928964], [-76.18005868306057, 39.13523084612892], [-76.18021613617029, 39.135394497941235], [-76.18035902938591, 39.13552528352331], [-76.1806222393574, 39.13567706010309], [-76.18093407962682, 39.13576795378912], [-76.18121139674157, 39.13591962532901], [-76.18141042747592, 39.136022430819935], [-76.18164504497024, 39.1361469707224], [-76.18180818890731, 39.136206095691655], [-76.18192977228775, 39.13632605258017], [-76.18209329351723, 39.136412676990105], [-76.18221488228757, 39.13653263143632], [-76.18246461752982, 39.136734016652476], [-76.18250888111713, 39.13688209844524], [-76.18254702807566, 39.13710171427837], [-76.1825779453928, 39.13731039439322], [-76.1825529075492, 39.13755801876142], [-76.18256223745173, 39.13773388565863], [-76.18253703791139, 39.13797051995623], [-76.18251778252328, 39.13811913077425], [-76.18244958512186, 39.138306628602436], [-76.18240914476439, 39.13845541359625], [-76.1823547904015, 39.138620817910294], [-76.18230889996521, 39.13889609863352], [-76.18234698763494, 39.13911022129861], [-76.18261732933149, 39.13926743312991], [-76.1827929778173, 39.13920000969314], [-76.18279813774029, 39.13905152378427], [-76.18292351560451, 39.13891851445746], [-76.183112799618, 39.13881247957652], [-76.18335849154317, 39.13870047755616], [-76.18357735977393, 39.13869867575675], [-76.18353682419506, 39.13884196395737], [-76.18339734008595, 39.13897507933463], [-76.18338535745836, 39.13914013475096], [-76.18343684350056, 39.139299145512645], [-76.18344615094523, 39.139475010847654], [-76.18342740759681, 39.13966210652862], [-76.18340870197765, 39.139854694114696], [-76.18325571259656, 39.14003740281921], [-76.183053589861, 39.14024252296827], [-76.18295001770201, 39.140424810535464], [-76.18284559663508, 39.14054114488737], [-76.1827629381542, 39.140701281886834], [-76.18262300129419, 39.14080140007289], [-76.18249063184213, 39.140939955292], [-76.18237200841055, 39.14105090238674], [-76.18223228984115, 39.14116751439488], [-76.18215668672853, 39.1413275816905], [-76.1820535664221, 39.14154286118524], [-76.18194241517706, 39.141686731630536], [-76.18187480437552, 39.14191822966282], [-76.18187698817998, 39.142088651268345], [-76.18201236070003, 39.142180996299565], [-76.182166119039, 39.14205877042109], [-76.18232012351636, 39.14195303498211], [-76.18257957942829, 39.14181343110202], [-76.18287577463873, 39.1417834888265], [-76.18303903176351, 39.14184813126839], [-76.18314633013432, 39.141957197879925], [-76.18330259387461, 39.142027397189956], [-76.18347093636223, 39.14193801789213], [-76.18362490850024, 39.141832285058605], [-76.18375071396252, 39.14173229026488], [-76.18403229537991, 39.141663965540026], [-76.18432974553679, 39.14173298489625], [-76.18452073904429, 39.141758888300295], [-76.1846675992202, 39.14164770961607], [-76.18480603409705, 39.1414321329406], [-76.18490189871092, 39.14120040199656], [-76.1850416756708, 39.141089297676906], [-76.18518846218487, 39.1409726061121], [-76.1853213176255, 39.14087253624389], [-76.18549618547534, 39.14074463600448], [-76.18559975314275, 39.14056233115034], [-76.18580281910936, 39.140428683682174], [-76.18594993171187, 39.1403394967437], [-76.18610361010079, 39.140211769023274], [-76.18637026780635, 39.14008308793378], [-76.18659748947096, 39.14018018734139], [-76.18653708585292, 39.14042259631334], [-76.18647588363261, 39.14060455525314], [-76.18639323503321, 39.140764693501865], [-76.1862120789764, 39.14095313113958], [-76.18609382475239, 39.14109156273923], [-76.18596175713427, 39.14125210607153], [-76.18604911290575, 39.141454822466414], [-76.1863255379934, 39.14153500075155], [-76.18650220696537, 39.14154454516566], [-76.18673648759147, 39.14164155198369], [-76.18693480865677, 39.14168940216577], [-76.18721067499231, 39.1417255996479], [-76.18745139025079, 39.14177307981396], [-76.18762811671495, 39.14178809484891], [-76.18779156787583, 39.14186922308083], [-76.18795482050906, 39.14193385220624], [-76.1882515807598, 39.141947878562156], [-76.18847068165422, 39.14196254241336], [-76.1887669217804, 39.14193807990012], [-76.18894352517536, 39.14194213062703], [-76.1891200324506, 39.14194066542605], [-76.18940288318748, 39.14197129320641], [-76.18966642733228, 39.14214503384539], [-76.18992823503362, 39.14218684175555], [-76.19025188455576, 39.1420961800025], [-76.19049840832088, 39.142050137384345], [-76.19083726991404, 39.142041813689566], [-76.19110698638313, 39.142149534639806], [-76.1913824305105, 39.14215274511342], [-76.19172825404712, 39.142138855354936], [-76.19196775119006, 39.14209287825626], [-76.19228533708403, 39.14207923791105], [-76.19253324066142, 39.142137645853396], [-76.19271010726277, 39.14216365500954], [-76.19298627273731, 39.14222182808836], [-76.19324864458066, 39.142307622423054], [-76.19341220084443, 39.14239421439189], [-76.19354758234765, 39.14248654926826], [-76.19373908609823, 39.14255094094442], [-76.19400773896203, 39.14257616962915], [-76.19429679615922, 39.14254076126403], [-76.1945789354304, 39.142516418089826], [-76.19483296461969, 39.14250330036206], [-76.19515120808045, 39.14253912329055], [-76.1953356564628, 39.142603567172074], [-76.19548541550213, 39.142717762502116], [-76.19533198055666, 39.14286199701587], [-76.19507100379695, 39.14288618958124], [-76.19477466216114, 39.14290515263394], [-76.19447071359149, 39.14288020971827], [-76.19423740853577, 39.14286017651177], [-76.19393329647276, 39.14282421997824], [-76.19375671823063, 39.142820200654036], [-76.19349467606898, 39.14276190753867], [-76.1932824257269, 39.14273068371717], [-76.19302753684988, 39.142677847177445], [-76.1927522202833, 39.14268564617287], [-76.19244085971424, 39.1426332708231], [-76.19221476723196, 39.14262415991192], [-76.19203839650064, 39.14263661434673], [-76.19175596437869, 39.14263896366145], [-76.19148074572847, 39.142652272263085], [-76.19115600834651, 39.14266046629722], [-76.19093014762957, 39.142667855627735], [-76.19061960812068, 39.142681441515364], [-76.19033035239585, 39.14270033704216], [-76.19015355406646, 39.14267981678269], [-76.18985649198179, 39.14264380232986], [-76.18959446239656, 39.1425854986177], [-76.18931845412719, 39.14253830047189], [-76.18908580394334, 39.14256774915336], [-76.18884653048089, 39.14263021434485], [-76.18858613672779, 39.142698354896716], [-76.1882615673308, 39.14271754930829], [-76.18807178385399, 39.1427851010547], [-76.18783942741923, 39.14283651483093], [-76.18765527548092, 39.14279404891467], [-76.18754088850423, 39.142685036549814], [-76.18741941920982, 39.14257609299071], [-76.1872628132114, 39.14247841861485], [-76.18696618231806, 39.14247539278535], [-76.18680486375764, 39.14255919630112], [-76.1866516057803, 39.14271991952165], [-76.18651895066397, 39.142836483478945], [-76.18637173565352, 39.14292018345177], [-76.18608332524335, 39.14300503568167], [-76.18592213424373, 39.14309984376691], [-76.18565596252671, 39.14326701237702], [-76.18535932893843, 39.14326396080325], [-76.18507049272681, 39.14331584102262], [-76.1848226637096, 39.143262914350295], [-76.18450519729156, 39.14328754082577], [-76.18419482307267, 39.14331209204842], [-76.18404759728244, 39.14339578448868], [-76.18390059966431, 39.143495979660365], [-76.18375413025555, 39.14363463477819], [-76.1834783869892, 39.14360943434092], [-76.18319644265243, 39.14365025972751], [-76.18299880879836, 39.14365737724019], [-76.1827439244129, 39.143604498200425], [-76.18258074005165, 39.14354537178038], [-76.18234011552302, 39.143503375870225], [-76.18203727727106, 39.14356635718541], [-76.1817984206269, 39.143661811054486], [-76.18148154440202, 39.14373040485727], [-76.18128538198837, 39.1438529594628], [-76.18113139907057, 39.1439587143425], [-76.18090673221464, 39.14405953434812], [-76.18075251842981, 39.14414876464583], [-76.18043534396423, 39.14419536742926], [-76.18054290284647, 39.1443209560326], [-76.18081975463389, 39.1444341258287], [-76.1810470535536, 39.144536722419225], [-76.1812604869769, 39.14466142004055], [-76.1814099684368, 39.14475365928307], [-76.18164454730356, 39.14487268755029], [-76.18180845121537, 39.144986796293196], [-76.18195121148032, 39.14510657310588], [-76.18206562181321, 39.14521559147439], [-76.18221539253067, 39.14532982506492], [-76.18240744784683, 39.14543819168732], [-76.18256364870506, 39.14550287884428], [-76.18274208735814, 39.145649860941624], [-76.18290632005333, 39.14579146783572], [-76.18300771918766, 39.145988571249966], [-76.18305286941215, 39.14620262009215], [-76.18315364781061, 39.14635023052321], [-76.1833679624812, 39.14654090276947], [-76.18356801460004, 39.14672068272784], [-76.1838028746395, 39.146861689027475], [-76.18398026406032, 39.146926204192056], [-76.1842567771829, 39.14701189595609], [-76.18442682557122, 39.147054472188145], [-76.1847109510175, 39.14718407476548], [-76.18495141115443, 39.147209571399934], [-76.18519932371497, 39.147268003648776], [-76.1853208424167, 39.14738245962802], [-76.18545658594097, 39.147502289490575], [-76.18515301556207, 39.14751031506399], [-76.18487770887694, 39.147518094017386], [-76.18462343265094, 39.14751470753244], [-76.18444720026018, 39.14753815376482], [-76.18416475017192, 39.14754049176935], [-76.18390254361859, 39.14747116669818], [-76.1835627648455, 39.14740800565385], [-76.18330045139265, 39.14732770308483], [-76.18302456349754, 39.147291496640015], [-76.18269905176781, 39.1472392145873], [-76.18257052351193, 39.14713029967329], [-76.18243367685649, 39.14692249651366], [-76.18232617816139, 39.14680243715583], [-76.1821207100997, 39.146749136205585], [-76.18215805665933, 39.14690827608133], [-76.18218906650294, 39.14712244961687], [-76.1822269969675, 39.14732556849976], [-76.18223584447472, 39.14746296625738], [-76.18214560780612, 39.14758466861459], [-76.18206349729758, 39.14778878726622], [-76.18192517471013, 39.148015347512974], [-76.18187146174435, 39.14823022409014], [-76.18186653179006, 39.14839520834415], [-76.18190544680817, 39.148675297459675], [-76.18195708107238, 39.1488453160647], [-76.18200882852433, 39.14902633992585], [-76.18203181012424, 39.14916359642698], [-76.18208309045224, 39.149306137421306], [-76.18207842729758, 39.149493103173285], [-76.1819892560309, 39.149697273414844], [-76.182146294119, 39.14982793350383], [-76.18226218667212, 39.15005241189841], [-76.18232852006933, 39.15026630835768], [-76.18237393080526, 39.15050234531121], [-76.18251058611955, 39.150693655570855], [-76.18275858222339, 39.15075758832155], [-76.18304203033995, 39.150832211521106], [-76.18321300219638, 39.15094626601809], [-76.18334858851547, 39.15105510954371], [-76.18366177895277, 39.15124496165296], [-76.18395165541348, 39.151270054165806], [-76.18408012797384, 39.15137345584454], [-76.18423702951799, 39.151493129137606], [-76.1843518575675, 39.151635115777836], [-76.18454431443061, 39.15177098439612], [-76.18466570018168, 39.151874434798934], [-76.18487184557308, 39.1519772058451], [-76.18504295397345, 39.152102247649914], [-76.18481135481848, 39.152214123158075], [-76.18452809714478, 39.15215598480896], [-76.18428023848317, 39.152103059210866], [-76.18408836283005, 39.15201119044879], [-76.18395998818606, 39.151913279775336], [-76.18373357051364, 39.15188214500115], [-76.18354320223357, 39.1519057332825], [-76.18325475139922, 39.151990586522835], [-76.18307248682133, 39.15209656672282], [-76.18293239185783, 39.15218568094578], [-76.18288466257015, 39.1523180403393], [-76.18273065809278, 39.152423774837416], [-76.18264113738147, 39.152600460735115], [-76.18252307809188, 39.152755383324475], [-76.18248253083489, 39.15289867843976], [-76.18261142560343, 39.15303505175031], [-76.18277548312714, 39.15316016481932], [-76.18289072979158, 39.153335152630916], [-76.18309837267456, 39.153553365723276], [-76.18318489121619, 39.153690110447705], [-76.18328539023861, 39.153815747589896], [-76.18347090312456, 39.15396265172275], [-76.18362725489978, 39.154038344287194], [-76.183748649634, 39.1541418038956], [-76.18391251042667, 39.1542504153879], [-76.18404794852374, 39.15434827265462], [-76.18419825194212, 39.15450096507806], [-76.18415764809129, 39.15463876678355], [-76.18415408627118, 39.154908201767654], [-76.18414958301666, 39.155106178250065], [-76.18411005265258, 39.15532642476039], [-76.18410603987822, 39.15556288567973], [-76.18407257224399, 39.15570610890251], [-76.18403310925355, 39.15593186209744], [-76.18414875117672, 39.15613434883484], [-76.18423518437841, 39.15626558488372], [-76.18431494130091, 39.15642438699507], [-76.18438789348512, 39.15660521582373], [-76.18446108821448, 39.15680254041566], [-76.18456186301967, 39.156950164836275], [-76.18471857771425, 39.15705333944569], [-76.18497525244207, 39.15723814754425], [-76.1852666335809, 39.157378682789194], [-76.18554389859334, 39.15751933407988], [-76.18567238193347, 39.15762273214828], [-76.18584343643494, 39.15774227709431], [-76.18604268007, 39.15785610376076], [-76.18634656575757, 39.15787008236369], [-76.18647225982876, 39.15775905799238], [-76.18661950538193, 39.15767536173463], [-76.18683236388344, 39.15775057385613], [-76.18679989158255, 39.157970789799016], [-76.1867179454657, 39.158185894402116], [-76.18658674023027, 39.15841789680647], [-76.18645414080949, 39.15853995635861], [-76.1863013463628, 39.158739168756], [-76.18615586240591, 39.15896031498293], [-76.18607989278065, 39.159092881742986], [-76.18628628341212, 39.15921214417854], [-76.18658958609306, 39.1591821292015], [-76.18687836840577, 39.159119255197936], [-76.18707575073158, 39.15909013524762], [-76.18730281429268, 39.15917071694541], [-76.18747322829535, 39.15924078624629], [-76.1877630715184, 39.15926036133758], [-76.18803779789185, 39.15920310715797], [-76.18833462910949, 39.15921713425167], [-76.18860948124708, 39.1591708625241], [-76.18888505922342, 39.15917957426056], [-76.18906911234704, 39.15921103179061], [-76.18931028754294, 39.1592915032954], [-76.18948079407207, 39.159367043852455], [-76.1896166121565, 39.159492374826236], [-76.18978718875424, 39.159573424141534], [-76.1899225972069, 39.15966575877003], [-76.19010095321498, 39.15980174561838], [-76.1902931863976, 39.159921105064626], [-76.19049943060367, 39.16002936006233], [-76.19063648387161, 39.16024813609344], [-76.19070282535365, 39.16046202802974], [-76.19064100060086, 39.1605944937487], [-76.19051665040935, 39.16080995461659], [-76.19035644486158, 39.16098174025728], [-76.19022349150458, 39.16107632143634], [-76.18994932298492, 39.16117755782341], [-76.1896592704544, 39.1611414922379], [-76.1897044197806, 39.161355543748904], [-76.18973525624935, 39.16155321372842], [-76.19003744681598, 39.16143525149727], [-76.19032578536093, 39.16133937665284], [-76.19048743899295, 39.16127754101088], [-76.19074213024061, 39.1613084160022], [-76.19103195729399, 39.161328001662596], [-76.19134892963862, 39.161259379040075], [-76.19163061885384, 39.16119655425688], [-76.19185640950218, 39.16117818260992], [-76.1920035876817, 39.1610889662413], [-76.19212919012473, 39.16097246385728], [-76.19230403192341, 39.160839038331865], [-76.19247210401814, 39.160727677344326], [-76.19263253414472, 39.16057238155163], [-76.19276551085791, 39.16047782268071], [-76.19305325651477, 39.16033794697823], [-76.19324351250543, 39.1603033743391], [-76.19349128043721, 39.16034529962597], [-76.19367511437189, 39.16036025288631], [-76.19394284466591, 39.160308525235045], [-76.19411824162346, 39.160219096712325], [-76.1942654153114, 39.16012990002357], [-76.19456130239968, 39.16007242853458], [-76.19442971627855, 39.16027147569239], [-76.19444635667087, 39.160463754742736], [-76.1943507974842, 39.16071748079003], [-76.19424629467056, 39.160828310339404], [-76.1941147705332, 39.161032844715315], [-76.19391173061773, 39.161172018327875], [-76.1936863100753, 39.1612178715186], [-76.19340425973732, 39.1612532245165], [-76.19317962432243, 39.16135955574578], [-76.19303330583064, 39.161514744625414], [-76.19284535222205, 39.16172524203392], [-76.1927055483127, 39.16183637785861], [-76.19252234230039, 39.161870898201734], [-76.19231111424112, 39.16192213713906], [-76.19194536247825, 39.16204065646668], [-76.19176208729566, 39.162069679772436], [-76.19152182748303, 39.16206067515884], [-76.19128875149774, 39.162062619843454], [-76.19095673686367, 39.16205988739441], [-76.19066068538369, 39.162106345282176], [-76.19037184198555, 39.162163724562035], [-76.1901956922398, 39.16219818832648], [-76.1899075737821, 39.16231053325547], [-76.18962526023773, 39.162329376845605], [-76.18942965388126, 39.16249596764265], [-76.18918345979786, 39.162574986638404], [-76.1891286769386, 39.162707405194894], [-76.18929270212294, 39.16282699234648], [-76.18944935124051, 39.16292464753701], [-76.18955009819794, 39.16306678105834], [-76.1895872713827, 39.1632094150824], [-76.18978032832041, 39.16338925275513], [-76.18976905985348, 39.16360927413583], [-76.18966611921014, 39.163841052490525], [-76.18956875261313, 39.163957318188814], [-76.18942877802387, 39.16405746946106], [-76.18930343519396, 39.16419595521706], [-76.18905159879226, 39.16438499249006], [-76.18894153810197, 39.16461132935937], [-76.18887255197973, 39.164738353220976], [-76.18879765134966, 39.164953412058054], [-76.18891343700327, 39.16516689268892], [-76.18900831886017, 39.16540252653979], [-76.18906812599685, 39.16565493722298], [-76.1891272782617, 39.16585787654957], [-76.18917842204576, 39.16598940230526], [-76.18920254360776, 39.16621463148545], [-76.18914832129721, 39.166391023662534], [-76.18904573997999, 39.1666503063983], [-76.18898524832706, 39.16688722793266], [-76.18870380525023, 39.1669720345504], [-76.18862874651667, 39.167176103929314], [-76.18850491016148, 39.16743005022603], [-76.18837932658309, 39.167552038424255], [-76.18826060074358, 39.1676575006947], [-76.18819292077173, 39.167883481588106], [-76.18833602688807, 39.168025260341096], [-76.18849927772466, 39.16808437873029], [-76.18880355777263, 39.168125833447796], [-76.1890639560173, 39.168052188312494], [-76.18921128421547, 39.16797399799096], [-76.18939385242393, 39.16788999769213], [-76.18959814009933, 39.16784432644861], [-76.18997220038025, 39.16781920989864], [-76.19018515859477, 39.16789990556772], [-76.19038442828099, 39.16801372276363], [-76.19061208832345, 39.16813827292272], [-76.19082457582076, 39.16818050207166], [-76.19072025806007, 39.16830782801875], [-76.1906235822675, 39.16847908414976], [-76.19069592808891, 39.168610413478596], [-76.1907762132208, 39.1688077071835], [-76.19095488723251, 39.168965652902706], [-76.1911253982532, 39.16904121023286], [-76.1912892841987, 39.16914981195663], [-76.19142500257013, 39.16926413901978], [-76.19159752761371, 39.16949361718135], [-76.19176990713021, 39.16971211514727], [-76.19184219456113, 39.16983797787997], [-76.19197143068948, 39.169996348900504], [-76.19200175961011, 39.17015553857804], [-76.19184436399253, 39.17000290868456], [-76.19170108270472, 39.16985014404635], [-76.19156492775205, 39.1697028301484], [-76.19140697697564, 39.1695062186864], [-76.1912712469261, 39.16939187251628], [-76.19115680964374, 39.16928286513664], [-76.19099249430356, 39.169141286014245], [-76.19072186424779, 39.1689730917051], [-76.19056339334685, 39.168737994246015], [-76.1904698517763, 39.168606816286264], [-76.19030587959256, 39.168492720074646], [-76.1901216665688, 39.16845025780007], [-76.18988016887772, 39.16834782422147], [-76.18969723415663, 39.16840429789055], [-76.1894374081388, 39.168521933636654], [-76.1891137029211, 39.168618100953175], [-76.18886708662953, 39.16866412688617], [-76.1886764443633, 39.168671224457576], [-76.18839417124316, 39.16869555997776], [-76.18811842707849, 39.16867586354301], [-76.18782920189634, 39.168705740750035], [-76.18778231971999, 39.16890407190181], [-76.18772146335105, 39.16911350670097], [-76.18769600150266, 39.16932815588164], [-76.18757199716251, 39.16957109334926], [-76.1875251410373, 39.16976942066779], [-76.18752704995728, 39.16991785082356], [-76.18753731859928, 39.17016519611253], [-76.18747068426647, 39.170473645938046], [-76.18745198763045, 39.1706662334795], [-76.18745499608835, 39.17089713057467], [-76.1875202865415, 39.17102855846002], [-76.18762137665537, 39.171198151159345], [-76.18770122700266, 39.171362445720874], [-76.18780861430666, 39.1714715090734], [-76.18786831993371, 39.171718427561046], [-76.18789250976769, 39.17194914988163], [-76.18789500528754, 39.172141575991276], [-76.18801738188039, 39.17231650544901], [-76.1881748394817, 39.172474634106145], [-76.18841814637977, 39.172714546621286], [-76.18849187201346, 39.17295035087748], [-76.18857948200817, 39.17316955958445], [-76.18865290760455, 39.173383377409195], [-76.188783266627, 39.173629714649046], [-76.1888143752853, 39.173849356490415], [-76.18888744514882, 39.174035713831024], [-76.18898105678795, 39.174172386012856], [-76.18906899466772, 39.174413575500715], [-76.18912726838023, 39.1745505491843], [-76.18920689864026, 39.17469832786874], [-76.18920329549766, 39.17496227157459], [-76.18928411692377, 39.175203517546194], [-76.18946300114123, 39.175377967235534], [-76.18967584706634, 39.17544767916191], [-76.18987501075136, 39.17555049167925], [-76.1900246934339, 39.175653709342754], [-76.19018868268564, 39.17576780786401], [-76.19040347076839, 39.175985950679305], [-76.19047005299893, 39.17621632125344], [-76.19052964723488, 39.176452246078384], [-76.1904545822131, 39.17665629909042], [-76.19031603504683, 39.176866393944735], [-76.19022604272, 39.17701009119897], [-76.19020664899132, 39.17714771162756], [-76.19022356067485, 39.17736201038448], [-76.19019032750091, 39.17752172516156], [-76.19016705933844, 39.17736246232778], [-76.19015754528127, 39.17717560197187], [-76.19015490513264, 39.17697220436085], [-76.19019430164774, 39.17674093793972], [-76.19022074355813, 39.176603279807026], [-76.19023188536259, 39.176372259386774], [-76.19010907129021, 39.17616435944045], [-76.19000147557705, 39.17603877683404], [-76.18985146321282, 39.175913576317704], [-76.18970883050864, 39.17581028104065], [-76.18948121628027, 39.17569122362883], [-76.18918924045671, 39.17551220084655], [-76.18904624213823, 39.17538144639191], [-76.18892451053576, 39.17525598843369], [-76.1888237510019, 39.1751138781516], [-76.18872213717023, 39.17490580526093], [-76.18868368119122, 39.174664201713334], [-76.1887094331955, 39.17447154503525], [-76.1886292352002, 39.17427976807795], [-76.18847155032509, 39.174105139474555], [-76.1883568165987, 39.17397413657335], [-76.1881998180365, 39.17385447157427], [-76.18806440958383, 39.173762136071275], [-76.18799804205064, 39.173548264382134], [-76.1879046531937, 39.173428069388414], [-76.18778913703468, 39.17323659530901], [-76.18760497701153, 39.173199638234145], [-76.18741284354195, 39.17309125934819], [-76.18722760015058, 39.17297184564427], [-76.18707792555287, 39.172868621954734], [-76.18693500538782, 39.17274334197371], [-76.18684065353689, 39.172551686354424], [-76.18674557315228, 39.17229957898994], [-76.18677081042186, 39.17206843230578], [-76.1868112903052, 39.17191964872784], [-76.1868072937005, 39.17161178118866], [-76.18681848491231, 39.17138627331021], [-76.1867665461192, 39.171194262295266], [-76.18675614542485, 39.170935940673395], [-76.18662662542887, 39.170755565148504], [-76.18658239957081, 39.17061298055213], [-76.18648772342806, 39.170393825162094], [-76.18648594745875, 39.17025639835705], [-76.18648316357967, 39.17004197765649], [-76.18648795249845, 39.16986598742968], [-76.18639954929134, 39.169586323226795], [-76.18634819889476, 39.16943829840002], [-76.1863810152504, 39.16924558701022], [-76.1865209332458, 39.169139971116316], [-76.18666076590125, 39.16902884752728], [-76.18679239154824, 39.16882981330962], [-76.18685281942078, 39.16858738308689], [-76.18686388486844, 39.16835086983232], [-76.18691853926865, 39.168207472467635], [-76.18717774634726, 39.16804037703022], [-76.18725244395807, 39.167808827720094], [-76.18727111544126, 39.167616243497214], [-76.18733997400271, 39.16747821648204], [-76.18745119621468, 39.167339828425575], [-76.18752703827919, 39.1671962388633], [-76.18764340514277, 39.166909372271896], [-76.18771233107789, 39.16677685576163], [-76.1877378522151, 39.166567698862806], [-76.18771360668559, 39.16633148457026], [-76.18766196613316, 39.16616146921204], [-76.18755301396394, 39.16593143622581], [-76.18755115175635, 39.16578851380525], [-76.18761921980037, 39.16559000880086], [-76.1876030815663, 39.16543618775754], [-76.1875294610355, 39.165205875196634], [-76.18744898905403, 39.16499210703324], [-76.18748146225323, 39.16477191515804], [-76.18755692073711, 39.16460084014349], [-76.18760386310059, 39.164408018685855], [-76.18770083713382, 39.16425875990911], [-76.18774079060441, 39.164071485139374], [-76.18770267059533, 39.1638573673667], [-76.18769984000386, 39.16363747213284], [-76.18758424658974, 39.16344050939218], [-76.18746112080194, 39.1632050995131], [-76.18734633766819, 39.163068589199085], [-76.18734355468744, 39.16285418419667], [-76.18724189055011, 39.162640592069714], [-76.18716932823473, 39.162492743470175], [-76.18720899065116, 39.162283481891784], [-76.18733348726806, 39.162079006873704], [-76.18741653741438, 39.16194638723265], [-76.18745626900109, 39.16174260079294], [-76.1874740834915, 39.16148404524921], [-76.18753506652287, 39.16128560959114], [-76.18762369969869, 39.16103744181614], [-76.18748100321412, 39.16092865552308], [-76.18719895107954, 39.16096398846694], [-76.18698779219054, 39.16102073553232], [-76.18681137025526, 39.1610331992493], [-76.18652893543835, 39.161041036609525], [-76.18632368476896, 39.16100974706509], [-76.18607614860255, 39.16098431045645], [-76.18577196018272, 39.16094833601751], [-76.18553062867997, 39.16085687373755], [-76.1851833031602, 39.16076077869691], [-76.18502001010279, 39.160696163376635], [-76.18487741243291, 39.16059286803651], [-76.1846919202082, 39.16045145948657], [-76.18457743262019, 39.16033693142678], [-76.18440587775711, 39.16017891618028], [-76.18424053025265, 39.159954844131896], [-76.18418211191143, 39.15980688679945], [-76.18413632747632, 39.15954334662953], [-76.18401382422103, 39.15935742593153], [-76.18371806469352, 39.15942583239028], [-76.1834787337389, 39.159488318143964], [-76.18327443169046, 39.159528482353366], [-76.18331250319052, 39.159742604247256], [-76.18341358971112, 39.15991220047803], [-76.1834507215734, 39.16005486249105], [-76.18353035452839, 39.16020264864997], [-76.1835391768828, 39.16034002265946], [-76.18358355365783, 39.16049361593506], [-76.18359964877277, 39.160647438035134], [-76.1835883129322, 39.160861961905105], [-76.18351318862162, 39.1610605164718], [-76.1834460251811, 39.16133047503181], [-76.18342048697588, 39.16153961546364], [-76.18333830550043, 39.1617382398596], [-76.18313510658315, 39.16186636593189], [-76.18298807842227, 39.16196655500722], [-76.18287698736437, 39.1621159363595], [-76.18276682516445, 39.16233675575291], [-76.18267058864805, 39.1625410008682], [-76.18243108431857, 39.16259247056044], [-76.18223340015885, 39.16259959590862], [-76.18194305567586, 39.16254150026983], [-76.18172369427, 39.1625103298005], [-76.18154678095625, 39.1624843037853], [-76.18124928588362, 39.16242076338035], [-76.18096621326286, 39.1623791165442], [-76.180669375757, 39.16236506570281], [-76.18037295506944, 39.162384011666376], [-76.18007760068213, 39.16248540288769], [-76.17991671690632, 39.162607701949064], [-76.17977695162453, 39.16272431515672], [-76.17954586091601, 39.162880162015654], [-76.17944162849527, 39.163012993725125], [-76.17923729051422, 39.16305315174315], [-76.17906150548447, 39.1631150749776], [-76.17895054647889, 39.163275443399044], [-76.17889681554679, 39.1634903116871], [-76.17888459935726, 39.16363884981907], [-76.17883691139208, 39.163776720690336], [-76.1786968595477, 39.16387131761369], [-76.1786072454116, 39.16404251350405], [-76.17858137752467, 39.164229658802185], [-76.1783064256741, 39.164270412328285], [-76.17813776967445, 39.16433777831765], [-76.17811842625143, 39.16448089243649], [-76.1781208274482, 39.16466781369003], [-76.1780737916599, 39.164855127965204], [-76.17799233961647, 39.16511422831047], [-76.17803741348416, 39.16532278637286], [-76.17816765572564, 39.16556362453852], [-76.17836703859957, 39.165688447182866], [-76.17853768167264, 39.16577502361765], [-76.17870182812956, 39.16590563504717], [-76.17885154404975, 39.16601435722861], [-76.17898032024067, 39.16613975088305], [-76.1790749721289, 39.16635891465407], [-76.17917548103279, 39.166484537531474], [-76.1791989800623, 39.166665787639204], [-76.17915958534383, 39.16689703426459], [-76.17905680819385, 39.167145303946256], [-76.17896036326832, 39.16733302323637], [-76.17883506176092, 39.16747701020184], [-76.17868954007477, 39.16769814567565], [-76.17855684363596, 39.167814704477685], [-76.1784099268662, 39.167925875255136], [-76.17825058010781, 39.16816910172223], [-76.17813281995723, 39.16835150500202], [-76.17796522486792, 39.16850133315274], [-76.17782515236232, 39.16859595297319], [-76.17787072120173, 39.168842995079075], [-76.17807088560997, 39.16902829175914], [-76.17825756271252, 39.169263182795376], [-76.17824550282984, 39.169422746731804], [-76.17838235397686, 39.169630534286114], [-76.17839856497447, 39.169789849455114], [-76.178308918499, 39.169961038601116], [-76.17820580987069, 39.170181804115884], [-76.17796747604605, 39.170326717083746], [-76.17770761229897, 39.17044432245328], [-76.17736971100484, 39.17053506468782], [-76.17714480070546, 39.17062489238549], [-76.17694043757159, 39.17066504814703], [-76.17669393087448, 39.17072205203134], [-76.17641168560209, 39.170746357591625], [-76.17623530588763, 39.17076429982548], [-76.17603151677723, 39.17084845547808], [-76.17578563351093, 39.17095492750714], [-76.17562472278566, 39.17107722089614], [-76.17545080535338, 39.17128757547415], [-76.17556544834994, 39.17141309274486], [-76.17544685546109, 39.17152952560462], [-76.1753112403959, 39.17142067196675], [-76.17504225515543, 39.17137888629874], [-76.1749021763616, 39.171473506426295], [-76.17475482390891, 39.17155169424998], [-76.17461474870835, 39.17164630787714], [-76.17451029081049, 39.17176261778017], [-76.17429242869284, 39.171852384017456], [-76.17416704004886, 39.17199087740777], [-76.17404851453362, 39.172112796410126], [-76.17407909138927, 39.172293978389], [-76.1740819677948, 39.17251938237622], [-76.17402115903658, 39.172734306691495], [-76.17393806846607, 39.17286695543782], [-76.17393291752623, 39.1730154389472], [-76.17386564089799, 39.173279900830835], [-76.17378969822217, 39.173417974261454], [-76.17371423165348, 39.17359455381204], [-76.17362452948245, 39.173760227923154], [-76.17351997726148, 39.17387104597535], [-76.17344438492864, 39.17403661497481], [-76.17340416196348, 39.17420738360336], [-76.17337182261326, 39.174438554594474], [-76.173304064488, 39.17466455757142], [-76.17353193383792, 39.174805636705635], [-76.17369558172986, 39.17489776609879], [-76.17385918111276, 39.17498440222892], [-76.1740234057231, 39.1751205154541], [-76.17414624135507, 39.17533392065537], [-76.17426166498761, 39.17551992168959], [-76.17434104461768, 39.17565123229887], [-76.17438553637707, 39.17581581590146], [-76.17448656360888, 39.17597992418592], [-76.17458127478591, 39.17620458515867], [-76.17463253894424, 39.176347122205655], [-76.17450135077677, 39.17658460508223], [-76.1744898325782, 39.17678814448217], [-76.1743939482014, 39.17702533130373], [-76.1743401930148, 39.17724022652632], [-76.17419485997488, 39.17747782894699], [-76.17411205147535, 39.177632450936144], [-76.17402933280736, 39.17779258361397], [-76.17393367750097, 39.17804626247142], [-76.17380163593398, 39.17821780198168], [-76.17376099255726, 39.17835557603071], [-76.17368645933816, 39.17860361445882], [-76.17368891712877, 39.17879602166174], [-76.17364830070152, 39.178933820342685], [-76.17356604107262, 39.179132434613294], [-76.17346283003637, 39.179347704994825], [-76.17339513479318, 39.17957917313811], [-76.17337577879375, 39.179722287577526], [-76.1733364200079, 39.179959023019116], [-76.17318337672789, 39.18014723175348], [-76.1730649644004, 39.18028015619261], [-76.17291787515408, 39.180380334357025], [-76.17277078590779, 39.18048048800687], [-76.17250299363002, 39.18053216322072], [-76.17221461106763, 39.18063348162498], [-76.17194047309067, 39.18074568081847], [-76.17175807735876, 39.18084613406787], [-76.17161875225145, 39.18100122076266], [-76.17157845652275, 39.181166500010214], [-76.17165071520758, 39.18129236800506], [-76.17181497305559, 39.18142848015976], [-76.17194217000824, 39.181484055505884], [-76.17209917396035, 39.181552621490304], [-76.17243943692536, 39.181643310395614], [-76.17259570605555, 39.181708010920865], [-76.17288654730687, 39.18179910627942], [-76.17317055597215, 39.18190673921059], [-76.17331294882615, 39.18199355471134], [-76.17346230003035, 39.18206930972511], [-76.17352764078917, 39.18220624064138], [-76.17360716235306, 39.18234853155751], [-76.17363019425864, 39.18249129777076], [-76.17363222804444, 39.182650720279895], [-76.17372701917152, 39.182880869173694], [-76.17386401045573, 39.183094174921955], [-76.17392927934932, 39.183225605772954], [-76.17398844059731, 39.1834340439745], [-76.17406157603786, 39.183625884393244], [-76.17413384011256, 39.1837517563401], [-76.17426290556102, 39.1838991410733], [-76.17435012658521, 39.18409085488829], [-76.17433071129697, 39.18422847956001], [-76.17434786193238, 39.18446476115868], [-76.17444271594155, 39.18470040694112], [-76.174691463037, 39.18481382581885], [-76.1748615392731, 39.18485092092192], [-76.1751583165918, 39.184853998543865], [-76.17541916309581, 39.1848078613562], [-76.17575083187852, 39.184777647020816], [-76.17589319688473, 39.184858963123766], [-76.17614845496934, 39.18492835579851], [-76.1763340334323, 39.18507527224508], [-76.1760869042027, 39.18508829291078], [-76.17590350145935, 39.18511179416182], [-76.17562804924714, 39.1851195557282], [-76.17561594624533, 39.18527909343103], [-76.17534644986345, 39.185198841746974], [-76.1750555942391, 39.18510775984596], [-76.17489930624427, 39.1850430547907], [-76.17463663795688, 39.18494623244337], [-76.17438083818814, 39.184832862519926], [-76.17425911736547, 39.18470741307176], [-76.17411477965888, 39.18447216838063], [-76.17404154091209, 39.1842693482236], [-76.17393995762312, 39.18406123836853], [-76.1738814763998, 39.18390776410148], [-76.17382241306818, 39.183710311530675], [-76.17373461442725, 39.18347461647265], [-76.17360471713887, 39.183261240158856], [-76.17349684654123, 39.183113677921284], [-76.17342393837444, 39.182938331773826], [-76.17339931195924, 39.1826691232227], [-76.17332598966912, 39.18246079068233], [-76.17316041848417, 39.18222022763526], [-76.17294615681419, 39.18204053768901], [-76.17264796734382, 39.1819275091519], [-76.17233580457922, 39.181825603522086], [-76.1720380346221, 39.181745547044216], [-76.17181062790458, 39.18164294969857], [-76.17163989230504, 39.1815508667456], [-76.17157631673575, 39.18148147212925], [-76.17142495061037, 39.18131621381576], [-76.17124664041637, 39.18118571456709], [-76.17119474384408, 39.18099370454702], [-76.17129831420645, 39.180805919361255], [-76.17140986699843, 39.18068954224927], [-76.1715856592147, 39.180622120896565], [-76.17188899243838, 39.18058666552406], [-76.17210611164927, 39.18043642860747], [-76.17237300830674, 39.180313291516455], [-76.17252581892306, 39.180108611965586], [-76.17263009805619, 39.17997580975844], [-76.17275550286986, 39.17983732165005], [-76.17285187682849, 39.17963859865176], [-76.17289146378643, 39.17941835862638], [-76.172945734606, 39.1792419768413], [-76.17295088734247, 39.1790934765374], [-76.1729902739761, 39.17885673818124], [-76.17294611010179, 39.178719636400835], [-76.17302820893224, 39.178510037319974], [-76.17306814623313, 39.17831727488747], [-76.17312976167848, 39.178162829887405], [-76.17319073393008, 39.17795889754025], [-76.17325255149635, 39.177820930517385], [-76.17334878980935, 39.177611203411324], [-76.17336718101816, 39.17739113460874], [-76.17341471447313, 39.17724228708501], [-76.17341867155196, 39.177000333630495], [-76.17340097294422, 39.17672006827717], [-76.17331451189474, 39.176588825819785], [-76.1731226506147, 39.17650243261299], [-76.17288878680688, 39.1764438651715], [-76.17252732719443, 39.1763533471355], [-76.17227832318083, 39.17621793198057], [-76.17211465462765, 39.17612579874615], [-76.1719572904511, 39.17597311983278], [-76.17180747391961, 39.17585889699204], [-76.17163597295546, 39.175706337277354], [-76.1713939838859, 39.17556535396248], [-76.17111961055035, 39.17565556172863], [-76.17094343385514, 39.17568999450877], [-76.17066821789986, 39.175714237070004], [-76.17037179990724, 39.175738647451674], [-76.17009574941707, 39.17569689777598], [-76.16981263188055, 39.175655239998456], [-76.16950104493606, 39.175597291635036], [-76.16933786506638, 39.175543643412226], [-76.16908281000102, 39.17548524021588], [-76.16892641780163, 39.17540952894359], [-76.16862903861166, 39.175356985746284], [-76.16834661008296, 39.17537029233854], [-76.16806405040023, 39.17537258415302], [-76.16779479027528, 39.17530878867409], [-76.16750426612924, 39.17523967689798], [-76.16720127965526, 39.17530262075565], [-76.16703980119475, 39.17538090042342], [-76.16689319434374, 39.17551955608639], [-76.16674666025628, 39.17566368297762], [-76.16655076194732, 39.175813718392604], [-76.16640402573893, 39.17594138915666], [-76.166278617332, 39.17607985151311], [-76.16618836179877, 39.176207053130064], [-76.16601987827566, 39.17629087845277], [-76.1657457744347, 39.17640306856005], [-76.16549162217622, 39.17641614097132], [-76.16530069155077, 39.17640118903512], [-76.16500440201725, 39.17643657757699], [-76.16483730189967, 39.1766303667494], [-76.16471141109744, 39.1767303600042], [-76.16444297562593, 39.17673254662166], [-76.16421126058827, 39.176844382962635], [-76.16398583375762, 39.176895672969145], [-76.1638312390871, 39.17696291544599], [-76.16357044378708, 39.177009010429266], [-76.16325940032333, 39.17699503911147], [-76.16299942608349, 39.17710709857009], [-76.16282420699235, 39.17721849212022], [-76.16269524395186, 39.17707658148507], [-76.16240569178296, 39.17708440661206], [-76.1621093528421, 39.17711429138862], [-76.1618194431437, 39.17709465650339], [-76.16152378422751, 39.177179522538225], [-76.16132849228137, 39.177379020581895], [-76.1612241278083, 39.177506339623655], [-76.161113802115, 39.17772164910611], [-76.16103055344098, 39.17784328310846], [-76.1607916842204, 39.1779496749102], [-76.16084550228908, 39.177734811799716], [-76.16095582977901, 39.17751948494835], [-76.16107403998556, 39.17737009522521], [-76.16118471692013, 39.177182245347026], [-76.16128214729754, 39.17706600290361], [-76.1611380180001, 39.17684174649107], [-76.16095913198599, 39.1766617384811], [-76.16085123982882, 39.17650867354577], [-76.16107002810952, 39.17649041174763], [-76.1612985541279, 39.17668649811429], [-76.16149831429426, 39.17683883077351], [-76.16169616374401, 39.17684273046739], [-76.16194381130153, 39.176873710742406], [-76.16223372189823, 39.17689337145512], [-76.1624949663559, 39.17688025386831], [-76.1626712777984, 39.17685684317934], [-76.16291844655389, 39.176849339055345], [-76.1631016354982, 39.176809376935445], [-76.16338302557442, 39.17671361984337], [-76.16369224545815, 39.17658467054159], [-76.16395996856563, 39.17652752377775], [-76.16424924585007, 39.17649768680181], [-76.16454422114835, 39.17635782972529], [-76.16476263034, 39.17631207693368], [-76.16488140379023, 39.176206638783896], [-76.16514130167329, 39.176089087619694], [-76.16531776403275, 39.17607665024754], [-76.16551519576589, 39.17604757143999], [-76.16585399986688, 39.1760228220275], [-76.16603572096403, 39.17586740192489], [-76.16614699258332, 39.17572904151867], [-76.16633563070815, 39.17556255727409], [-76.16645424425828, 39.1754461373595], [-76.16657965805507, 39.17530767445156], [-76.16680299001447, 39.17509142789443], [-76.16694273014345, 39.17496931767374], [-76.1671022592598, 39.17473711079938], [-76.16731346935279, 39.17468040683412], [-76.16754001907755, 39.17471704000346], [-76.16773198995209, 39.174814452357616], [-76.16799351109086, 39.17482333277314], [-76.16818450190341, 39.1748437656634], [-76.16845327783642, 39.174869075391214], [-76.16875030039522, 39.17489413649754], [-76.16904014002502, 39.174908285813046], [-76.16922332986765, 39.174868313536805], [-76.16942062775182, 39.174828194995115], [-76.16967538816976, 39.17486460941993], [-76.16987326187402, 39.17486849181349], [-76.17006405505722, 39.17487245011375], [-76.17034765139577, 39.17495261330609], [-76.17060237677943, 39.17498352756022], [-76.17079268487237, 39.17494897465458], [-76.17108194868206, 39.17491911750975], [-76.17134212414454, 39.174823540298505], [-76.17145376227649, 39.17471265410795], [-76.17163620831406, 39.174617695015634], [-76.17178322210187, 39.174512026603225], [-76.17190820201242, 39.174340564405036], [-76.171997709249, 39.17415839741781], [-76.17207359622925, 39.1740148106346], [-76.17211366198926, 39.17383305994928], [-76.1722247198095, 39.17367819352345], [-76.1722081333161, 39.17348588652578], [-76.17226252810319, 39.17332050983128], [-76.17240805697584, 39.173099383679045], [-76.1724900201607, 39.17287879446244], [-76.17248728029907, 39.17266439707871], [-76.17250592932436, 39.17246629938513], [-76.17248984768415, 39.172312475970145], [-76.17248076032674, 39.172153106623774], [-76.17247138910169, 39.171971732765826], [-76.17248954135863, 39.17173516891113], [-76.17255814839184, 39.17157516102652], [-76.17284746160887, 39.171550813270684], [-76.17303776431191, 39.17151625798186], [-76.17325559139526, 39.171426510815444], [-76.17343100452248, 39.171331602303304], [-76.17357820426156, 39.1712424315448], [-76.1737173721637, 39.17107635871455], [-76.17387822180353, 39.170948576045184], [-76.17403939573518, 39.170848296691304], [-76.17428502208332, 39.17071981438721], [-76.1744817270794, 39.17063573379566], [-76.17466241152067, 39.17040332248323], [-76.17478824123748, 39.170297826722546], [-76.1749067730409, 39.17017590039492], [-76.17503241231486, 39.17005940052499], [-76.17520037751007, 39.16993707959769], [-76.1753545868033, 39.16984234040047], [-76.17550164999848, 39.16974215557849], [-76.17564136856787, 39.16962005696192], [-76.17575868944229, 39.16940466347327], [-76.17569238748611, 39.169190769477574], [-76.1756057306039, 39.16904303145262], [-76.17550373858151, 39.16880195099535], [-76.17545099669454, 39.16854397020696], [-76.17529927483632, 39.168281292947945], [-76.17520476937347, 39.16807313228306], [-76.1752091666268, 39.16786417703454], [-76.17532768495548, 39.16774225136296], [-76.17542468234494, 39.1675930010545], [-76.17545759122704, 39.16740578391473], [-76.17539799070289, 39.16716435378926], [-76.17526098953722, 39.1669455533004], [-76.17519565865987, 39.166808630272136], [-76.17523606667798, 39.16665435570287], [-76.17524772052217, 39.166461826126465], [-76.17518883236201, 39.16627535817255], [-76.17510803429212, 39.166034099679976], [-76.17496367502595, 39.16579336132933], [-76.17500352968185, 39.16559510776976], [-76.17497224136049, 39.165358943143964], [-76.17492021453252, 39.165155928549986], [-76.17485388562687, 39.16494204949261], [-76.17468289131254, 39.16482798285702], [-76.17441402554799, 39.16479170671265], [-76.17411681254634, 39.16475014207344], [-76.1739460455058, 39.164652568121056], [-76.17376826352118, 39.164560556943336], [-76.17357616957746, 39.16445217728057], [-76.17339175802603, 39.16439319583436], [-76.17312353096365, 39.16440638540025], [-76.17295322026727, 39.16434729874453], [-76.17278323206605, 39.16431020118106], [-76.17253511199469, 39.16424075472376], [-76.17228778783067, 39.164231776158495], [-76.17195654125615, 39.16428946643243], [-76.17167324854816, 39.16423129487783], [-76.17136885710909, 39.164178810192254], [-76.17118395597583, 39.16408135872789], [-76.1710345140418, 39.16399459424268], [-76.17099017230106, 39.163841012789874], [-76.17106624343594, 39.16371392810496], [-76.17134122043937, 39.16367320699218], [-76.17154666424653, 39.16372099970883], [-76.17176609033109, 39.163757701969004], [-76.17194951463401, 39.16373971337145], [-76.17207530572325, 39.16363421597349], [-76.17222844422467, 39.16345701938305], [-76.17234660861715, 39.1633076171973], [-76.17238583355405, 39.163059855655916], [-76.17257730047369, 39.163118787374934], [-76.17264297450747, 39.16328319762499], [-76.17266613307551, 39.16343694536771], [-76.17279454185548, 39.16353487065221], [-76.17309963487878, 39.16364233443174], [-76.17336933787317, 39.163744602130464], [-76.17366059863774, 39.163874155860704], [-76.17394544183792, 39.16405327234887], [-76.1742159910453, 39.16422150767623], [-76.17439432459551, 39.16435749407619], [-76.17468250234202, 39.164245185151756], [-76.17494962357827, 39.16414401656084], [-76.17512472229514, 39.1640271305889], [-76.17527161391209, 39.16391594807712], [-76.17553788713872, 39.163748825728184], [-76.17576857091042, 39.163559990821646], [-76.17609197519249, 39.16344188708223], [-76.17624623389307, 39.163352639455624], [-76.176378725516, 39.163219609185994], [-76.17631333265491, 39.16307716881246], [-76.17615570347537, 39.162902529107235], [-76.17605358389218, 39.162650461679966], [-76.1761003403044, 39.16244113300864], [-76.17619606208613, 39.16219293866324], [-76.17627846634379, 39.16201081404056], [-76.17643200998539, 39.161866599963375], [-76.176600021893, 39.16174976592903], [-76.17685259940481, 39.16161572336396], [-76.1771197646585, 39.16152007931542], [-76.1773094178796, 39.161436044144416], [-76.17759797471516, 39.16135667978483], [-76.177809141689, 39.16129996990647], [-76.17800555293597, 39.16119389490972], [-76.17821610097059, 39.16108769716381], [-76.1783687031778, 39.16087200171875], [-76.17843058272783, 39.160739542094525], [-76.17853390874843, 39.1605352548325], [-76.17873668006763, 39.16037414183502], [-76.17903160056866, 39.160239760917335], [-76.17927822314846, 39.16019375733326], [-76.17959488647263, 39.160103158477995], [-76.17976960430381, 39.1599587663549], [-76.17991566677576, 39.15978162946397], [-76.180090364844, 39.15963723668091], [-76.18022335054036, 39.15954266958761], [-76.18029221628834, 39.15940464414317], [-76.18036748792262, 39.15921709803116], [-76.1804982646617, 39.15895209846715], [-76.18053151041204, 39.158792363107935], [-76.1805084982694, 39.15864959753447], [-76.1804783346388, 39.158501412469555], [-76.18054628141026, 39.15829191054755], [-76.18060706232068, 39.15807698319479], [-76.18061157545668, 39.15787900601598], [-76.18063084162458, 39.1577303770104], [-76.18066352862283, 39.157526684932456], [-76.18062641472685, 39.15738404077956], [-76.18059601933089, 39.157219337418766], [-76.18057836384232, 39.15694458251706], [-76.18058287607998, 39.156746609117576], [-76.18063737596995, 39.15659221217364], [-76.18062057298256, 39.156383427613015], [-76.18077330993707, 39.156178713237786], [-76.18084132677711, 39.15597471853116], [-76.18098740901199, 39.155803071822945], [-76.18102039155596, 39.155621368113], [-76.18096205496141, 39.15547889702998], [-76.18073529952245, 39.155420277250904], [-76.18044602762792, 39.15544466750966], [-76.18018381837962, 39.15537533141667], [-76.18000670204664, 39.155332827090774], [-76.17971010708592, 39.155335256089224], [-76.1795771294744, 39.15542982326508], [-76.17942282046816, 39.155513563989125], [-76.17924683511413, 39.1555590175453], [-76.17907162949771, 39.155664917139994], [-76.17890350440241, 39.155770767117886], [-76.17869277850137, 39.15586047087205], [-76.17840380125425, 39.15590682279389], [-76.17822131389418, 39.155996302075714], [-76.17799674046304, 39.15610811496998], [-76.17782809434486, 39.156175479023624], [-76.17759588613214, 39.15624336474962], [-76.17728516067199, 39.15624593094246], [-76.17710881599182, 39.15626385876427], [-76.17683377071644, 39.15629362630817], [-76.17655827089354, 39.156290373988334], [-76.17631732027645, 39.15622637590985], [-76.17611176148493, 39.15616759305751], [-76.17593399207672, 39.156075567995344], [-76.17596724681023, 39.15591585118229], [-76.17592298501954, 39.1557677655436], [-76.17595640594138, 39.15561903734278], [-76.17582046299113, 39.15548270665569], [-76.17579044039601, 39.15534548059046], [-76.17601029048538, 39.15541516848882], [-76.17621649875885, 39.155523447834426], [-76.17637298168808, 39.15561011549365], [-76.17664938431786, 39.15568482201351], [-76.1769034036257, 39.15566625458045], [-76.1770800986488, 39.1556757887194], [-76.177369437917, 39.155656924539265], [-76.17762973465203, 39.15557780721712], [-76.17782654385269, 39.155504703426104], [-76.17794481604298, 39.15536627927493], [-76.17799158503162, 39.15515696933168], [-76.17799672608999, 39.15500846901793], [-76.17814355302825, 39.154891807494394], [-76.17838167754545, 39.15473588581834], [-76.17869896340211, 39.154694782651774], [-76.17885983729644, 39.154572509540365], [-76.17897842210047, 39.15445607090121], [-76.17916038753937, 39.15432810757235], [-76.1792858839812, 39.15420063511241], [-76.1794038857786, 39.15404019933218], [-76.1795297271735, 39.15394021212882], [-76.17969764655462, 39.15381786177663], [-76.17980865676417, 39.15366298680559], [-76.1798059618183, 39.15345407791669], [-76.17984537090982, 39.15322283307597], [-76.17973718590184, 39.15304776905463], [-76.179608786105, 39.15294987375566], [-76.17932475138859, 39.152831249250575], [-76.17918923783304, 39.15272789638691], [-76.1791165021428, 39.15256353740029], [-76.17907090096402, 39.15231099963362], [-76.17904068163787, 39.15215730211419], [-76.17898761905235, 39.151877333439394], [-76.17883763902746, 39.1517465991336], [-76.17860488463904, 39.1517705120863], [-76.17846563588853, 39.151925607174896], [-76.17831140234075, 39.15201485954501], [-76.17804313575253, 39.15202254813662], [-76.17774548796629, 39.151942524604536], [-76.1776170549318, 39.15183911609908], [-76.1774393025916, 39.15174711811729], [-76.17716397344856, 39.15175487291725], [-76.17700015757168, 39.151646251303475], [-76.17718347856834, 39.15162274792327], [-76.1774144426144, 39.15146140622586], [-76.17771780548249, 39.15143692611502], [-76.17799965639446, 39.151385115274316], [-76.17829580848574, 39.151349696014705], [-76.1783994066959, 39.15116739772718], [-76.17845411050344, 39.1510294937855], [-76.17852995346622, 39.15088592735775], [-76.17854916034533, 39.150731810836284], [-76.17839918481201, 39.150601091818295], [-76.1781947489146, 39.150630249417], [-76.17793255853094, 39.15056093296225], [-76.17771132773099, 39.150381324432736], [-76.17757561205448, 39.15026146812337], [-76.1774177870422, 39.15007032875865], [-76.1773384945487, 39.1499445149493], [-76.17731419871355, 39.1497028033642], [-76.17719203771638, 39.14953884554584], [-76.1769017525222, 39.14948076141481], [-76.17668848079565, 39.14937253546908], [-76.17655293939232, 39.14926369143103], [-76.17659310845856, 39.14909291379301], [-76.17686094744873, 39.14905223925271], [-76.17715094787695, 39.14908833263129], [-76.17746242343037, 39.14914626243034], [-76.17760258666583, 39.14906262768273], [-76.17779219586949, 39.14897859853198], [-76.17805138857504, 39.14881703132739], [-76.17817660474249, 39.148667533263875], [-76.17831633229505, 39.1485509190503], [-76.17844875564603, 39.14841237602511], [-76.17860925494288, 39.14826261655238], [-76.17872780111936, 39.14814618210237], [-76.17885349429223, 39.1480351814011], [-76.17892196567982, 39.14786965708772], [-76.17901857589537, 39.147692920996114], [-76.1789458446967, 39.1475285850835], [-76.17889415383861, 39.14735305336738], [-76.17873076196653, 39.14727742467223], [-76.17836937871088, 39.147181430215426], [-76.17809257633081, 39.14707373229212], [-76.1778016533328, 39.14696617911128], [-76.17758176192092, 39.14689099935286], [-76.1773977671878, 39.146859524471445], [-76.17720682488427, 39.146839102958374], [-76.17696652734239, 39.1468245780639], [-76.17666220866685, 39.14677210756295], [-76.17635662067181, 39.14662064750436], [-76.17611541493318, 39.14653466196423], [-76.17594530815435, 39.146486585869816], [-76.17576093253555, 39.14642762280255], [-76.17561860795352, 39.14634079335214], [-76.17543183562952, 39.14609490813093], [-76.17531584066847, 39.14585944091082], [-76.17517892304612, 39.14564613299222], [-76.1750570001025, 39.145498674355046], [-76.17501287934732, 39.145361592541654], [-76.17533867045312, 39.14543588775052], [-76.17557307953828, 39.14554393930857], [-76.1757719198298, 39.1456302799739], [-76.17599795122663, 39.145633927108925], [-76.17617355479669, 39.145561001789076], [-76.17635663145158, 39.14552101980163], [-76.17654601248317, 39.145420484743354], [-76.17665045421136, 39.14530417865866], [-76.17679697931567, 39.145165508018934], [-76.17685823902815, 39.1449890486897], [-76.17699650771668, 39.14475700270603], [-76.17709282957303, 39.14455828160421], [-76.1771121649112, 39.14441516527796], [-76.17710907829988, 39.14417325843894], [-76.17697302934842, 39.14402591933521], [-76.17676132787699, 39.14403867031571], [-76.17685481195534, 39.14416985925246], [-76.17666423975771, 39.14417691819002], [-76.17651327248431, 39.1439692324137], [-76.176397704223, 39.14376673714672], [-76.17637427885535, 39.14359099330853], [-76.17645646392407, 39.143392370633904], [-76.17652409808181, 39.1431609004407], [-76.17667668861093, 39.142945205778204], [-76.1767870475419, 39.14274086197665], [-76.17692671041574, 39.142618762478534], [-76.17708056038288, 39.1425020372198], [-76.1772480395895, 39.142346712349855], [-76.17745824177273, 39.142218524954565], [-76.1776825007935, 39.142084721082114], [-76.17786444467285, 39.14195677915166], [-76.1780678546942, 39.141850629010825], [-76.17827184323059, 39.141788459234014], [-76.17852502980018, 39.14170941062345], [-76.17870071152365, 39.1416419762876], [-76.17867056585935, 39.14149379094003], [-76.17855482332487, 39.141280308151615], [-76.17840486575787, 39.141149572973035], [-76.17823393073235, 39.141035513051335], [-76.17813358801679, 39.140920894864536], [-76.17796265658453, 39.140806831088675], [-76.17781305385205, 39.140703596429546], [-76.1776774037526, 39.14058923549349], [-76.17760406619111, 39.14037540995535], [-76.17750945921864, 39.14015624188454], [-76.17747937374146, 39.14001354997997], [-76.17738485300727, 39.13979989478827], [-76.17731220265698, 39.13964105098226], [-76.17712742728787, 39.13954910394325], [-76.17698147081714, 39.13973172704497], [-76.17672265450568, 39.13992079033259], [-76.17656166472867, 39.14003207973853], [-76.17629479502071, 39.14014424407048], [-76.17605710888137, 39.14033312788609], [-76.17593856539985, 39.140449562022454], [-76.17584147907718, 39.140587830183364], [-76.17566003286451, 39.140754255772684], [-76.17543605052484, 39.140910047481455], [-76.17513379707613, 39.141016990524186], [-76.17485110983264, 39.14099731420936], [-76.17463101989308, 39.140905651813945], [-76.17452978245552, 39.140719531378295], [-76.17452767410954, 39.140554617617916], [-76.17463797105675, 39.14034477102968], [-76.1746988409004, 39.14013534255511], [-76.17475258800216, 39.13992046565202], [-76.17474227534272, 39.139667629602236], [-76.17476051653287, 39.13943655824078], [-76.17455520028648, 39.13939424286069], [-76.17429289851171, 39.1393139360265], [-76.174136257479, 39.13921075213097], [-76.1739439838722, 39.13908587136412], [-76.17373741896758, 39.13894459378106], [-76.17355202915083, 39.1388031689002], [-76.17343759636003, 39.13868864880468], [-76.17327995550241, 39.13850848532394], [-76.1731515979264, 39.13841056283402], [-76.17297242624802, 39.1382030962459], [-76.1728710028592, 39.13800049242054], [-76.17282666561003, 39.137846897428304], [-76.1727322948945, 39.13764424450138], [-76.17268802142571, 39.1374961566471], [-76.1726428469467, 39.13727658733404], [-76.17264801854779, 39.13712810363961], [-76.17257377817944, 39.13684279227264], [-76.17255075346041, 39.1367000246722], [-76.17237963607688, 39.136569473297435], [-76.17226255056106, 39.13680134281265], [-76.17213004097182, 39.136928905315095], [-76.17183526509955, 39.13706875787239], [-76.17165269509447, 39.13714723964799], [-76.17154845369058, 39.13728004329137], [-76.17137440779922, 39.13747389435513], [-76.17124215692478, 39.13762343988268], [-76.17110220299678, 39.13772354293634], [-76.17091969138218, 39.1378075019122], [-76.17070923497575, 39.13791368532291], [-76.1706332491808, 39.13804626386131], [-76.17054378416503, 39.13822843378922], [-76.17050337345198, 39.138382726097326], [-76.1703563102568, 39.1384773926959], [-76.17022363627586, 39.13859393929153], [-76.17006935242246, 39.138677669391626], [-76.16990856566468, 39.13880544379053], [-76.16978329559831, 39.138949427129404], [-76.16963036281109, 39.13913760764894], [-76.16949027862736, 39.139226725738624], [-76.16941448776686, 39.13937577842828], [-76.16934697398335, 39.13961825287678], [-76.16930717861626, 39.13982201490649], [-76.16914648169005, 39.13995528868076], [-76.16911586620684, 39.13976858813434], [-76.16911271491684, 39.13952119380196], [-76.1690957232832, 39.139295907735814], [-76.16917772868888, 39.13908081645934], [-76.16924666360714, 39.13894829073172], [-76.16934289563196, 39.1387440809493], [-76.16941182875361, 39.138611551104056], [-76.16948054088968, 39.138462547659465], [-76.16957029606131, 39.13830236445916], [-76.1697026205976, 39.138158334507814], [-76.16982020018683, 39.13796493543471], [-76.16992406339996, 39.13780463334975], [-76.17009112488998, 39.13761632872758], [-76.17011678796102, 39.13741268364146], [-76.17006415027863, 39.137160193239986], [-76.16995571913226, 39.136963151505505], [-76.16989706633075, 39.13679317875445], [-76.17022206242748, 39.13680703124523], [-76.17050515211623, 39.13685970984373], [-76.17069528593599, 39.13681964557273], [-76.17084102950602, 39.13662053138182], [-76.17088735921848, 39.13637822498353], [-76.17087052389174, 39.13616394629314], [-76.17084640412637, 39.135933199280096], [-76.17079528729175, 39.13580165775237], [-76.17069400314178, 39.1356100603555], [-76.17065694494136, 39.135472905633634], [-76.17056210530525, 39.13523174498266], [-76.17050995091648, 39.13501774360888], [-76.17045840917874, 39.134853228992206], [-76.17036385430856, 39.13463405766696], [-76.17029798444204, 39.13445314869397], [-76.17026766360625, 39.134288463436974], [-76.1701739208131, 39.13413527981877], [-76.17012128313071, 39.133882785329476], [-76.17003403964864, 39.13368555464874], [-76.16996176838738, 39.13355418521319], [-76.16987433176752, 39.13334045467568], [-76.16980212608331, 39.1332146026017], [-76.16964399474553, 39.13299595087267], [-76.16950811737229, 39.13285960911315], [-76.16931611415839, 39.132751214766266], [-76.16899667863325, 39.13261636022595], [-76.16871276698602, 39.132497709813194], [-76.1684357561968, 39.13236801818066], [-76.16827205440595, 39.13226487497348], [-76.16799498971781, 39.13212966969993], [-76.16771243722162, 39.132120982487635], [-76.16743000599796, 39.13211776249789], [-76.16711957967682, 39.13213680022319], [-76.1669080731398, 39.13216051218679], [-76.16671788272616, 39.132195036635395], [-76.1664432677438, 39.13225226331403], [-76.16616135664471, 39.13229302281784], [-76.16585951911598, 39.132432936146955], [-76.16568374127277, 39.13248935084516], [-76.16537435879397, 39.1325908234653], [-76.16515593343264, 39.13262559576793], [-76.16495160892632, 39.132660241233665], [-76.16467629505466, 39.1326624724234], [-76.16439438126062, 39.13270325329092], [-76.16421174208527, 39.132776212137664], [-76.16417120021818, 39.132919494970686], [-76.16434975924551, 39.13308298283065], [-76.16453156388599, 39.13294404980895], [-76.16477181920703, 39.13295860613659], [-76.16492243523913, 39.13314431855255], [-76.16508038781218, 39.1333519770349], [-76.16503273308469, 39.13348982154215], [-76.16502160026336, 39.133726337014174], [-76.16505967266173, 39.13394595432859], [-76.16513978621539, 39.13413774717579], [-76.16521935808495, 39.13429103600476], [-76.16532757902556, 39.13447160675264], [-76.1654859556034, 39.13471223278113], [-76.16562183297664, 39.13484859812845], [-76.16575021301054, 39.13495202184105], [-76.16582949741918, 39.13507784642226], [-76.16578969935716, 39.13528159163058], [-76.16562816789603, 39.135348886430684], [-76.16536022470129, 39.13537855342585], [-76.16529843049122, 39.135516523567645], [-76.1652013522534, 39.135654759609736], [-76.1649484342801, 39.13575579218062], [-76.16500227480665, 39.135546416946625], [-76.1650424025504, 39.13537013208923], [-76.16508957937417, 39.13519380428653], [-76.16508009855467, 39.13500144155584], [-76.164879357428, 39.1347611523687], [-76.16463855323633, 39.13470262542642], [-76.16439064157412, 39.134638650221305], [-76.1644582972914, 39.1344071846927], [-76.16447766227398, 39.13426407002722], [-76.16448955147676, 39.13408803280643], [-76.16442296655129, 39.13384664304299], [-76.16420931034578, 39.13369993104842], [-76.16392656111854, 39.13367473541653], [-76.16363704308563, 39.13367157890679], [-76.16333990913573, 39.13362449463494], [-76.16315746489478, 39.13371394789597], [-76.16310361897834, 39.13392332021713], [-76.16304894571351, 39.134066710810096], [-76.1629023496423, 39.13419985333224], [-76.16275506007167, 39.134278027534855], [-76.16254583974707, 39.13448315958567], [-76.16244991135281, 39.134714868741355], [-76.16232472033819, 39.13486433024303], [-76.16207983689681, 39.13504225939218], [-76.16196929650614, 39.13523557800146], [-76.16195706684186, 39.13538413745572], [-76.16173895948415, 39.13544637768891], [-76.16143510523762, 39.13542683917395], [-76.1611735355898, 39.13540146926714], [-76.16099676420988, 39.13538089810531], [-76.16117207672578, 39.13528600785598], [-76.16130497887882, 39.135185964744345], [-76.16148701797955, 39.135063537892286], [-76.16164688845573, 39.13486431491366], [-76.16179935501732, 39.13463765032519], [-76.16186775184472, 39.13446114858026], [-76.1618800039669, 39.13431259554022], [-76.16187113849337, 39.13416970226375], [-76.1620814071519, 39.13404705624388], [-76.16230584583576, 39.13392977884481], [-76.1624449014485, 39.133758205188755], [-76.16254200843238, 39.133619966120214], [-76.16261806788917, 39.13349288608203], [-76.16267903115761, 39.133288953832], [-76.1626902511155, 39.133057929126736], [-76.16275910159214, 39.13291993674742], [-76.16304171337717, 39.13293412934594], [-76.16331023329032, 39.13295395703123], [-76.16362676276552, 39.13285792701542], [-76.16390147027434, 39.132806201446115], [-76.164119132966, 39.13271097813571], [-76.16413074189443, 39.132512930992455], [-76.16416996862792, 39.13226521501928], [-76.16418879012976, 39.13207811779995], [-76.16425676115573, 39.13186862292688], [-76.16433112369495, 39.13160960224051], [-76.1643711858617, 39.13142785070293], [-76.16430543097951, 39.1312524300505], [-76.16423199101008, 39.13102758997621], [-76.16410996745516, 39.13086913263109], [-76.16398136643572, 39.130749233342115], [-76.16381040356241, 39.130629632092806], [-76.16368200825718, 39.13052621039389], [-76.1635247006745, 39.13036804877192], [-76.16334522177232, 39.1301330808435], [-76.16323704215421, 39.12995250942321], [-76.16319949796525, 39.12977687046921], [-76.1632039967282, 39.12957339503888], [-76.1632715230881, 39.12933092432521], [-76.16327575864466, 39.12910546767883], [-76.16327317688653, 39.12890205163143], [-76.1632985012927, 39.12867090661331], [-76.16338140681027, 39.12852730224947], [-76.16344223622974, 39.128312359956574], [-76.1634823001931, 39.12813058597251], [-76.16350096089649, 39.12793250992044], [-76.16354006545912, 39.127673782072804], [-76.16355942235688, 39.12753066696365], [-76.16347922525988, 39.12732788887663], [-76.16336320424767, 39.1270868982421], [-76.1632475021374, 39.12686791110943], [-76.16318836604225, 39.12665944464991], [-76.16293722493658, 39.126897914780606], [-76.1626642251251, 39.12708155954818], [-76.1625170181995, 39.12716523086368], [-76.16236980947725, 39.12724889232373], [-76.16216663122124, 39.1273714944341], [-76.16198404145322, 39.127449937540376], [-76.16175324988367, 39.12762225269496], [-76.16154293361443, 39.12773942910068], [-76.16132547484033, 39.12785114193816], [-76.16117883115841, 39.127978788946294], [-76.16103869666902, 39.12806240205375], [-76.16089176103465, 39.12816805800598], [-76.16077315467103, 39.12827898411157], [-76.16063346394941, 39.128401065969925], [-76.16053782840595, 39.128654759185586], [-76.16056170562621, 39.12886899243518], [-76.1604867681652, 39.12908403337525], [-76.1601489450245, 39.12916924025068], [-76.15996580638586, 39.1292037027528], [-76.15963423641786, 39.129222868788524], [-76.1594506872491, 39.1292243586438], [-76.15916071287204, 39.129182706795106], [-76.15877826142801, 39.12908682494297], [-76.15856578650714, 39.12903354890621], [-76.15832494278956, 39.12896951349984], [-76.15816174675021, 39.12890483763154], [-76.15797018730409, 39.128829427439705], [-76.15772919177124, 39.12875437813539], [-76.15752384947369, 39.128706549126996], [-76.15725553886801, 39.128703202154405], [-76.15700771164744, 39.12864472731903], [-76.15671155955611, 39.12867459852853], [-76.15688989669961, 39.128821619940894], [-76.15694816502217, 39.12896410177959], [-76.1571476224563, 39.12910545234821], [-76.15727731672544, 39.12931333806518], [-76.15732215703116, 39.12951090293256], [-76.15717534446595, 39.12962755844313], [-76.15697844812874, 39.12968962397945], [-76.15668997393817, 39.12976891882961], [-76.15640733520371, 39.129749192683065], [-76.15613733666358, 39.12961391080499], [-76.15595270412662, 39.129527417399856], [-76.15567635898901, 39.129447173874354], [-76.15542157970646, 39.129399742537245], [-76.15510973494547, 39.129303266572244], [-76.15483920639934, 39.1291240044891], [-76.15469615418192, 39.12897670984678], [-76.15466567075106, 39.12879550132858], [-76.1546638031536, 39.12864706595104], [-76.15466118186959, 39.12843815528713], [-76.15460190384063, 39.12821321284951], [-76.15454370648496, 39.128076220722335], [-76.15442860265264, 39.12790668087146], [-76.15428592413437, 39.12778686294962], [-76.15412267150117, 39.12771669334342], [-76.15395420235109, 39.12779503014257], [-76.15390652067413, 39.12793287368034], [-76.15388095102787, 39.12814751330216], [-76.15386855517528, 39.12828506486491], [-76.15379372102055, 39.12851108580048], [-76.15376151192604, 39.12875877247093], [-76.15368708470808, 39.12901778413086], [-76.15366090869904, 39.1291829346636], [-76.15364303581813, 39.12944700314777], [-76.15360965891377, 39.12960121644352], [-76.15353380786611, 39.12974477262622], [-76.1533938530398, 39.12984487364054], [-76.15322552582353, 39.12993419024453], [-76.15305692731607, 39.13000152151254], [-76.1528112174246, 39.13011345653709], [-76.15263581328055, 39.130202826456774], [-76.1523405621995, 39.1303041713667], [-76.15213673086826, 39.13037727833724], [-76.15191207748707, 39.13047804044381], [-76.1518290542902, 39.13061616582512], [-76.15172578576177, 39.13082592643184], [-76.15140226290208, 39.130927466253894], [-76.15119116689513, 39.13098414486222], [-76.1509095342738, 39.13104688024765], [-76.1509409851902, 39.131305041728474], [-76.15089418116726, 39.13151434247091], [-76.15085442622437, 39.13172358963296], [-76.1508078854078, 39.131954903017586], [-76.150839828601, 39.13225154768467], [-76.15087697573463, 39.13239969534616], [-76.15090800893444, 39.13262487944554], [-76.15090998882133, 39.13278431882638], [-76.15099717750618, 39.13298155133457], [-76.15117662496733, 39.1332165383282], [-76.15129198392118, 39.133408069073454], [-76.1514771195147, 39.133533037952674], [-76.15166972010826, 39.13369094788935], [-76.15191885707252, 39.13385389115149], [-76.1522078316247, 39.133813099801536], [-76.15237109234275, 39.13388327099853], [-76.15247150961845, 39.13400891283807], [-76.15247399615518, 39.13420684080274], [-76.15263219756153, 39.13443650299099], [-76.15278901915563, 39.13455619253867], [-76.15288937085434, 39.1346763682433], [-76.15301109167702, 39.134812847236844], [-76.1530913642325, 39.13502114881157], [-76.15298759534245, 39.13519240304944], [-76.1526838758432, 39.13518384721079], [-76.15246439855466, 39.135136123603026], [-76.15216001430211, 39.13507258219355], [-76.15189105062122, 39.135019735028855], [-76.15171406184899, 39.13498267913962], [-76.15155708933791, 39.13485197755809], [-76.15151878247927, 39.13461036813681], [-76.15136209024256, 39.13450165317289], [-76.1511625645365, 39.134354773918744], [-76.15096366944775, 39.134257412146695], [-76.15074377623925, 39.134176691130804], [-76.15060084798934, 39.134040380226104], [-76.15045021039766, 39.13384915430851], [-76.15034992786923, 39.133734488188736], [-76.15015109386593, 39.1336425989356], [-76.14987584107972, 39.13365029092768], [-76.14970729108128, 39.133723128246686], [-76.1495246330413, 39.13379606234558], [-76.14929973711497, 39.13388032144748], [-76.14898435838165, 39.13406978438324], [-76.14881630065999, 39.13418108443126], [-76.14868353325426, 39.13429212091479], [-76.14853685094477, 39.13441974649383], [-76.14840449496744, 39.13456375273719], [-76.14825060098285, 39.13468044586612], [-76.14811796293452, 39.13480246506525], [-76.1479852548176, 39.13491896409125], [-76.14779607321202, 39.13503594719196], [-76.14751511881872, 39.13515363524642], [-76.14721269109685, 39.13524952347119], [-76.14695983420899, 39.135356003389056], [-76.14670777322847, 39.13552845597597], [-76.14682359391638, 39.13575846294082], [-76.14697451088409, 39.13597168376182], [-76.1471111087062, 39.13616854501869], [-76.14718356052882, 39.136316419664965], [-76.14728518783522, 39.136541031730744], [-76.14737964029744, 39.13675471283772], [-76.14724714418294, 39.136887709529866], [-76.14707823755333, 39.13693304342636], [-76.14690961658798, 39.13700038681542], [-76.1466565414095, 39.13709036533108], [-76.1464954582077, 39.13719610180251], [-76.14639097964859, 39.13731240734803], [-76.14622432868865, 39.137539165750475], [-76.14620493495997, 39.13768225773385], [-76.14615096597434, 39.13788612988062], [-76.14606253222452, 39.13815624075337], [-76.14595187864612, 39.1383440555063], [-76.14586274870194, 39.13855920477382], [-76.1456023926781, 39.13863273725094], [-76.14550498745352, 39.13874899095403], [-76.14550668706606, 39.13888642078119], [-76.14549527756363, 39.139106457468706], [-76.1455253576509, 39.13925465480886], [-76.14561247716547, 39.13944641159702], [-76.1456075175668, 39.13961688447461], [-76.14562409597536, 39.13981469216435], [-76.14576706195452, 39.13995650031004], [-76.14590319265267, 39.14011487519673], [-76.14598270253848, 39.14026270671799], [-76.14604869906745, 39.140460106397164], [-76.1460718594321, 39.14061937405881], [-76.14604675690981, 39.140872485382616], [-76.14605605986289, 39.141053864178474], [-76.14603080283037, 39.14129598727141], [-76.14598370326169, 39.14148329549088], [-76.1458382830852, 39.14171537665146], [-76.14577760458269, 39.14194678122913], [-76.1458921505612, 39.142072334131264], [-76.14603464672146, 39.142175653176174], [-76.14619162911399, 39.14230637808862], [-76.14653921873845, 39.14243556789617], [-76.14679472924965, 39.14253799461467], [-76.14705657108698, 39.14258539411073], [-76.14734681316203, 39.14264357311145], [-76.14763726723947, 39.14271823138912], [-76.14784235531378, 39.14274408705423], [-76.14816083592977, 39.142802026951955], [-76.1483658602237, 39.14282240156327], [-76.14861341525476, 39.142853411453956], [-76.14878333787897, 39.1428905447159], [-76.14898191316746, 39.142960432362806], [-76.14921561797345, 39.14301355294762], [-76.1494196963414, 39.14295694742254], [-76.14967311198134, 39.142894437234794], [-76.1499264916887, 39.14282643412477], [-76.15009465361496, 39.14272062598737], [-76.15038448336327, 39.14274580444805], [-76.15025315326199, 39.14297227920771], [-76.15013598150792, 39.143204143660576], [-76.15001038355646, 39.14332611185935], [-76.14989885142572, 39.14344245256414], [-76.14973802154883, 39.1435701981109], [-76.14942743442923, 39.14357818790411], [-76.14931719048263, 39.14379899719986], [-76.14935495925043, 39.14399661478377], [-76.14943535757006, 39.14421589630398], [-76.14960755472855, 39.144434458152126], [-76.14977178472878, 39.14458160481004], [-76.14986550596238, 39.14473480541228], [-76.15005085984653, 39.14487627271916], [-76.15026400670725, 39.14497903169056], [-76.15050591043685, 39.14512557387829], [-76.15078916990718, 39.14518928874714], [-76.1509591994309, 39.145231907882874], [-76.15112248979337, 39.1453020816333], [-76.1512857783592, 39.14537225601047], [-76.15138613904104, 39.145492409770135], [-76.15155812419714, 39.14569447091655], [-76.15171518114984, 39.145830660330056], [-76.15184482690995, 39.146033057698084], [-76.1519029703667, 39.14616455781609], [-76.15195444652744, 39.14632907595921], [-76.151984612853, 39.14648280223075], [-76.15209952354752, 39.146635834976934], [-76.15220769238583, 39.146816408201296], [-76.15234480404428, 39.14705173079622], [-76.15251064921539, 39.14732532187992], [-76.15263246076792, 39.147467294635575], [-76.15275442233909, 39.1476202715982], [-76.15287604165215, 39.147745764221376], [-76.15281030832955, 39.147570338243135], [-76.15268833777522, 39.147417365352034], [-76.15257239491643, 39.14718186632934], [-76.15249953256375, 39.14700100492476], [-76.15253922462459, 39.14678625905235], [-76.15258583820467, 39.14656046049367], [-76.15260529391708, 39.146422844308326], [-76.15266645032331, 39.14622991938553], [-76.1527624281249, 39.145998220258825], [-76.1529311335319, 39.14593640875508], [-76.15311011746236, 39.146132902170194], [-76.1532041818524, 39.14631358118625], [-76.15327002027789, 39.14649449591113], [-76.15325059959976, 39.146637608009655], [-76.15328879866058, 39.14686823842883], [-76.15338922581778, 39.14699388148016], [-76.15363802950706, 39.14712384643651], [-76.15378026695254, 39.14720517403579], [-76.15392981039619, 39.14730294426284], [-76.15407227062383, 39.14740076521063], [-76.15436155509478, 39.14738197405213], [-76.15460786056927, 39.14731399408734], [-76.15479832137581, 39.14729598247544], [-76.15507362985757, 39.147288279434136], [-76.1553634137918, 39.147307928213934], [-76.15570927595599, 39.14729416835596], [-76.15596991045757, 39.14724257948889], [-76.15631550582209, 39.14720683001405], [-76.1565201986377, 39.14719968360027], [-76.15671764115062, 39.14717610906825], [-76.15697808610767, 39.14710801743772], [-76.15723185658217, 39.147072996610035], [-76.15757126075776, 39.147108747546106], [-76.15788197813306, 39.14710623466353], [-76.15818600395782, 39.14713678774286], [-76.15848284685357, 39.14715638501155], [-76.15868832749167, 39.1472097058567], [-76.15899104536936, 39.147135800564264], [-76.15916785088527, 39.14715637316814], [-76.15945916105719, 39.147296968955104], [-76.15971509108164, 39.147432362463114], [-76.15987951242303, 39.14759048575531], [-76.16000091883537, 39.147699473803435], [-76.1601435488446, 39.14780829100077], [-76.16030033809933, 39.1479224813705], [-76.16042216851649, 39.14806444665165], [-76.16048080874161, 39.1482344242363], [-76.16024765280626, 39.14822530429687], [-76.16004121186911, 39.14809503066468], [-76.15981386264376, 39.14798689663706], [-76.15953032918725, 39.14790121163342], [-76.15921083527162, 39.14776633107373], [-76.15894838886811, 39.14767496591079], [-76.15875761095626, 39.14766549965752], [-76.15857372312267, 39.14764499895866], [-76.15835476416206, 39.14764126832827], [-76.15806526589208, 39.14764359100279], [-76.15776184283688, 39.147662527693996], [-76.1575081972282, 39.14770855897786], [-76.1573611555926, 39.147808715267516], [-76.15705799484546, 39.147849642717766], [-76.15681950022235, 39.14797801631651], [-76.1566506609664, 39.14802885155601], [-76.15636100189798, 39.14802018790177], [-76.15602981640893, 39.14807784966977], [-76.1557837031739, 39.14816226863109], [-76.15544621690144, 39.14828045862937], [-76.15519216166099, 39.14829348819844], [-76.15492580219609, 39.1484550949209], [-76.15487182512561, 39.148653456694625], [-76.15498038832433, 39.14886700629362], [-76.15489779182722, 39.14903811190498], [-76.15482932313458, 39.149209113996534], [-76.15459711671848, 39.14927695558808], [-76.15442821368211, 39.14932229892274], [-76.15418639349583, 39.14918676972082], [-76.15401815880605, 39.14928709528205], [-76.15392815659774, 39.14943076598498], [-76.15377541335505, 39.14964091917968], [-76.15367959006369, 39.149883622297246], [-76.153689329598, 39.150097977657815], [-76.15384640272038, 39.15023416412389], [-76.1538551666843, 39.15037154087743], [-76.15358730703286, 39.1504121923629], [-76.15326180338798, 39.150359806043], [-76.15299992112645, 39.15031242989462], [-76.15282277245413, 39.150264364740316], [-76.1527221800069, 39.15012769625889], [-76.1526425165092, 39.149968909195934], [-76.15242827460214, 39.14977817378562], [-76.15214685038995, 39.14986289792611], [-76.15198620556599, 39.15000714775441], [-76.1520027390588, 39.15019944301263], [-76.15191273325722, 39.15034311254973], [-76.15180817654468, 39.15045392500268], [-76.15163259273757, 39.15053230756355], [-76.15137235978291, 39.15061685942437], [-76.15112547309842, 39.150640816648824], [-76.15095688267579, 39.15071365241293], [-76.15080277219721, 39.15081385597685], [-76.15064130271983, 39.150892114136575], [-76.15037447972426, 39.15101519616043], [-76.1501424763274, 39.15109953009286], [-76.14993865847092, 39.151178125799504], [-76.14980585243764, 39.15128915985825], [-76.14971568673593, 39.15142182188027], [-76.14964676888565, 39.151559833029914], [-76.14967771315224, 39.15177401609569], [-76.14982008803993, 39.1518663484205], [-76.15010481895071, 39.15204552125593], [-76.15025496246898, 39.152192770427206], [-76.15035567618875, 39.152340428900914], [-76.15054111720947, 39.15248738835985], [-76.15074056655874, 39.15262325533269], [-76.15097607158857, 39.1528192933038], [-76.15112634536257, 39.15297754590487], [-76.15124769518103, 39.15308105444232], [-76.15139119835273, 39.15326134572293], [-76.15149953248104, 39.15345292991082], [-76.15155060529821, 39.15358445796182], [-76.15136897313428, 39.15374537195389], [-76.1512934436835, 39.153916400920544], [-76.15121813431996, 39.15410944130673], [-76.15109308434086, 39.15427539467694], [-76.1509685275368, 39.15447982550269], [-76.15093518836169, 39.1546395372162], [-76.15075972942037, 39.154728917800256], [-76.15066294133841, 39.1548946328685], [-76.1505589164285, 39.15504939924704], [-76.15046943524307, 39.155237066529544], [-76.15038694295052, 39.15541915853375], [-76.15037475910032, 39.15557322578095], [-76.1502788262145, 39.155810408923166], [-76.15029466261464, 39.155947719064564], [-76.15024097929326, 39.15617358572314], [-76.15010117987548, 39.15629016083561], [-76.14990596967604, 39.1564951528202], [-76.1499011529095, 39.156676628583796], [-76.15005858356135, 39.156840325971935], [-76.15020105726371, 39.15693815177391], [-76.15035051357081, 39.15703043274225], [-76.15051424680269, 39.15713358424715], [-76.15082690274238, 39.15728503491554], [-76.15105385042082, 39.15736019103237], [-76.15129526097532, 39.157462726986175], [-76.15153770549072, 39.15764773183361], [-76.15178619387137, 39.157750219305555], [-76.15206292618284, 39.15785246631437], [-76.15223975595326, 39.157873049716756], [-76.15253679019015, 39.15790366290199], [-76.15270565639558, 39.15785281320222], [-76.15294431361374, 39.15773545216936], [-76.15310592682155, 39.15766817598318], [-76.1534085701391, 39.157583278739956], [-76.15365541909435, 39.15755380638864], [-76.15380239066135, 39.15744816040066], [-76.15412789430623, 39.15749503021783], [-76.15433296710918, 39.157515385251415], [-76.15453819621898, 39.15754673068204], [-76.15482786337223, 39.15755539873601], [-76.1551102317138, 39.15754214867749], [-76.1552866482592, 39.15752973310158], [-76.15549696991835, 39.15740707623259], [-76.15566474736565, 39.15726828316023], [-76.15591747489611, 39.15714528869613], [-76.15616285959746, 39.157000367378004], [-76.15642229125486, 39.156849817460866], [-76.1565551529837, 39.15674429231607], [-76.15668089825887, 39.156633316321575], [-76.1568421611237, 39.15653855572219], [-76.15701739368956, 39.15643268251913], [-76.15728492276095, 39.15636454551161], [-76.15741437807823, 39.15655044207615], [-76.15728891846734, 39.15668339927873], [-76.15714926727158, 39.15681099541017], [-76.15701627798197, 39.15690553552611], [-76.15682683676329, 39.157006016563535], [-76.15663014883519, 39.15709008697877], [-76.15647600871222, 39.15719027449732], [-76.1562444005741, 39.15730760648712], [-76.15608342517012, 39.15742436222108], [-76.15588013103144, 39.15754694801031], [-76.15579711322447, 39.15768507949407], [-76.1558985195453, 39.157887696318944], [-76.15595696303937, 39.1580411786229], [-76.15582511640682, 39.15822917088067], [-76.15560043517783, 39.158335450259486], [-76.1553677867906, 39.158370299005625], [-76.15516388089921, 39.15844341653665], [-76.15498575036825, 39.15831838182071], [-76.15472416275416, 39.158298490230266], [-76.15449056215272, 39.158256380528904], [-76.1541371029362, 39.15823172794582], [-76.15386124917707, 39.15820094424652], [-76.15363513693187, 39.158191763604954], [-76.15338095053738, 39.15819929409941], [-76.15317657842034, 39.15823391931784], [-76.15294474570341, 39.15833475091608], [-76.15274125483367, 39.15844083579629], [-76.1525227333526, 39.158475576524076], [-76.15231155739559, 39.158532262210166], [-76.15212833880688, 39.158566690139665], [-76.15188885424034, 39.158618103532525], [-76.15154942850518, 39.1585878465976], [-76.15127310582547, 39.15851857002301], [-76.15110307630175, 39.15847594639523], [-76.1509324862293, 39.15838932893528], [-76.15071267027591, 39.158319611244394], [-76.15056991719747, 39.15819979701466], [-76.15044834549514, 39.158079818192775], [-76.15033358032768, 39.15793776863134], [-76.15014894150251, 39.15785676061865], [-76.14999966306185, 39.15778099693305], [-76.14973864677629, 39.15780506595474], [-76.14954831173388, 39.15783407429041], [-76.14963508360043, 39.15799832832376], [-76.1497710732631, 39.1581401987472], [-76.14992148537762, 39.158309434541266], [-76.15005019688985, 39.158434866310095], [-76.15017189255971, 39.158565853577265], [-76.15025205552071, 39.158763151773904], [-76.15012780773714, 39.15899506590248], [-76.15002440446142, 39.15919930957508], [-76.149900413596, 39.159453238001724], [-76.1498247763474, 39.159618771986366], [-76.14980708133292, 39.15989933396134], [-76.14976050907534, 39.16013062094184], [-76.14955782399441, 39.16030268964259], [-76.14937537795683, 39.16039761512721], [-76.14919250342287, 39.16045954139579], [-76.14900276306518, 39.16053803749133], [-76.14881982564917, 39.16059447912148], [-76.14862976010136, 39.160645488435684], [-76.14838380766476, 39.16074641060966], [-76.14821531785344, 39.16083023207253], [-76.14792725958287, 39.160953481293944], [-76.14768899133522, 39.16110382391898], [-76.14749952765864, 39.161204306622366], [-76.14727476288635, 39.16130505873846], [-76.14709181289389, 39.16136148930537], [-76.14678187974783, 39.16142994117925], [-76.1465712832042, 39.16153606596988], [-76.14651695668908, 39.16171245943162], [-76.14669532886684, 39.16185398037305], [-76.14685843417635, 39.16190768152728], [-76.14709843527419, 39.16189476661897], [-76.14728172123652, 39.161865818465465], [-76.14757787512447, 39.16182496742611], [-76.14782464502795, 39.161790011037105], [-76.14801487047589, 39.16175000205046], [-76.14828947827172, 39.16168183466979], [-76.1484727067419, 39.16164740826471], [-76.14871878673927, 39.1615574694979], [-76.14890934636048, 39.1615449459726], [-76.14906637636373, 39.16167564466046], [-76.14920192944516, 39.161784548903874], [-76.14940804339552, 39.16188735980447], [-76.14970563818117, 39.1619619600566], [-76.14979928305796, 39.16210966280603], [-76.14953097694382, 39.162117311985995], [-76.14916980838554, 39.162043214089834], [-76.14896444452845, 39.162000860757985], [-76.1487807722905, 39.161996821633366], [-76.14850572791345, 39.16203201961223], [-76.14828089397088, 39.162127277789395], [-76.14803465766666, 39.1622062108309], [-76.14759901517805, 39.162391114747166], [-76.14736060499659, 39.16253047373182], [-76.14718458011666, 39.162575853799794], [-76.14690969114815, 39.16262202856183], [-76.14648633132441, 39.162658377566125], [-76.14630974589575, 39.16265979636585], [-76.14611165659582, 39.162633866525034], [-76.145997010006, 39.162502842951476], [-76.14588910976397, 39.16234425097781], [-76.14576770065669, 39.1622352431231], [-76.1456044327521, 39.16217055532607], [-76.14536312460555, 39.16207901105278], [-76.14515778320633, 39.162036650080786], [-76.14494487080589, 39.16195586897796], [-76.14476057693378, 39.16190235104575], [-76.1447203530703, 39.162078604285064], [-76.14485028269806, 39.162303002504586], [-76.1449231073215, 39.162478359020255], [-76.1449812876092, 39.16261535386093], [-76.14507779901007, 39.16299397827982], [-76.14519331786403, 39.16319648648296], [-76.14517588336099, 39.16349903472926], [-76.14519960876595, 39.16370227977264], [-76.14520916684059, 39.16390562800762], [-76.14511282162805, 39.164109819812694], [-76.1451157402544, 39.16434623171014], [-76.14518793426052, 39.16447212006482], [-76.14509102760094, 39.16463232728816], [-76.14497286680174, 39.16478721920659], [-76.14482596260835, 39.16490383576599], [-76.14462237472058, 39.16500443423085], [-76.14436185789829, 39.16507246954104], [-76.14412905679747, 39.16509631110184], [-76.14390461901195, 39.1652245592117], [-76.14371420042622, 39.16524804620821], [-76.14350963696803, 39.1652716690121], [-76.14329150355917, 39.165339367660195], [-76.14298045829878, 39.16531985137244], [-76.14284483874202, 39.165205451731225], [-76.14270105439765, 39.16500316174154], [-76.14260760625189, 39.16487194686673], [-76.1424099184989, 39.164879003727805], [-76.1423069518044, 39.16512174831308], [-76.14209683226619, 39.16526637152049], [-76.14185167124535, 39.16543324370758], [-76.1416706068167, 39.16564361655993], [-76.14138258986863, 39.16577234354907], [-76.14123548624926, 39.165872479003895], [-76.14107568224843, 39.166088172349475], [-76.1409290448547, 39.16622677390186], [-76.14070419564078, 39.16632202082668], [-76.1405212258854, 39.16637846965626], [-76.14019787729889, 39.16650747598041], [-76.14016465580305, 39.16667818279796], [-76.14018141567128, 39.166892465405546], [-76.14014201466462, 39.167134706458974], [-76.13990961511072, 39.16719151192514], [-76.1396893158637, 39.16708329232562], [-76.13955212156024, 39.166842464935186], [-76.13948618432009, 39.16665053275261], [-76.13947703497891, 39.16648018524986], [-76.1394523313086, 39.16619446632181], [-76.13949294324428, 39.166051192016496], [-76.1396177749328, 39.16586326453936], [-76.13947429421899, 39.165682965850756], [-76.13924767352732, 39.165635265010216], [-76.1390217256738, 39.16564255163469], [-76.13878252497487, 39.165721415262226], [-76.138571659835, 39.16580553028481], [-76.13838170298331, 39.165867513779745], [-76.13821386804383, 39.16600628222591], [-76.1380524955845, 39.166095528575106], [-76.13776319584221, 39.16611981066103], [-76.13746733660169, 39.16618811930526], [-76.13710025353556, 39.16620750719989], [-76.136874060442, 39.166192803129135], [-76.13664069519915, 39.16617262890499], [-76.13639294433537, 39.16613058381413], [-76.13617365209979, 39.16610482031853], [-76.13581894871659, 39.16598116780549], [-76.13554881902246, 39.165840327273266], [-76.13541306831166, 39.16571493099559], [-76.13525559184572, 39.16554574644755], [-76.13512011601941, 39.165442321717016], [-76.13488536018453, 39.165306727447685], [-76.13472884671258, 39.16521447056852], [-76.13457236288501, 39.16512774927042], [-76.13442283920429, 39.165029952268284], [-76.13430842887139, 39.16491537942553], [-76.13415142312267, 39.16478465471825], [-76.1339583086928, 39.164588230794635], [-76.13386439521972, 39.164418519074346], [-76.13380576218113, 39.16424306083085], [-76.13374002975684, 39.16406762583073], [-76.13366018030787, 39.163892303922864], [-76.13361411649672, 39.16359027696089], [-76.13357705919464, 39.163447599829176], [-76.13346822650132, 39.163212043010454], [-76.13316507833059, 39.16325839844707], [-76.13297564879002, 39.16336435262103], [-76.13268035189486, 39.163476628126496], [-76.13244733340174, 39.163483951889425], [-76.13207314735666, 39.16349787852923], [-76.13184774118726, 39.1635491316046], [-76.13153140125658, 39.16367255158163], [-76.13122849293603, 39.16374091692978], [-76.13105240068246, 39.16378077991138], [-76.13082732778804, 39.163859507718826], [-76.13051831182187, 39.16400487181257], [-76.13023681035455, 39.16408953912312], [-76.13006190836875, 39.16422838490589], [-76.12994405748829, 39.16441074268569], [-76.12983991489908, 39.164560004622366], [-76.12972855883815, 39.16469832989187], [-76.12961104392764, 39.16490816516089], [-76.12951363960138, 39.16502990072791], [-76.1294668158155, 39.165244677988646], [-76.1293128266095, 39.1653613481157], [-76.12904629107481, 39.16551737787995], [-76.12877931806058, 39.165634920946665], [-76.12860327072278, 39.165680274634944], [-76.12837764536445, 39.16571502084206], [-76.12817335679073, 39.165760606407716], [-76.12792661922659, 39.16580100732279], [-76.12764936229898, 39.16565472618813], [-76.12750702693715, 39.165567856384875], [-76.12736463228651, 39.16547552253821], [-76.12717966198299, 39.16536699384392], [-76.12683951310403, 39.16527616693461], [-76.12686996599217, 39.16545735886531], [-76.126858312148, 39.16566089495279], [-76.12683923911788, 39.16583697301175], [-76.12676369349744, 39.166013504039206], [-76.12676543982235, 39.16615644271808], [-76.12678893166533, 39.16634871195122], [-76.1268968867046, 39.16651279218342], [-76.1270125124581, 39.16672634121118], [-76.1270778056062, 39.16686878464229], [-76.12716555483978, 39.167115500598676], [-76.12713202971338, 39.16726421355009], [-76.12715122850763, 39.16768193894587], [-76.12714604343181, 39.16783593128301], [-76.12719882933621, 39.16811043053186], [-76.12729378665165, 39.16836810089743], [-76.12732378139897, 39.16851081122866], [-76.12731918112641, 39.1687142925141], [-76.12725066033147, 39.16889075503199], [-76.12718204521344, 39.16905622571823], [-76.12712028064777, 39.16920518041281], [-76.12684013204327, 39.16940530072278], [-76.12654575053142, 39.169594512035516], [-76.12637868005824, 39.16979925353434], [-76.12618284822462, 39.169960225156785], [-76.12602270645722, 39.17015388731851], [-76.12589698274164, 39.1702703403705], [-76.12575711505191, 39.17038688724879], [-76.12553306533857, 39.170553585714046], [-76.12540745750566, 39.1706809992942], [-76.12523219888865, 39.170792332684975], [-76.12506408097988, 39.17090911409244], [-76.12488287821066, 39.17104775768031], [-76.12474686788674, 39.171165566594496], [-76.12457093912656, 39.171248607480074], [-76.1244019705132, 39.17132064051824], [-76.12419736752913, 39.17132686519663], [-76.12402111896871, 39.171360458811264], [-76.12381686453098, 39.171427114618105], [-76.12366236777684, 39.17155402797447], [-76.1235642367135, 39.171669775318534], [-76.12343075245221, 39.171769141185415], [-76.12323392708187, 39.171901715842296], [-76.12310048953293, 39.17201206882796], [-76.12295293675594, 39.17212247317562], [-76.12279123820817, 39.17222746547339], [-76.12260141700212, 39.17234900869607], [-76.12246076867638, 39.17243192840035], [-76.12235595235072, 39.172608112773595], [-76.12225785991495, 39.17272935170153], [-76.12217420969401, 39.17290546708112], [-76.12216110327401, 39.17307586169825], [-76.12214785492021, 39.173224260500916], [-76.12217700704781, 39.17337800949497], [-76.12214982762058, 39.173553924077694], [-76.12221444882884, 39.173740502961486], [-76.12222243215679, 39.17389433648435], [-76.12230098174354, 39.17405339825343], [-76.12233722607031, 39.174212624709526], [-76.1223733949386, 39.17436085397757], [-76.12243816886047, 39.17457490843659], [-76.12244618452776, 39.174734236778164], [-76.12239068571117, 39.17489925986206], [-76.122271561918, 39.17504252519543], [-76.1221168280086, 39.17513099613715], [-76.12188457218517, 39.175241716623624], [-76.12171561884315, 39.17531374557144], [-76.12151157191627, 39.17541885984699], [-76.12134266259172, 39.17550187203274], [-76.12110998815335, 39.17554115522225], [-76.12093356621807, 39.175541763864324], [-76.12078603859388, 39.17565768431204], [-76.12072340266239, 39.17581175319668], [-76.12071716386275, 39.17594914337899], [-76.12082391785448, 39.17609711480714], [-76.12095860226502, 39.17619553917908], [-76.1211074414295, 39.17630491397738], [-76.12119284606021, 39.17642548775779], [-76.12121483681835, 39.176562782729974], [-76.12125828204044, 39.17674944694414], [-76.12132287001104, 39.17693053619691], [-76.1213449191597, 39.17707332316238], [-76.12133865161395, 39.17721071436135], [-76.12135368492025, 39.17736452079379], [-76.12136880985467, 39.17753477438476], [-76.12135562528125, 39.17769417958318], [-76.12132819971562, 39.177831634330786], [-76.1212658503467, 39.17802965632547], [-76.12119603148619, 39.17815629593354], [-76.12108381753417, 39.17827756289871], [-76.12107056738374, 39.17842596813225], [-76.12110688537234, 39.178596179460534], [-76.12113614439946, 39.178771895061594], [-76.1211584280084, 39.17895863975845], [-76.12116664849157, 39.17915640649983], [-76.12119572156743, 39.17929916735795], [-76.1211753675397, 39.17943661478955], [-76.12110563222252, 39.179579703058], [-76.12094391301349, 39.17968467516848], [-76.12078939290316, 39.179811607741826], [-76.12063469672302, 39.17991103521928], [-76.12043033538578, 39.17996670507496], [-76.12022539194024, 39.179923469824125], [-76.12006273938162, 39.17986908677778], [-76.11987888837895, 39.17981478933968], [-76.11968102814942, 39.1797715351941], [-76.11951120883148, 39.179700700867684], [-76.11932738298164, 39.179646401906865], [-76.11917167799344, 39.17957551383564], [-76.11896687648171, 39.179554249489364], [-76.11871261193379, 39.17952217782654], [-76.11852196427766, 39.17951185865433], [-76.11807734582274, 39.179518897334106], [-76.11788658857215, 39.179486590289585], [-76.11768880559775, 39.17945982198227], [-76.11748393311909, 39.17942757061852], [-76.11727211756163, 39.179417317585504], [-76.11704610952097, 39.179390621672056], [-76.11680614615238, 39.179391459379495], [-76.11654493672901, 39.17938137555397], [-76.11634012982739, 39.179360125076], [-76.11612140173382, 39.17937186621482], [-76.11595950465835, 39.17944936353132], [-76.11580482285126, 39.17954878595032], [-76.11567841012786, 39.17965912763115], [-76.1155520764562, 39.179780445622704], [-76.11537626537532, 39.17989095406245], [-76.11517903396647, 39.17995757044749], [-76.11498863155043, 39.17998569016665], [-76.11477688695986, 39.17998643594972], [-76.11460770454747, 39.180025477788234], [-76.11442446529749, 39.1800700687541], [-76.11425535564861, 39.18012011413431], [-76.11407197805809, 39.180142735478434], [-76.11388162774433, 39.180181843382506], [-76.11364881855867, 39.18019914118276], [-76.11345846285502, 39.18023824418105], [-76.11323987130537, 39.18027198951843], [-76.11301431062573, 39.18032770504667], [-76.11282435377406, 39.18043275263747], [-76.1126840728593, 39.18058160106623], [-76.11260009475328, 39.18070824652254], [-76.11248796793782, 39.18084600594233], [-76.11238980992505, 39.18096174216886], [-76.11228448155967, 39.18105551798071], [-76.11196700615847, 39.18107857632029], [-76.11212852055162, 39.18093515407721], [-76.1122832086469, 39.180835734315195], [-76.11236717776977, 39.18070905148648], [-76.11247222047089, 39.18056582903455], [-76.11258437962569, 39.18043358128011], [-76.1127248806277, 39.18031772093201], [-76.11291504499019, 39.1802456226021], [-76.11309122797361, 39.18020106447558], [-76.11326041218265, 39.180162001844366], [-76.11342935204993, 39.18008449904641], [-76.11360538142144, 39.18001247428963], [-76.11378850568704, 39.179945902522505], [-76.11397173325891, 39.17989581663034], [-76.11415507132355, 39.17986770314237], [-76.11435252192133, 39.17983406484795], [-76.11457819938194, 39.17980580858469], [-76.11477572633652, 39.17978864160049], [-76.1150577658947, 39.179738193496775], [-76.11524099077161, 39.17968811163466], [-76.11539574534223, 39.179599672888315], [-76.11552899424495, 39.1794563353679], [-76.1156554078667, 39.17934599963588], [-76.11576064819718, 39.17923574659642], [-76.1159081910927, 39.17911985642017], [-76.11611237186858, 39.17903673778601], [-76.11632404189896, 39.179025004251066], [-76.11654971037645, 39.17899125135163], [-76.11681789072641, 39.17898481426777], [-76.11699453903714, 39.179017173769246], [-76.11721326623241, 39.17900541376966], [-76.11742523180854, 39.17904314840371], [-76.11761577436177, 39.17904248547656], [-76.11782765908951, 39.179063720034485], [-76.11807483053994, 39.179090332509865], [-76.11827261441267, 39.179117119062994], [-76.11852698316515, 39.17916567005625], [-76.11874593583757, 39.17919237162591], [-76.11892978324698, 39.17924667302644], [-76.11911341416241, 39.179268020331364], [-76.11929720318135, 39.179316827477024], [-76.11948799816116, 39.17935462670439], [-76.11971426761156, 39.179425252475], [-76.11988404381037, 39.1794905942888], [-76.120060879869, 39.17955592420399], [-76.1202726972231, 39.17956617094962], [-76.12044875354405, 39.17949961338321], [-76.12058207251538, 39.17936725290357], [-76.12063068305035, 39.179235230600895], [-76.12070044711363, 39.179092120740805], [-76.12075604115161, 39.178943572071965], [-76.12076212544102, 39.178778699840194], [-76.12077534684539, 39.178630303011175], [-76.12079569188992, 39.178487366705454], [-76.12080179055239, 39.178328005783314], [-76.12080794850368, 39.178174142964366], [-76.12081399416552, 39.17800377602184], [-76.12082004521729, 39.177833417719214], [-76.12082628311862, 39.177696048628036], [-76.12085349668185, 39.17752011028608], [-76.12086649979558, 39.17733326427657], [-76.12090789865545, 39.177173745447845], [-76.12094216579027, 39.17699782320823], [-76.12091309001947, 39.176855060462515], [-76.12078546007884, 39.176756604284165], [-76.1206155347597, 39.17666378861109], [-76.1204666991885, 39.1765599248001], [-76.12029673703842, 39.176461610965916], [-76.12014093593048, 39.17637425033306], [-76.1199850027702, 39.17625941115156], [-76.11989231639583, 39.17610038431717], [-76.11991259676167, 39.17595195119417], [-76.12003870405789, 39.17579218271145], [-76.1201791403812, 39.175670800734196], [-76.1203265521227, 39.1755329176625], [-76.12043877236295, 39.17541713976861], [-76.12056497847382, 39.17527382227296], [-76.12064872211955, 39.17511420058065], [-76.12075394448374, 39.17500391792402], [-76.12083062826964, 39.17484432834953], [-76.12082965539419, 39.174679481324695], [-76.12087113420412, 39.174530973473225], [-76.12086288407656, 39.17432771306271], [-76.120783494565, 39.17403128889448], [-76.12075438016664, 39.17388301366552], [-76.12073224388142, 39.17371825352681], [-76.12071720788019, 39.173564469063635], [-76.12068798209074, 39.17339422675105], [-76.12065883445472, 39.17324048475657], [-76.12068605340781, 39.17307005780703], [-76.12072031694939, 39.17289411415731], [-76.12077586158003, 39.172740072307604], [-76.12085951539424, 39.17256395233531], [-76.12094336324455, 39.17242078153973], [-76.12107659058769, 39.172277460026116], [-76.1212525436024, 39.172194424534], [-76.12140734758037, 39.17211694498832], [-76.1216326190025, 39.17202274427594], [-76.12180831509902, 39.17189574958765], [-76.1219912255656, 39.17180169831008], [-76.12216711210495, 39.17170765665668], [-76.12234994890969, 39.17159712839043], [-76.12251181903567, 39.17151964191885], [-76.12265224547751, 39.17139825535179], [-76.12282101286826, 39.17129877056803], [-76.1229968985093, 39.171204726152745], [-76.12313742646077, 39.17109983609619], [-76.12331326808439, 39.17100029865787], [-76.12342542993413, 39.170873535428164], [-76.12358714105834, 39.170774054080674], [-76.12372763667044, 39.170663675473484], [-76.12391038454194, 39.17054213978449], [-76.1240931701427, 39.1704206038854], [-76.12427621535657, 39.17034854067494], [-76.12445206057345, 39.170249002173186], [-76.1246985232531, 39.17016020820893], [-76.12475010002514, 39.1700648285865], [-76.12488950238757, 39.16990979716229], [-76.12503644970005, 39.1697931812419], [-76.12514806986567, 39.16967684858117], [-76.12516650778689, 39.169451296889854], [-76.12527674275034, 39.16921950359244], [-76.12542887783361, 39.16894891785786], [-76.12552589857924, 39.168794215485626], [-76.12561604092474, 39.16865605706285], [-76.12574117983708, 39.168490137613546], [-76.12578897200682, 39.168352308018065], [-76.12584927501352, 39.16808242585465], [-76.12591058862493, 39.16789501152587], [-76.12570243460054, 39.16762174069737], [-76.1255804865041, 39.16746873339172], [-76.12541644245512, 39.1673380517357], [-76.12528084625455, 39.16722364910877], [-76.12508846395163, 39.167087683572305], [-76.12493189658078, 39.16698992620824], [-76.12482743778459, 39.16692340409728], [-76.12465055591187, 39.166847120856566], [-76.12448082552714, 39.16678179027676], [-76.12430376219476, 39.16667802191236], [-76.12414094704108, 39.166590670018955], [-76.1239639789301, 39.16649790848555], [-76.12381524756348, 39.16641050413271], [-76.12361040832249, 39.166378257927086], [-76.12344778361167, 39.16632390340692], [-76.12317243021415, 39.166297395446755], [-76.12296764217714, 39.166276136835556], [-76.12273465961663, 39.16625499383339], [-76.1225369107782, 39.166228215613444], [-76.1223604358423, 39.1662178471296], [-76.1221204482192, 39.16621320509613], [-76.12192997573457, 39.1662193703294], [-76.1217255119894, 39.16625305274713], [-76.1215492652256, 39.166281145909025], [-76.12135189817114, 39.16632031375889], [-76.12115426521538, 39.1663100100611], [-76.12093543112059, 39.16629978854628], [-76.12072364790247, 39.16628404604539], [-76.12051187276917, 39.166273815472536], [-76.12029296141927, 39.16624710063932], [-76.12010208199783, 39.16618733715887], [-76.11999548970283, 39.166061335561636], [-76.12003399778412, 39.16590714293112], [-76.12005819031305, 39.16592374009981], [-76.12031238209741, 39.165950321331366], [-76.12050302526195, 39.16596614609176], [-76.12068651514187, 39.16597099987189], [-76.1208632451993, 39.16602532262667], [-76.12107514070684, 39.16605754043839], [-76.12127986765839, 39.16607330875972], [-76.12147010747937, 39.16602318442988], [-76.12163190394351, 39.1659346943683], [-76.12179363393233, 39.16584070476698], [-76.12197675550298, 39.16577963155235], [-76.12218833839681, 39.165756904597075], [-76.12238574857038, 39.165728743666804], [-76.12258998594011, 39.165662090816895], [-76.12273038812745, 39.165535210706516], [-76.1227717510547, 39.16537021858115], [-76.12274949978512, 39.1651889630454], [-76.12272042670928, 39.16504622577573], [-76.12265611092818, 39.16490907060061], [-76.12257038290399, 39.16473356273671], [-76.12250581379801, 39.164557943692046], [-76.12242743489114, 39.16442636441537], [-76.12234883050715, 39.16426178758812], [-76.12232673464611, 39.16410801587768], [-76.12229758341681, 39.1639487742044], [-76.12238144114859, 39.1638111188898], [-76.12247900537497, 39.163601969191596], [-76.12257664146658, 39.16340931494342], [-76.12273821694515, 39.163287866319116], [-76.1228716733587, 39.16318298395754], [-76.12304768925549, 39.16311644431591], [-76.1232094084645, 39.16301696453333], [-76.12342764517962, 39.16293377532254], [-76.12361787422083, 39.16288364736243], [-76.1237939143721, 39.16281708584576], [-76.12396280573036, 39.16274505454577], [-76.12419516306343, 39.162656317276614], [-76.12440641358059, 39.16258413536479], [-76.12466028286978, 39.162555766995716], [-76.1248070451293, 39.162509881940814], [-76.12510433808103, 39.16256255523426], [-76.12540816178483, 39.16257120038175], [-76.12559186456551, 39.162575258975835], [-76.12582533580952, 39.162606434988554], [-76.12598152858291, 39.16267119900132], [-76.12615860988163, 39.16271380963964], [-76.12639248357088, 39.16277795853244], [-76.12655584849352, 39.16285368061817], [-76.12672643137945, 39.162940315566495], [-76.12676361893726, 39.1630939832635], [-76.12675202797516, 39.16330298472289], [-76.12680425872071, 39.16353350480458], [-76.12696763082985, 39.16360922398746], [-76.127166390273, 39.16369013831347], [-76.12745670151831, 39.163748368125326], [-76.12771149158067, 39.16379035683037], [-76.12788813719644, 39.16379447664638], [-76.12812821824433, 39.16378711878718], [-76.12843210752517, 39.163801229940276], [-76.128621856866, 39.16372278554463], [-76.12863365803389, 39.16353025699842], [-76.12864610868372, 39.16339270812684], [-76.12867854774694, 39.163156036709246], [-76.12884633327909, 39.16301176995554], [-76.12903687673064, 39.162999274549584], [-76.12926246974962, 39.16296454650329], [-76.129466691848, 39.16291344484154], [-76.12972089351383, 39.162905965000554], [-76.12990404383059, 39.162866054160354], [-76.13007881735732, 39.16271624743795], [-76.1300552177165, 39.16251849157244], [-76.13004620312262, 39.16235911674863], [-76.13005821359798, 39.16218308779475], [-76.13003391686448, 39.16193034355665], [-76.12998901547333, 39.16172176568455], [-76.12998735179342, 39.161584337954714], [-76.1300343588356, 39.16138602934742], [-76.13010898458118, 39.16113252720773], [-76.13014175961435, 39.16092333820154], [-76.13016046074192, 39.16071975009634], [-76.13018670861621, 39.16055460458278], [-76.13036153424522, 39.160410288612134], [-76.130635232946, 39.16026520824323], [-76.13078239585414, 39.16017058139516], [-76.13107909591777, 39.160173765971344], [-76.13124912184823, 39.16021641782516], [-76.13149718802066, 39.160285953929616], [-76.13179519153978, 39.16039906601325], [-76.13195159541725, 39.16048032185167], [-76.13225680791649, 39.160604391507476], [-76.13249067801252, 39.16066854580652], [-76.13284374466525, 39.160660277946675], [-76.13309113710123, 39.16067482715041], [-76.13334558490547, 39.160689324807585], [-76.13352953023127, 39.16071538283084], [-76.133720777962, 39.16075787763632], [-76.13394716239674, 39.16078908858452], [-76.13430809290149, 39.160846731531535], [-76.13456947390307, 39.160850181455885], [-76.1347605042415, 39.16087615862189], [-76.13500924684534, 39.161000672662766], [-76.13525791758398, 39.161119669969054], [-76.13535821179052, 39.16123434720473], [-76.13555190832871, 39.16148024152071], [-76.13564567807133, 39.161638962906174], [-76.13570488962496, 39.161858404682675], [-76.13570724231269, 39.162050840291826], [-76.13576683295538, 39.1623032957386], [-76.13576933656007, 39.1625066953808], [-76.13573691456486, 39.16274336759008], [-76.13571174017731, 39.16299649129163], [-76.13576307440422, 39.163150036280264], [-76.1358213238622, 39.163292523868776], [-76.1358165627912, 39.16347951166233], [-76.13587603036468, 39.163720967669626], [-76.13601143702073, 39.16381885982312], [-76.13617521965996, 39.16392753508195], [-76.13628264648983, 39.164047653678736], [-76.13642559989256, 39.16418398378894], [-76.13668114184483, 39.16428643248612], [-76.13693056626998, 39.16446592681859], [-76.13709171774374, 39.164360183253144], [-76.13718920112176, 39.16424395931413], [-76.13735050171583, 39.16414921941304], [-76.13761093229986, 39.16407568155396], [-76.13787111225392, 39.16398015577278], [-76.13803987155983, 39.16391836006323], [-76.138258005867, 39.163850674674016], [-76.13846196565731, 39.16377756972788], [-76.13869442539833, 39.16372625761612], [-76.13889090851055, 39.16362024408783], [-76.13912314546936, 39.16355243582679], [-76.1393137167687, 39.16353993912389], [-76.13957538343453, 39.16356536366434], [-76.13984994092472, 39.163491725594525], [-76.14007466437451, 39.16338547420385], [-76.1402851225776, 39.16326835712376], [-76.14048165509713, 39.16316783627455], [-76.14064270236632, 39.163051101912885], [-76.14085362320176, 39.1629724560855], [-76.14102965257327, 39.16292708602449], [-76.1412899421218, 39.1628425552243], [-76.14150142350597, 39.162807879339105], [-76.1417902417513, 39.16274512559015], [-76.14209931251469, 39.162605226535234], [-76.14225340323033, 39.16249952057056], [-76.14237774264205, 39.16227312884638], [-76.14238869580032, 39.16201463097429], [-76.14242121930518, 39.1617889404813], [-76.14245421173061, 39.161601751773915], [-76.1425070497373, 39.16130441236072], [-76.14255467122715, 39.161155592080725], [-76.14260227205574, 39.16100675128654], [-76.14271939979237, 39.160769418493565], [-76.14293670405624, 39.16063573416877], [-76.14325356590807, 39.1605562623365], [-76.14359187773229, 39.1604985815386], [-76.14383059423925, 39.16038122282956], [-76.14409137067467, 39.16033517266998], [-76.14428889852753, 39.16031711423997], [-76.14459278421512, 39.16033120171034], [-76.14483243586831, 39.16029080879828], [-76.14510083001731, 39.160288673909875], [-76.14543214306714, 39.160236572164884], [-76.14567878091827, 39.16019061663989], [-76.14595990868644, 39.16007842713648], [-76.14607119647543, 39.15994008651348], [-76.14622351571333, 39.159691460542014], [-76.14639802154208, 39.15952513057705], [-76.14648072134545, 39.15935952393121], [-76.14651338139426, 39.159144833880354], [-76.14651024447727, 39.158891925485314], [-76.14657108377821, 39.15867152435604], [-76.14668161698235, 39.15847270462458], [-76.14670747858105, 39.158280072550255], [-76.14676919912928, 39.15813111282981], [-76.14681530516124, 39.15786134051298], [-76.14678433574183, 39.157641664064606], [-76.14666838659484, 39.15740616999978], [-76.14660985506586, 39.15724167496461], [-76.14651550950316, 39.15703900542974], [-76.14647137437494, 39.15689640138581], [-76.14654720296471, 39.1567473398225], [-76.14665089459963, 39.15656507223586], [-76.14676944257273, 39.15644317434605], [-76.14701328037512, 39.156171831738284], [-76.14708891762373, 39.15600627849834], [-76.1472068637256, 39.155834889602374], [-76.14726836688153, 39.15566945189904], [-76.14736581702186, 39.15555321569151], [-76.14745577072115, 39.15540405515376], [-76.14729237615413, 39.15532836405846], [-76.14696643952128, 39.15524299588495], [-76.14665420578977, 39.15512452361902], [-76.1466666267952, 39.15498697433398], [-76.14669291958525, 39.15482729684541], [-76.14689653981237, 39.15473222940267], [-76.14713432027483, 39.15454340303331], [-76.14727420952414, 39.15443230375303], [-76.14735711055013, 39.154283211195455], [-76.14733360343578, 39.15409643858862], [-76.14724706063963, 39.1539541949928], [-76.14729473602839, 39.15381084560212], [-76.14737024032631, 39.15363430763702], [-76.14733917838043, 39.15340913430953], [-76.14724561435202, 39.15326692206488], [-76.14707496948232, 39.15317480404326], [-76.14687581298384, 39.15306093497313], [-76.1467538433278, 39.15290795172461], [-76.1466391554155, 39.15277141516049], [-76.14650299776788, 39.15261304158171], [-76.14640827670937, 39.15237737394786], [-76.146349533178, 39.152196400503364], [-76.14635489791688, 39.15205890261731], [-76.1464230360295, 39.15186042435352], [-76.14649854841228, 39.15168388219193], [-76.14666570332709, 39.15149561190874], [-76.14673434180132, 39.15133561510555], [-76.14675314982841, 39.151143035940905], [-76.14674396185968, 39.150972658549115], [-76.14673465980493, 39.15079130252447], [-76.14671835358588, 39.150615484966295], [-76.1467372855805, 39.15043389325506], [-76.14678420458779, 39.15023008809861], [-76.14681752579664, 39.15007037473682], [-76.14691474866319, 39.1499376439864], [-76.14701911403459, 39.1498103558463], [-76.14714470929108, 39.149688390523515], [-76.1472419348526, 39.149555660445934], [-76.14738131116388, 39.14940609289355], [-76.14746414391793, 39.14925148826506], [-76.14753304110695, 39.1491134837349], [-76.14760866757577, 39.14894794523792], [-76.14759230386456, 39.14876661882824], [-76.14751923939092, 39.1485692744881], [-76.14745335335472, 39.148382855246616], [-76.14738063742742, 39.148212987395695], [-76.14732907682506, 39.148042954723216], [-76.14715023393009, 39.147857436960194], [-76.14714064441443, 39.147654084836795], [-76.1470332319576, 39.14753397935375], [-76.14687640048203, 39.14741425961827], [-76.1466983472062, 39.14729473126249], [-76.14655868882392, 39.14742228520178], [-76.14634095606367, 39.14751749279613], [-76.14612967769874, 39.1475631584264], [-76.14589069618876, 39.14765302172922], [-76.14565202639417, 39.147770387735214], [-76.14539172247261, 39.14784943441614], [-76.14517337077314, 39.14789514929389], [-76.14495609974693, 39.14802884389274], [-76.14483769191102, 39.148161741261085], [-76.14464167232951, 39.14830073133645], [-76.14448742800197, 39.148389938841284], [-76.14453174728483, 39.14854904017439], [-76.14460495818385, 39.14875737565036], [-76.14452939100384, 39.14892842509961], [-76.14426948683256, 39.14904046518596], [-76.14402940398804, 39.149042367038206], [-76.14382467434153, 39.149049492365414], [-76.14356381256619, 39.149084539379], [-76.14335951770427, 39.149124658671894], [-76.14316954558124, 39.149181132447204], [-76.14300944333972, 39.149369353190586], [-76.14289068066928, 39.14947474727981], [-76.14265820655523, 39.149520592071], [-76.14241119320829, 39.14953352388028], [-76.14241581324379, 39.1493355728217], [-76.14244873649895, 39.14914285303432], [-76.1424114707877, 39.14898371890774], [-76.14236685056922, 39.14880262875509], [-76.14235755929424, 39.148621250418685], [-76.14244018543575, 39.14845015494037], [-76.14271471507816, 39.14837650662304], [-76.1429610340274, 39.14830857429486], [-76.14310763189525, 39.14816996321681], [-76.14310544898909, 39.14799402973441], [-76.1432877387198, 39.147888125562204], [-76.14334233832278, 39.14773374540768], [-76.14339651302262, 39.147546371613444], [-76.14338034424581, 39.14738155883942], [-76.14339887559181, 39.14716696878834], [-76.14338308141248, 39.14702963593976], [-76.14333852677102, 39.14685405560571], [-76.14352808836396, 39.14676458838569], [-76.14379037127411, 39.14684498007439], [-76.14397469838387, 39.14690399364894], [-76.14420188231924, 39.147001152618685], [-76.14442864314809, 39.147065336737796], [-76.14467633292644, 39.14710736883955], [-76.14488742444179, 39.147045202312015], [-76.144863856242, 39.14685295834917], [-76.14487595924382, 39.146687906386084], [-76.1448451200801, 39.14647921644702], [-76.14484299646278, 39.14630879502082], [-76.14480538849342, 39.146122160092006], [-76.14476104675266, 39.14596305884625], [-76.14467414552871, 39.14578779493163], [-76.14453122536365, 39.145651479335605], [-76.14445896039061, 39.145520093211886], [-76.14451334260127, 39.14534923333815], [-76.14460289385532, 39.14516706441884], [-76.14460072622055, 39.144991147117786], [-76.14457729456468, 39.144809889937], [-76.14442080624555, 39.1447176688821], [-76.14418710593114, 39.144664538436196], [-76.14400291985683, 39.14461651052961], [-76.14375375773976, 39.1444535510696], [-76.14354776685859, 39.14435621928626], [-76.14341936706177, 39.14425275783222], [-76.14317121824429, 39.144172260071606], [-76.14295858162667, 39.144107954875714], [-76.14271817179538, 39.14408237003043], [-76.14249915803752, 39.14407311648365], [-76.14228074884588, 39.14411333268735], [-76.14209029702249, 39.14413132281938], [-76.14191412392054, 39.14416021835337], [-76.14163202956513, 39.14418995200222], [-76.14133511390585, 39.14416480122927], [-76.14108752653546, 39.144128259439235], [-76.14089016936246, 39.1441573256654], [-76.1406213062929, 39.14411545622268], [-76.1404231379412, 39.14407852773947], [-76.14020351243066, 39.144019799532614], [-76.13996247916856, 39.14394473785294], [-76.13969336277407, 39.143880879730695], [-76.13941736169122, 39.143833566104405], [-76.13916950123297, 39.143775052277135], [-76.13929096154422, 39.14388955434492], [-76.13939232025437, 39.14409218581142], [-76.13954215115892, 39.14421745620838], [-76.13973428642514, 39.14433690061294], [-76.13963053639972, 39.14451367787611], [-76.13949040550361, 39.14460273899841], [-76.1393789739842, 39.1447300867186], [-76.13917388231661, 39.14470421506232], [-76.13893244571096, 39.1445961566417], [-76.1389372022904, 39.144409166037455], [-76.13882281800863, 39.14429461256267], [-76.1386164884626, 39.144169772861964], [-76.13838309896526, 39.144138636055466], [-76.13813703154433, 39.14422855319601], [-76.1380609226802, 39.14435559992392], [-76.13805601698043, 39.14453158848275], [-76.13803678944008, 39.14469117577181], [-76.13803849264588, 39.144828618383336], [-76.13792814718963, 39.145043931759574], [-76.13782432889224, 39.145215188789265], [-76.13779776391266, 39.1453528554071], [-76.13782084163232, 39.145506617251556], [-76.13772400773625, 39.14567233174307], [-76.13756246908859, 39.145745082080445], [-76.13739443202817, 39.145861860482725], [-76.13729033525307, 39.146011129724876], [-76.137121948748, 39.1461004446334], [-76.13697469780494, 39.146184083597674], [-76.13682769210196, 39.146289683796304], [-76.13677329192498, 39.146460564377406], [-76.13664094582911, 39.14661004413855], [-76.13638804222886, 39.14671650687492], [-76.13624807931771, 39.14682207980122], [-76.13620787970875, 39.146998335287684], [-76.136252328349, 39.14716843945387], [-76.13616981359857, 39.14735051820021], [-76.13594513326792, 39.14745676245712], [-76.13583774416728, 39.14733663922068], [-76.13575076928147, 39.14715587853402], [-76.13579097428033, 39.14697962692543], [-76.1358026919049, 39.14678158508321], [-76.1356453232368, 39.14661789564543], [-76.1354889130711, 39.14653115072733], [-76.1352570947272, 39.14663193221482], [-76.13515338602427, 39.14681419209022], [-76.13510613104705, 39.14699051029666], [-76.13507989664751, 39.14715565560033], [-76.13489793749682, 39.147289045767295], [-76.13471944135155, 39.14713099216136], [-76.13444358130421, 39.14709467205845], [-76.13421097962937, 39.147129499201654], [-76.13398581690342, 39.147197227847656], [-76.13376088953605, 39.147281475091894], [-76.13362832694621, 39.147414465134524], [-76.13349953278897, 39.14727803286217], [-76.13359665324761, 39.147134304818], [-76.13375677974363, 39.146946119200834], [-76.13388866859701, 39.146758136508744], [-76.13400660751235, 39.14658677733872], [-76.13406822026273, 39.14642684182984], [-76.13408724837709, 39.146250738877846], [-76.13424736499165, 39.14606255159501], [-76.13442947955087, 39.145940169433054], [-76.1344559582922, 39.145796993911866], [-76.1343626125544, 39.14567128253919], [-76.13419141791576, 39.14552968028008], [-76.1340206050611, 39.14542104209135], [-76.13373023722193, 39.14535184312279], [-76.13355283342804, 39.14528176068788], [-76.13343091407768, 39.14512876819235], [-76.13321787950638, 39.14503146869367], [-76.13299818662217, 39.14496720956751], [-76.13275759083963, 39.144925112092196], [-76.13258664683094, 39.144805489636184], [-76.1324303696159, 39.144729751609816], [-76.13219735112278, 39.14473155813175], [-76.13216452847895, 39.14493525938003], [-76.1319541726838, 39.14505785368919], [-76.13180723076121, 39.14516898936647], [-76.1316178066105, 39.14526942028096], [-76.13151021808386, 39.1451328222191], [-76.13146589880101, 39.14497371525368], [-76.13120363475551, 39.14489329425681], [-76.1310337067414, 39.144856136970475], [-76.13079323402805, 39.144825032515385], [-76.13059510969383, 39.144793583184374], [-76.13034718904845, 39.144729554446], [-76.13012091151322, 39.14470383048826], [-76.12990935467056, 39.14472748318114], [-76.12979132322874, 39.14489333536151], [-76.12976526489898, 39.14507498107955], [-76.12971820395788, 39.14526779560797], [-76.12955053071515, 39.14541755169944], [-76.1293107344332, 39.14544141246119], [-76.12909218600268, 39.14547060006489], [-76.1289031328562, 39.145604030349496], [-76.12884163509017, 39.14577497181313], [-76.12871322181861, 39.14566599820202], [-76.12861934337984, 39.145496284031424], [-76.12863840922341, 39.14532020104514], [-76.12876362179762, 39.14516528438224], [-76.12891057090674, 39.14505417586997], [-76.12876015609726, 39.14487940016227], [-76.12862000992976, 39.14496846639534], [-76.12847299165038, 39.14507407886802], [-76.12829114299248, 39.145218443711066], [-76.12819370992013, 39.145334666335096], [-76.12803982402038, 39.145456821037236], [-76.12783645352489, 39.145573869534324], [-76.12760450402695, 39.14566364480825], [-76.12737954881182, 39.14574788274117], [-76.12723246765034, 39.14584800141342], [-76.12702231846772, 39.14598708592953], [-76.12680481208292, 39.14610424849671], [-76.12676737479347, 39.14592859618618], [-76.12668078528492, 39.14577530552356], [-76.12664268054719, 39.145544688243604], [-76.12666879726746, 39.14536854407013], [-76.12671574951239, 39.1451647451461], [-76.1268200564933, 39.14503198145668], [-76.12696007869327, 39.14493190899867], [-76.1271696520558, 39.14474333431273], [-76.12739380238044, 39.14459315180401], [-76.12754106859485, 39.14450952766997], [-76.12774489633281, 39.14443097189144], [-76.12789165859236, 39.14430336794266], [-76.12805931207217, 39.14415360948074], [-76.12821310275048, 39.14402595835039], [-76.12828903913807, 39.14388239714381], [-76.12835750423746, 39.143705919967246], [-76.12855388045014, 39.143594430841624], [-76.12878667975433, 39.14357611451527], [-76.12902667995384, 39.143568748968], [-76.1292229950811, 39.143451752873034], [-76.12936261214087, 39.14331870518026], [-76.12939617679314, 39.14317547346726], [-76.1293729113256, 39.14300522100621], [-76.12939901816439, 39.142829069084534], [-76.12922741569061, 39.14265448014467], [-76.12902153170894, 39.1425626143766], [-76.12892820214083, 39.14243688050638], [-76.12879229332654, 39.14229497981672], [-76.12855943742849, 39.14230780914289], [-76.12832562841791, 39.14224363949692], [-76.12808531919794, 39.142223543404796], [-76.12787346591124, 39.14222517441845], [-76.12764774802642, 39.142243422121396], [-76.1274146765327, 39.14223975251576], [-76.12722342880197, 39.14219174733985], [-76.12695458100372, 39.14214987045755], [-76.12675743403653, 39.1421953828089], [-76.12646142208241, 39.14224167824011], [-76.126270574102, 39.14222666469531], [-76.12603749811669, 39.14222298881829], [-76.12581062679506, 39.14214778169887], [-76.12558457383865, 39.14213854461897], [-76.12536548013075, 39.14212374633794], [-76.12509702938787, 39.1421148401958], [-76.1246790747272, 39.14207077557274], [-76.12446796524554, 39.14210531745727], [-76.12427069880242, 39.14214998123562], [-76.12406645604278, 39.14220565659598], [-76.12391165745471, 39.14227762880075], [-76.1236085694711, 39.142317177879846], [-76.12341827754784, 39.14234531125512], [-76.12320683299457, 39.14237902879098], [-76.12302359733788, 39.14240715029734], [-76.1228333817714, 39.14245178113863], [-76.12267185480185, 39.142573250400964], [-76.12251029369631, 39.14268920776488], [-76.12234873259078, 39.142805164241175], [-76.12215867063622, 39.14287725915072], [-76.12197549875991, 39.1429163717526], [-76.12178502537697, 39.142917040594], [-76.12158017984777, 39.14287381670565], [-76.12140368694558, 39.14284694737443], [-76.12119198277921, 39.1428367231474], [-76.12096627836912, 39.14284300329628], [-76.1207691188255, 39.142904134044045], [-76.12058599096665, 39.14295422955914], [-76.12038158740857, 39.14298241702312], [-76.12016995331079, 39.142983166682114], [-76.1199933606956, 39.142945318645125], [-76.11995685765403, 39.142934567719934], [-76.11997673287969, 39.14291458678213], [-76.12014823923376, 39.1428898257111], [-76.1203526778261, 39.142867128984015], [-76.12052886799603, 39.14283903761989], [-76.12074009066542, 39.142766866032964], [-76.12093743885525, 39.14273870565442], [-76.12113485621533, 39.14272152822906], [-76.12131122515002, 39.14272089491808], [-76.12148780069721, 39.142758741682336], [-76.12167118816922, 39.14275260086823], [-76.12184707830184, 39.14267505963206], [-76.1220157989802, 39.142575548160984], [-76.12202187877803, 39.142410696575766], [-76.12207026563249, 39.14224019005369], [-76.12221761808517, 39.14210779359238], [-76.12243597068297, 39.14205208749901], [-76.12265453977476, 39.1420348221196], [-76.12284490356323, 39.14201217946083], [-76.12305645591434, 39.1420004362655], [-76.12322536344226, 39.141933898886464], [-76.12334465432211, 39.141829075963784], [-76.12348512837465, 39.14172418878669], [-76.12364675865047, 39.14161921087935], [-76.1237944371916, 39.141541777083624], [-76.12393038104017, 39.141465623085026], [-76.1240432588472, 39.141434582623816], [-76.12413023463132, 39.14143125715788], [-76.12418656528784, 39.14142370396732], [-76.12431452670681, 39.14141270477571], [-76.1244986373226, 39.1414101039025], [-76.12476342473575, 39.14138615538029], [-76.12493214271916, 39.141324380236675], [-76.12512216694448, 39.14127340359674], [-76.12535536420233, 39.14128808779352], [-76.12549779298894, 39.14138595820712], [-76.12574696229257, 39.141554453268], [-76.1259453219854, 39.141607903070174], [-76.12620490815304, 39.14146842321933], [-76.12644456878938, 39.141433563315914], [-76.12669900850877, 39.141453595534976], [-76.12691061925035, 39.14143544586545], [-76.12710011706291, 39.141340499677085], [-76.12737549561325, 39.14133835585303], [-76.12755914449501, 39.14134242612277], [-76.12780680732388, 39.14138447139609], [-76.12803272912628, 39.141382716345944], [-76.12825834819638, 39.14135346225176], [-76.12848408404751, 39.141335215711536], [-76.12871706391309, 39.14133339377448], [-76.12893649089595, 39.141375662701975], [-76.12917741276694, 39.141445253654794], [-76.12938291855787, 39.14150414495275], [-76.12962331581272, 39.141529754423686], [-76.12965336176404, 39.14167795223655], [-76.12973309083877, 39.14184778499831], [-76.12983347038525, 39.14197346627337], [-76.12987799089072, 39.1421490497245], [-76.12999987161353, 39.14230205496677], [-76.1301363095355, 39.142487932942366], [-76.13020205453621, 39.14266886307368], [-76.13028180696715, 39.14283866975671], [-76.13034076789081, 39.143041657479515], [-76.13045568756849, 39.143200199602454], [-76.13039428143058, 39.1433766160401], [-76.13050939065279, 39.14355164977595], [-76.13057546982677, 39.143760085041656], [-76.13073322477044, 39.14395677960804], [-76.13097295906864, 39.14392742277526], [-76.13112704349605, 39.14382173821537], [-76.1313023524187, 39.14372139580656], [-76.13154845936552, 39.14363700356724], [-76.13173105452341, 39.143553097525825], [-76.1318853653263, 39.14346941920666], [-76.13211775949031, 39.14341811666876], [-76.13235798337033, 39.143427223296946], [-76.13259145730929, 39.143463905488474], [-76.13281812920494, 39.143522596537075], [-76.13303762895134, 39.14357035765596], [-76.13325684752509, 39.14359612452681], [-76.13350424175769, 39.143616185391984], [-76.13371619296078, 39.14362553096365], [-76.13392156130946, 39.14367338258396], [-76.13417656427254, 39.14373736908749], [-76.13440305201354, 39.1437795682948], [-76.13458756956615, 39.14385510739049], [-76.13487109493782, 39.143940850965656], [-76.13508836326906, 39.14380717577309], [-76.13507228162884, 39.14364785749718], [-76.13506321942425, 39.143482972194455], [-76.13509674814394, 39.14333976520039], [-76.13519311671266, 39.143135586967155], [-76.13525503129698, 39.14300312948602], [-76.13528141751182, 39.14284898594925], [-76.13523681705628, 39.142667891160094], [-76.13517084478181, 39.14247046701608], [-76.13521800633423, 39.14228316211993], [-76.13530117326155, 39.14215604894704], [-76.13536262431519, 39.14198512656363], [-76.13548042938154, 39.14180274479901], [-76.13568420771219, 39.14171867771867], [-76.13593048174563, 39.14165075498939], [-76.13614144031033, 39.14157762837032], [-76.13626004308065, 39.141461233025986], [-76.13651967685901, 39.14132722636049], [-76.13668294386528, 39.141397414454396], [-76.13672701880637, 39.1415345325534], [-76.13686248295458, 39.141643428257105], [-76.13705441789652, 39.14174638006262], [-76.13728143564354, 39.14183257001729], [-76.1373541192315, 39.142002444209204], [-76.13740577954684, 39.14218346964515], [-76.13762406566933, 39.14213225534991], [-76.13773567325853, 39.142021422131045], [-76.13797499343337, 39.14195905463678], [-76.13822830936034, 39.14188558833865], [-76.13843237784681, 39.141828999324524], [-76.13869980271362, 39.141755410267734], [-76.13888969219164, 39.14169343200533], [-76.13912129763483, 39.141576150620736], [-76.13922511503391, 39.14140487080306], [-76.1394787453712, 39.14135889949548], [-76.13963577267951, 39.141495105658], [-76.139715612247, 39.141670417883915], [-76.13960471342857, 39.14184174791609], [-76.13944315232303, 39.14190899255281], [-76.13957843950314, 39.14200138728673], [-76.13975400893722, 39.141923020307075], [-76.13990777266608, 39.141795353984215], [-76.13999074286235, 39.141651745031794], [-76.1400944300057, 39.141469478756385], [-76.14016307566644, 39.141309506538086], [-76.1401820211358, 39.141127906144774], [-76.14025743650053, 39.14094587679451], [-76.14036084067456, 39.14074162264157], [-76.14039413493394, 39.140576404460646], [-76.14041295913071, 39.14038382511945], [-76.14039630077208, 39.14018052386534], [-76.14035911501091, 39.140026866045346], [-76.14035662398263, 39.13982344322432], [-76.1403196295626, 39.13968627859461], [-76.14029539481285, 39.13943905606884], [-76.1401873229926, 39.139263974483164], [-76.14016430815504, 39.13911570609438], [-76.14016141108823, 39.138879294425166], [-76.14018022630187, 39.13868671253189], [-76.14021361757929, 39.13853250310684], [-76.1402963955361, 39.138372390437915], [-76.14042768341653, 39.138140438305065], [-76.14056727173023, 39.138007375000115], [-76.1407912944941, 39.137851650724606], [-76.14093855082703, 39.137768009524336], [-76.1410712724187, 39.13765149500606], [-76.14119667094415, 39.13751305873247], [-76.14135048857194, 39.13739088049088], [-76.14151152685798, 39.137279637773844], [-76.1416577653997, 39.13711352866437], [-76.14176854833549, 39.13693670912802], [-76.14166800439732, 39.13680004612306], [-76.14146917129234, 39.13670815738649], [-76.14131283928005, 39.13662691938814], [-76.14112050368954, 39.13649097763912], [-76.14097780630665, 39.13637115481232], [-76.14089129045993, 39.136223386191], [-76.14076943219503, 39.13607588830597], [-76.14065503533685, 39.13596133520646], [-76.14054044803585, 39.13583028914189], [-76.14040508090568, 39.1357323817402], [-76.1401918720612, 39.13561862032307], [-76.14004259901044, 39.1355373044215], [-76.13983656680676, 39.13543447801555], [-76.13963789450021, 39.135353570217134], [-76.13977067538067, 39.13524256745953], [-76.14000345222698, 39.13522422805659], [-76.14023628656548, 39.13521140092345], [-76.1404484282114, 39.13523720429953], [-76.1406897435445, 39.135339764821786], [-76.14093018841007, 39.135370841415835], [-76.14106256504866, 39.135226843094074], [-76.14110283831945, 39.135056083659116], [-76.14113644609087, 39.13491836903349], [-76.1412045204231, 39.13471439492352], [-76.1410622632147, 39.134627546844484], [-76.14078799677868, 39.13471768795752], [-76.1405617569727, 39.13469198333548], [-76.14029903927796, 39.13457309114902], [-76.14010056819403, 39.134508676846664], [-76.13990904917209, 39.134438725066076], [-76.13982921768942, 39.134263412252366], [-76.13984104850172, 39.134076373995356], [-76.13997301820348, 39.13389939911063], [-76.14014937546007, 39.13388700723562], [-76.14034779174675, 39.13394592018545], [-76.14057515354854, 39.13405958675342], [-76.14064830605707, 39.13426794699683], [-76.14080470274803, 39.13435465685726], [-76.14103150220443, 39.13442434533325], [-76.14125709252849, 39.134395086257356], [-76.14151741621299, 39.134321539599426], [-76.14173560262246, 39.134264823959846], [-76.14197460838693, 39.134180464282586], [-76.14220650308764, 39.13409065624766], [-76.14243153196463, 39.134017394262095], [-76.1426634895474, 39.13393308306431], [-76.14290196440757, 39.13380473820245], [-76.14312685763895, 39.133720493642926], [-76.14332271821866, 39.133570473665195], [-76.14345567966049, 39.133475961430776], [-76.14355996598015, 39.133343165942165], [-76.14366435021616, 39.133221372069755], [-76.14366902864215, 39.13302891057855], [-76.14356788732431, 39.132842781863005], [-76.14374464702614, 39.132863355159955], [-76.1439267112797, 39.13274095701977], [-76.14410930823425, 39.13266253722686], [-76.14428472225978, 39.13257316276362], [-76.14448871349114, 39.13251107050236], [-76.14474196923098, 39.13243758946762], [-76.14497412893469, 39.13236976230657], [-76.14518555372501, 39.13234057902656], [-76.14541107398047, 39.132305797524666], [-76.14566495404944, 39.13228180200629], [-76.14587652706177, 39.132263616525194], [-76.14608860313068, 39.132283922414366], [-76.14634307788437, 39.13230939866344], [-76.14656323789254, 39.13241211465857], [-76.14656846878242, 39.132263615828364], [-76.14653083296528, 39.132076979200875], [-76.14649993900434, 39.13186279473154], [-76.14651234743336, 39.13172522646442], [-76.1465734517373, 39.13152681071708], [-76.14665604464116, 39.131355712014965], [-76.14675948025624, 39.13115696284042], [-76.14680664091033, 39.130975129999484], [-76.14681898915222, 39.13083208361651], [-76.14681654034477, 39.13063416289031], [-76.14682127266967, 39.130447187464455], [-76.14683348885922, 39.13029314326142], [-76.14686645703014, 39.13010593209628], [-76.14693488709524, 39.12992944198846], [-76.14701789142748, 39.129791336862375], [-76.14703716208696, 39.12963722154069], [-76.14707767610628, 39.12948844857471], [-76.14712476399686, 39.12930113771224], [-76.14712978288432, 39.129136156790295], [-76.14714848850349, 39.12893806196395], [-76.14715345708534, 39.128767589712034], [-76.14715847237956, 39.1286025908158], [-76.14712804554257, 39.12842688647538], [-76.14711215793845, 39.128284064878585], [-76.14710291696915, 39.12810819876966], [-76.14706481402804, 39.12788305597668], [-76.14702727073737, 39.12770191642125], [-76.14699684659533, 39.127526221680576], [-76.14692462294481, 39.12739484075512], [-76.14684534751929, 39.12726350627461], [-76.1466952022044, 39.12711076591342], [-76.14650322773659, 39.127002333449695], [-76.146381718018, 39.12688232513804], [-76.14629511233979, 39.1267290501479], [-76.1461308976109, 39.12658191913978], [-76.14591845952091, 39.12652861890838], [-76.14564395503136, 39.12659677992145], [-76.14545336666406, 39.12659830537269], [-76.14524919846458, 39.12664391558237], [-76.14505697336682, 39.126513476576015], [-76.14501276457675, 39.126365378554006], [-76.1449893580737, 39.12618411662665], [-76.14507860749382, 39.12597997505518], [-76.14513982678211, 39.12579254684567], [-76.1452654741409, 39.12567607662526], [-76.14548395070621, 39.12564686199945], [-76.145732231576, 39.12574384890762], [-76.14596546656311, 39.12576400057562], [-76.14617050343347, 39.12578984922605], [-76.14633938401192, 39.12574453533413], [-76.14647120459335, 39.12555652878335], [-76.14661846182462, 39.12547839925609], [-76.14687911339419, 39.12543232416773], [-76.14709778309727, 39.12541959908663], [-76.14734465001882, 39.12540112402086], [-76.1475984420529, 39.125371613105536], [-76.1477959537361, 39.125359039237196], [-76.148021982438, 39.125368254127494], [-76.1482478647145, 39.125366443624294], [-76.14848068647657, 39.125353596576616], [-76.1487206282856, 39.12534617267545], [-76.14891820824077, 39.125339109759224], [-76.14912872932591, 39.12523845249895], [-76.14920638868223, 39.12510226367067], [-76.14924064593559, 39.12494278320404], [-76.14918321394453, 39.12478365012408], [-76.14904153345454, 39.12468528205125], [-76.1488718964946, 39.12462547769697], [-76.14864571957068, 39.12454939599823], [-76.14846865983155, 39.12442918210533], [-76.14835491335364, 39.124286760085326], [-76.14822725287031, 39.124171836573325], [-76.14820512017833, 39.1240180678572], [-76.14817596894905, 39.123869815452295], [-76.14818915352248, 39.12372140662979], [-76.14823755564831, 39.1235673839553], [-76.14825743446723, 39.123364004878276], [-76.1481579810838, 39.123248981597314], [-76.14796715735788, 39.12318377640351], [-76.14794513875196, 39.123046480399985], [-76.14780346724513, 39.122948111295074], [-76.14765478079426, 39.12285526365753], [-76.14762552446207, 39.12269053803807], [-76.14770909024138, 39.12251988619421], [-76.14780002669758, 39.12239866110194], [-76.14779199306402, 39.122244825792876], [-76.14780521267174, 39.12210191221242], [-76.14775349486419, 39.12198750155141], [-76.1477420458359, 39.121868247124226], [-76.14772752007775, 39.12172616559855], [-76.14773394932024, 39.12156200254192], [-76.1478315539708, 39.12143516418278], [-76.1479571779734, 39.121308053098154], [-76.14797058263406, 39.121132872769294], [-76.14797003556006, 39.120979701655166], [-76.14801149191211, 39.120820639072285], [-76.14817220321139, 39.120709589712376], [-76.14831193884878, 39.12060967224939], [-76.1483673765799, 39.120439521337595], [-76.14835975706967, 39.12027003140513], [-76.1483591192658, 39.12010044697859], [-76.14833058697576, 39.11995304774315], [-76.14827399131622, 39.11980045879533], [-76.14846305075092, 39.119776637432764], [-76.14859660328422, 39.11990107016188], [-76.14863910527527, 39.120037385433996], [-76.14868867700757, 39.12017912050433], [-76.14871721917909, 39.12032651647905], [-76.14871780847392, 39.12048515923077], [-76.14874631561115, 39.12062161206196], [-76.14872594900703, 39.12079687589969], [-76.1486564759979, 39.12096169654764], [-76.14867100355268, 39.12110377891811], [-76.14883238050358, 39.12117323867325], [-76.14905659910018, 39.121187348614136], [-76.14912017197452, 39.12132891829087], [-76.14917669037892, 39.12145962057753], [-76.14928921155479, 39.12157881227667], [-76.14949219397806, 39.12153296113711], [-76.14968138366848, 39.12154194166542], [-76.14957680629468, 39.12167979744035], [-76.14946527955385, 39.12183958496922], [-76.1494658589672, 39.121992729821706], [-76.14959951660339, 39.12214999520137], [-76.1496490991155, 39.122297184250684], [-76.14958673267859, 39.12248381752429], [-76.14944700692266, 39.122589185657425], [-76.14947559311163, 39.122747547337816], [-76.14952527533674, 39.12292209504089], [-76.14953279962555, 39.123064228513215], [-76.1495823605781, 39.12321141774304], [-76.14962492365457, 39.123358690990656], [-76.14970948566551, 39.1234945654026], [-76.14985702317115, 39.12360793244616], [-76.15001851330979, 39.1237047270297], [-76.15020787008683, 39.123762957870134], [-76.15041812706728, 39.12378814659459], [-76.15060733652064, 39.12380260376431], [-76.15078993347518, 39.12392107090698], [-76.150846498592, 39.12406818517236], [-76.15090311042118, 39.124226245257], [-76.15105070452069, 39.12435053771712], [-76.15111428188662, 39.124492106612244], [-76.15108693267777, 39.12467837099085], [-76.15108057080893, 39.12485350068979], [-76.15107414785466, 39.12501766165116], [-76.15113563933248, 39.12519590906765], [-76.1511745723169, 39.12518276093447], [-76.15134225454278, 39.12489184000182], [-76.15139780725826, 39.12479179327414], [-76.15144997332513, 39.124721419283], [-76.15152109474282, 39.12463015174337], [-76.15162566493008, 39.124486829745], [-76.15177225022151, 39.124343080259315], [-76.15189091767056, 39.124221503585076], [-76.15203763052274, 39.12411061081245], [-76.15217029013064, 39.123988888085464], [-76.1523662234739, 39.12392668859952], [-76.15253412758365, 39.123864786634236], [-76.15278625683614, 39.12384576967057], [-76.15303114926068, 39.123761183564426], [-76.15325504715874, 39.12368775333383], [-76.15347923700924, 39.12368543683798], [-76.15368929905527, 39.123661373570826], [-76.15390646947016, 39.123659125370345], [-76.1541656199549, 39.12364003657038], [-76.15435461650753, 39.12359978776542], [-76.15454353131346, 39.12353219809913], [-76.15469725551644, 39.12342666202914], [-76.15490712172976, 39.12334244896005], [-76.15509608684135, 39.12329672789561], [-76.15530598000412, 39.123223433774164], [-76.15547393980941, 39.12317794330803], [-76.15570506734888, 39.123159134533616], [-76.15590130881426, 39.12317898099975], [-76.1561255651401, 39.12320401870465], [-76.1563427068089, 39.12319082071941], [-76.15654575750416, 39.123161372296444], [-76.15675607736667, 39.1232029656814], [-76.1569663029061, 39.12321719787103], [-76.15714120129864, 39.123155194927875], [-76.15733730442348, 39.12313675968873], [-76.15754040362775, 39.12311822966559], [-76.15774330430435, 39.123050495277674], [-76.15791828085034, 39.12301037994195], [-76.1581211680522, 39.122937179605074], [-76.158324140594, 39.122885834230274], [-76.15850599643845, 39.12280734492354], [-76.15862454351323, 39.12266389795413], [-76.15884839290226, 39.12257404317507], [-76.1589950554488, 39.12245764150569], [-76.15908553556085, 39.122298063059034], [-76.1589938382316, 39.122134907680966], [-76.15887407753286, 39.121950154462645], [-76.15881043728488, 39.12180311313197], [-76.15874679344361, 39.12163967505179], [-76.15864827430809, 39.12152582117724], [-76.15856369612747, 39.121389934604856], [-76.15827615348985, 39.12130539433457], [-76.15805870908882, 39.12123106878395], [-76.1578831207901, 39.12110706701314], [-76.15789661528231, 39.12097016908899], [-76.15804332454125, 39.120864717690665], [-76.1582394276661, 39.120851733224086], [-76.15842130956166, 39.12078420225086], [-76.1585963651594, 39.12076050248655], [-76.15877157706399, 39.120780560797854], [-76.15897491522013, 39.120833162874995], [-76.15908058584363, 39.120985233163395], [-76.15902517416365, 39.12115538345408], [-76.15893459344029, 39.12128213450456], [-76.1588159412626, 39.121403719039506], [-76.15901918150239, 39.12142349421714], [-76.15922213068801, 39.12136668177201], [-76.1593830369217, 39.121310309039856], [-76.15955084850498, 39.121226510201524], [-76.15975397825197, 39.1212244138529], [-76.1599920758197, 39.12119458478394], [-76.16018121161119, 39.12119260621462], [-76.16037736863495, 39.121190580951314], [-76.1605875429704, 39.121193863466836], [-76.16078368562111, 39.12119728676105], [-76.16097278727663, 39.1211789137328], [-76.16118995230163, 39.121182123071826], [-76.16140027126583, 39.12122370995918], [-76.16160373249116, 39.121303645056216], [-76.16181382777486, 39.121285040676966], [-76.16184833475987, 39.121147924961136], [-76.16184761071776, 39.120956475867054], [-76.16189600296212, 39.12079186358858], [-76.16195838736533, 39.120616149521254], [-76.16201384935097, 39.12046240649644], [-76.16205526977042, 39.12029786763544], [-76.16225804019129, 39.1202027674972], [-76.16245392143225, 39.12012960257442], [-76.16266380471355, 39.12005631630878], [-76.16284575218613, 39.12001065095729], [-76.16304191819306, 39.120014071521254], [-76.16320977648873, 39.119941210964015], [-76.16333543372897, 39.11982502796461], [-76.1634890600156, 39.11970308038743], [-76.16364973538226, 39.119586537374], [-76.16378248572002, 39.11949214436813], [-76.16395030538813, 39.1194138094862], [-76.1641041275075, 39.1193356187844], [-76.16429316807756, 39.11931176868997], [-76.16448209905317, 39.119260561455455], [-76.16466414084887, 39.11923130932173], [-76.16487409419877, 39.119179883885096], [-76.1650700733561, 39.119139567019026], [-76.16520970838216, 39.119017743705655], [-76.16523016122457, 39.11886983413016], [-76.16529267049361, 39.118726966671325], [-76.16521502551035, 39.118580071942354], [-76.16511651266303, 39.118460746930694], [-76.165059958326, 39.118330054413406], [-76.16496146254666, 39.11821620494755], [-76.16503799361898, 39.118084120853474], [-76.16514949161375, 39.11792976804148], [-76.16524710345082, 39.11780841099223], [-76.16530263999664, 39.11767653382759], [-76.1651550441005, 39.117552259561464], [-76.16521045757712, 39.11739304984786], [-76.16523081519809, 39.117217776148564], [-76.16521621757472, 39.117070241943594], [-76.16519470202536, 39.11693370208303], [-76.16512403246026, 39.11677579151484], [-76.16506741793611, 39.116628682233], [-76.16494783959538, 39.116504125239295], [-76.16484220939606, 39.11635751442267], [-76.16482063994779, 39.11621004741682], [-76.1647640299152, 39.11606293974171], [-76.1647703064441, 39.115876870737516], [-76.16469276656372, 39.11574640900617], [-76.16460100994566, 39.11557229795582], [-76.16453744335952, 39.11543073553018], [-76.16449485063863, 39.11528348264954], [-76.16448028715125, 39.115135924878906], [-76.16445861260007, 39.114966570645954], [-76.1643667841168, 39.114770591756], [-76.16421906604978, 39.11460803159969], [-76.1642183500925, 39.114422030543764], [-76.164224762267, 39.11426880859633], [-76.16417506027895, 39.11409427500096], [-76.16408325964345, 39.113898295776], [-76.16405463033534, 39.11374542815895], [-76.1639980697101, 39.113609262417526], [-76.16400444325704, 39.113439602713875], [-76.16403888107178, 39.113286080313], [-76.16401029039123, 39.11313866333661], [-76.16396766622933, 39.11298594253397], [-76.16394598000004, 39.11281111650307], [-76.1639172249278, 39.112619971652876], [-76.16393066282613, 39.1124666593578], [-76.16396513926841, 39.11232952299516], [-76.16395056050968, 39.112176516057254], [-76.16400595152842, 39.112006339900674], [-76.16401936337559, 39.111853049272156], [-76.16402578992316, 39.11170528078873], [-76.16406727322465, 39.111562627425414], [-76.16403860259405, 39.11139332524562], [-76.16417131699916, 39.1112989512355], [-76.16428965296987, 39.11110079300504], [-76.16447817611035, 39.11094564143823], [-76.16452645876022, 39.11075369273413], [-76.16456793936679, 39.11061101723078], [-76.16474263384177, 39.11050524990811], [-76.16494535036374, 39.11039920012895], [-76.16514802915644, 39.11027675946773], [-76.16532973498224, 39.110176388078685], [-76.1655044339488, 39.110070624285974], [-76.16563013430819, 39.10997084996293], [-76.16574871192569, 39.10984378580828], [-76.16594439104573, 39.10972685914824], [-76.16605590521014, 39.10958347267686], [-76.16622341226454, 39.10943402165688], [-76.16628583709193, 39.109269266052436], [-76.16636235738447, 39.10913715542868], [-76.16648790323364, 39.10899909806357], [-76.16652227636966, 39.10883462514059], [-76.16658471197685, 39.10867534693685], [-76.16666821667073, 39.108537690864964], [-76.16681500587973, 39.10845958846935], [-76.16694057867835, 39.10833245467312], [-76.16699601012128, 39.1081732373723], [-76.16707957949384, 39.10805200362799], [-76.16715593988626, 39.10787616020193], [-76.16720441477561, 39.10773341474396], [-76.16725288427509, 39.107590685726294], [-76.167301397792, 39.107453411616405], [-76.16744082081567, 39.10728785115459], [-76.16751735997283, 39.10715575912286], [-76.16757281477196, 39.1070074747213], [-76.16771236894965, 39.10687473737773], [-76.1678310085509, 39.10676408776428], [-76.16794939931883, 39.106587799183224], [-76.1680257695927, 39.10641740459295], [-76.16808127379917, 39.106280080100035], [-76.16814378306822, 39.10614266193168], [-76.16820610908096, 39.105966963613376], [-76.16829655685363, 39.105807368729984], [-76.16837299899274, 39.105658864700374], [-76.1684704383533, 39.10549920289682], [-76.16849787649532, 39.10535121754366], [-76.16851825028597, 39.105186887375254], [-76.16855270966028, 39.10503883305211], [-76.16860809798406, 39.10487414455028], [-76.1686984415522, 39.104698140533955], [-76.16883079573289, 39.10451076375698], [-76.16885124588033, 39.10436831750648], [-76.16887859329253, 39.104192973768306], [-76.16892695229922, 39.10402835997061], [-76.16901740276685, 39.10387424057024], [-76.16910075025555, 39.103698323982904], [-76.16918426033932, 39.103555218726115], [-76.16924676960835, 39.103423272364466], [-76.16928107447242, 39.10324238222131], [-76.16932254609583, 39.103105197934646], [-76.16939198407067, 39.10295129122434], [-76.16947537917007, 39.10278629808945], [-76.16952387561899, 39.10264357648209], [-76.16954420179894, 39.102473771871836], [-76.1696206008189, 39.102308870335165], [-76.1697109964893, 39.102143808773846], [-76.1698365450334, 39.10201666637447], [-76.1698849983632, 39.101868464575496], [-76.16998950566841, 39.10173062023362], [-76.17008003428948, 39.10159836721029], [-76.17017751946412, 39.101449645177595], [-76.17032404995832, 39.10131681580492], [-76.17043564497114, 39.10119531860679], [-76.17065925450994, 39.10107260402119], [-76.17072873290898, 39.10092966004713], [-76.1706581935996, 39.10079911348103], [-76.17047581313906, 39.10072443028522], [-76.17034228306363, 39.100610956710554], [-76.17024358067181, 39.10044241598099], [-76.17021496933, 39.10028953242342], [-76.1701024463575, 39.10017035490664], [-76.1699549151401, 39.100051557126385], [-76.16980042018258, 39.099943777363976], [-76.16966677602115, 39.09979200256632], [-76.16958907534232, 39.09962869677995], [-76.1695185396262, 39.09949814571346], [-76.16938506075476, 39.09939014968865], [-76.16934943626555, 39.099231886793625], [-76.16927186494414, 39.09909593422351], [-76.16928526511322, 39.09894261830492], [-76.16920767941878, 39.09880120233963], [-76.16922799032734, 39.09862593259503], [-76.16932540453507, 39.09846079060443], [-76.1691918708664, 39.09834185121056], [-76.16927533154282, 39.09819327289307], [-76.16924678847298, 39.09805682334125], [-76.16929510436053, 39.09787577442007], [-76.1693432971789, 39.097667403440255], [-76.1692517328003, 39.09753159634827], [-76.16925102043628, 39.097351089863636], [-76.16936960883356, 39.09722949450311], [-76.16935498965063, 39.09707648824936], [-76.16941745669887, 39.09692812199221], [-76.16947994261172, 39.09679617507899], [-76.16954237013408, 39.09664235917062], [-76.16949271755337, 39.09647876861571], [-76.16939409331495, 39.09632663777359], [-76.16937254452792, 39.0961900974629], [-76.16939990900809, 39.096025691559895], [-76.16937133000565, 39.09588377126396], [-76.16915401945359, 39.095825863183464], [-76.16899265597742, 39.09574550806997], [-76.16894308065183, 39.09560378102557], [-76.1688793730302, 39.09543487694794], [-76.16876679436217, 39.09529928237917], [-76.16859130397982, 39.095186245572314], [-76.16842305312038, 39.09513877025463], [-76.16823365052925, 39.09505870787226], [-76.1679395061726, 39.095050841553686], [-76.16777869066875, 39.09511816432817], [-76.16763197961319, 39.09520723423164], [-76.16749940085366, 39.09532897251567], [-76.16733174018735, 39.09543464897028], [-76.16712226294456, 39.09558455146442], [-76.16691263747975, 39.09570708806162], [-76.16674474235315, 39.09575259556504], [-76.16653475307065, 39.09578216071617], [-76.16630390939883, 39.09584474060527], [-76.16612189904417, 39.095863047732635], [-76.16590486337658, 39.09587079265209], [-76.16569500165485, 39.095933139606245], [-76.16547803425922, 39.095968241639405], [-76.16527493236, 39.095953955841175], [-76.16507877174298, 39.09593959892825], [-76.16501633254254, 39.09609340591203], [-76.16496094871032, 39.0962580926172], [-76.1649336767566, 39.09645532281274], [-76.16486416332329, 39.09658731707406], [-76.1647106628008, 39.09673117338012], [-76.16458504239148, 39.09684189242357], [-76.16434733738751, 39.096953769980495], [-76.16424978034766, 39.09707514272429], [-76.16413815838541, 39.097185699485955], [-76.16408967990277, 39.09732844469133], [-76.16399916116316, 39.09746614914538], [-76.16402077462891, 39.097624559618396], [-76.16421689572005, 39.09763346580922], [-76.16441242841469, 39.09748371337714], [-76.16448893702912, 39.09735162737437], [-76.16461454755698, 39.09723543989817], [-76.16474014640676, 39.097113796931154], [-76.16490074361998, 39.096991759856536], [-76.16501931854255, 39.09687016875647], [-76.16513797880505, 39.096764990835716], [-76.16529162665125, 39.09665945580831], [-76.16541718507682, 39.096532319553305], [-76.16552880883572, 39.096421744337896], [-76.16567536538106, 39.09628892780202], [-76.16589933334768, 39.09625377364059], [-76.16617233136253, 39.09622904496705], [-76.1664173252967, 39.09619365792034], [-76.16667624132117, 39.096141707433596], [-76.16685811962347, 39.096096057260816], [-76.16702594198654, 39.09603412038875], [-76.16727789966079, 39.09599865585794], [-76.16744567171821, 39.09591484574337], [-76.16759932405598, 39.095814780878946], [-76.16780953971394, 39.09584541337953], [-76.16806178395076, 39.095881063436], [-76.16828613010814, 39.09594436132708], [-76.168447410041, 39.096002845872995], [-76.16856694077102, 39.09612195583679], [-76.16862357775304, 39.09628000401211], [-76.16865213250098, 39.09642192629921], [-76.16861765336374, 39.09655903644471], [-76.16863921293056, 39.09669557604098], [-76.16862587564354, 39.096870778776086], [-76.1686475492964, 39.09704013257053], [-76.16855717518555, 39.09721064464138], [-76.16843870267095, 39.09735959661601], [-76.16843228959812, 39.09750737426025], [-76.16843986688755, 39.09765497660828], [-76.16834929424903, 39.09778175877512], [-76.16817446053517, 39.09783828348669], [-76.16803491623894, 39.09797650841647], [-76.16790937577966, 39.09810911611344], [-76.16781190497807, 39.098252362095614], [-76.16763732189419, 39.09838000138042], [-76.16755307249694, 39.09832617856291], [-76.16737869692389, 39.09850851396197], [-76.1671128494987, 39.098576948175484], [-76.16693083465248, 39.098595262262066], [-76.16675598566724, 39.09865725265622], [-76.16660232524464, 39.09875733579548], [-76.16638555008849, 39.098847136590784], [-76.16613332112301, 39.098816934139066], [-76.1659230380914, 39.09876443832504], [-76.16575464529815, 39.09868413048063], [-76.16557255319678, 39.098680572937596], [-76.16541182393122, 39.09877524897602], [-76.1653424578216, 39.098945550495934], [-76.16535701771572, 39.099087632640774], [-76.16537869316521, 39.09926245994693], [-76.16542134247996, 39.09942612491155], [-76.1653238671868, 39.099569371006595], [-76.16512105993499, 39.09964806118007], [-76.16493204900931, 39.0996664635249], [-76.1647498994158, 39.09965194005485], [-76.16453275684869, 39.099643266265886], [-76.16446329012776, 39.099786222608095], [-76.16435880438212, 39.09993501158916], [-76.16428235236154, 39.10008351094578], [-76.16418486269534, 39.10023222679772], [-76.16413651536675, 39.10040778394965], [-76.16406729837747, 39.100621858402185], [-76.16406100567892, 39.10080244156259], [-76.16396344504578, 39.10093474139221], [-76.16399901743274, 39.10107661178549], [-76.16391554328158, 39.10122518402671], [-76.16378291152147, 39.101335972696425], [-76.16369938706465, 39.10147360379415], [-76.16363691193159, 39.10161646858809], [-76.16358846399169, 39.10177016001506], [-76.1635891691692, 39.10195066912837], [-76.1635687989718, 39.102120469421735], [-76.1635556799754, 39.10235034776116], [-76.16357750095196, 39.10256347312661], [-76.16353600776898, 39.10270065567901], [-76.16350159420878, 39.102859672724264], [-76.16341833026338, 39.10306294507596], [-76.16326475068917, 39.10319583668627], [-76.16308997716243, 39.103274240485725], [-76.16293615414476, 39.1033469586404], [-76.16278258085872, 39.103479849715306], [-76.16261485731034, 39.10356910006099], [-76.16247519892808, 39.103679977761175], [-76.16230731368293, 39.103736421063246], [-76.16216763194446, 39.103836361755505], [-76.16196505915293, 39.10397521346484], [-76.16177618207625, 39.10403189423977], [-76.16158731128776, 39.10409401787817], [-76.16137073106603, 39.10423851343764], [-76.16114685293091, 39.10430101332358], [-76.16093701995527, 39.104374320158094], [-76.16076922274505, 39.10444717520187], [-76.16065757473163, 39.10455774480165], [-76.16049680324524, 39.10464145611223], [-76.16034315719567, 39.104757947861245], [-76.16014723822546, 39.10480921582509], [-76.15987444951809, 39.10490504567549], [-76.1596859488355, 39.105065644311914], [-76.15954625182566, 39.1051655566305], [-76.15938552974661, 39.10526022535432], [-76.15918982727038, 39.10537167060701], [-76.15900094390547, 39.10542831819333], [-76.15877018737025, 39.10552372058923], [-76.15847636730544, 39.105614303253134], [-76.15826661338154, 39.10571494672577], [-76.15800763716997, 39.10575592722275], [-76.15777643507035, 39.10574191108545], [-76.15753843631728, 39.10577720690223], [-76.15727958407322, 39.10585100154931], [-76.15704172815228, 39.10592458211682], [-76.15685975642519, 39.10595929369296], [-76.15667080209339, 39.1059995469986], [-76.1565099434704, 39.10606138240536], [-76.15627200670109, 39.106113071150936], [-76.15606213150464, 39.10618089710565], [-76.15586613797426, 39.10621574866715], [-76.15568429290961, 39.10628329011761], [-76.15559372386434, 39.106410038644505], [-76.15539801779487, 39.10652147232024], [-76.15520226950456, 39.10661649403112], [-76.15506966469391, 39.10674915866891], [-76.15490914383746, 39.10689850245733], [-76.15476240044254, 39.106993028743695], [-76.15461567591224, 39.10708207806911], [-76.15441285788064, 39.10717169399463], [-76.1542101296806, 39.10727225508139], [-76.15400053026693, 39.107411188549435], [-76.1538889451356, 39.10754364327062], [-76.15377728724071, 39.10765418431326], [-76.15360948374229, 39.10773250787164], [-76.15346981817349, 39.10784882373336], [-76.15331609127554, 39.107948892429725], [-76.1531343108896, 39.108032823467646], [-76.15292438718411, 39.108089697549104], [-76.15276356629037, 39.108156999508566], [-76.1526098492739, 39.10826253196331], [-76.15241416386566, 39.10837941365319], [-76.15226038486544, 39.108468539296744], [-76.15206442636936, 39.10850885390388], [-76.15192401519889, 39.10841729908824], [-76.15190244125901, 39.10826436590877], [-76.15176880428409, 39.10811804116741], [-76.15162140152574, 39.1080265625201], [-76.15146690028004, 39.10791328053993], [-76.15128441741155, 39.10781668383424], [-76.15101098730705, 39.10774294422151], [-76.15084275621052, 39.1077008997749], [-76.15061832201825, 39.10762117091045], [-76.15037988668396, 39.10753609829546], [-76.15022552827038, 39.10746110089194], [-76.150001099468, 39.10738135432973], [-76.14979049124626, 39.107246767685915], [-76.14961524071411, 39.107210282718405], [-76.14938384727334, 39.10713060836707], [-76.14920151083024, 39.10707232753279], [-76.1489909376428, 39.10694321435598], [-76.14882254934109, 39.10686288376321], [-76.14853473990387, 39.10668531142955], [-76.14841519569912, 39.106555263470675], [-76.1482116123029, 39.10643152933894], [-76.1480151696149, 39.10633510556754], [-76.14783273435708, 39.10624396896008], [-76.14769932106267, 39.10614687365026], [-76.14747491471817, 39.10607259484632], [-76.14727869571065, 39.10604179112634], [-76.1470473912031, 39.105989462413554], [-76.14689303458616, 39.10591448079126], [-76.14667571684757, 39.10585652657734], [-76.14647239665773, 39.10580392516989], [-76.14627617854853, 39.10577311715007], [-76.14609394092011, 39.10573122418844], [-76.14591166646075, 39.105689333293164], [-76.14569435231542, 39.10563684887016], [-76.14547012204073, 39.10560634191537], [-76.14526006897783, 39.10562489536519], [-76.1450782131334, 39.1056869499831], [-76.14492434879323, 39.1057541726788], [-76.14474265015397, 39.10586543103117], [-76.1446590565269, 39.10599212036091], [-76.14443536613967, 39.10611476155512], [-76.14415542863927, 39.106177813253616], [-76.14389648656366, 39.10622969291177], [-76.14371439985221, 39.106237043543466], [-76.14350457855465, 39.10631576461343], [-76.143413979865, 39.10645345360471], [-76.14326733977634, 39.10657531676392], [-76.14312057572018, 39.106664335248986], [-76.14298790353585, 39.106775099338094], [-76.142890346496, 39.10691832562117], [-76.14272257174365, 39.1070130491503], [-76.14266012445835, 39.107177810028865], [-76.14243654456392, 39.10732779002366], [-76.14223369059971, 39.10740645968708], [-76.14199552835326, 39.10739795135868], [-76.14187684832783, 39.10750857418583], [-76.14191238029059, 39.10765043344056], [-76.14189890106974, 39.10780921695868], [-76.14185050613044, 39.10798475872681], [-76.1418089850997, 39.108121956519966], [-76.14169047036427, 39.108281809648474], [-76.14159988784427, 39.10841948922278], [-76.14150236314376, 39.1085681874894], [-76.14147495644276, 39.108743523132176], [-76.14144064349385, 39.108940800651105], [-76.14137122887522, 39.10912202678426], [-76.14125955660731, 39.10923805317114], [-76.14107105233145, 39.10940956527016], [-76.14081962556153, 39.10961453554171], [-76.14071512544282, 39.10977426400045], [-76.14053335314172, 39.10987457253187], [-76.14027460330561, 39.10998663015343], [-76.14004403631489, 39.11015310296664], [-76.1398833411853, 39.1102641438714], [-76.13971554307673, 39.11035338911224], [-76.13954786534244, 39.1104754434853], [-76.13934523775369, 39.110619751705826], [-76.13915667508734, 39.110780316410704], [-76.13899612009493, 39.11093512679863], [-76.13884253153753, 39.11107892873495], [-76.13871679165229, 39.1111786791845], [-76.13850015214173, 39.111323101670756], [-76.13825556694101, 39.11148424190639], [-76.13815091860029, 39.111605667003374], [-76.13803219545572, 39.111710813025034], [-76.13776670825497, 39.11190499515164], [-76.13766905150213, 39.11202085455232], [-76.13750836445735, 39.11214284051817], [-76.1373269604655, 39.11234710373714], [-76.13722228427703, 39.11245756824192], [-76.13709674741101, 39.11261749587493], [-76.1370131331227, 39.11274416261301], [-76.13688077624704, 39.11295337701562], [-76.13672721284249, 39.11311358999236], [-76.13666462991158, 39.113245519608284], [-76.13662325530623, 39.11343193639464], [-76.13658172888559, 39.11358004975754], [-76.13658930258174, 39.11374407598204], [-76.1366108001648, 39.11388609275322], [-76.13656237827604, 39.11406163750731], [-76.13663292117869, 39.114203152499925], [-76.13666850973529, 39.1143668998711], [-76.1366972737907, 39.11458541357745], [-76.13669079963243, 39.114738652958145], [-76.13663566283694, 39.11500179284152], [-76.13671316947963, 39.11512682225866], [-76.1367418437035, 39.11531799655218], [-76.13671433728952, 39.11546597491831], [-76.13665175435861, 39.115597901524076], [-76.13656841405644, 39.11581207272537], [-76.13649189735719, 39.11596056093771], [-76.13640824713625, 39.11608724606076], [-76.13635276628598, 39.11624644269453], [-76.13623406559927, 39.11635706139045], [-76.13608751983371, 39.116517182992155], [-76.13593396092072, 39.11668286604562], [-76.13581531952285, 39.11680990392983], [-76.13562663378731, 39.11693762879431], [-76.13550112297244, 39.11710301395196], [-76.13531939109552, 39.11721975064771], [-76.13514483316446, 39.117385640440894], [-76.13499118711489, 39.11752395946419], [-76.13481655642029, 39.117667964709646], [-76.13471185058741, 39.117778443176135], [-76.13461423875032, 39.11791071880955], [-76.13460780681288, 39.11807489943474], [-76.13444708742877, 39.11819141010093], [-76.13425170924437, 39.11841767460111], [-76.13407687103893, 39.11850150884018], [-76.13393710755375, 39.1185959373238], [-76.13376935705593, 39.118707033226215], [-76.13358749761824, 39.11879093751277], [-76.13348289329498, 39.11892877288368], [-76.13337823058122, 39.119050170516886], [-76.13322445247931, 39.11915567899296], [-76.13306377082444, 39.1192776567893], [-76.13284016308224, 39.11944402750583], [-76.13272847374633, 39.11955457566923], [-76.13251864616056, 39.11965518668997], [-76.13230879611693, 39.11974482983778], [-76.13209896853118, 39.119845424557234], [-76.1319101031326, 39.11992940972666], [-76.13176327709267, 39.12000746804846], [-76.13156747490345, 39.1201079250967], [-76.13140389169021, 39.12019492419547], [-76.13131145504747, 39.12025059252286], [-76.13108792186543, 39.12042707273364], [-76.13093347362033, 39.12054301708666], [-76.13084962666834, 39.12066969466737], [-76.13080112662615, 39.12081272823729], [-76.13080919709066, 39.120983040631614], [-76.13099287741342, 39.12103732145302], [-76.13116922928012, 39.121042183907484], [-76.13137367685563, 39.121030451153345], [-76.13154954453037, 39.12095840426425], [-76.13175364266124, 39.12089171179735], [-76.13193670584143, 39.120841604767016], [-76.13215532703549, 39.12084081514731], [-76.13233891842505, 39.12087862140268], [-76.13255739768529, 39.120855850675305], [-76.1326638624195, 39.12096534077899], [-76.13250915815453, 39.12104284250281], [-76.13231892013019, 39.12107099065058], [-76.13213547336939, 39.1210551746113], [-76.13195942962486, 39.12109976880799], [-76.13178347301688, 39.12115536115246], [-76.13159366528555, 39.121254948893316], [-76.1314391550567, 39.12136540013056], [-76.13128454511482, 39.121453875151516], [-76.131158219528, 39.1215532262141], [-76.13101798802056, 39.121691098692935], [-76.13096989671183, 39.12190007954644], [-76.13094973402528, 39.12206499169703], [-76.13096467121183, 39.122202293098034], [-76.13102907233286, 39.12235592012292], [-76.13099469919683, 39.12250440639171], [-76.13098155684422, 39.12266379620524], [-76.13104592382926, 39.12281193058311], [-76.13104694072219, 39.12297675209186], [-76.13101970110782, 39.123141688204385], [-76.13105590321378, 39.123295428169726], [-76.1310568168004, 39.12344926606284], [-76.1312195798518, 39.1235420975857], [-76.13141754608253, 39.123618316268065], [-76.13161556441555, 39.1237110047037], [-76.1317290899079, 39.12382598332562], [-76.13183564627028, 39.1239519734373], [-76.1319562585719, 39.12407241812035], [-76.13206993767615, 39.12420938249305], [-76.1322187453996, 39.124324220922766], [-76.13232526852431, 39.12444472002385], [-76.1324178435076, 39.12459275587945], [-76.13253143457695, 39.12471322594871], [-76.13270841706097, 39.12482247729632], [-76.13285701098538, 39.12490435541502], [-76.13286494939754, 39.125052678815685], [-76.13294330225325, 39.125178779628804], [-76.13317599375961, 39.12517244842545], [-76.1333949329573, 39.12522111191428], [-76.13357880372291, 39.12530284949592], [-76.13374866256673, 39.12540114074608], [-76.13393227731248, 39.12543894246344], [-76.1341721131203, 39.12544905562496], [-76.13436243019639, 39.12543187955651], [-76.13453863923095, 39.12541474947815], [-76.13473585177516, 39.125370088324686], [-76.13491199433437, 39.12534197255752], [-76.13510242190326, 39.12534127497692], [-76.13528565037345, 39.12531862137474], [-76.13544818974432, 39.12537298526896], [-76.1352652289721, 39.125439575232924], [-76.13504686739115, 39.12548434296537], [-76.13487099163154, 39.1255564193729], [-76.13478027526259, 39.125716081032785], [-76.13477424756702, 39.12588095358732], [-76.13491614455098, 39.1260232978182], [-76.1349735433044, 39.1261824169476], [-76.13486848353529, 39.12630369406593], [-76.13465689794653, 39.126298960199435], [-76.13452929944692, 39.12619505129715], [-76.13434537118913, 39.12610228598938], [-76.13413405778991, 39.12614702054744], [-76.13395776611034, 39.1261531544474], [-76.13376710497951, 39.1261153795946], [-76.13356290623733, 39.12616557625514], [-76.133401251707, 39.126259559616415], [-76.13338097942598, 39.12640801535682], [-76.13341734772025, 39.12658919168965], [-76.13334056691629, 39.1267213553092], [-76.13339079980867, 39.12686403024808], [-76.13344110366795, 39.12701769379637], [-76.13349837845384, 39.127154847564654], [-76.13334361939164, 39.127221361279496], [-76.1332156831255, 39.12706248700673], [-76.1331231494647, 39.126919943481084], [-76.13302356402895, 39.126782938385425], [-76.13292374952279, 39.126607465744925], [-76.13278906151898, 39.126492575287806], [-76.1327670240484, 39.126344296731546], [-76.13275902634744, 39.12619046167655], [-76.13270879165843, 39.12604778676706], [-76.1325670249302, 39.12593290515338], [-76.13239820004728, 39.12600496577062], [-76.13221542792124, 39.12610452296188], [-76.13205375722126, 39.12619303454016], [-76.13184222283645, 39.12620477200946], [-76.13179903273593, 39.12605657647253], [-76.13178402278584, 39.125908269820144], [-76.13168451730013, 39.12578224557597], [-76.13157784415678, 39.12563428748331], [-76.13145703153083, 39.125480872491465], [-76.13125224439216, 39.12544312933475], [-76.13105498064397, 39.12547682360505], [-76.13088600664071, 39.12552687019417], [-76.13070986408147, 39.125554985887526], [-76.1305822422257, 39.12544555588027], [-76.13064485929259, 39.125302462725244], [-76.13081360153049, 39.125213945846596], [-76.13095381147836, 39.12507607399049], [-76.13096710025636, 39.124938652750856], [-76.13081816946372, 39.12480182499262], [-76.13069756165368, 39.12468687444534], [-76.13052759950358, 39.12457210141775], [-76.13035058108696, 39.12445184575006], [-76.1301388948869, 39.1244361238534], [-76.13001413147035, 39.124336707167245], [-76.12997741462975, 39.124325266960305], [-76.1298160888828, 39.124266729254295], [-76.12964742839158, 39.124109805897724], [-76.12973075521903, 39.123890143274764], [-76.12977923549828, 39.123720072763696], [-76.12976469267213, 39.123561590614955], [-76.1298201789123, 39.12339690358301], [-76.12964465349569, 39.12328380450791], [-76.12951805212606, 39.12313192316431], [-76.12956648659123, 39.12295091077195], [-76.12953091240765, 39.12279263178396], [-76.12946730270238, 39.12262368831534], [-76.12945980266808, 39.122476080407125], [-76.12936823379792, 39.12232929942598], [-76.12940279198689, 39.122186724717565], [-76.12942327986357, 39.12203334960746], [-76.12939479787919, 39.121891421736755], [-76.12946432029565, 39.121732066415476], [-76.12952682597141, 39.121572780425815], [-76.12968056903905, 39.12146182494216], [-76.12989041189616, 39.12136670825506], [-76.1301075445818, 39.12135355940715], [-76.1302896923787, 39.12135719595206], [-76.13048570657031, 39.12131691169353], [-76.13045023120144, 39.12118050341846], [-76.13032371966335, 39.12106145461218], [-76.1301133998008, 39.121008865947125], [-76.12990300178485, 39.12094536336381], [-76.12971361716002, 39.12087070290801], [-76.12949615389438, 39.120785380060504], [-76.12929975252885, 39.12070529523252], [-76.12899802010301, 39.12055519944247], [-76.12883662788076, 39.12048023958941], [-76.12862626220415, 39.120416735135784], [-76.12844394552398, 39.12036387139785], [-76.1282756569353, 39.120316345433544], [-76.12807946397892, 39.12029644519397], [-76.12785531275597, 39.12030417000571], [-76.12766624793136, 39.12032798143284], [-76.12747732773555, 39.12040099421831], [-76.12729553926476, 39.1205013029559], [-76.12713490881387, 39.12065609616946], [-76.12707934981016, 39.12079887538803], [-76.12702396058806, 39.12099090196574], [-76.12696855429797, 39.121188396092116], [-76.12691303841342, 39.12134213962343], [-76.12685748749456, 39.12149038898487], [-76.12681597365034, 39.121649450055564], [-76.12675338443123, 39.12179231507267], [-76.1267120053343, 39.12198967314438], [-76.12665662419703, 39.1221871477449], [-76.12658700566082, 39.12231367044205], [-76.12655948487378, 39.122467116723755], [-76.12651104591703, 39.122648128268544], [-76.12646958687004, 39.122818126798336], [-76.12637195527002, 39.12295589156866], [-76.1262183361699, 39.123110592972566], [-76.12614872751519, 39.12324258889293], [-76.12608626136526, 39.123423738522526], [-76.12613587352178, 39.12359281945266], [-76.12617138751821, 39.12374015392692], [-76.12621390298398, 39.12388743512879], [-76.12625664123193, 39.1240948721142], [-76.1262360859816, 39.12424825040172], [-76.12621563673247, 39.12441256887764], [-76.12616708548632, 39.12456075045113], [-76.1261115651102, 39.124714493591476], [-76.12611204930212, 39.12486217207322], [-76.12609154525576, 39.12502102343351], [-76.12607810106923, 39.125190743754786], [-76.12610440284244, 39.12525482162224], [-76.12610970110597, 39.12525827468514], [-76.12612410469323, 39.125307662874135], [-76.12607572861855, 39.1254726917894], [-76.12605537638747, 39.12561013428737], [-76.12605638070396, 39.12577496109585], [-76.12593000481148, 39.125874328364404], [-76.12582493695753, 39.125995573956814], [-76.12574831515538, 39.12615519350558], [-76.1256007453104, 39.126243638817044], [-76.12541087829027, 39.12633772590835], [-76.12527035213543, 39.12642613893449], [-76.12516524295897, 39.126541895711625], [-76.12501790128606, 39.12667429984027], [-76.12489878737432, 39.12680111413187], [-76.1247515256515, 39.12694447602084], [-76.1246747196947, 39.12707663548939], [-76.12461914272471, 39.12721970064997], [-76.12469053633191, 39.127362292349424], [-76.12489564955905, 39.127460478286906], [-76.12503733633723, 39.1275643616291], [-76.12520722033389, 39.12766816049791], [-76.12527859597478, 39.1278107756796], [-76.12535704405191, 39.12795336060758], [-76.12538622762055, 39.1281180948257], [-76.12538720229263, 39.128282936670956], [-76.1254162762668, 39.12842568161619], [-76.12545944121452, 39.12856838585471], [-76.12559411484528, 39.12867781867565], [-76.12573603788039, 39.12882566096972], [-76.12591994637525, 39.128912922466746], [-76.12612482693872, 39.128967149095196], [-76.12628741392031, 39.1290325029386], [-76.12645021380261, 39.129125325709616], [-76.12652154812102, 39.129262447499904], [-76.12657878787262, 39.129399603865366], [-76.12659375470355, 39.12954240229478], [-76.12653123824798, 39.129701990113084], [-76.12640508064611, 39.12983430468044], [-76.1262862434155, 39.13001604778757], [-76.12619529707781, 39.130142748749584], [-76.12612576837314, 39.130307856227944], [-76.12609850360596, 39.1304672764655], [-76.1260358416233, 39.1306048771537], [-76.12595702523691, 39.130685558363574], [-76.12602064662028, 39.13042361150334], [-76.12606902538991, 39.130253096159294], [-76.12611743739721, 39.13009359251334], [-76.12615170632866, 39.12992862668764], [-76.12621414463081, 39.12975256399531], [-76.1262768048168, 39.12961497000398], [-76.12630411449976, 39.12946652659771], [-76.12615518730038, 39.12932967488348], [-76.1259926012171, 39.129269829177616], [-76.12588600982045, 39.12913282656244], [-76.12576532295866, 39.129001392886074], [-76.12558179355284, 39.12898005820005], [-76.12539096713199, 39.128914813713216], [-76.12526314764682, 39.12876691237404], [-76.12523399821418, 39.128607669468884], [-76.12518382461062, 39.12847597837076], [-76.12511253790294, 39.12834983886189], [-76.12505518496361, 39.12819071208548], [-76.12494838785275, 39.1280262477209], [-76.12481352108419, 39.12788386572632], [-76.1246787746899, 39.127757960695604], [-76.12450891943935, 39.127659658797086], [-76.12435306802575, 39.12754481813977], [-76.12424655478253, 39.12742431458591], [-76.12419621858389, 39.12725964703785], [-76.12414581680824, 39.12708399161217], [-76.12411654071313, 39.126908277908356], [-76.12405915453616, 39.126743637725546], [-76.12407232563484, 39.126589742218044], [-76.12419847335525, 39.1264519120797], [-76.12432478456904, 39.126347077257904], [-76.12449339295796, 39.126236584353336], [-76.12464818615615, 39.12617009897729], [-76.12471078615505, 39.126027014959774], [-76.12468172655392, 39.12588424912506], [-76.12456804655135, 39.12574180426246], [-76.12457420809588, 39.12559342865299], [-76.12467219632707, 39.12546669720674], [-76.12464313582764, 39.12532393023629], [-76.1245366288726, 39.12520342706416], [-76.12461323899667, 39.12503831180093], [-76.12474648071286, 39.124911462278746], [-76.12497126434977, 39.124762315554285], [-76.12518247084948, 39.12470111957604], [-76.12533708079135, 39.124607153648284], [-76.1254279777217, 39.1244749595799], [-76.12549770136079, 39.12434284819376], [-76.12541926675837, 39.12419477139304], [-76.12536895481426, 39.12404108565768], [-76.12543866857189, 39.12390348259926], [-76.12549430662732, 39.12377140847076], [-76.12554976951128, 39.123611865754434], [-76.12562637424544, 39.12344675303264], [-76.1256467067136, 39.12330930770735], [-76.1256880606577, 39.123149809940195], [-76.12577870066985, 39.12297365503667], [-76.1258269914046, 39.122792157189004], [-76.12599574442228, 39.12270914274307], [-76.12613617535571, 39.122604245204094], [-76.1262692167476, 39.12244441689797], [-76.12619793273485, 39.12231830143318], [-76.12618292368309, 39.12216449730983], [-76.12626654964951, 39.12199935750044], [-76.1264211550998, 39.121905392847154], [-76.1265471905308, 39.1217565944898], [-76.12659574177697, 39.121619056660954], [-76.12651039104519, 39.121498464914225], [-76.1264319806973, 39.12136139142914], [-76.12646624064561, 39.121190935686], [-76.1265006227648, 39.121042442467136], [-76.12645030183752, 39.120888784700846], [-76.126386024684, 39.12075163545806], [-76.12648400213541, 39.12062490436102], [-76.12666688385589, 39.120547338756715], [-76.12685677962212, 39.120458738543405], [-76.12706106370425, 39.120419537500965], [-76.12722287004986, 39.12035302642349], [-76.12737031682563, 39.120248103771246], [-76.12729200888569, 39.12012201573673], [-76.12708710586433, 39.12005680416398], [-76.12688217319857, 39.11998610694243], [-76.12672644844744, 39.11989324146224], [-76.12648663869075, 39.11988311426122], [-76.12627492464291, 39.11986188762648], [-76.12611926277386, 39.11977453267769], [-76.1259705484752, 39.11967065527056], [-76.12580104805919, 39.119627317449506], [-76.12560373580197, 39.11965548288948], [-76.12543404943469, 39.11957916722638], [-76.1252431861829, 39.11950291559926], [-76.12504561341427, 39.119487123600905], [-76.12484094485319, 39.119460379158205], [-76.12467217117425, 39.119364422740574], [-76.12464439077408, 39.11936567166213], [-76.12448933077626, 39.11925552324815], [-76.12425679108519, 39.11906281729682], [-76.12399611705771, 39.11882611319197], [-76.12386227347028, 39.11867202824021], [-76.12369323927989, 39.1184904008284], [-76.12360889735618, 39.118275889988276], [-76.12353868323696, 39.11806142240323], [-76.12341895218263, 39.117912832680695], [-76.1231937041167, 39.117588215757785], [-76.12293313609045, 39.11726904898842], [-76.12261617452559, 39.11693331317547], [-76.12248257348328, 39.116636294537734], [-76.12237717594763, 39.116366784854286], [-76.12211011579681, 39.11571777293671], [-76.12207528901155, 39.11543187579234], [-76.1220969734442, 39.11511308399091], [-76.122012937846, 39.11471718152441], [-76.12208412304406, 39.11432146920359], [-76.12235266811005, 39.11404696993705], [-76.12267042288728, 39.11388244954966], [-76.12294624161213, 39.113470550964855], [-76.1230242980238, 39.11319579049221], [-76.12300366641666, 39.1128659235876], [-76.12286320134726, 39.1124534670282], [-76.1229339104382, 39.11236010719639], [-76.12305404214118, 39.11223382661035], [-76.12304736406536, 39.11200842537134], [-76.12277978828155, 39.11167274743845], [-76.12243455853135, 39.111380948230654], [-76.12221615742452, 39.111177290713044], [-76.12196247318829, 39.11099555058072], [-76.12178616533905, 39.110951341717474], [-76.12144064363638, 39.110840936190094], [-76.12114470175086, 39.11060417797782], [-76.12079953218777, 39.11027389117803], [-76.12041915854701, 39.109916062932044], [-76.1201447573637, 39.10969638811855], [-76.12011473926017, 39.10966353529423], [-76.11992402243376, 39.10960924361938], [-76.11978832831684, 39.10957385910639], [-76.11959168799947, 39.10945107685535], [-76.11949207830918, 39.10929756597971], [-76.1193222446182, 39.1091937588632], [-76.11920304716315, 39.109309587172], [-76.11922504690445, 39.10945235871352], [-76.11929656717412, 39.109622441360656], [-76.11936085870069, 39.10976508680162], [-76.11937588032886, 39.109918866411924], [-76.1193415350406, 39.110078362068414], [-76.11926498959525, 39.11024894228045], [-76.11917631240198, 39.1103906203676], [-76.11905475147942, 39.11046947690174], [-76.11897665464355, 39.11050806172896], [-76.11867531208655, 39.11067234673112], [-76.11842112569207, 39.110803962375755], [-76.11799753500132, 39.11096829129784], [-76.11757387693692, 39.11117112832525], [-76.11729855138718, 39.11128068854374], [-76.11703017700108, 39.11145075632327], [-76.11683944669998, 39.11159341688326], [-76.11670466976295, 39.11202199974874], [-76.11659830114847, 39.11233520504016], [-76.116421491141, 39.11259881950106], [-76.11623770661363, 39.11280196270097], [-76.11590564886046, 39.113081868606045], [-76.11543958672137, 39.11332309882726], [-76.1150370723038, 39.11352045901622], [-76.11474769261145, 39.1135860258357], [-76.11444410606286, 39.11371204750307], [-76.1142321737244, 39.113860181187164], [-76.11420396482784, 39.11386564216064], [-76.11403470516032, 39.11382143509786], [-76.11373834915146, 39.11382650505869], [-76.11343496741877, 39.113826109164044], [-76.11332897968997, 39.11392490641566], [-76.11324392180897, 39.11414466423375], [-76.11311646703983, 39.11440835974682], [-76.11302418400902, 39.114743552787765], [-76.11285442667483, 39.114974200554954], [-76.11269884475583, 39.11519386728072], [-76.11242306555687, 39.11553980542175], [-76.11219685270032, 39.11578686720949], [-76.11195667373607, 39.115956928993064], [-76.11166721229701, 39.11606097566479], [-76.11146241797181, 39.116159631782025], [-76.11126468889631, 39.11625280536692], [-76.11105972389119, 39.11645041174511], [-76.11077013848463, 39.11663692320452], [-76.11050888773875, 39.11673550603061], [-76.1103956730635, 39.11692225788596], [-76.11045187166768, 39.117054246582946], [-76.11026093475402, 39.11729585280786], [-76.11032388958746, 39.1176092897463], [-76.11030940694845, 39.11781815516446], [-76.11027982003624, 39.11858772236857], [-76.11018794304394, 39.11867004611528], [-76.10994098449423, 39.11866970460997], [-76.10972905934229, 39.11881781044806], [-76.10948172799174, 39.119031849896594], [-76.10930500242591, 39.11920202860116], [-76.10883860701186, 39.11959714759741], [-76.10839338219411, 39.119992306890886], [-76.10797641118869, 39.1203600410543], [-76.1074466971235, 39.120634130324596], [-76.1070229806686, 39.12083691234913], [-76.10667698196052, 39.12096833965577], [-76.10636632028077, 39.12107235453468], [-76.10622499732027, 39.12118208334711], [-76.10597091243542, 39.12122018282452], [-76.10582943765964, 39.121412394332175], [-76.10570205924729, 39.121604606012326], [-76.10540505106152, 39.12195599811357], [-76.10500948421436, 39.122186300993285], [-76.10463542034017, 39.122229740383524], [-76.10425443584504, 39.12220169305444], [-76.10422580743524, 39.12242702475089], [-76.10428868411523, 39.122762453530655], [-76.10448554272322, 39.12314204432308], [-76.10463340991058, 39.123318168141765], [-76.10471087792573, 39.12339524077257], [-76.1047676173157, 39.12324689297479], [-76.10490185346693, 39.12315913871507], [-76.10500799031607, 39.12300536848525], [-76.10511390617962, 39.122961535820686], [-76.10531142954093, 39.12298382082015], [-76.1056356620697, 39.123193188105574], [-76.10589668284686, 39.12321555317587], [-76.10628492303455, 39.12313914728699], [-76.10665901206158, 39.123090210566495], [-76.10682153975435, 39.12295301752288], [-76.10713916247926, 39.12291499773317], [-76.1074424346175, 39.122997888583996], [-76.1077669294543, 39.12304782542932], [-76.10775262108847, 39.123146754706916], [-76.10760422030185, 39.12327298646539], [-76.10732171900962, 39.123404501218445], [-76.10696177934662, 39.12344797261194], [-76.10689095616964, 39.123590785198594], [-76.10684139431876, 39.123684178236395], [-76.10655191132015, 39.12376620751159], [-76.10631175122052, 39.123908776932616], [-76.1062056098798, 39.12407355127368], [-76.10600050114425, 39.12432612623031], [-76.10581661870052, 39.12454024163036], [-76.1056539643453, 39.124737897938104], [-76.10545564148339, 39.12511084512523], [-76.10548758737151, 39.125258520685385], [-76.1057135855307, 39.12531269995173], [-76.10591816336193, 39.12532300268388], [-76.10608765569312, 39.12536088110031], [-76.10619409257954, 39.125475909992275], [-76.10623023719332, 39.12562963859133], [-76.10623829687805, 39.12580544050415], [-76.10625330143824, 39.12596474061698], [-76.1064513224662, 39.126062956377766], [-76.10658589548567, 39.126161423573635], [-76.10657976807711, 39.126320786296894], [-76.10662312167103, 39.126501962157256], [-76.10680689541859, 39.12657277757981], [-76.10701848639725, 39.1265775399996], [-76.10718736877234, 39.12650553780852], [-76.10736382125035, 39.126532399438624], [-76.10754025666036, 39.12655379688766], [-76.10772354082609, 39.12653669635075], [-76.10789979657304, 39.12652509482682], [-76.10807602447223, 39.12650800264537], [-76.10824494816981, 39.1264469817051], [-76.10841382695166, 39.126380483983915], [-76.10858354116671, 39.12645682294157], [-76.10873927040942, 39.12655520387161], [-76.10891532044218, 39.126510630550285], [-76.10909117913377, 39.12642761142707], [-76.10925984321825, 39.12632264625363], [-76.10943564351935, 39.12623411950698], [-76.10956203558152, 39.12613479246792], [-76.10973783588261, 39.126046278725845], [-76.10989937812353, 39.12593031694895], [-76.1100186124095, 39.12581453895725], [-76.11012368565335, 39.12568779466809], [-76.11026425762226, 39.12560488607603], [-76.1104119074173, 39.125521950904904], [-76.11049023062861, 39.12565356738505], [-76.11037101969883, 39.125769365850864], [-76.11022344446395, 39.12586877424311], [-76.11013254483868, 39.126000960817606], [-76.11006283826758, 39.12614406718803], [-76.10995068270603, 39.126265325556766], [-76.10982439035688, 39.12638115158863], [-76.10969097167256, 39.126480508245784], [-76.10953630513683, 39.126568957330015], [-76.1093816916017, 39.12666289973454], [-76.1092271265756, 39.126767824679405], [-76.10903021137375, 39.12686191455487], [-76.10886137391441, 39.12694490738207], [-76.10867830983594, 39.12699497801527], [-76.10849521251977, 39.12704505558156], [-76.10828383534015, 39.12707875605425], [-76.10807250756788, 39.12712892136608], [-76.10788944259107, 39.12717899465597], [-76.10769209889283, 39.127207150804885], [-76.10749461326077, 39.127202314559945], [-76.10758706427656, 39.127339369014024], [-76.10777771283098, 39.12737169025277], [-76.10795408805386, 39.1273875696822], [-76.10820100168782, 39.12739772576951], [-76.10841934979402, 39.127342023368676], [-76.10860277409694, 39.127352389915465], [-76.1085471647876, 39.127495437791154], [-76.10841392756298, 39.12762778855961], [-76.10826651043158, 39.12774915796214], [-76.10812604266725, 39.12785403181185], [-76.10799966587645, 39.127953378029005], [-76.10788743665304, 39.1280636508211], [-76.10778952388034, 39.128206846379314], [-76.1076986512045, 39.12835001516592], [-76.10764304099686, 39.12849306519663], [-76.10756620988724, 39.128625195975935], [-76.10753214756828, 39.1288341325653], [-76.10752599321027, 39.128993489938246], [-76.10754804056229, 39.12914724779287], [-76.10767567768944, 39.12926770867878], [-76.10787316781307, 39.129267030648734], [-76.10804314972609, 39.12939283960472], [-76.10810746281221, 39.12953547498676], [-76.10812237125268, 39.129678294742696], [-76.10810211064975, 39.12983221485953], [-76.10805358545474, 39.12998073275349], [-76.1079697304179, 39.13011837550568], [-76.10788577297315, 39.13023954828984], [-76.10779483292366, 39.13036624188141], [-76.10791541558088, 39.130486706256995], [-76.10813392179061, 39.13046398253589], [-76.10816306403673, 39.13062324493611], [-76.10810748527011, 39.13077178903517], [-76.10797417258699, 39.13089860500791], [-76.10778415375157, 39.13097068841791], [-76.10777095480509, 39.131124579927516], [-76.10779992547302, 39.131261857398236], [-76.1078785891458, 39.13144841256725], [-76.10792183584023, 39.13160760027174], [-76.10804268080551, 39.131777515161495], [-76.10816333802289, 39.13190899243429], [-76.10833328939317, 39.13202379601238], [-76.10851675501858, 39.132034154901824], [-76.10870698944967, 39.1320005508707], [-76.10889714393072, 39.131950450348725], [-76.10909428910128, 39.13188931775494], [-76.10927776281154, 39.13190519128805], [-76.1093139478495, 39.13206440304544], [-76.10923010179583, 39.13220207517236], [-76.10905422962949, 39.13228507215912], [-76.1088712230432, 39.132351642348745], [-76.10869480290454, 39.132335764038544], [-76.10848323168884, 39.13234198868217], [-76.10835717829151, 39.13249625486783], [-76.10828030226614, 39.1326228914419], [-76.10821047711742, 39.13274951942654], [-76.10816199054996, 39.13290353386826], [-76.10812770095725, 39.133073984959935], [-76.10801607809668, 39.133288647934585], [-76.10797470888122, 39.133453634458576], [-76.10795453721151, 39.133629524846576], [-76.1080188467044, 39.13377217673264], [-76.10809728040849, 39.13392026475435], [-76.10816855094647, 39.13404641449336], [-76.10827500939249, 39.134166933195004], [-76.1084095851069, 39.134259863473176], [-76.10848086822132, 39.134391507522665], [-76.10857328869439, 39.13451757001511], [-76.10871486048819, 39.13460498123775], [-76.10854519298555, 39.134539647894975], [-76.10838243262911, 39.13444678348466], [-76.10826892959464, 39.134331783876576], [-76.10809167402277, 39.13417305106694], [-76.10802040258646, 39.13404690294841], [-76.10794201110318, 39.1339043226924], [-76.10788462223127, 39.133734186474086], [-76.10782742200556, 39.13360249172274], [-76.10777706873894, 39.133432340839114], [-76.10769136407093, 39.13324579440976], [-76.10768302051858, 39.13302054540231], [-76.10768207908416, 39.13285572161384], [-76.1076459299788, 39.132701996940945], [-76.10763803917735, 39.13255365689841], [-76.10751724182278, 39.132400215866106], [-76.10731926481225, 39.13231298098803], [-76.10708628853995, 39.13227530768986], [-76.10688160021594, 39.13225402068226], [-76.10669079176138, 39.13218874229715], [-76.10663352146709, 39.13204057259058], [-76.1064637883874, 39.131958733427496], [-76.10630805105986, 39.13186034959298], [-76.10649825764317, 39.13182123990755], [-76.10669619153455, 39.13189751582902], [-76.10691509569793, 39.13194071649307], [-76.10711945434024, 39.131907059459124], [-76.10711863597501, 39.13176418290274], [-76.10704016903325, 39.13161059730184], [-76.10698992266616, 39.1314569312313], [-76.10696085408188, 39.131308669397754], [-76.10695998720763, 39.131154810344384], [-76.1069732328665, 39.131006427323584], [-76.10696539326902, 39.13086907618793], [-76.10697157727142, 39.13071520920584], [-76.1069354937431, 39.13057246820418], [-76.10691333499999, 39.13039672139338], [-76.10680656573689, 39.13022674812213], [-76.10667190737749, 39.13011180573142], [-76.10652327123226, 39.130018904821085], [-76.10638870270438, 39.12992594943478], [-76.1062749876675, 39.12977248246875], [-76.10623167090452, 39.12959681937318], [-76.10607587608479, 39.12948744721181], [-76.1058853245484, 39.129466105704594], [-76.10566671323579, 39.12947233269242], [-76.10549011433241, 39.129423474934], [-76.10540476000737, 39.12929740053498], [-76.10540390570954, 39.129149051927286], [-76.10553736212309, 39.12904968370383], [-76.105706121429, 39.12896120289243], [-76.10590289020547, 39.12883414719913], [-76.10602210472851, 39.12871286537883], [-76.10613415878042, 39.12857513347012], [-76.10623211736721, 39.12843742846938], [-76.10625953754294, 39.128299960826794], [-76.1062375485814, 39.12815167004773], [-76.1061099896077, 39.12804221341303], [-76.10590541626804, 39.12803742530855], [-76.10571458176236, 39.12796663365802], [-76.10557997640355, 39.127862693766744], [-76.10552260819287, 39.12769804675565], [-76.10547940282098, 39.12753883488318], [-76.10540800562049, 39.127385246339365], [-76.1054071117968, 39.127231387773875], [-76.10536398457832, 39.1270886689797], [-76.10528516729359, 39.12686916338225], [-76.1052067973699, 39.12673205574802], [-76.10505110944969, 39.12663916013574], [-76.1049024391685, 39.12654076608242], [-76.1047538461424, 39.12645884805351], [-76.10465444845453, 39.12633829455743], [-76.10456191120048, 39.126190256098326], [-76.10446949791394, 39.12605869637115], [-76.10434884788307, 39.12592723953622], [-76.10419285184074, 39.1257794030051], [-76.10406523806978, 39.12566444917498], [-76.10396581612738, 39.12554390128804], [-76.10404255111727, 39.12539527368693], [-76.10414754351274, 39.12525205777802], [-76.10413960510057, 39.12509824681928], [-76.10413906072151, 39.12508808482531], [-76.10413482247002, 39.1250934619991], [-76.10414343461863, 39.124977574614334], [-76.10421437906818, 39.124774290204364], [-76.1044053204734, 39.124549192505874], [-76.10450421330809, 39.12449985535514], [-76.10446200596446, 39.124428335380664], [-76.10408104123226, 39.12437280903624], [-76.10378465198573, 39.12439436672983], [-76.10334011437917, 39.124382712586], [-76.10310737166884, 39.1243163989867], [-76.10288184422687, 39.124167667745674], [-76.10267028558758, 39.12410137345698], [-76.10239487739281, 39.1242054108889], [-76.10227471604547, 39.12430967814215], [-76.10204148195669, 39.1245017446294], [-76.10187188362428, 39.1246389116594], [-76.1016809251511, 39.12486401116184], [-76.10157478201376, 39.12501777663751], [-76.10151817108286, 39.1251056588995], [-76.10126740187972, 39.12561494276639], [-76.10124017304514, 39.12584547689459], [-76.10114260253056, 39.126103591935305], [-76.1010941267429, 39.12630672059043], [-76.10106718177593, 39.12660309984685], [-76.1010468322398, 39.126789704987374], [-76.10104809976268, 39.127091482229375], [-76.10107018035237, 39.127310904207086], [-76.10109236694325, 39.12756325570953], [-76.1011212989836, 39.127733301610654], [-76.10127044357527, 39.128007305050744], [-76.10131369206631, 39.128232158251706], [-76.10152687396135, 39.12864317543179], [-76.10185877540768, 39.12879603929644], [-76.10221830364225, 39.128822620616454], [-76.10254971191351, 39.128854762084394], [-76.10275360073692, 39.128739053009916], [-76.10311274988244, 39.12867234351953], [-76.10340163190816, 39.128649720256405], [-76.10358559789518, 39.128824870742704], [-76.10338921180104, 39.12904482180204], [-76.1031438154216, 39.129347195636115], [-76.10304586042807, 39.12951751736081], [-76.10312479000221, 39.129846546054495], [-76.10281533835312, 39.129995442997945], [-76.10254054460604, 39.1300180358648], [-76.10218086635278, 39.12996401561267], [-76.10189882320135, 39.129937241002416], [-76.10170107436291, 39.129838955385466], [-76.10156666393851, 39.129724045810185], [-76.10125558903374, 39.12949431808033], [-76.10122676209627, 39.129346237475495], [-76.10082380301264, 39.12905637900962], [-76.10062630839742, 39.12901843847051], [-76.10033720808111, 39.12898619464069], [-76.10005565181655, 39.129069161968836], [-76.0996966715543, 39.129185225195414], [-76.09937314599966, 39.129345112769165], [-76.0991201292117, 39.12951580243168], [-76.09878960308605, 39.1296921646605], [-76.09844471110239, 39.129797209826904], [-76.09811337559468, 39.1297815434769], [-76.09789507330252, 39.12982044524325], [-76.0973595893583, 39.129860112117356], [-76.09724011522216, 39.12983961041429], [-76.0971164630216, 39.129845199064434], [-76.09655268573917, 39.129740949761114], [-76.0962989754518, 39.129614601374854], [-76.09620050752024, 39.13018079390518], [-76.09563688564636, 39.1306426907117], [-76.09491820287636, 39.13097271409686], [-76.09424881336093, 39.131220272256165], [-76.09356533197364, 39.13150080181233], [-76.09286776140942, 39.13175936369442], [-76.09206452022171, 39.132237798820015], [-76.09124719345034, 39.13279867938348], [-76.0904298792554, 39.133491486204726], [-76.08974647961479, 39.13422823173939], [-76.08961265579029, 39.13465149836246], [-76.08994391044963, 39.13475585257996], [-76.09024684482132, 39.13429405800523], [-76.09051454277599, 39.13393118777184], [-76.0907752320748, 39.13363430978363], [-76.0911134432877, 39.13336488324562], [-76.09159254896471, 39.1330789211419], [-76.09236069836416, 39.133078712099795], [-76.09295981087827, 39.13343032986372], [-76.09358705952542, 39.13367199768439], [-76.0941227114546, 39.133886202432635], [-76.09413694975186, 39.13440838526872], [-76.0944260042541, 39.134820550249714], [-76.09467962021837, 39.13450166083759], [-76.09484162509166, 39.13426526503139], [-76.09519395512588, 39.13419919764716], [-76.09546874977129, 39.13400671792448], [-76.09533471304604, 39.133550543723516], [-76.09553193187847, 39.13319320020825], [-76.09584203031453, 39.133259051829825], [-76.09612402855022, 39.13362724073054], [-76.09645539370233, 39.13407787001909], [-76.09674446078097, 39.1345285110565], [-76.09696293554964, 39.134583399494446], [-76.09711797129296, 39.134511889062274], [-76.09719309021364, 39.13447559589453], [-76.09730313203933, 39.13448255964665], [-76.09742821345948, 39.13455699803086], [-76.09749005707693, 39.13463117225224], [-76.09751127258897, 39.13466747788206], [-76.09753492612873, 39.13481545114098], [-76.09750736401918, 39.13497549525184], [-76.09750652589102, 39.135041513132514], [-76.09742015646971, 39.13517287143189], [-76.0973631395003, 39.1352164282346], [-76.0971932276559, 39.135259134932014], [-76.09702660634035, 39.13533643488729], [-76.09678003676119, 39.135605837159076], [-76.09687175385336, 39.13596308830149], [-76.09668863138438, 39.136276474930206], [-76.0965408198926, 39.13684818527143], [-76.09656212793114, 39.13740332958064], [-76.09684412526849, 39.137744042344174], [-76.09703634946794, 39.13789852732262], [-76.0972292276409, 39.138052651041555], [-76.09735111465191, 39.13811733732097], [-76.09745273117854, 39.1381699020646], [-76.09757951849943, 39.13825057251684], [-76.09772501143948, 39.13834541417863], [-76.09786660838613, 39.13843835496742], [-76.0980224876475, 39.13856422905892], [-76.09818531358093, 39.1386680744227], [-76.09835533232487, 39.13879939320913], [-76.09848991253085, 39.13889784538467], [-76.09861754786135, 39.139018315371274], [-76.09871718539942, 39.13917182141142], [-76.09886605061504, 39.13930319569464], [-76.09899365091125, 39.139412661303105], [-76.09912139134467, 39.13954960908205], [-76.09924201801934, 39.13967557385341], [-76.09942589507315, 39.13976287764531], [-76.09960246882372, 39.13980076153364], [-76.099800208679, 39.139838563882954], [-76.10001923321663, 39.139903764805595], [-76.1002102779281, 39.1400075134372], [-76.10042937792421, 39.14008372196518], [-76.10060613762604, 39.14015455438722], [-76.1008039053291, 39.14019784683197], [-76.10100893591122, 39.14027959629466], [-76.10119321091872, 39.140432819497505], [-76.10114456265451, 39.140564858201216], [-76.10096837158626, 39.140592928177384], [-76.10075684708293, 39.14061009776135], [-76.10058048174152, 39.14061070740238], [-76.10037572604386, 39.14057842707634], [-76.10024105959964, 39.14046347789342], [-76.10005711696878, 39.140370681215146], [-76.09990141198058, 39.14027779801929], [-76.0997246549737, 39.140206948302854], [-76.09950596999927, 39.140202200042694], [-76.0993013912697, 39.140202864729446], [-76.09909661041922, 39.140165086961595], [-76.09891981927638, 39.140088767043615], [-76.09875727271898, 39.14003435319571], [-76.09862272664898, 39.1399413894311], [-76.09845304836654, 39.1398705303185], [-76.09826220667432, 39.13980521509955], [-76.09806438866562, 39.13975093759377], [-76.09796479334837, 39.139602902942535], [-76.09784420080967, 39.139482421414904], [-76.09769555657964, 39.13938951335783], [-76.09762580599106, 39.139532608548016], [-76.09755599072382, 39.13965921504922], [-76.0973724720978, 39.13964334465757], [-76.09729402581729, 39.13948973722416], [-76.09727205661869, 39.13934146861412], [-76.09724297455969, 39.1391877155988], [-76.09725619865898, 39.139028315799926], [-76.09732594295933, 39.13888520843673], [-76.09719112020822, 39.138742817739576], [-76.09704880281272, 39.138683899048644], [-76.09630170453364, 39.13850823518943], [-76.09576611009663, 39.138612852637486], [-76.09530092830653, 39.138404123429716], [-76.09553332426715, 39.13789287033242], [-76.09561069346763, 39.13729370546938], [-76.095131303923, 39.136793637229346], [-76.0945462877723, 39.13655747278184], [-76.0942292220029, 39.136815907400894], [-76.09372191820911, 39.13720081751735], [-76.09345393818346, 39.13662375952686], [-76.09316489535934, 39.13617859741356], [-76.09282660509467, 39.13609075474887], [-76.09251636562311, 39.135524690561006], [-76.09196657061808, 39.135151061316606], [-76.09126171471692, 39.13466205266381], [-76.09063454422322, 39.13476666049738], [-76.0901977078736, 39.13522299335196], [-76.0900145916928, 39.13570126628599], [-76.09015564246377, 39.13619591788097], [-76.09047288609965, 39.136723523280814], [-76.09060689318046, 39.13710275037143], [-76.09017001011844, 39.137427181213944], [-76.0902405494278, 39.1377074909504], [-76.09019128581764, 39.138015319438686], [-76.0901349668392, 39.1382352020785], [-76.09033941531303, 39.13859242803516], [-76.09021262709382, 39.13891677397751], [-76.08988129517938, 39.13852108959211], [-76.08960635051531, 39.138119911142354], [-76.08955689466566, 39.13749330897491], [-76.08943698035502, 39.13696566056953], [-76.08907748895135, 39.13663594049508], [-76.0890421267702, 39.1361522432321], [-76.08885884619772, 39.13583347760672], [-76.08826681420467, 39.13559726952532], [-76.08805529509125, 39.13509713349388], [-76.08763242125609, 39.134833382331564], [-76.0870192995151, 39.13488300280496], [-76.08639859150156, 39.13489357449133], [-76.08588466532751, 39.134767835286056], [-76.08518692588002, 39.13435575221825], [-76.08479931541135, 39.13425140507258], [-76.08396777100397, 39.13430655363105], [-76.08364360045898, 39.134471519653445], [-76.08353091309478, 39.13497173677519], [-76.08336888935689, 39.135389524295235], [-76.082917848846, 39.13546106588813], [-76.0831221733523, 39.135098242779094], [-76.0830234853335, 39.13483442821301], [-76.08319259138912, 39.134543064966266], [-76.08300228778775, 39.13440569494706], [-76.08245969098309, 39.13475210036271], [-76.08188184069343, 39.13499955604718], [-76.08114188222423, 39.13512612401514], [-76.08030326538062, 39.135076804725166], [-76.07940826577821, 39.13530783047161], [-76.07843574965163, 39.13561580880755], [-76.07863308795999, 39.136088490222456], [-76.07794245149147, 39.13604461344138], [-76.07721658309748, 39.13603924337468], [-76.0766668958903, 39.13640759889988], [-76.07632861550714, 39.13707825133115], [-76.07613130684317, 39.13769939806694], [-76.0754899851888, 39.13810074265076], [-76.07479932177083, 39.13804588691524], [-76.07498959033788, 39.138337186197994], [-76.0754617978518, 39.13866141835212], [-76.0760467601036, 39.13911755177823], [-76.07675859232123, 39.13945824509838], [-76.07749158525372, 39.13982639879709], [-76.07810475280878, 39.140238553661746], [-76.07916902555345, 39.14067811416005], [-76.08021212231189, 39.14101323097662], [-76.08113540986261, 39.14116697652158], [-76.08187547253638, 39.14143066981916], [-76.08270715169104, 39.141765799774724], [-76.08337674602235, 39.14183163501836], [-76.08354592933307, 39.1422713304868], [-76.08346143469575, 39.14274406197261], [-76.08364471886149, 39.14313978393378], [-76.08431436709174, 39.1437277755049], [-76.08446949625981, 39.14411251058376], [-76.08486425911481, 39.14464010542634], [-76.08522378645108, 39.145107254466865], [-76.08567498326883, 39.145755749671274], [-76.08594994859415, 39.146162448972845], [-76.08628135686538, 39.146986873681946], [-76.08628852272642, 39.14761348888462], [-76.08642957709064, 39.14816861588066], [-76.08642956631085, 39.148163125520234], [-76.08649311313407, 39.14877323493089], [-76.08651438883327, 39.14950428153323], [-76.08672594118434, 39.150026425163006], [-76.08679645983246, 39.15031772084927], [-76.0865850736697, 39.15069705026247], [-76.08655691777373, 39.15096090082616], [-76.08692346813892, 39.150988290229094], [-76.08728295145774, 39.15091125685305], [-76.08730416068158, 39.15124654578352], [-76.08763550786739, 39.151477317143886], [-76.08800208787697, 39.151702590697056], [-76.08839691900388, 39.15211474429467], [-76.08875649395088, 39.152477437213086], [-76.08924294425366, 39.15281809443493], [-76.08951791496887, 39.15314233164214], [-76.08980697486098, 39.15336762424644], [-76.09025814023771, 39.153488433097706], [-76.09036398064279, 39.15387866952218], [-76.09064602379422, 39.15418640500505], [-76.09077984312717, 39.15371364727099], [-76.09096301949506, 39.15329036011155], [-76.09159739357902, 39.15306481648047], [-76.09247842976866, 39.152652322927], [-76.09328900480236, 39.15241025004257], [-76.09375415515142, 39.15214626280277], [-76.09452235305989, 39.15165132899114], [-76.0951918117456, 39.15096955157902], [-76.09474091406682, 39.15176670783264], [-76.09433926293025, 39.15221206116949], [-76.09371203853763, 39.15278939054059], [-76.09326097017896, 39.15305885698733], [-76.09290861589022, 39.15340524585515], [-76.0931624546367, 39.15375146095699], [-76.09287344505024, 39.15373505387537], [-76.09252803114539, 39.15365819974678], [-76.09204869549967, 39.15376828251319], [-76.09204879700928, 39.154164043501474], [-76.09197132809584, 39.154438880313705], [-76.0916823975611, 39.154763266089525], [-76.09158377242439, 39.15514256596714], [-76.09104102829602, 39.15529111893848], [-76.09047708392696, 39.155302278266184], [-76.08999071267593, 39.15539584449194], [-76.09012472963823, 39.155736608790974], [-76.08968769116767, 39.15587961850624], [-76.08909549298627, 39.15564892218555], [-76.08873586773365, 39.15515432926072], [-76.08862302496092, 39.15479157212115], [-76.08829158794359, 39.15421449393012], [-76.08787557005066, 39.15357149833618], [-76.08744548274376, 39.153076896382], [-76.08673340798097, 39.15249442068851], [-76.08595094033421, 39.15226923396085], [-76.08548563996652, 39.151879079171856], [-76.08521768958524, 39.151351466142174], [-76.0851823759131, 39.15082928357911], [-76.08473120873975, 39.15054905186622], [-76.08417443023171, 39.15119227291985], [-76.08356126986318, 39.15189599312957], [-76.08257447501514, 39.152253463938536], [-76.08189074569285, 39.1527647875913], [-76.08117886047458, 39.15324314615579], [-76.08031183261349, 39.153721506344674], [-76.07988889769288, 39.15397442426944], [-76.07876106734525, 39.154331905418175], [-76.0777389408588, 39.15467835628548], [-76.07661812455689, 39.15511278539767], [-76.07605418288277, 39.15544265576989], [-76.07533517132937, 39.155920975929355], [-76.07458088832463, 39.15644874486326], [-76.07412971396478, 39.15689404349154], [-76.07465137643004, 39.15706436684217], [-76.07526468142733, 39.157229198734264], [-76.07568766485696, 39.157437991930216], [-76.0759132614692, 39.15778426450835], [-76.07597110488867, 39.15796508217984], [-76.07615295264826, 39.157899640956146], [-76.07635032778754, 39.15781167424206], [-76.07630801713765, 39.15766327913971], [-76.07623753082888, 39.157509378072156], [-76.07614588919519, 39.15735548850963], [-76.0760824259153, 39.15721807732686], [-76.07599782887006, 39.15708068259342], [-76.07587797744146, 39.15693228316307], [-76.07575110388233, 39.15677291240157], [-76.07565240149049, 39.156635497991374], [-76.07560303637067, 39.1564211311984], [-76.07563124167396, 39.1562727310735], [-76.07565954579194, 39.15610638118433], [-76.07577714963567, 39.15594691033426], [-76.07587913357325, 39.155872080797664], [-76.07620310918384, 39.15575058502873], [-76.07721396720336, 39.155377304149496], [-76.0774834024998, 39.155277688037465], [-76.07752751247521, 39.15527203662337], [-76.07774601149839, 39.15522253152627], [-76.07795750815393, 39.155167539366715], [-76.07813373156154, 39.15513452454586], [-76.07836634671109, 39.155068528990626], [-76.07854259706815, 39.15503552735849], [-76.0788527520981, 39.154903535303774], [-76.07905012544074, 39.1548650486329], [-76.07925456133816, 39.15480452734252], [-76.0794378167578, 39.15473306113452], [-76.07961404645363, 39.15470552969087], [-76.07979731804294, 39.154650541306836], [-76.07995241307506, 39.154579069369696], [-76.08014272655788, 39.15451306214789], [-76.08036124264906, 39.154452548913945], [-76.08050223592785, 39.15458445265061], [-76.08060799817952, 39.154716359622945], [-76.08071373887161, 39.15483176826865], [-76.08078424494332, 39.154980156107634], [-76.08060098233716, 39.15504615662196], [-76.08045292919854, 39.15480983328451], [-76.0803471750317, 39.154677932060146], [-76.08021322634137, 39.15458450907472], [-76.08005815825872, 39.1546999743607], [-76.07989601055331, 39.15475496827889], [-76.07969160250367, 39.15483194938249], [-76.0795294691713, 39.15491442371903], [-76.07929684863184, 39.15503539639962], [-76.07914881615449, 39.1551178635318], [-76.07897965619996, 39.15518385346806], [-76.07870472950222, 39.15525536937259], [-76.07847915444954, 39.155310373305426], [-76.07828884455998, 39.15535987625099], [-76.07833818003536, 39.15552475393129], [-76.07832409265508, 39.155673165385885], [-76.07811260138942, 39.1556677076538], [-76.07807029972268, 39.15550831522021], [-76.07792225466892, 39.155403895635516], [-76.0777248831229, 39.15543141775026], [-76.07754866420689, 39.15544242868292], [-76.07748793180546, 39.15544786623146], [-76.07696957693707, 39.1556507242477], [-76.0762547811773, 39.15595673630245], [-76.07614527923911, 39.156015738753666], [-76.07604716614209, 39.15619570975145], [-76.07601190097898, 39.15635509714499], [-76.07604717063366, 39.15649251140628], [-76.0761388149623, 39.156668409015026], [-76.07622341560082, 39.15682779255148], [-76.0763150545396, 39.15695420146437], [-76.07638555701803, 39.15708060527418], [-76.07644901490802, 39.157212526374494], [-76.07651243956035, 39.15734442493724], [-76.07659705097863, 39.157509324436646], [-76.07666754177899, 39.15765222397452], [-76.07660410544857, 39.157800649748886], [-76.07644198199766, 39.15788311851599], [-76.07624460506176, 39.157971092802946], [-76.07606835380638, 39.15801509174671], [-76.07589915432598, 39.1580755831097], [-76.07583572787703, 39.15821849542867], [-76.0757722672921, 39.15837241375213], [-76.07568768282327, 39.15849335680455], [-76.07557490023765, 39.15861429616628], [-76.07546209429584, 39.15872974648071], [-76.07533520636365, 39.158922155123975], [-76.07525765750013, 39.15904857768776], [-76.07522241299827, 39.159229974424306], [-76.07530701184015, 39.15938935842692], [-76.07540571782526, 39.159526766065625], [-76.07552555128753, 39.15967516420291], [-76.0756383554327, 39.159807070686696], [-76.07577229873313, 39.159933468674545], [-76.07598380706678, 39.16001038629954], [-76.07617414121087, 39.15999388037552], [-76.07639268694645, 39.159944375814526], [-76.0767310778224, 39.159812390182275], [-76.07692847631787, 39.15972990974576], [-76.07719634674909, 39.15963644122737], [-76.07737259710615, 39.159619916408914], [-76.07754881512385, 39.15961439768705], [-76.07774621092439, 39.15961986347152], [-76.07795065670327, 39.159625329952114], [-76.07818330419218, 39.159641779542504], [-76.07836661530736, 39.15964723557326], [-76.07857103144184, 39.159608728511145], [-76.07878252540245, 39.159559222982566], [-76.07895877126793, 39.1594712458056], [-76.0792266452924, 39.159383259463546], [-76.07941701177583, 39.15935024731737], [-76.07961437793196, 39.15935571521197], [-76.07979064356037, 39.159410641408954], [-76.07994573769417, 39.15950956348259], [-76.08005149545426, 39.159657942152904], [-76.08009379262941, 39.15980084011298], [-76.08015726129919, 39.15993825530643], [-76.08023481914587, 39.160075653514546], [-76.08034058678741, 39.16019108680359], [-76.08050978357288, 39.160295481870264], [-76.08067897766337, 39.16037789547271], [-76.08086933696029, 39.160465801165714], [-76.08078476866112, 39.160636235673564], [-76.08099627340151, 39.160707628321845], [-76.0811654423392, 39.16066363036545], [-76.08145449324816, 39.16064707444421], [-76.08160959187353, 39.16071851235622], [-76.08177879135393, 39.160784427386396], [-76.08195503721942, 39.16082288295814], [-76.08217359373477, 39.16080635563223], [-76.08234984049858, 39.160756840498394], [-76.08256839791225, 39.160828243472295], [-76.0824344653916, 39.16094371522876], [-76.0821524725458, 39.161048201120586], [-76.08196211414722, 39.16107023097756], [-76.0817365256198, 39.161081264709765], [-76.0814827425689, 39.161097809384316], [-76.08127827972201, 39.16095493495463], [-76.08110907485174, 39.16086152169675], [-76.08092575924496, 39.16085606367065], [-76.08074951068454, 39.1609055627144], [-76.08049571505721, 39.16084514134825], [-76.08038997706007, 39.160735225677165], [-76.08034765832532, 39.16058683325863], [-76.08032651467849, 39.16043293858626], [-76.08017138730703, 39.16033401781103], [-76.07998808786994, 39.16030106044091], [-76.07979070464582, 39.1602186495346], [-76.07967788433098, 39.160042772642804], [-76.07964262365944, 39.15989437946021], [-76.07957917115934, 39.15975696696717], [-76.07942405816091, 39.15966904994029], [-76.07920552230681, 39.15971855608814], [-76.07893058033768, 39.159757082593366], [-76.07876845149688, 39.15982855693275], [-76.0785922047331, 39.15992204609213], [-76.07840188496205, 39.16001550587261], [-76.07821152476683, 39.16005952304098], [-76.07801413705113, 39.16012550694947], [-76.07780264848041, 39.160175005114155], [-76.07760526795126, 39.16018054259859], [-76.07734440348095, 39.16014759560468], [-76.07704831337342, 39.160147651327826], [-76.076822741914, 39.16017517158698], [-76.07658302468379, 39.16021917681425], [-76.07646319032321, 39.16033462728122], [-76.07638564864621, 39.160472040039004], [-76.07630810337592, 39.16063146093018], [-76.07622351711048, 39.160796378497146], [-76.07608955853867, 39.160950305111406], [-76.07596970351683, 39.161076745623134], [-76.0757793792542, 39.16117570993189], [-76.07553968627852, 39.16126369263917], [-76.07529997623485, 39.161291199924236], [-76.07508848047762, 39.16131870510898], [-76.07486288296704, 39.161280279062524], [-76.07468664788135, 39.16122532646404], [-76.07451744211275, 39.1611319219236], [-76.0744680922643, 39.16097251052488], [-76.0743905505873, 39.16072516703759], [-76.07422135470016, 39.160631761833066], [-76.07405216150798, 39.16054382918252], [-76.07392526010105, 39.16035695408647], [-76.07382655860751, 39.16017558881381], [-76.07374900165914, 39.1600051928928], [-76.07369968325173, 39.15984580610613], [-76.07367851445206, 39.1596808995451], [-76.07364327893336, 39.15952699383592], [-76.07360097816495, 39.15936210463787], [-76.07348818390123, 39.15919171231899], [-76.07348820366417, 39.159048801280335], [-76.073481145601, 39.158883910264976], [-76.07338244410745, 39.158746502763854], [-76.07320621171672, 39.15871355022251], [-76.07297357141432, 39.15872457248294], [-76.0728678289256, 39.15885649189382], [-76.07280438361202, 39.15901040533877], [-76.07276207655539, 39.15914783391751], [-76.07272683295186, 39.15932922761195], [-76.07272680420579, 39.1594941224594], [-76.0726704115655, 39.159626049482455], [-76.07262810540718, 39.159779971692], [-76.07244482303808, 39.15988991253797], [-76.0722474065763, 39.15993940877881], [-76.07207119305018, 39.159802011697714], [-76.07200773336355, 39.159642612609424], [-76.07193723717332, 39.15949421997584], [-76.0717962483861, 39.159340339630475], [-76.07162002228355, 39.159290872223195], [-76.0712957142963, 39.159340375850974], [-76.07111947651568, 39.15934590364938], [-76.07086568358328, 39.15939537728694], [-76.07064009146261, 39.159455878607936], [-76.0703580968202, 39.15948888025635], [-76.07017480007805, 39.15947239998219], [-76.06999151681063, 39.15943944987046], [-76.06975182742822, 39.15946145376242], [-76.06951919610896, 39.15945597682093], [-76.06933589577356, 39.15946148789318], [-76.06905391101262, 39.1594560158275], [-76.06881420905378, 39.15941756856375], [-76.06854632514784, 39.15940660074249], [-76.06825025390492, 39.15937363527591], [-76.06801057440397, 39.159357170298804], [-76.06777791883023, 39.159401155837855], [-76.06755229886177, 39.1595660755924], [-76.0673760538946, 39.15969250326799], [-76.06718568741118, 39.15981344753383], [-76.06701649691394, 39.15989041404802], [-76.06679794938172, 39.159939899840424], [-76.06653708491142, 39.16004984391918], [-76.06631853198931, 39.160077339141154], [-76.06611409788853, 39.160110338408494], [-76.06593080384134, 39.16013783291028], [-76.0657545310264, 39.16017631948318], [-76.06560647968442, 39.16028624926168], [-76.06551481918608, 39.16040719111375], [-76.06544430682618, 39.16053909761813], [-76.06534559545118, 39.16069303315372], [-76.06524686880482, 39.16087442425718], [-76.06507766842611, 39.16100086281566], [-76.06487320198598, 39.16116024977161], [-76.06468281304466, 39.16127020726683], [-76.06451360907269, 39.16134166265577], [-76.06426686611866, 39.16142413145127], [-76.06407650053353, 39.16149560409705], [-76.063921392925, 39.1615890576079], [-76.06377332451504, 39.16170996796623], [-76.0636111633349, 39.161880374385056], [-76.06351242501046, 39.16201229971933], [-76.06341370734722, 39.16223766491805], [-76.06340662772449, 39.16237508788902], [-76.06342068635868, 39.16251249875072], [-76.06354758237572, 39.16263342284519], [-76.06370975074239, 39.16255645793899], [-76.0638437102125, 39.16244654076264], [-76.063984716966, 39.1623640766483], [-76.06387895022279, 39.16249600386153], [-76.06385071617339, 39.162688375040204], [-76.06378725469014, 39.16282579225508], [-76.06362509800158, 39.16294673461681], [-76.0634488413563, 39.16295223218192], [-76.06327962390962, 39.162886286446835], [-76.06316686018863, 39.16275437041328], [-76.06307524011449, 39.16257297161992], [-76.06303295461744, 39.16240808189938], [-76.06299776850608, 39.162193722247046], [-76.06298368292242, 39.16203430280663], [-76.06300483645074, 39.16189140311457], [-76.06307537935335, 39.16172650413465], [-76.06319522090047, 39.16162206173827], [-76.06347724788222, 39.16144616049403], [-76.06371697229895, 39.16134719726228], [-76.06389323433412, 39.161248258966275], [-76.06406949547095, 39.16117679860678], [-76.06425987722575, 39.161088835990185], [-76.06440790700816, 39.161006385607905], [-76.06454893532124, 39.160868959963224], [-76.06466881190265, 39.16069855736321], [-76.0647322904539, 39.16052815156432], [-76.06484508741254, 39.160385234882064], [-76.06496496938382, 39.16026429786799], [-76.06506368075883, 39.16011589609764], [-76.06521878207916, 39.159945472866944], [-76.06536684060765, 39.159791565646934], [-76.06554313228722, 39.15964865025443], [-76.0657475789644, 39.15950571646149], [-76.06593791580345, 39.159384797438825], [-76.06621289370516, 39.1592528400118], [-76.06643848402922, 39.15919237055748], [-76.0666217951444, 39.159120921344055], [-76.0667204948413, 39.1589614942437], [-76.06662181939892, 39.15876911914255], [-76.06647378692155, 39.158692184836276], [-76.0662693483292, 39.15860973373481], [-76.06611427216171, 39.158543790197996], [-76.06595920587567, 39.158477841026894], [-76.06575476907994, 39.15838440776252], [-76.06561378478432, 39.15826349377828], [-76.06546575230695, 39.1581645511455], [-76.06533184224419, 39.15804365210768], [-76.06516265174693, 39.15788973724437], [-76.06502168002771, 39.157741345092965], [-76.0648666326063, 39.157587427478646], [-76.06463399050729, 39.15752148716302], [-76.06444365546488, 39.15753799645335], [-76.06423919710959, 39.157565484298225], [-76.064062956634, 39.15767542860473], [-76.06390785980527, 39.15779086722509], [-76.06371044693672, 39.157862319878916], [-76.06346429417583, 39.15796219702483], [-76.06335122862092, 39.15804980969827], [-76.06298548853613, 39.158297456538875], [-76.06278176590106, 39.15850090328746], [-76.06226795740632, 39.15874336409556], [-76.06209919360884, 39.158864428406936], [-76.06173975790071, 39.1589145355483], [-76.06142924264635, 39.1588383529808], [-76.061125893253, 39.15878956296626], [-76.06077368538968, 39.158883559202934], [-76.06064005470296, 39.158977100466316], [-76.06036595355692, 39.15921908946313], [-76.06013406424611, 39.15943355290979], [-76.05981804770894, 39.15978535039572], [-76.05952262594799, 39.15998896558387], [-76.05913551045104, 39.160170804287674], [-76.05891748753494, 39.16032488620544], [-76.058776767344, 39.16041295983003], [-76.05848130875212, 39.16060009946054], [-76.05824909694611, 39.16072676349239], [-76.05786900088478, 39.16090859889605], [-76.05767175689952, 39.160963848464206], [-76.05734775793273, 39.16106324965616], [-76.05701669730949, 39.16115170893013], [-76.05670691238547, 39.16128400618377], [-76.05645360633997, 39.1614326485778], [-76.05607349860054, 39.161614477281255], [-76.05573565839185, 39.16178525935733], [-76.05543298812486, 39.161933987060905], [-76.05511606339094, 39.16203886431949], [-76.05479195123642, 39.162105345079674], [-76.05456668969576, 39.1622100340227], [-76.05429898724952, 39.16228189383055], [-76.05383379917123, 39.162337686996864], [-76.0535518099187, 39.16235469386344], [-76.0532203926643, 39.16234985794323], [-76.05289017825406, 39.16268520381163], [-76.05258750529212, 39.162839431365505], [-76.05229893228689, 39.16298812897988], [-76.05196799652947, 39.16312047083911], [-76.05174289039738, 39.16326905084601], [-76.05131381728845, 39.16357166425174], [-76.05131449731311, 39.163763706525245], [-76.0513784429883, 39.16390624580487], [-76.05151369064252, 39.16426263592325], [-76.05129607735822, 39.1645428938146], [-76.05102874052629, 39.164718995567114], [-76.05062767149802, 39.164966681615475], [-76.0504096467853, 39.16512622047502], [-76.05007180657663, 39.1653079428195], [-76.0498817050962, 39.165390617304354], [-76.0494668226738, 39.16572064146845], [-76.04906570962808, 39.165951864038476], [-76.04881969610605, 39.16618279054107], [-76.04862965840601, 39.1662874100363], [-76.04813657224824, 39.166436492478425], [-76.04783370614851, 39.166535835791024], [-76.04758717789184, 39.166618593106094], [-76.04730514372356, 39.16663011280413], [-76.04688930100212, 39.16669126398188], [-76.04664267482909, 39.16674110924606], [-76.04638193522459, 39.16678550317707], [-76.04602963303816, 39.16686847401552], [-76.04567040843413, 39.166989864222266], [-76.04534646426458, 39.167111198501935], [-76.04506499423829, 39.16729278408552], [-76.04478324753089, 39.167381101107445], [-76.04462884150661, 39.1675953773947], [-76.0446580169904, 39.16788066439674], [-76.04469399092427, 39.16808910491198], [-76.04464525821842, 39.16827025964861], [-76.04462525453367, 39.168610490785156], [-76.0446048034879, 39.16881354346338], [-76.044450560957, 39.16907721048042], [-76.04435293474687, 39.16939562776209], [-76.04428305749586, 39.16958232980666], [-76.04404427271693, 39.16987358980094], [-76.04386140267455, 39.17001657913609], [-76.0438409291709, 39.17021416209731], [-76.04382790000602, 39.170526926828394], [-76.04363826475122, 39.17074677475575], [-76.04349816170289, 39.17102686125646], [-76.04344253173228, 39.171257430542255], [-76.04331663643848, 39.17156493540188], [-76.04313468267767, 39.171976797843854], [-76.04298711373102, 39.17213071600988], [-76.0428678776484, 39.17231747416745], [-76.04277682980108, 39.17250420118669], [-76.0426432476234, 39.172625163120365], [-76.04248147451547, 39.17275167178701], [-76.0424186885653, 39.17295482184522], [-76.04252518653718, 39.17316312823533], [-76.04263159018596, 39.173343996909786], [-76.04281572505627, 39.17357409757735], [-76.04300680570036, 39.17376579358707], [-76.04315529542018, 39.17388074060538], [-76.04333919672851, 39.174045016364246], [-76.04353011477754, 39.17418731753101], [-76.04384110973227, 39.17439523307268], [-76.04401794848586, 39.174543058742074], [-76.04413821224114, 39.174658057415854], [-76.04430790220168, 39.1747784627074], [-76.04453411954978, 39.174937145728016], [-76.04472500525945, 39.175073956132444], [-76.04494416813765, 39.17522719202105], [-76.04507154924492, 39.175353150037694], [-76.04523402753036, 39.175435149753106], [-76.04538954477067, 39.17554460164038], [-76.04555224493998, 39.17568146309178], [-76.04572914118573, 39.17585672497145], [-76.04594847025224, 39.17605932009584], [-76.04605467716996, 39.17617983580145], [-76.04617521041985, 39.17636616468144], [-76.0462815368135, 39.176519588561206], [-76.04639484401523, 39.176656553267556], [-76.04650848449194, 39.17688131096331], [-76.04663588176889, 39.177018233182714], [-76.04670701935623, 39.177193702034124], [-76.04677805273903, 39.177336216184806], [-76.04682798828902, 39.17750072968833], [-76.04687792473736, 39.177665246985], [-76.04692079054608, 39.177824293956434], [-76.04700591849567, 39.17797227536547], [-76.04699961591565, 39.17818079181605], [-76.04680938417951, 39.178236022942265], [-76.04664696967446, 39.17818146171501], [-76.04645689514348, 39.1782860779844], [-76.04662672344458, 39.17844488330786], [-76.04685262189075, 39.17850480767583], [-76.04705728416363, 39.178548323734645], [-76.04728301462485, 39.17855336953731], [-76.04755105393932, 39.17856933839311], [-76.04777678080728, 39.17857987078878], [-76.04796725958013, 39.178590481174886], [-76.04822114773394, 39.1785900006888], [-76.0484115519466, 39.17857866260996], [-76.04862310250107, 39.17857277073565], [-76.0488981980821, 39.1785777239211], [-76.04922263632507, 39.17858808640453], [-76.04942732195411, 39.178626088663385], [-76.0496671667451, 39.17864210694396], [-76.04985764372131, 39.178658186500144], [-76.0500621667553, 39.178646820578045], [-76.05025254761178, 39.178640972579906], [-76.05042897942853, 39.17867355437711], [-76.05078203709813, 39.17878810689549], [-76.05095155907371, 39.17886458817884], [-76.05109317668163, 39.17902344372563], [-76.05122065211201, 39.17917134044129], [-76.05133407789135, 39.17933574032387], [-76.05141211274346, 39.1794672701198], [-76.05159604189957, 39.17962054587415], [-76.05173742145394, 39.179708068203595], [-76.05188580247763, 39.179784596533935], [-76.05206237083827, 39.17985557770442], [-76.05226717055339, 39.17992652816418], [-76.05254943558872, 39.17997534669049], [-76.05277482558843, 39.17988712347566], [-76.05296506540941, 39.17983190130629], [-76.05323990137732, 39.17977100597201], [-76.05345135401544, 39.17973216941403], [-76.05363473699583, 39.179726338914826], [-76.05386762972482, 39.17977526203183], [-76.05407229289601, 39.179807786203135], [-76.05425585553947, 39.17985681650048], [-76.05451684218067, 39.179867276979884], [-76.05475649203721, 39.179828382678515], [-76.0549608084587, 39.17976763844805], [-76.05521449808482, 39.17970676882285], [-76.05544016476567, 39.17969536128951], [-76.05563047016366, 39.179662068996564], [-76.05582780128549, 39.17962325466151], [-76.05616621282269, 39.1795841805677], [-76.05637765917258, 39.17954536131521], [-76.0567162009655, 39.17954469282196], [-76.05696318107476, 39.1795771286639], [-76.05725966733935, 39.17965334726277], [-76.05745063299908, 39.179801119400366], [-76.05764842226169, 39.17988851964481], [-76.05777583121676, 39.180014463043776], [-76.05791736977294, 39.180145870406534], [-76.05802368179354, 39.180288323562195], [-76.0581721023431, 39.180375824866495], [-76.05834864644926, 39.18043581374077], [-76.0585816550609, 39.18050670024818], [-76.05880752476101, 39.180555619340495], [-76.05899101643759, 39.18058268735175], [-76.05918859549443, 39.18060973376615], [-76.05939319847849, 39.18063126379365], [-76.05950241205748, 39.18063734768424], [-76.05958368533616, 39.18064185715806], [-76.0598305926819, 39.18065782553948], [-76.0600281744337, 39.180684874014005], [-76.06028217577523, 39.18071180201206], [-76.06051507928399, 39.18075521782521], [-76.0606914500153, 39.18076584320232], [-76.06088203389102, 39.180803869352054], [-76.06104449870173, 39.18086937491567], [-76.06124931728147, 39.18094578151618], [-76.06151761081915, 39.18102207104976], [-76.06171537403065, 39.18109847609161], [-76.06193426112604, 39.18116388807237], [-76.06216003650304, 39.18118538032827], [-76.062336557253, 39.18123989187382], [-76.06259064213785, 39.18128874708988], [-76.06278835414537, 39.18134322722049], [-76.06296479314862, 39.18137578757183], [-76.06316947248948, 39.18141378693111], [-76.06346589407536, 39.18146255220002], [-76.0636424786057, 39.181533541424905], [-76.06384740139, 39.181637356805126], [-76.06401693773861, 39.1817083479425], [-76.06417241455473, 39.1817903311937], [-76.06437730949126, 39.181888673785245], [-76.06454691321353, 39.18197612505127], [-76.06480123884688, 39.18208534323656], [-76.06486831694747, 39.18211683439044], [-76.06499905865223, 39.182178231132866], [-76.0652109568547, 39.18226009615794], [-76.06534843322916, 39.182337408551156], [-76.06544423136769, 39.18239128694583], [-76.06553121164339, 39.1824397340154], [-76.06562087069526, 39.1824896878837], [-76.06588233793512, 39.18260439433677], [-76.06605195423381, 39.18270279915423], [-76.06625696145974, 39.182828582233164], [-76.06644057979877, 39.18289404761285], [-76.06661032994643, 39.183019896499246], [-76.06680824407488, 39.183134696089226], [-76.0670203030758, 39.183254965010015], [-76.0672042376218, 39.1833972774778], [-76.06733175886627, 39.18355064771704], [-76.06733949246255, 39.1837262026214], [-76.06726243497747, 39.18386900224452], [-76.06747436102773, 39.18395636122376], [-76.06768602117666, 39.18396692414601], [-76.06786259762217, 39.18404337542468], [-76.06804633184386, 39.18414176778316], [-76.06820891882546, 39.18423468708084], [-76.06844222927104, 39.184376845771894], [-76.06864024131586, 39.18450268782583], [-76.06887346821813, 39.18463935289071], [-76.06909960651448, 39.18474314906189], [-76.06925526748523, 39.18487998285871], [-76.06939669015873, 39.18497846456428], [-76.06954537211803, 39.185115342465735], [-76.06973627848895, 39.18524111217586], [-76.06996251829494, 39.18538875976863], [-76.0701182511309, 39.18552016265554], [-76.07036587623055, 39.1857226359344], [-76.07092547275364, 39.18635247317757], [-76.07110286217448, 39.18661546379341], [-76.07123068165964, 39.186840166673335], [-76.07140800101187, 39.18710315824936], [-76.0716631710616, 39.18743189894662], [-76.07176946062434, 39.18756333282717], [-76.0719822221078, 39.18784818998793], [-76.07209604224755, 39.188100336987716], [-76.07212516383244, 39.18834170497902], [-76.07211788208875, 39.18840033840082], [-76.07212437511161, 39.18851921415046], [-76.07306990584708, 39.18868411227519], [-76.07309231432183, 39.18867104632264], [-76.07318501417096, 39.188539649326536], [-76.07319933331658, 39.18822961677892], [-76.07325042499836, 39.18802648091684], [-76.07334427379273, 39.18778503803881], [-76.07349345341869, 39.18765390605641], [-76.07370612507063, 39.187534182181274], [-76.07387579077667, 39.1874911423623], [-76.07387487808833, 39.187601134583026], [-76.07380339375129, 39.18770519792434], [-76.07386608807327, 39.18779356172057], [-76.07419703730542, 39.1878614489588], [-76.07467885858952, 39.18760576406431], [-76.07516806312694, 39.187317123781625], [-76.07551000414489, 39.186928608147326], [-76.07568179975648, 39.18663814780109], [-76.07574065108567, 39.18635806778474], [-76.0759252279271, 39.18622159962774], [-76.07618593159897, 39.18625609755733], [-76.0763558614097, 39.18617457488262], [-76.07641794218235, 39.18607508036942], [-76.0764458169056, 39.1860182233146], [-76.07655210826496, 39.186056532098966], [-76.07662472088602, 39.18608262528558], [-76.07684278602292, 39.18614990005593], [-76.07727342669205, 39.186108364054974], [-76.07754234725381, 39.18600542632805], [-76.07796390415876, 39.18591360532227], [-76.07824819040346, 39.185937965511606], [-76.07856511244243, 39.18599479129865], [-76.07885702897718, 39.185968937600904], [-76.07865423969167, 39.18629220944777], [-76.07831450942763, 39.186427763949695], [-76.07791892461417, 39.186497017212545], [-76.07764370147237, 39.186517406326004], [-76.0773898276916, 39.18651046373708], [-76.07719165035678, 39.18659180638273], [-76.07702024371572, 39.186832846735264], [-76.07682114650603, 39.1870186467605], [-76.07660115448287, 39.18717684261516], [-76.07659146705083, 39.187479259148255], [-76.07646993397604, 39.187665572005734], [-76.07630739640179, 39.18770311748057], [-76.07589734332237, 39.18781073440883], [-76.07562101884604, 39.18795762046126], [-76.075379153744, 39.18819545889729], [-76.075278450804, 39.18841211423519], [-76.07512847976227, 39.188625736705305], [-76.07517651986704, 39.18877996655187], [-76.07537329583002, 39.18886908582579], [-76.0755853413562, 39.18881527088191], [-76.0757905399233, 39.18873945908283], [-76.07596731040492, 39.188690982238704], [-76.07608678184612, 39.18874120459676], [-76.07607211325585, 39.188801583893905], [-76.07591642443734, 39.1888611902963], [-76.07564002180754, 39.18901359196121], [-76.07550492327366, 39.18913928158933], [-76.0755177736738, 39.18928236890658], [-76.07565081776063, 39.18940409778719], [-76.07581832481503, 39.189603061233825], [-76.07569724359284, 39.18973435737475], [-76.07536698516516, 39.189594961786256], [-76.07513697243496, 39.18927466489249], [-76.07491402405617, 39.18895440135165], [-76.07464078708948, 39.18874388309367], [-76.07438021187669, 39.188692905299234], [-76.07400544282498, 39.188806223043706], [-76.07378516334092, 39.18899191480661], [-76.07358639311799, 39.189133752651266], [-76.07345142933139, 39.18924299104638], [-76.07325383140991, 39.189252817236884], [-76.07317736591462, 39.189125921206745], [-76.07318560166914, 39.18899397919832], [-76.073095939024, 39.18890415059955], [-76.07210505594313, 39.18875482405964], [-76.07204880703328, 39.18871906504394], [-76.07196779606265, 39.18871196253358], [-76.07194835831653, 39.18877385481951], [-76.07196579461619, 39.18883536968071], [-76.07205021559166, 39.18904424241877], [-76.07217119171096, 39.18931280619432], [-76.07229906240009, 39.18955397994586], [-76.072377438612, 39.18975133603238], [-76.0724983437644, 39.19002544825393], [-76.07254165244255, 39.19028320123165], [-76.07256381208398, 39.19053559362213], [-76.07256301438002, 39.190578655248764], [-76.07260548582833, 39.19060862828087], [-76.07260815472306, 39.19067450972637], [-76.07253075048827, 39.19145995383164], [-76.07242476006454, 39.19185551527965], [-76.07226256205347, 39.19219599641577], [-76.07219201825251, 39.19233889161846], [-76.07200851130459, 39.19244331694077], [-76.07195213573232, 39.192514588183634], [-76.07190274725629, 39.192646506176786], [-76.07194496987128, 39.19272338036486], [-76.07190271401863, 39.1928057865995], [-76.07195914169321, 39.19289374017801], [-76.0718534001028, 39.19311881286381], [-76.0719239591751, 39.193409891116275], [-76.07214289208459, 39.19382740618319], [-76.07220641734821, 39.19394816225158], [-76.07224171035908, 39.194068998175865], [-76.07221350415749, 39.19425579970172], [-76.07202294184131, 39.19453035593272], [-76.07186062794756, 39.194684295038094], [-76.07141611369723, 39.19525553918673], [-76.07114076838454, 39.195546744344696], [-76.07109852420999, 39.195639994569355], [-76.07107019044761, 39.195760930619706], [-76.07109152902888, 39.19605202368607], [-76.07102091695596, 39.19631018619091], [-76.07094336360086, 39.19640351755157], [-76.07084441507062, 39.19644198218863], [-76.07068215058422, 39.196573792558915], [-76.07050574212367, 39.196656206112955], [-76.07037857481541, 39.1966837280971], [-76.06999737113134, 39.19682101274191], [-76.06985631497048, 39.19691438380218], [-76.06941159770088, 39.19711223577773], [-76.06935117611654, 39.197159241369306], [-76.06928062423077, 39.1971926625207], [-76.06924931255321, 39.19721132620132], [-76.06917158222998, 39.19723851937489], [-76.0691025107678, 39.197281607525504], [-76.06913019235327, 39.19728261001235], [-76.06898504077304, 39.19738532028172], [-76.0688022614605, 39.19755580941804], [-76.06856293140419, 39.19769895547993], [-76.0684224321988, 39.1978583776061], [-76.06833127206208, 39.19800122578942], [-76.06824004545005, 39.19813311329317], [-76.06812767339451, 39.198265029788104], [-76.06797290355253, 39.198380560507026], [-76.06781828642416, 39.198540009629085], [-76.06766355520972, 39.19866652456886], [-76.06752290508736, 39.198782046969804], [-76.06733251614605, 39.19880987025301], [-76.06736835533263, 39.19895795019366], [-76.06758010171983, 39.198984951248725], [-76.06775673835247, 39.19905041828703], [-76.06786310696694, 39.19920384417105], [-76.06794840110484, 39.19937375805091], [-76.0680617505274, 39.199499718746644], [-76.06817524907028, 39.19965861049883], [-76.06832496409217, 39.19981121847493], [-76.06841436622587, 39.199816682527434], [-76.06855074845231, 39.20002879311032], [-76.06865671102828, 39.200138743430415], [-76.06876261162049, 39.20016611437964], [-76.06890372976511, 39.2001497703363], [-76.06904492157157, 39.200171644538074], [-76.06923547490459, 39.20023203420196], [-76.06939791456246, 39.20030342493843], [-76.0697650155949, 39.200567136755815], [-76.07004740459772, 39.20060002165169], [-76.07016038121944, 39.2006439431064], [-76.07037208269085, 39.20067132151627], [-76.07052752716761, 39.200726238415655], [-76.0708309654942, 39.20085798018432], [-76.07094389450519, 39.20087999756952], [-76.0713111536411, 39.2011655915568], [-76.07151590305057, 39.201385369428166], [-76.07172057879815, 39.20167631667275], [-76.07177014963216, 39.20182458131002], [-76.0718548050679, 39.20192356136442], [-76.07186898946622, 39.20201141720999], [-76.07204555243703, 39.202176156979114], [-76.07213021955086, 39.20219263420655], [-76.07229259722499, 39.20217612983033], [-76.0725536862741, 39.202044212325866], [-76.07319596912585, 39.2012368052231], [-76.07335133365254, 39.201170819514864], [-76.07346431746076, 39.20114891708278], [-76.07369013775352, 39.20118177386096], [-76.07414916788056, 39.201346535763506], [-76.07428318663948, 39.201362978379024], [-76.07443852152177, 39.2013849607994], [-76.07475610831406, 39.20146734086456], [-76.07491142433175, 39.20154419565608], [-76.07506681940117, 39.201686938190925], [-76.07513750783086, 39.20184616957855], [-76.07527876701099, 39.202060411830715], [-76.07544110066766, 39.202230684961904], [-76.07543415579221, 39.20226356072555], [-76.07547640984822, 39.20245037248596], [-76.07541295195823, 39.202554738925], [-76.07531412470057, 39.202637185141825], [-76.07501758094381, 39.20267016443679], [-76.07478473223227, 39.20267018671258], [-76.07408571627879, 39.202554954025835], [-76.07384580950406, 39.202554917131515], [-76.07377514892212, 39.20257691310131], [-76.0736056952185, 39.20267034890808], [-76.07336578934208, 39.20290116803688], [-76.07325979712174, 39.2030549495787], [-76.07322459573899, 39.203175592331874], [-76.07306931295898, 39.203505324976135], [-76.0727659563791, 39.20387881191967], [-76.07265295370627, 39.204076551003745], [-76.07251878133543, 39.20423035294375], [-76.0725399968475, 39.204285237128424], [-76.07273780856801, 39.204373172856215], [-76.07350716620151, 39.20441700772363], [-76.07364836070292, 39.20446094767479], [-76.0738955061022, 39.20449933968261], [-76.07416380592811, 39.20452122575585], [-76.07429074147103, 39.204576194637326], [-76.07426978647038, 39.20476842423716], [-76.07419916990591, 39.20485634126159], [-76.07383212456901, 39.20518038728839], [-76.07376146129212, 39.205317751390254], [-76.07354980383815, 39.20559240569872], [-76.07344391133078, 39.20583417580701], [-76.07334508766637, 39.206015331431146], [-76.07319697973053, 39.20638342014428], [-76.0730841243814, 39.20689423609703], [-76.07309115010523, 39.20693814317511], [-76.0731970830368, 39.207003993995684], [-76.07330996264045, 39.207020571717564], [-76.07354998260288, 39.2070369628875], [-76.07371955129088, 39.207014923069494], [-76.07433371687422, 39.206987426014955], [-76.0746231971779, 39.20702580759279], [-76.07467274914727, 39.207058766729325], [-76.07474316628576, 39.20717951676173], [-76.07475042197831, 39.20739379356028], [-76.0747151271708, 39.20769041184484], [-76.07465870937769, 39.207943134983545], [-76.07457396500875, 39.20811343840252], [-76.07451759033478, 39.20817384699317], [-76.07452455137992, 39.20797601503421], [-76.07460217031203, 39.20783876959011], [-76.07465155429647, 39.20767391989748], [-76.07468676106909, 39.20743778803096], [-76.07464441897817, 39.2071796434471], [-76.07458096108817, 39.20712460908393], [-76.07445369945683, 39.20706432766849], [-76.07432670103184, 39.207047799378245], [-76.07329593454897, 39.20709740999207], [-76.07305590739999, 39.207053514150786], [-76.07299951565804, 39.20703154603365], [-76.07296420378253, 39.20698753390663], [-76.07297817707679, 39.20683934907848], [-76.07298514890171, 39.20673495907423], [-76.07306291785248, 39.20652623846315], [-76.07311932756075, 39.20639992979667], [-76.07315456128282, 39.20611423109939], [-76.07323219368966, 39.2059878465148], [-76.07336635168747, 39.20563640060168], [-76.07353561674488, 39.20532319552385], [-76.07373334312543, 39.205075990641866], [-76.07407915318731, 39.204746505524334], [-76.07408616902968, 39.20470803916918], [-76.07398738668778, 39.20460374553938], [-76.07359202285987, 39.204554223657055], [-76.07335189240466, 39.20457082423234], [-76.07266010339761, 39.20450492936448], [-76.07244835701042, 39.204444558688124], [-76.07237774673413, 39.20437313596286], [-76.07236362072629, 39.2042523435162], [-76.07242699597127, 39.20406552123371], [-76.0725541030924, 39.20395575804706], [-76.07263169238011, 39.20385681566144], [-76.07277990991042, 39.20354372098678], [-76.07294932768144, 39.203258135971865], [-76.07318932338936, 39.202780226874346], [-76.07330919458089, 39.202648384989004], [-76.07351390805772, 39.20248363170883], [-76.07375389029092, 39.20239020609549], [-76.07392330716362, 39.20237912733221], [-76.07515176948432, 39.20251080752704], [-76.07529297207059, 39.202472387283734], [-76.07529996006518, 39.202411950121245], [-76.07519417445731, 39.20217577968049], [-76.07484795656029, 39.201730959904516], [-76.07471382910522, 39.20159913136468], [-76.07453741345816, 39.20152222860034], [-76.07419138869892, 39.20151132094801], [-76.0737396133661, 39.20144542947524], [-76.07352783194462, 39.201346516967966], [-76.07334430972534, 39.201363139881394], [-76.0732453782631, 39.2014235556701], [-76.0730337378771, 39.20189040281464], [-76.07276553506925, 39.202132141113495], [-76.07250438493469, 39.20228053565964], [-76.07234915156202, 39.20232441081575], [-76.07206671584679, 39.202351939629004], [-76.07198910230457, 39.202329964472405], [-76.07179128878742, 39.20214323314203], [-76.07153713652892, 39.201791726224734], [-76.07132528773379, 39.201605005993976], [-76.0711972077372, 39.201416827569744], [-76.07107109415277, 39.201231529236786], [-76.07090880900515, 39.20109422188434], [-76.0706403672454, 39.20097892883318], [-76.07018868713402, 39.20085259278778], [-76.06970160801056, 39.20067693308309], [-76.06949691519497, 39.20067143289834], [-76.06925820587453, 39.20089123250362], [-76.06922855697859, 39.20091853633067], [-76.06892497043, 39.20111082118889], [-76.06881909858387, 39.20113832680922], [-76.0685438772387, 39.201330618723304], [-76.06809916176573, 39.2015613343543], [-76.06793672300616, 39.20159434896082], [-76.06769673987462, 39.20158880568791], [-76.06754134660183, 39.20150644734522], [-76.06748488209635, 39.201385620731365], [-76.06735792679049, 39.20140213712753], [-76.0672519749943, 39.20150097715898], [-76.06721674127223, 39.20160532273244], [-76.06711074545859, 39.20168776658297], [-76.06705436629305, 39.20192397138233], [-76.06702618793922, 39.20232496980124], [-76.06701908496028, 39.2024567350243], [-76.06691331192883, 39.202605039781545], [-76.06648968889873, 39.202945573245216], [-76.06641195767719, 39.20306097166246], [-76.06644774745641, 39.20314370895661], [-76.066507326421, 39.20321481202403], [-76.06659610512389, 39.20336064537837], [-76.06660767632307, 39.20363532683067], [-76.06654389414128, 39.20388584815915], [-76.06641025267479, 39.204076977715566], [-76.06628299104342, 39.20417008923128], [-76.06611519383318, 39.20427859004997], [-76.06600364732941, 39.20432870311685], [-76.06543964456985, 39.20427714842257], [-76.06526227042038, 39.20435030036123], [-76.06496059279178, 39.20428902113881], [-76.06478138248583, 39.20458245465653], [-76.06496498196024, 39.20473627149899], [-76.06509547483167, 39.204764750932014], [-76.0652957802754, 39.204868308549074], [-76.06526343104373, 39.205024931419366], [-76.0651971138162, 39.2050832780514], [-76.06508365300255, 39.205278463959175], [-76.06502327363903, 39.20527014565726], [-76.06490496192285, 39.20544572774746], [-76.0650099489284, 39.205513254759495], [-76.06484597045646, 39.205715911279604], [-76.06473917963379, 39.205708435991916], [-76.06464028949405, 39.2056425769958], [-76.06456997476351, 39.20549787534879], [-76.06422614728345, 39.205291127962894], [-76.06378605903251, 39.205823835438885], [-76.0636642897008, 39.20599347227468], [-76.06401661793838, 39.20626586515352], [-76.06392726072045, 39.20637856288934], [-76.0639473290839, 39.20654949170121], [-76.06378681451568, 39.20665021364711], [-76.06365622193123, 39.20660545926089], [-76.06353714125717, 39.20640777184538], [-76.06323352057261, 39.20670408593166], [-76.06314020627583, 39.20667416779506], [-76.06298751783036, 39.20689158891935], [-76.06276952905026, 39.20713120229535], [-76.06300992181355, 39.20732168124242], [-76.06287687952334, 39.20746635546558], [-76.0629671242768, 39.20772942854851], [-76.06218357236348, 39.208339458396075], [-76.06204231677661, 39.20833957951087], [-76.06180949770949, 39.20847127915837], [-76.06172469405172, 39.2084824126456], [-76.06155529694196, 39.20858128378177], [-76.06155530233187, 39.2086910968168], [-76.06139290399648, 39.20889428778755], [-76.06137869534363, 39.20907009190789], [-76.06111876691786, 39.209313929848776], [-76.06065850789551, 39.20974569246973], [-76.06065453554532, 39.20975651810179], [-76.06064442770176, 39.209784062795514], [-76.0609762995037, 39.21002026125024], [-76.06103984183532, 39.210086205235136], [-76.0610822593847, 39.210503638598425], [-76.06106814236003, 39.210613461852326], [-76.0609692477287, 39.210734236398736], [-76.06095511094108, 39.210932011865424], [-76.06067986713803, 39.21105841887452], [-76.06040448679104, 39.2111462848713], [-76.06012194687126, 39.211272633027924], [-76.05993848933068, 39.211333027764645], [-76.05980427653566, 39.21140443645203], [-76.05951488786013, 39.21150328885773], [-76.05916863852208, 39.21166081638623], [-76.05914048981265, 39.21167362401308], [-76.05894293770525, 39.21173386110254], [-76.05863227961875, 39.21179430277248], [-76.05847630783092, 39.21191975606536], [-76.05842045058655, 39.21196468455167], [-76.05816626958197, 39.21208548531117], [-76.05752384749137, 39.2121184455533], [-76.05712130612434, 39.2121734217133], [-76.0568041505234, 39.21224390105118], [-76.05668984619169, 39.21244365383839], [-76.05648703534662, 39.21264568273602], [-76.05675285402572, 39.21350132518682], [-76.05674066388733, 39.21383673262382], [-76.05666095008395, 39.21404271917571], [-76.05656356821557, 39.214128794098876], [-76.05650319963185, 39.21432593429883], [-76.05652852134307, 39.21444598836285], [-76.05640442357814, 39.214516826644115], [-76.05629114871577, 39.21463873382817], [-76.05621075578607, 39.214889638378146], [-76.05588421458702, 39.21512663118967], [-76.05575845224386, 39.215029775127945], [-76.05560396626952, 39.21506747997914], [-76.05546509031984, 39.21509028843234], [-76.05539350177823, 39.215260440888244], [-76.0551535896136, 39.2153513834812], [-76.05514383211299, 39.21550699327436], [-76.05484748418897, 39.21566114253717], [-76.05462866177228, 39.21584246629733], [-76.05457211462178, 39.216034507767716], [-76.0544733152119, 39.21599070451083], [-76.05450870613915, 39.21582044316259], [-76.05484763330932, 39.21553467212659], [-76.05488989814512, 39.21533702863788], [-76.05510185204314, 39.215078822611105], [-76.05516527400052, 39.214974526981834], [-76.0551088795636, 39.21495248826288], [-76.05478400923099, 39.21498552580685], [-76.05431101030129, 39.21522163786277], [-76.05408499776907, 39.215402902206684], [-76.05376732204357, 39.215567741412144], [-76.05337187826561, 39.21572154881117], [-76.05307531744087, 39.21580934981403], [-76.0528883349111, 39.21606423748063], [-76.052549305333, 39.216238125008], [-76.05226670881933, 39.21629065991403], [-76.05210132628058, 39.21635637947206], [-76.05202932361561, 39.21647152618076], [-76.0516528549514, 39.2165172235974], [-76.05117542283578, 39.21649504964636], [-76.0503910911848, 39.21658618412267], [-76.0502089442862, 39.21673700911039], [-76.05001152782442, 39.216857220518605], [-76.0499236528267, 39.21699054947946], [-76.04947386905889, 39.217248840344354], [-76.04909253601741, 39.21765389715817], [-76.04899592220859, 39.21784806959844], [-76.04894623189868, 39.21804868196752], [-76.04904502502035, 39.218274869029315], [-76.04935580617604, 39.21846014884429], [-76.0495974547841, 39.21854127146353], [-76.04991133243259, 39.218495136908814], [-76.05001894611203, 39.21864830457162], [-76.05011850998824, 39.21881357809087], [-76.05007573580768, 39.2190873368167], [-76.05006689279202, 39.21931347807899], [-76.05013040727586, 39.219346377860106], [-76.05026458683322, 39.21932997981996], [-76.05046940990452, 39.21930248062793], [-76.0507235891125, 39.21935749918383], [-76.05123202658014, 39.21949476596046], [-76.05161319882318, 39.21965954823442], [-76.05178980670973, 39.21965954475466], [-76.05190988092049, 39.2196321243341], [-76.05217108854724, 39.21961014762479], [-76.05236167691454, 39.219637692629], [-76.0527430027695, 39.21995071485905], [-76.05302548250216, 39.22022532029009], [-76.05306783716951, 39.22040115798099], [-76.0530818086671, 39.22068671991336], [-76.05321598283457, 39.22109326637594], [-76.05316650542535, 39.221214069524514], [-76.0531878143622, 39.22130194786643], [-76.05337129615731, 39.221389859503134], [-76.05339249909296, 39.22144472818959], [-76.05316661501983, 39.22137335198297], [-76.05303240312311, 39.22126352259234], [-76.05303940010086, 39.221159136631776], [-76.05308901405401, 39.22101636686269], [-76.05289842838164, 39.220379156458485], [-76.05289125802905, 39.220219875919874], [-76.05231925936515, 39.21975295992286], [-76.05213581709592, 39.219741929135104], [-76.05199447706744, 39.21976392389782], [-76.05174740353337, 39.21980249057428], [-76.05156380675393, 39.21979135748994], [-76.05108361142048, 39.21956067877727], [-76.05085059023239, 39.219511121509065], [-76.05068825298247, 39.219505691002446], [-76.05053985399246, 39.219494657392055], [-76.05040580558915, 39.219516709996164], [-76.05035627428101, 39.21953313026314], [-76.0499396626017, 39.21957706493237], [-76.04984786016956, 39.219588069299895], [-76.04967836604175, 39.219549528255776], [-76.04965021912895, 39.21928050590332], [-76.04972797011341, 39.219033279860035], [-76.04967862116328, 39.21892895948286], [-76.04945261402095, 39.21881355790811], [-76.04936783551601, 39.21874210455863], [-76.04932548264532, 39.218681634767286], [-76.0490712288772, 39.21863229053826], [-76.04896556094863, 39.21850474952382], [-76.04893010624099, 39.218461951384604], [-76.04872541881531, 39.218297154468225], [-76.04866321407513, 39.21813163266577], [-76.04853816140107, 39.21811236627031], [-76.04833376592785, 39.218171624878025], [-76.04812954113451, 39.218218704764354], [-76.04770856633787, 39.21820913525997], [-76.04729495592991, 39.218344166066025], [-76.04713656318239, 39.218395872593156], [-76.0468258529936, 39.218434257679206], [-76.04627502851926, 39.21858811377951], [-76.04579488079654, 39.218741755883315], [-76.04510998995255, 39.21906577403038], [-76.0444108006242, 39.21944454818753], [-76.04365503629758, 39.21992235293589], [-76.04337965325567, 39.220120113658375], [-76.04299835255352, 39.22011999534774], [-76.04282179676927, 39.220196993275096], [-76.04274403680165, 39.22038911469888], [-76.04274419760009, 39.22054290875191], [-76.04280042315371, 39.2205869597072], [-76.04288525555758, 39.22059792355191], [-76.04306880831959, 39.22054297069066], [-76.04330895135122, 39.220427722788436], [-76.0435068079875, 39.22041120460291], [-76.04364099203643, 39.220499076990514], [-76.04372555225076, 39.22064753851181], [-76.0439726141067, 39.220867164947805], [-76.04401498853697, 39.220960564590285], [-76.04399378290638, 39.22118028678183], [-76.04414918516234, 39.22125175435208], [-76.04433280350136, 39.22129017684889], [-76.04443867624579, 39.22135055948954], [-76.04443158135167, 39.22141660487882], [-76.04423382353009, 39.22135612068883], [-76.04403604055565, 39.22132856522398], [-76.04392319868124, 39.22127908714836], [-76.04388780685568, 39.221191273499684], [-76.04389500864932, 39.22102651917888], [-76.04383841388811, 39.220900130810726], [-76.04367617275788, 39.22081219211508], [-76.04357736616149, 39.220570516720706], [-76.04347841044473, 39.22052109030638], [-76.043372568243, 39.22053210148534], [-76.04307621942067, 39.22070572462504], [-76.04276221690637, 39.220757978508516], [-76.04260276055355, 39.22114156914845], [-76.04243314245824, 39.22134479298963], [-76.04209415689756, 39.22150958901525], [-76.04203775617245, 39.22159192738094], [-76.04205875159727, 39.221740214000654], [-76.04217874585798, 39.22214671608622], [-76.04221396880027, 39.22248178228082], [-76.04216454259503, 39.22259161742054], [-76.04212219691084, 39.222393931165016], [-76.04209405269299, 39.22207533850561], [-76.04191057718609, 39.221718311023906], [-76.04183999745254, 39.22163582039775], [-76.04171996546259, 39.22159189467222], [-76.04164938752567, 39.221586376639294], [-76.0414939484388, 39.22161379768842], [-76.04133155908656, 39.221685172258724], [-76.0412254554751, 39.22177857638027], [-76.04114783474634, 39.221915901752254], [-76.04109831870957, 39.22216301047151], [-76.04101353571303, 39.22238832968446], [-76.0408934381461, 39.22258593870857], [-76.04073802331374, 39.22269020493699], [-76.0405049464301, 39.222800153185304], [-76.04034254360315, 39.22285501659389], [-76.04017300186464, 39.22291543198843], [-76.0400599821238, 39.22299234055601], [-76.03995413632883, 39.22312414564146], [-76.03983400911744, 39.22339858068655], [-76.03973513335076, 39.22355793960971], [-76.03959372145705, 39.22392037189442], [-76.03941711806208, 39.22414562213899], [-76.0390780318901, 39.224464137899474], [-76.03886617860339, 39.22457395253976], [-76.03869664225476, 39.22468924373961], [-76.03837883447692, 39.22484854893201], [-76.03817399793088, 39.22492542893736], [-76.0379692170804, 39.22505712670446], [-76.03765836765274, 39.22522179640852], [-76.03752422851957, 39.225243776232254], [-76.03712875869046, 39.22537558265719], [-76.03683212330554, 39.22544145167815], [-76.03639418202812, 39.2256115755673], [-76.03611870556142, 39.22564993861469], [-76.03582214383836, 39.22567195031531], [-76.03542727767713, 39.22573926720387], [-76.03497038554045, 39.225772460422085], [-76.03462887122227, 39.225797273036626], [-76.03425474087274, 39.22580598834713], [-76.03373961185453, 39.22580283875484], [-76.03278499825325, 39.22600598647126], [-76.03221998129573, 39.22605202701646], [-76.03183999662548, 39.2259342321646], [-76.03157269482786, 39.22583910916142], [-76.03145115456655, 39.226008835431315], [-76.0316749877859, 39.22622468105368], [-76.03166774916134, 39.22624113524164], [-76.03170216361987, 39.22633482070059], [-76.03192560607205, 39.226594657531], [-76.03174578940333, 39.226956499340695], [-76.03138380697139, 39.2271797628607], [-76.03095676405499, 39.2275675875777], [-76.03075715480558, 39.227780846731925], [-76.03062622894619, 39.228197968919865], [-76.03089671077993, 39.2287110589061], [-76.03144708789326, 39.22871992068114], [-76.0318841847543, 39.228772084399715], [-76.03273313042705, 39.22855182093291], [-76.0337102522161, 39.2282058106218], [-76.03423273663985, 39.22818150057751], [-76.03478186239998, 39.22832783320834], [-76.03557616804558, 39.228673620938444], [-76.03628471242928, 39.229134374943904], [-76.03663438434857, 39.22948294210896], [-76.03690693590073, 39.22977604002335], [-76.03703043359103, 39.230156246193424], [-76.03675948553168, 39.23045706166944], [-76.03651730961253, 39.23069755697533], [-76.0362805577211, 39.23111405923337], [-76.03611970808127, 39.23171798318607], [-76.03595763763099, 39.23245390242844], [-76.03595905966407, 39.233064327694855], [-76.03610982751145, 39.23354915997592], [-76.03657348665716, 39.23378295377987], [-76.03738508666858, 39.23379337004871], [-76.03742110821315, 39.23379231520154], [-76.03741147378175, 39.2337926359697], [-76.03760043260512, 39.233793397185266], [-76.03781767758016, 39.233783891731214], [-76.03794568211828, 39.23378258013012], [-76.03805688007571, 39.23377872882393], [-76.03826211727036, 39.23379706758024], [-76.03830922133058, 39.233799836205996], [-76.03847385197945, 39.23382977409588], [-76.03865676873424, 39.23388055353187], [-76.03884279545653, 39.23394474950194], [-76.03898353541041, 39.233998296776775], [-76.03901353914091, 39.23401024866047], [-76.03917570032104, 39.234069202999784], [-76.03935370149459, 39.234162870354965], [-76.03948327898276, 39.234221552506256], [-76.0396125330774, 39.2343107198914], [-76.0396446936629, 39.234338117182666], [-76.03977365041519, 39.2344429093747], [-76.03986922577153, 39.23456300000728], [-76.03995164350391, 39.23466220179941], [-76.04005798606724, 39.234788413702], [-76.04033503638233, 39.23536199794993], [-76.04042886900702, 39.23590700078406], [-76.04019854725637, 39.23638954308062], [-76.03948475940635, 39.23648969968736], [-76.03885679120866, 39.23646390562453], [-76.03818748703317, 39.23633336408718], [-76.03744649370476, 39.23631788149319], [-76.03701622044662, 39.23628778324288], [-76.03636487449198, 39.23650378372036], [-76.03619360619149, 39.23670621789978], [-76.0361399803623, 39.237162319388254], [-76.03631174273619, 39.237669292709306], [-76.03661154378415, 39.23807254792792], [-76.03716420621157, 39.23860932319759], [-76.03774648519558, 39.23899781320689], [-76.03852785510108, 39.23922800432249], [-76.03905051110306, 39.23919267036584], [-76.0395248287596, 39.239041572189116], [-76.039977204167, 39.238972804881364], [-76.0403500220779, 39.23911254219535], [-76.04081564583912, 39.239137350093216], [-76.04161988236015, 39.23918619426918], [-76.04208630382534, 39.23912301333344], [-76.04233315727215, 39.23914650624805], [-76.04257969630862, 39.23920298981722], [-76.04290966907205, 39.239397431736876], [-76.0431139890868, 39.23943717666793], [-76.043192648268, 39.23932766080407], [-76.04309562931903, 39.23912910120372], [-76.0430546382943, 39.2389803733378], [-76.04306963207469, 39.23888696914912], [-76.0432250028896, 39.238876910560855], [-76.04346495727503, 39.23887836191427], [-76.04373319062562, 39.23887996146435], [-76.04388246367638, 39.23876538585855], [-76.04394668603267, 39.23868878192503], [-76.04411651702873, 39.238640313809675], [-76.04434970710005, 39.2386142116193], [-76.04446328828794, 39.23854339904704], [-76.04452028190114, 39.2384832517548], [-76.04447941484392, 39.23832354335571], [-76.04444497613089, 39.23822983911333], [-76.04460063350838, 39.2381867879145], [-76.04477689284857, 39.238209845593296], [-76.04496790611901, 39.238161492644224], [-76.0451304284219, 39.2381404624128], [-76.04514539525285, 39.238047082849214], [-76.04520348121744, 39.23787143756477], [-76.04534609415867, 39.237712833352425], [-76.04553025687676, 39.23764244846547], [-76.0459752041151, 39.23761210865482], [-76.04640366726795, 39.23763907258294], [-76.04624275564437, 39.23768521055761], [-76.04586789137124, 39.237770937828564], [-76.04552028737375, 39.237961335738376], [-76.04532077604073, 39.23816910362991], [-76.04520557788533, 39.238415884472026], [-76.04484531662546, 39.238446708882094], [-76.04461940560286, 39.23845086537219], [-76.04469614059273, 39.238550304488335], [-76.0446726226986, 39.23880862803627], [-76.04427634618237, 39.23891622232911], [-76.04401524725178, 39.23890915481204], [-76.0439361541843, 39.239068174469864], [-76.04349831351816, 39.23909303386943], [-76.04322258642149, 39.23914085948888], [-76.04322890157793, 39.23922338589671], [-76.04334011570506, 39.23941103302883], [-76.04334726988799, 39.23940007003569], [-76.04343046196813, 39.23956554237885], [-76.04341397159446, 39.23982389906318], [-76.0436587517296, 39.24007283924963], [-76.0441566825017, 39.24042778144618], [-76.04466173332074, 39.24077726793941], [-76.04536389427605, 39.24118292784662], [-76.04571991099618, 39.24161949052041], [-76.04571556225189, 39.24209787899616], [-76.04557939112955, 39.24232254214543], [-76.04524537954062, 39.242568006679996], [-76.04448217985838, 39.242662398066464], [-76.0438554872684, 39.242493679826545], [-76.04308250583102, 39.24210957903837], [-76.04244911719894, 39.24190231261027], [-76.04192037870416, 39.24182761283608], [-76.04131946776285, 39.24192848454157], [-76.04102759973713, 39.242196185170734], [-76.04104599094595, 39.24249874260414], [-76.04109041084013, 39.243043433973774], [-76.04108542069872, 39.24358782334889], [-76.04065655420229, 39.244168139666655], [-76.04015240439348, 39.244489565117405], [-76.03946459402485, 39.24482634528451], [-76.0388686310041, 39.24515269046994], [-76.038591614825, 39.245337993945796], [-76.03865356713855, 39.245508841122586], [-76.03916769992513, 39.24563842988055], [-76.03978907179368, 39.24562019509483], [-76.04039452371876, 39.24579983441586], [-76.04100070956743, 39.24589697429645], [-76.04169171165027, 39.245983618189506], [-76.0422063546799, 39.246058221707], [-76.04293896223514, 39.246227598535924], [-76.04319073305983, 39.246487580149356], [-76.04319431554119, 39.24686704112815], [-76.04299314412151, 39.24725077637456], [-76.04264277870283, 39.24773809364601], [-76.04229417667703, 39.248032935866405], [-76.04220659722503, 39.24834587596992], [-76.04222354843445, 39.248807903940026], [-76.04209833765688, 39.24937357944519], [-76.04194748896113, 39.249658629747486], [-76.04146192709217, 39.25002805970997], [-76.04119826436977, 39.25014053067308], [-76.04098399461492, 39.25025905427346], [-76.0407205358101, 39.250360514195116], [-76.04051431765515, 39.250424162221265], [-76.04025156133287, 39.25048719454472], [-76.04001597455635, 39.250610951574984], [-76.03983633305909, 39.250768335686885], [-76.039734042796, 39.250948588592586], [-76.03972364120332, 39.25112987127413], [-76.03976989455899, 39.25130626525448], [-76.03982263105607, 39.25151574800769], [-76.03989715619035, 39.25169245196488], [-76.0399715861032, 39.251874694779914], [-76.04008157762323, 39.252046317658206], [-76.04021901357349, 39.25226224526548], [-76.04030093274088, 39.252422563294566], [-76.04043040602446, 39.25268784832124], [-76.04049111147641, 39.2528479448655], [-76.0405376891239, 39.25300787270446], [-76.04062554435868, 39.25322872370858], [-76.04067958610787, 39.253366741581445], [-76.04081662859603, 39.25360462980182], [-76.0409529659067, 39.25388099768897], [-76.0410961995838, 39.25416842394968], [-76.04120579764174, 39.254362031393285], [-76.04146393482682, 39.254551828481496], [-76.04153816351706, 39.254745048807436], [-76.04155594566814, 39.254932134802], [-76.04156637061699, 39.25513561623504], [-76.04153508588891, 39.255300168048805], [-76.04153841594366, 39.25550357189841], [-76.04160498290285, 39.25572968275939], [-76.04182809208008, 39.2559025941735], [-76.04207481796612, 39.25594383361704], [-76.04237040950868, 39.256018611565544], [-76.0420948998043, 39.256004531450785], [-76.0418619298202, 39.255985431264854], [-76.04156591067957, 39.25593261862214], [-76.0413649216179, 39.25571049972317], [-76.04129775458411, 39.255517375963], [-76.04121702748111, 39.25529111069056], [-76.04112769811094, 39.25553745080334], [-76.04103286835628, 39.255695794904696], [-76.04088725234705, 39.25592501304182], [-76.04074163184623, 39.25615423738539], [-76.04064743540386, 39.25627961208614], [-76.04049652741926, 39.256409836878184], [-76.0403443734714, 39.25661150341969], [-76.04013510912932, 39.256840006288186], [-76.04006159190479, 39.25699309165026], [-76.03991637564584, 39.257200326697465], [-76.03974397097652, 39.25734681095373], [-76.03957006791731, 39.2575757169451], [-76.03940405835448, 39.25776073371176], [-76.03901189881721, 39.25793772172166], [-76.03881253031629, 39.258012432159994], [-76.0384222024439, 39.258090501418955], [-76.03820305034547, 39.25808803771535], [-76.03796267734512, 39.258085318738], [-76.03770302649878, 39.25797798408399], [-76.0374570039936, 39.257898253677624], [-76.0372325967508, 39.25779679353344], [-76.03702837285577, 39.25775052271762], [-76.03678832235062, 39.257731329105205], [-76.03655562455604, 39.257695720676324], [-76.03623092759828, 39.25766459241329], [-76.03604693735674, 39.257673518001745], [-76.03578494909401, 39.25769254399706], [-76.03550850963332, 39.25772790967289], [-76.03521503002999, 39.25792247899903], [-76.03510331554125, 39.258229034874816], [-76.03503594638653, 39.258431653976594], [-76.034997865005, 39.258579635295284], [-76.03487577138148, 39.25868269549161], [-76.0347528584944, 39.25882971779718], [-76.03460781111876, 39.259025965231984], [-76.03445581437603, 39.25921664139916], [-76.03433904866047, 39.25941320353297], [-76.03413735172636, 39.25961429177706], [-76.03396442693247, 39.25978823902466], [-76.03373435401515, 39.25999452681746], [-76.03353285021885, 39.26018463417438], [-76.03324673769916, 39.260362804752866], [-76.03298209850804, 39.26052470748961], [-76.03273828675678, 39.260708854696325], [-76.03253577415238, 39.26095390641229], [-76.0323077008849, 39.26105027411883], [-76.03204419087608, 39.26115173859629], [-76.03191439958889, 39.2612876751284], [-76.03169845447606, 39.2614941191773], [-76.03151998438193, 39.26158554159147], [-76.03118292930081, 39.26184008354982], [-76.0310662498235, 39.26203115129651], [-76.03099200316696, 39.262222685221296], [-76.03093857317047, 39.26243644135711], [-76.03091460252546, 39.262584604099985], [-76.03091792359706, 39.262788004203294], [-76.03094943110733, 39.26299723078141], [-76.03094637144547, 39.263162097991675], [-76.03095656283237, 39.2633765815546], [-76.0309326155435, 39.26352472283588], [-76.0309211889731, 39.26376095256868], [-76.0308897497348, 39.26393100092727], [-76.0308866119195, 39.26410135489722], [-76.03079791047173, 39.26430922966294], [-76.03080204182372, 39.264468664673885], [-76.030805644068, 39.264655594661164], [-76.03079431002406, 39.264886330297514], [-76.03073471848306, 39.265050551813864], [-76.03068905711717, 39.26522594959417], [-76.03064951507498, 39.265450845364256], [-76.03060344497565, 39.26564820930825], [-76.03055596272466, 39.265922501668356], [-76.03051483425772, 39.26623535358386], [-76.03042703292184, 39.266393763239755], [-76.03029591302634, 39.26660114784514], [-76.03022890409602, 39.266781777335495], [-76.03016951198101, 39.266935016943776], [-76.03001768322326, 39.26711468789916], [-76.02992324693071, 39.26725103363101], [-76.02968573596286, 39.26747371129134], [-76.02941371711167, 39.267652022605766], [-76.02907683001551, 39.267895557567066], [-76.02878860465827, 39.268183608624284], [-76.0285713165641, 39.268461508178206], [-76.02851928254958, 39.26859832490096], [-76.02830195043795, 39.26887618316905], [-76.02812921878186, 39.26903914003163], [-76.02798454420703, 39.26921339492878], [-76.02781857955998, 39.269392902174445], [-76.02754510274309, 39.26964814183364], [-76.02745802455102, 39.269768077606905], [-76.0272638501091, 39.269941780589804], [-76.0271395834609, 39.270160240149586], [-76.02708703650835, 39.27032453345741], [-76.02704133381995, 39.270499911084265], [-76.02695263506712, 39.27070777730367], [-76.02682887327212, 39.27089875967789], [-76.02651418803819, 39.271087573846714], [-76.02631466323042, 39.27116775310873], [-76.0261223339281, 39.27124253776686], [-76.02583826327907, 39.27130527389404], [-76.02558219491408, 39.27138482214606], [-76.02529066106166, 39.27146945811566], [-76.02515283614088, 39.271654772714335], [-76.0250574404476, 39.271840572234524], [-76.0249901377682, 39.272037700514495], [-76.02491606358818, 39.27221824784046], [-76.02486311778365, 39.272404527797065], [-76.02478934992914, 39.27256858218034], [-76.0246939335746, 39.272754387622555], [-76.02459086626881, 39.27297308111576], [-76.02434638886591, 39.27319017515892], [-76.02413836060569, 39.273347222071315], [-76.02388892090917, 39.27344882034798], [-76.02362464104415, 39.27358872679689], [-76.02335298780729, 39.27374505514966], [-76.02312293375459, 39.27394581089965], [-76.0228865259179, 39.274108035528826], [-76.02267819133215, 39.27428154694755], [-76.02255542666711, 39.27441757762442], [-76.02236767877274, 39.27462429384523], [-76.0220340148318, 39.2746919643114], [-76.02213854189995, 39.27439633643074], [-76.02234214236417, 39.27409633387157], [-76.02247965646784, 39.27392749724468], [-76.02261049608899, 39.27373660379326], [-76.02283933921267, 39.27360179641936], [-76.02307452264563, 39.27350553011548], [-76.02338841017557, 39.27336069021277], [-76.02366776377104, 39.27317147256732], [-76.02383162007212, 39.27310737369798], [-76.02406761468379, 39.2729671380493], [-76.02419774463586, 39.27281471345312], [-76.02437819012529, 39.27261887528492], [-76.02453034856475, 39.272422739622414], [-76.02456826285963, 39.27228574399173], [-76.0246148584734, 39.27206091118511], [-76.02462540649147, 39.27187413725394], [-76.0246716975764, 39.271665796036], [-76.02482426025772, 39.27144766107036], [-76.0250596691678, 39.271340402512315], [-76.02530866958814, 39.27126078118892], [-76.02555746698924, 39.271192158830885], [-76.02579960697577, 39.27110145829524], [-76.02601991610426, 39.271043483663064], [-76.02614226305269, 39.27092945506316], [-76.0262163309445, 39.27074890511196], [-76.02613526068505, 39.27054461151512], [-76.0261100261104, 39.270379408383725], [-76.02614904353645, 39.27018199030482], [-76.026336666565, 39.26998073486943], [-76.02661609651729, 39.26978601750011], [-76.0266829715986, 39.269610876627375], [-76.02675948829787, 39.269298443145345], [-76.02680598150373, 39.26907909836099], [-76.02689490932697, 39.26886025223154], [-76.0269198735087, 39.26865716045361], [-76.02692284064409, 39.268497787130556], [-76.02699004001724, 39.26830617229243], [-76.02700763801364, 39.26811947945992], [-76.02715967967211, 39.267928815687085], [-76.02728252788049, 39.2677872865283], [-76.02755293695067, 39.267696912630925], [-76.02789556877309, 39.26752490312878], [-76.02809700878903, 39.26734029881802], [-76.02820651252384, 39.26715464802128], [-76.02828897157872, 39.266902732025656], [-76.02840425237913, 39.26678862574883], [-76.02858517577229, 39.26656530328415], [-76.02882956603861, 39.26596892705296], [-76.02884829591227, 39.26572179387216], [-76.0288531818491, 39.26545801314005], [-76.02889862222945, 39.26529363887349], [-76.02888362395747, 39.264958170651035], [-76.02892324864465, 39.26472774753186], [-76.02890506674329, 39.26456264266424], [-76.02883865609098, 39.26433103936113], [-76.02881403865891, 39.264132872568844], [-76.02880272258128, 39.263978852035656], [-76.02877757963479, 39.263808154880685], [-76.02875358114197, 39.26357702203408], [-76.02878028536044, 39.26328050985894], [-76.02888352873603, 39.263050814997264], [-76.02893607838352, 39.26288651089719], [-76.02902559280665, 39.26263467971588], [-76.02911417927008, 39.26243231550055], [-76.0293306588805, 39.262198405048125], [-76.02958893979604, 39.26199795297555], [-76.02981819883969, 39.26183564258246], [-76.03007415132203, 39.26176157819471], [-76.03031685724719, 39.261637899270255], [-76.03044647785447, 39.2615129445173], [-76.03057041661759, 39.26131097421496], [-76.03080091353972, 39.2610827307487], [-76.03088837800735, 39.260940788525275], [-76.03110424227182, 39.26073986058326], [-76.03133359923184, 39.26057205248078], [-76.0315566221708, 39.260365689877375], [-76.03168005877566, 39.26019119736222], [-76.03183936331322, 39.25998961971491], [-76.03199924187422, 39.25975507859236], [-76.03225760543478, 39.2595491295253], [-76.0324935452492, 39.25940887022291], [-76.03273827867193, 39.25917527033363], [-76.03289089165892, 39.25895163078059], [-76.03304330252497, 39.25873898665536], [-76.03324429697653, 39.2585763577994], [-76.03329056380693, 39.258368010436705], [-76.03348589797388, 39.25812834659437], [-76.03355973499866, 39.25795879262048], [-76.03375557401881, 39.257691650882066], [-76.03401433193979, 39.257463716291525], [-76.03426500592148, 39.25729065013607], [-76.03450113528045, 39.25713940522734], [-76.03472320780182, 39.25698252023416], [-76.03497944235515, 39.25689194946758], [-76.03534694044295, 39.25690159368882], [-76.03562234145116, 39.25692119931185], [-76.03594057503047, 39.25691926699033], [-76.03620195423541, 39.256933204327524], [-76.03645604720512, 39.25695806435112], [-76.03665347714163, 39.25698775029607], [-76.03710442961763, 39.25707527778284], [-76.03761917236025, 39.257152526608], [-76.03788730869279, 39.257183029774225], [-76.03817706837252, 39.257191786398685], [-76.0384173371683, 39.25719999212481], [-76.03864425789727, 39.25716405580897], [-76.03892966074787, 39.257024352371474], [-76.03913184367056, 39.256795761069334], [-76.03923989482955, 39.25668705136133], [-76.03940633468541, 39.25648005199126], [-76.0395516542506, 39.2562673043784], [-76.0396916243483, 39.25596105294], [-76.03988237351403, 39.25558395053873], [-76.04002153602627, 39.255321665445116], [-76.04010221462025, 39.255163168162916], [-76.04013422878033, 39.25496015425276], [-76.04016591505535, 39.25477361020639], [-76.0402261021794, 39.254576405543276], [-76.04022264366554, 39.25437849219929], [-76.04012640625085, 39.25422900089357], [-76.04003822582594, 39.25402464244914], [-76.03992906165429, 39.25380904720615], [-76.03988210581608, 39.253671087939715], [-76.03982260230997, 39.25344505600055], [-76.0397366353339, 39.25311979561077], [-76.03965594506182, 39.25289352955738], [-76.0394900118558, 39.25268829421498], [-76.0394158855735, 39.25248958531262], [-76.03938315096455, 39.25234628522046], [-76.03933084655714, 39.25211484120063], [-76.03929206359138, 39.25191652300839], [-76.03921773878139, 39.25172881055105], [-76.03913631997561, 39.25154099881126], [-76.0391185521976, 39.25135391768114], [-76.03903078230279, 39.251127572191976], [-76.03895826041158, 39.25084092301829], [-76.03888514114072, 39.25058726424181], [-76.03900874123896, 39.25040177776768], [-76.0392384745931, 39.250211972228655], [-76.03948145630105, 39.25007177842005], [-76.03945435502723, 39.25008480512399], [-76.03997748174642, 39.249701733036176], [-76.04049547459375, 39.24941339246302], [-76.04095493770875, 39.24935017482575], [-76.0414781452763, 39.24925985715809], [-76.04172007415875, 39.249052339856746], [-76.04167480625495, 39.24860114079091], [-76.04160737781139, 39.248254288113976], [-76.04174528717381, 39.24784266686063], [-76.04208673411836, 39.24755877512494], [-76.04240054259657, 39.24720871092007], [-76.04258695918772, 39.24689639185384], [-76.0424267527416, 39.24665894072181], [-76.04200473050935, 39.24649143701904], [-76.04095965745726, 39.24652362559391], [-76.04052994115457, 39.24642756489175], [-76.03993028156644, 39.246385431462116], [-76.03970461847886, 39.246362084282964], [-76.03906209937021, 39.246374688699625], [-76.03849190182845, 39.24620074643604], [-76.0382606799659, 39.24601240021191], [-76.03799360005215, 39.245884282832705], [-76.03778319844294, 39.245734529230866], [-76.03759932138911, 39.245771926789445], [-76.03756318486018, 39.245865188238376], [-76.03744196170416, 39.24599644181613], [-76.03735034791822, 39.24597937796744], [-76.0372165878741, 39.245940060417794], [-76.0370182174015, 39.24593391052657], [-76.03689166903247, 39.245960089301846], [-76.03682708465512, 39.246075188140196], [-76.03667081911819, 39.24617871195613], [-76.03655816858493, 39.24614504419243], [-76.03650226103491, 39.246084213295916], [-76.03641250227003, 39.246076345764486], [-76.03640251569901, 39.24600998408639], [-76.03660163626489, 39.246024315264485], [-76.03660322628295, 39.24585386240807], [-76.03675877945585, 39.2458273155731], [-76.03700816255851, 39.24586552356081], [-76.03718951085482, 39.24581342820521], [-76.03733956274492, 39.24561637087475], [-76.03753883332946, 39.24544159815894], [-76.03800771887347, 39.245119978101634], [-76.03861926586775, 39.2446342657114], [-76.03932190472679, 39.24422058548882], [-76.03984804709039, 39.24381131223733], [-76.04021212619021, 39.243368085041176], [-76.04013211504449, 39.24285617294242], [-76.04013561398251, 39.24247674731318], [-76.04021743972511, 39.24202081465115], [-76.04037490451294, 39.24178531036364], [-76.04078674613811, 39.24151833103292], [-76.04143280371066, 39.24111527999138], [-76.04245625161892, 39.2411214511772], [-76.04320092444674, 39.241510879037634], [-76.04367153295945, 39.241766663399524], [-76.04446692197328, 39.24201342393331], [-76.04493257448057, 39.242038210629254], [-76.04505406443624, 39.24187396373217], [-76.0447463429424, 39.241558652220235], [-76.04411486323028, 39.24114243807509], [-76.04330061588371, 39.24064260102743], [-76.04239690801293, 39.239894774351825], [-76.0419823238312, 39.2396887989554], [-76.04112263340936, 39.239529651294376], [-76.04035974903579, 39.23959102917051], [-76.03970989697947, 39.23964208760763], [-76.03952491589618, 39.23980046342694], [-76.03948890513138, 39.23987723451786], [-76.03912829083362, 39.23994654014412], [-76.03897985501268, 39.23996763871319], [-76.03821752220472, 39.239968519530514], [-76.03764071485908, 39.239750544744226], [-76.03711474946361, 39.2393789093738], [-76.03670873161643, 39.239013508807076], [-76.03622386863678, 39.23877960302068], [-76.03600013513044, 39.23854727166033], [-76.03581490521378, 39.23796873175348], [-76.03569293016788, 39.23741807090175], [-76.03566268389227, 39.23687345552611], [-76.03579217604046, 39.23661028499629], [-76.03605680714676, 39.2362324606796], [-76.03672370743054, 39.23586255449457], [-76.03755265660504, 39.23552113279994], [-76.0382792930586, 39.23555854415325], [-76.03916011185592, 39.23571785389662], [-76.03959773692637, 39.23571499071905], [-76.03962879887226, 39.23540722384524], [-76.03949251815546, 39.23487847446818], [-76.03949162972162, 39.23487677532763], [-76.0394553054448, 39.23479063051955], [-76.03939177838454, 39.23469480702075], [-76.0392721003308, 39.23457711295488], [-76.0391860767609, 39.234507255123596], [-76.03907341724448, 39.234402595926134], [-76.03892783896447, 39.234320739473475], [-76.03874906613811, 39.234284695411986], [-76.03868003689674, 39.23427452066032], [-76.03845622433865, 39.234247729390425], [-76.03827305875052, 39.234230703040396], [-76.03818891086291, 39.23422760949062], [-76.03798429799738, 39.23419776848742], [-76.03780520986234, 39.234184767360844], [-76.03762627354259, 39.234160269432785], [-76.03746237322403, 39.23415496530459], [-76.03742864777334, 39.23415707568386], [-76.03723961169483, 39.23416374011224], [-76.03713859793777, 39.234176723151776], [-76.03697399962826, 39.234204123278566], [-76.03674639707799, 39.23426304614381], [-76.03658144303562, 39.23428527780045], [-76.03592085341671, 39.23414193355461], [-76.03574044745315, 39.233805393635635], [-76.03539534975528, 39.23296191661977], [-76.03516633685001, 39.23254258011383], [-76.03523523224243, 39.23196006552852], [-76.03556588503052, 39.23131318078863], [-76.03605876816903, 39.230672773231], [-76.0363951513103, 39.230168880659996], [-76.03647664826953, 39.229751432699395], [-76.035999028406, 39.22950106349045], [-76.03530919682797, 39.229304419600396], [-76.03460752275953, 39.228865703157126], [-76.03404461594462, 39.22868079734491], [-76.0334870038, 39.22868839961701], [-76.0330129170105, 39.22882298092066], [-76.03226219223261, 39.22910434180598], [-76.03163323678643, 39.229193990962855], [-76.03078546431345, 39.229287781729234], [-76.03021485713992, 39.22917432122408], [-76.02972802145992, 39.229160328268655], [-76.02927702676308, 39.22908607349645], [-76.0289585757915, 39.22920169338248], [-76.0285876560208, 39.22959877914254], [-76.02797044245371, 39.229941423033296], [-76.02772776796958, 39.23023138494785], [-76.02736662186918, 39.230361168234985], [-76.02687970174752, 39.230352667809974], [-76.02636503356504, 39.23029448830187], [-76.02586268128513, 39.23042888769388], [-76.025390997489, 39.230304986502276], [-76.02480019978115, 39.23008688705763], [-76.02417420338553, 39.22990907445867], [-76.02405007417957, 39.22992545193542], [-76.02361248414341, 39.22992620832203], [-76.02348545787066, 39.22993189479029], [-76.0232031667842, 39.22994335470642], [-76.02311847811079, 39.22994349944275], [-76.02282172863984, 39.22983973317069], [-76.02256775245112, 39.22987858795923], [-76.02252543461474, 39.22988412899909], [-76.02233476989062, 39.22985155215975], [-76.02229946071006, 39.229846129411555], [-76.02203841208512, 39.22987399327274], [-76.02193262917221, 39.2299016066175], [-76.02160087954115, 39.22989667514199], [-76.02150913729614, 39.229902314295], [-76.02084559042332, 39.22987050985578], [-76.02078925168195, 39.22990901044065], [-76.02050078467792, 39.23020029041982], [-76.02040928228307, 39.23027726128531], [-76.02024721632436, 39.23036532937911], [-76.01955640288772, 39.23065179990137], [-76.01946480077987, 39.23069583337917], [-76.01903533061558, 39.231042227344595], [-76.01902129803253, 39.23106968505811], [-76.0188876260233, 39.23121256658733], [-76.01839483002138, 39.23162489428192], [-76.01829610786659, 39.231657968512835], [-76.0182189901944, 39.23182819353663], [-76.01809237535007, 39.23196557857092], [-76.01797982363146, 39.23209195605995], [-76.01779674607826, 39.23223492944399], [-76.0176985242851, 39.23242712925057], [-76.01772691913291, 39.23248195660533], [-76.01777011641997, 39.2327617128726], [-76.01776322274848, 39.23281110561795], [-76.01778485597715, 39.232964711023705], [-76.01780651166371, 39.23311829730622], [-76.01782207677263, 39.23359562767152], [-76.01782943487312, 39.233688887913914], [-76.01784400015714, 39.233837024426634], [-76.01778800277559, 39.23399623788247], [-76.01773909759322, 39.234155437756755], [-76.01767629906664, 39.23439695087252], [-76.01765555427178, 39.23453964541409], [-76.01762106974465, 39.23480308533125], [-76.01762115328799, 39.23483050400004], [-76.01759305488422, 39.23487446179679], [-76.01748753158441, 39.234989853665354], [-76.01742458663247, 39.2351765136539], [-76.01736847157161, 39.23529183475046], [-76.01729828799509, 39.23542363552425], [-76.01713662178668, 39.23564336879854], [-76.0170732654063, 39.235703833718574], [-76.01693951793861, 39.235830253180055], [-76.01703894437257, 39.236022127946875], [-76.01712381720061, 39.23608233857832], [-76.01723728250583, 39.23625773020563], [-76.01727998122792, 39.236367403238454], [-76.01711071527218, 39.2364170682801], [-76.01691323682665, 39.23646677572938], [-76.01674400410859, 39.2365274027529], [-76.01666661245024, 39.236604343717346], [-76.0165681696715, 39.23673070032759], [-76.01650490312267, 39.23681860585893], [-76.01637833139746, 39.23697244183929], [-76.01629396971082, 39.23709327958125], [-76.01558252556535, 39.237577298496326], [-76.01540622490265, 39.23763244883937], [-76.01519472555215, 39.237720584236705], [-76.01470084708029, 39.23779819044011], [-76.01459496894596, 39.23779836994875], [-76.01434789990348, 39.23778779911782], [-76.01431968022715, 39.23779333605423], [-76.01438367441136, 39.23794685332273], [-76.0144688293104, 39.23810034938231], [-76.01446888770089, 39.238116803568886], [-76.01440576218755, 39.23825956568769], [-76.01415949713726, 39.238517849256155], [-76.01411026496812, 39.23857280195918], [-76.01394142661047, 39.238765127035784], [-76.01390643184025, 39.2388694248886], [-76.0137239283105, 39.239215379140376], [-76.0136958514663, 39.23926481465402], [-76.01358345515627, 39.23944606839731], [-76.01357743644385, 39.23978626595271], [-76.01357746608826, 39.23980271974387], [-76.01354266445585, 39.239967381286334], [-76.01350078499729, 39.24012657596083], [-76.01342352988287, 39.24025290326779], [-76.01329752140133, 39.24060426217812], [-76.01329754835079, 39.240615227070265], [-76.01323462136513, 39.240818358345244], [-76.01315735636923, 39.240944663534236], [-76.0130664127265, 39.2412191541257], [-76.01301710959045, 39.24125764639651], [-76.01295406223055, 39.241427847435105], [-76.01284855599874, 39.2415487248128], [-76.0127007238457, 39.24168613186207], [-76.01255989316198, 39.24180158488327], [-76.01248966736463, 39.241927908478104], [-76.01220812906638, 39.24220818296726], [-76.01207428098738, 39.24229618112397], [-76.0119263302567, 39.24239517857047], [-76.01180686779864, 39.242576431878526], [-76.01168739905239, 39.24275770071987], [-76.01136369832628, 39.24310388903744], [-76.01127917314625, 39.24316437605199], [-76.01115238402873, 39.24326335001026], [-76.01101864374755, 39.24338974402264], [-76.01090609382558, 39.24352160402454], [-76.0108006001702, 39.24365896198793], [-76.0106951406508, 39.24380178518212], [-76.01056154230342, 39.243983058509635], [-76.01033603731933, 39.24411510175856], [-76.01022365268742, 39.24430182164881], [-76.01013938083229, 39.24446108092703], [-76.0099420353374, 39.24457112794614], [-76.00988561844262, 39.24458220005212], [-76.00970915428651, 39.24458796116422], [-76.00951144587226, 39.24457730578492], [-76.00928559593511, 39.24459411882617], [-76.00907381720856, 39.24459993976767], [-76.0088127137864, 39.24462778176869], [-76.00862217931801, 39.24464454818579], [-76.00832583498725, 39.244699868289594], [-76.00810710779197, 39.24473862162532], [-76.00790953771828, 39.244766372434576], [-76.00771894665601, 39.244777644175805], [-76.00752121308894, 39.2447450178995], [-76.00731593726674, 39.244558784093826], [-76.00727347390324, 39.24452044808062], [-76.00706842625313, 39.244411015288776], [-76.00697627078308, 39.24427948811465], [-76.0067640437972, 39.24412618158934], [-76.00675689859743, 39.244098765162015], [-76.006629425862, 39.24395629460113], [-76.00656547479691, 39.24381373469998], [-76.00650857371018, 39.24366567977927], [-76.00640941677081, 39.2435506034239], [-76.00624668875373, 39.24342467443836], [-76.00614747432216, 39.243287651350926], [-76.00599879865106, 39.24313972750597], [-76.00586437834521, 39.24303570246199], [-76.00571575208146, 39.24290423323653], [-76.00548242905946, 39.2427783907513], [-76.00532687768317, 39.24269084124403], [-76.00519233071486, 39.2425483886951], [-76.00493715437693, 39.24218116235428], [-76.00481678551876, 39.24205514463995], [-76.00459731451843, 39.24183052655244], [-76.00454056434867, 39.24172636459517], [-76.00437779411077, 39.24159492144067], [-76.0041799257964, 39.24151841382508], [-76.0040034975729, 39.24152965965043], [-76.00380596433013, 39.24157934677974], [-76.00362241246644, 39.241574132266166], [-76.00343881838195, 39.241552467158236], [-76.00321280584973, 39.24150891985363], [-76.00304317158474, 39.241432368313056], [-76.00235809209454, 39.24130170800529], [-76.00220274733078, 39.24128549181144], [-76.00164474711396, 39.241171111461945], [-76.00163064625895, 39.24118209992057], [-76.0016594148059, 39.24136312259642], [-76.0016523783023, 39.24137410824198], [-76.0015044140969, 39.24147309307514], [-76.00137758904675, 39.24156107476068], [-76.00099664138254, 39.24164394688297], [-76.00087668395277, 39.24165510154733], [-76.00059710218521, 39.241588599322654], [-76.00046819124698, 39.2415201468957], [-76.00020945129233, 39.24145058331544], [-75.99987590323407, 39.24140520268854], [-75.99973376460332, 39.24142832262128], [-75.99934474916952, 39.241508331959274], [-75.99865399681832, 39.24140492439494], [-75.99834442748994, 39.241303956620875], [-75.99798453992925, 39.24129064442603], [-75.99761945381799, 39.24109032738392], [-75.99716825789855, 39.24103246916519], [-75.99685087682046, 39.241008434206606], [-75.99663411783398, 39.24079807961376], [-75.99631761710488, 39.24068056972149], [-75.99607188655216, 39.24054698798217], [-75.99563536461288, 39.24043420872613], [-75.99542522980332, 39.240267875012016], [-75.99533493025262, 39.240118824646665], [-75.99506202027268, 39.239875112482906], [-75.99499898279427, 39.2398252084641], [-75.9948078850822, 39.239878975978], [-75.99460933404819, 39.23997117937599], [-75.99434221460857, 39.239859478301476], [-75.99408197536572, 39.23976431364352], [-75.99353795742627, 39.23981580053642], [-75.9932342594866, 39.239835849954495], [-75.99269834614765, 39.23978289852238], [-75.99221865117583, 39.239752307080025], [-75.99150377816093, 39.23995116200105], [-75.99113555782766, 39.24006976822131], [-75.99066117728906, 39.240215178549015], [-75.99046936721297, 39.2403404272923], [-75.99050993962277, 39.24052216388499], [-75.99064947134259, 39.24068803989424], [-75.99038066127359, 39.24074680146821], [-75.99017786300494, 39.24055300754611], [-75.9900300901407, 39.24050806048209], [-75.98973240732016, 39.240632622701185], [-75.98932210091584, 39.24072343919311], [-75.98874289147514, 39.24076370100368], [-75.9882499176068, 39.24065050325963], [-75.98786343452379, 39.240472018207775], [-75.98762402631404, 39.24041548417533], [-75.98753169657084, 39.24046986836108], [-75.98758023883384, 39.24055817204217], [-75.98767847320342, 39.24061930898749], [-75.98791006517186, 39.240752782749304], [-75.98797918334647, 39.24090172044947], [-75.98798362731216, 39.241165704199055], [-75.98793877083678, 39.241418384063635], [-75.98799065213768, 39.24188065038662], [-75.98814900805428, 39.24228313349306], [-75.98809671891824, 39.24257425148455], [-75.98791067422964, 39.242825996097906], [-75.98778167615482, 39.243023135709734], [-75.98779756825053, 39.24355666168999], [-75.98764961751985, 39.24423759758741], [-75.9870593534113, 39.24538860156409], [-75.98669905352386, 39.24612865867494], [-75.98634174322973, 39.24656626887601], [-75.98549030563039, 39.247000658137935], [-75.98508051126576, 39.24703648835431], [-75.98429763039397, 39.246965410186526], [-75.98357868082431, 39.24685623861099], [-75.98292463543224, 39.24661000852762], [-75.98241634259337, 39.24661218392639], [-75.98189344045299, 39.24666373953528], [-75.98147521000955, 39.2468369787094], [-75.9812119461391, 39.24704422777322], [-75.98063913449987, 39.24714497579869], [-75.98063908599084, 39.24715046399484], [-75.9806390311936, 39.2471559737566], [-75.98059811383075, 39.247012717028035], [-75.98093125585049, 39.246877426235805], [-75.98120907242851, 39.2466262638401], [-75.98111202473343, 39.24644966190502], [-75.9806396240817, 39.2463915729655], [-75.9802250416966, 39.24620190057981], [-75.97958650122635, 39.245818266730865], [-75.97901029215872, 39.24555601119938], [-75.9787853683846, 39.24546104071551], [-75.97882659386963, 39.24557131783136], [-75.97896585250162, 39.24576469508438], [-75.97917623075465, 39.24590355690968], [-75.97940141953173, 39.2459710345732], [-75.97940800328446, 39.24602056133089], [-75.97914699418538, 39.246002360037615], [-75.9789072239546, 39.245978772718345], [-75.97865421255649, 39.24586713756104], [-75.97843831685101, 39.245574255045796], [-75.97822121919968, 39.24540236379112], [-75.9777558918825, 39.24534430320342], [-75.97722578166028, 39.24541230734984], [-75.97660111387297, 39.245754647221986], [-75.97619638780317, 39.24598845183367], [-75.97607411721152, 39.24621311713114], [-75.97619089819847, 39.246532835743615], [-75.97619017864791, 39.24660430601899], [-75.97607041345762, 39.246581539112015], [-75.9757970120992, 39.246392758411965], [-75.97553003639004, 39.246264518591154], [-75.97516164717346, 39.24639407256004], [-75.97491971918937, 39.24658494308715], [-75.9746074046095, 39.246753346082066], [-75.97417655463293, 39.24677801283729], [-75.97380048392237, 39.24696799115501], [-75.97373444247764, 39.24721502557477], [-75.97368465784457, 39.24725319524004], [-75.97350250825106, 39.24711450791914], [-75.97315040728725, 39.24702967836061], [-75.9725216243176, 39.247080528941076], [-75.97182828661501, 39.24722990539519], [-75.97090402708716, 39.247179791644605], [-75.96971965497892, 39.2470234457792], [-75.9687129417861, 39.24675279579844], [-75.96808669206555, 39.246556154342905], [-75.96781207259163, 39.24648834261856], [-75.9673032138141, 39.246545430390015], [-75.9669067459567, 39.24665827564991], [-75.96648333582733, 39.24664445523196], [-75.96632691488186, 39.24675339964953], [-75.9662956391369, 39.247050141732196], [-75.96627961768382, 39.24723700616207], [-75.96621552019334, 39.24729158263095], [-75.96611098504037, 39.24715889907817], [-75.96585111859835, 39.24703068639829], [-75.96563927070154, 39.24703477350766], [-75.96553910315745, 39.247166075681015], [-75.96550157154489, 39.24738579652475], [-75.9655134212218, 39.24760585895103], [-75.9654051877048, 39.24783608164671], [-75.96534855970592, 39.247852205889075], [-75.96515151065508, 39.247790400447265], [-75.96503158107308, 39.24778411367115], [-75.9648478836823, 39.24779936972856], [-75.96482642562512, 39.247826722099], [-75.96483239942174, 39.247931238136594], [-75.96484544745127, 39.248035820802585], [-75.9648177326281, 39.24813059370883], [-75.96474646388673, 39.24805164516608], [-75.96469261617365, 39.247792832511834], [-75.96468025355871, 39.24762227821141], [-75.9647729866455, 39.24752941424135], [-75.9649986272752, 39.24755290573191], [-75.96518246120988, 39.2475266419834], [-75.96526098923707, 39.247439183275084], [-75.96519199413167, 39.24728474205229], [-75.96527922773228, 39.24703785884022], [-75.96548511979877, 39.246923756402985], [-75.96576847628717, 39.24682665481557], [-75.96578446270595, 39.246645284484984], [-75.96570171619018, 39.24645226376298], [-75.96558182523574, 39.24644046774513], [-75.96541988234623, 39.2464008979205], [-75.96520302364674, 39.24620697630777], [-75.96502208677883, 39.24595279778691], [-75.96473616919359, 39.24560993363422], [-75.9645685696127, 39.24543283519723], [-75.96417255181126, 39.24481428184432], [-75.96412431317883, 39.24469846714714], [-75.9637533278311, 39.24439352945754], [-75.96344628276869, 39.244045019666615], [-75.9632868982811, 39.24375799716659], [-75.96304938910986, 39.243514445137315], [-75.96289603591106, 39.24332644999271], [-75.96281319058062, 39.2431444082884], [-75.96251169800497, 39.24294442004923], [-75.96245552994351, 39.24291654328977], [-75.96206397676904, 39.24255096982611], [-75.96172845780707, 39.242229763689814], [-75.96138503097562, 39.241991000617354], [-75.96099772054424, 39.241900411182705], [-75.96075025534472, 39.2419427400234], [-75.96047536188463, 39.24190238914047], [-75.96025729045952, 39.2418294252122], [-75.96019343012429, 39.241861990924754], [-75.96016401658693, 39.241977281551826], [-75.96009148391596, 39.24216378519624], [-75.96007477076009, 39.242416623569305], [-75.96015038195756, 39.24261512098963], [-75.96006447516862, 39.24273000686079], [-75.96002924054822, 39.24272426368483], [-75.95991802552281, 39.24255854624522], [-75.95985686821825, 39.24232716523722], [-75.95971848903694, 39.242056783078326], [-75.95969787539612, 39.24200163899631], [-75.95965119623901, 39.24173737870883], [-75.95952359324784, 39.24179150931974], [-75.95941810318573, 39.24175229447783], [-75.95929030885341, 39.241822936140125], [-75.9591212557984, 39.241788789710455], [-75.95896619849552, 39.24176575547135], [-75.9587894630482, 39.2417920665996], [-75.9586063971731, 39.241746834384195], [-75.95837286484362, 39.241805757872136], [-75.95827920200053, 39.241986595962025], [-75.95829845379536, 39.24217369303627], [-75.9582406157658, 39.24230528886145], [-75.95815461645039, 39.24243119828923], [-75.95808473740276, 39.2423647350651], [-75.95804345891713, 39.24225996235837], [-75.95809423349363, 39.24212833027032], [-75.95809417150987, 39.24213381885906], [-75.95815951137037, 39.241958299993364], [-75.95806945166989, 39.24179270667135], [-75.95802893854888, 39.24161646408667], [-75.9579314093568, 39.24148933079335], [-75.95762241495021, 39.241338751711254], [-75.95728536166571, 39.2411659977998], [-75.95692006534868, 39.240998567250514], [-75.95656902619353, 39.24081472101739], [-75.95616004929582, 39.240773467806186], [-75.9558415552051, 39.24085380280141], [-75.95570678455628, 39.240918865543385], [-75.95549757501144, 39.2413519052695], [-75.95543165933084, 39.24158242400351], [-75.95535077322604, 39.2418953393175], [-75.95529150687517, 39.24216439534832], [-75.95539532517255, 39.24236306254347], [-75.95550642611195, 39.24253978817105], [-75.95566189663985, 39.24252435216877], [-75.95590340331411, 39.2423774974339], [-75.95622348472791, 39.2421431840365], [-75.9566277400805, 39.241958951890965], [-75.95703740598604, 39.24193422291255], [-75.95721979003987, 39.242045435065556], [-75.95717506022692, 39.24227610179716], [-75.95688098324395, 39.24272506654677], [-75.95658722875613, 39.243146514918685], [-75.95640925363374, 39.243288302540506], [-75.95628769630443, 39.2434414599273], [-75.95645559592262, 39.243585556718], [-75.95679467939965, 39.24356036496841], [-75.9567849668148, 39.24381875633538], [-75.95657775242822, 39.24405931993934], [-75.95619470270621, 39.24423821606995], [-75.95564158842623, 39.244481936729166], [-75.95534239823263, 39.2447438706887], [-75.95504398059019, 39.24492882600377], [-75.95485863029931, 39.24510353947161], [-75.95491947858339, 39.24536241561859], [-75.95513670199887, 39.24551787956932], [-75.95548687966968, 39.24578419807646], [-75.95559828693459, 39.24593344441487], [-75.95559522008621, 39.24623037919345], [-75.95540303092106, 39.24638304317683], [-75.95504279840728, 39.24640261695672], [-75.95474645497482, 39.24638962296171], [-75.95446360333965, 39.24643719455158], [-75.9543690745206, 39.24670050352831], [-75.95441598095148, 39.24694280340297], [-75.95446344343952, 39.24713008482944], [-75.9543770731199, 39.24728898010842], [-75.95429908318357, 39.247321457718165], [-75.95430663621846, 39.247281449419184], [-75.95431441293388, 39.24720606526254], [-75.95428094350304, 39.24702986619369], [-75.95420581290423, 39.24678738435152], [-75.95413095539331, 39.24651741522941], [-75.9543660759442, 39.24631005469057], [-75.95462031444096, 39.24630076937756], [-75.95488843550213, 39.2463135720756], [-75.95497302266591, 39.246325151061015], [-75.955277579395, 39.246228221870716], [-75.95540541684645, 39.2461521075021], [-75.95537913303956, 39.2459649528622], [-75.9552043110038, 39.24580429309557], [-75.9549659744842, 39.24564319954481], [-75.95472849675399, 39.245399622755365], [-75.95466105393741, 39.24509671120211], [-75.95477668418246, 39.24483902441708], [-75.95522461562418, 39.244528605894715], [-75.955898895568, 39.24417571869391], [-75.95635220612161, 39.244024807960166], [-75.95662114105643, 39.243960631649045], [-75.95670448405355, 39.243823370284396], [-75.9567083486059, 39.24371926416038], [-75.95658071237708, 39.24377338976334], [-75.95633269291702, 39.2438651873138], [-75.95608633803519, 39.24379754343671], [-75.95605975958087, 39.24363788122615], [-75.95605311025113, 39.24359933808305], [-75.95592684485143, 39.243521492014764], [-75.95594266867516, 39.24335663636194], [-75.95604400043584, 39.24311533358368], [-75.95622301580735, 39.24286908828004], [-75.95639389962889, 39.24272725319756], [-75.95652990725785, 39.242546709220605], [-75.95660206263642, 39.242393216628216], [-75.9564039436921, 39.24244136977079], [-75.95624969397466, 39.242552214473925], [-75.95609836827347, 39.24263728668901], [-75.95575676592037, 39.242904432907935], [-75.95543031904444, 39.24307270490063], [-75.95516101041046, 39.24317536071978], [-75.95494386694504, 39.24301442810332], [-75.95476751058679, 39.24300223425218], [-75.95451905274888, 39.243138026478356], [-75.95420717025863, 39.243262390618526], [-75.95380356259137, 39.24338063712164], [-75.95328709777833, 39.24349261435317], [-75.95302626834233, 39.24345786694401], [-75.95283686036132, 39.24334657702316], [-75.95264583092118, 39.24338929876545], [-75.9524040682271, 39.24355811085945], [-75.95190095597245, 39.24374167509679], [-75.95148181284065, 39.24399729826833], [-75.95090106189095, 39.244180327053755], [-75.95035692537388, 39.24423710294048], [-75.94987711811265, 39.24421732749719], [-75.94895349549033, 39.244112064996926], [-75.94822714739601, 39.24404111326712], [-75.947665257474, 39.243773316018014], [-75.94730808192713, 39.24350141582155], [-75.94714180736132, 39.2432033111223], [-75.94715128728251, 39.24297241646119], [-75.94697631702473, 39.24282824257744], [-75.94671391284201, 39.24294741303118], [-75.9465622215265, 39.243276330670184], [-75.94656139327984, 39.24335332963016], [-75.94656134027923, 39.24335882160158], [-75.94638209493901, 39.24362156886838], [-75.94611162208842, 39.24383418300864], [-75.94593523518743, 39.24382747079911], [-75.9458630869954, 39.24397544676328], [-75.94575540594231, 39.24414518760662], [-75.94552694280597, 39.244391097275084], [-75.94528505255111, 39.24457092201815], [-75.94499489042613, 39.244640416412246], [-75.94467725602313, 39.24463824582225], [-75.94437322750343, 39.24468564328324], [-75.94419577609885, 39.24477791619471], [-75.9441517640398, 39.24493710134347], [-75.94426334198461, 39.24506434039529], [-75.94457246125704, 39.24520395008934], [-75.94478312876758, 39.24530986490455], [-75.94511222208033, 39.245565100425644], [-75.94544704484798, 39.24594683921128], [-75.94571703081168, 39.24645461308763], [-75.94560136373569, 39.24671229115426], [-75.94536118926301, 39.246727137688595], [-75.94509915518621, 39.24680782970617], [-75.94473839446306, 39.246876845343245], [-75.94456035106869, 39.24702410667355], [-75.94457945643815, 39.24722220565025], [-75.9447961372712, 39.247427171068495], [-75.94513257610805, 39.24765493654154], [-75.94550364140584, 39.24794892761257], [-75.94568440220392, 39.24821413912686], [-75.94575741816854, 39.24865458226906], [-75.94556932262614, 39.249087738412655], [-75.94533261385382, 39.249443563690804], [-75.94496346466255, 39.24963900400673], [-75.94473532042815, 39.24985189973107], [-75.94454056028466, 39.25024652638028], [-75.94429909223798, 39.25038235327628], [-75.94407400047892, 39.250303807264736], [-75.94387833663025, 39.25011549292902], [-75.94374653850672, 39.24989461542399], [-75.94353643513817, 39.24973370309434], [-75.94344490399725, 39.24971107563794], [-75.94330245095611, 39.249831072656114], [-75.94309554199673, 39.25003863078329], [-75.9429021958015, 39.25029577116477], [-75.94295663370771, 39.25048861365831], [-75.94321556320689, 39.250704858405385], [-75.94333998436532, 39.25095870179655], [-75.94323893377734, 39.25116698770085], [-75.94305434974937, 39.25126470587318], [-75.94289768625876, 39.251395600137], [-75.94283239131403, 39.251560153771635], [-75.94293481632441, 39.25189080557236], [-75.9432405363718, 39.25235486297762], [-75.94322412864312, 39.25257471364543], [-75.94301729783717, 39.25277128257561], [-75.94266386826504, 39.25281284384652], [-75.94255747359944, 39.25286161241567], [-75.94236523682356, 39.25301427796308], [-75.94211344443931, 39.25315895401264], [-75.94202764185495, 39.25321465555466], [-75.94207559572146, 39.25311942554212], [-75.94219673084258, 39.252925111395875], [-75.94236766856304, 39.252783320300395], [-75.94273516575251, 39.25274734067913], [-75.9429763930507, 39.252633518128555], [-75.94308390072896, 39.25248027368849], [-75.94305670962363, 39.2523810929192], [-75.94282734278214, 39.25203855931368], [-75.94260394883895, 39.2518005405666], [-75.9425211439327, 39.25161850416177], [-75.94254448485873, 39.25141517530043], [-75.94259627183655, 39.25119005572131], [-75.94281574822676, 39.251131078205205], [-75.94302816026557, 39.25107203177135], [-75.94316327856241, 39.25097948679823], [-75.94310158047206, 39.25080307112662], [-75.94291978301814, 39.25063684408665], [-75.94275898817553, 39.25048727941331], [-75.9427747320492, 39.25033338402818], [-75.94286264028459, 39.250031522647966], [-75.94294277719445, 39.24979561325809], [-75.94304341186249, 39.24962582626343], [-75.94298953270837, 39.249377993375816], [-75.94307545476866, 39.24926309126318], [-75.94315269910331, 39.249302111296274], [-75.94315856779706, 39.249417651260195], [-75.94320722773938, 39.249489465726974], [-75.94326333381707, 39.24952286266727], [-75.94332028161621, 39.24947925352824], [-75.94341943855557, 39.24944693483131], [-75.94362417179534, 39.24944833309628], [-75.94372905369802, 39.24954253713625], [-75.94386752091422, 39.249801956897215], [-75.94401997400111, 39.25007246711159], [-75.94418823025046, 39.25018359331798], [-75.94430840686915, 39.250167939869115], [-75.94439335335905, 39.25014651324007], [-75.94448592385076, 39.250070173560005], [-75.94454484704521, 39.249839605503674], [-75.94462423565842, 39.24967515983154], [-75.94487379213594, 39.24944041168122], [-75.94508825502855, 39.24918341425129], [-75.94533805584783, 39.248926679534456], [-75.94541847213374, 39.24866324534855], [-75.9454570673516, 39.24835005761309], [-75.94531194990734, 39.2480521182204], [-75.94501796095926, 39.247813626799946], [-75.94470916148708, 39.24764103214368], [-75.94446425828275, 39.24743587673577], [-75.94429795766577, 39.247137783193104], [-75.94429317773015, 39.24692327777569], [-75.94451361891097, 39.24677082436818], [-75.94495954621127, 39.24665839669853], [-75.94522805444633, 39.24663274342395], [-75.9453695813244, 39.2466006975141], [-75.94546943355981, 39.246502402382326], [-75.94549924055926, 39.24635412703934], [-75.94541679318246, 39.24613910441669], [-75.94496958847785, 39.24570159868682], [-75.94449961507401, 39.245417918819456], [-75.94421890502247, 39.2452620080105], [-75.94396611101666, 39.245133786993094], [-75.94371423508909, 39.24492309483478], [-75.94382270576133, 39.244676373060614], [-75.94412090870644, 39.244513434697275], [-75.94451769816068, 39.24437318149349], [-75.94476559095827, 39.24429238997183], [-75.94495084782439, 39.244128694482995], [-75.94498726911927, 39.24394070515891], [-75.94498736793395, 39.24393406253052], [-75.9448357215342, 39.2438177392073], [-75.94438275503533, 39.24363786731194], [-75.94402990128332, 39.24367184308787], [-75.94360065749446, 39.24392565210487], [-75.94352925939569, 39.24379409549652], [-75.94316809083739, 39.24361395499567], [-75.942764870344, 39.243488857501276], [-75.94236146839096, 39.2433307870795], [-75.94187414312911, 39.243315735286025], [-75.94169016276902, 39.24325039926377], [-75.94167433625036, 39.2429539381766], [-75.94147588852262, 39.2428282418817], [-75.94103668870548, 39.24258793216862], [-75.9406053913679, 39.24249033478933], [-75.94023176587156, 39.24259574999932], [-75.93979395664648, 39.242591513746746], [-75.93936263415608, 39.24248844311779], [-75.93893912880526, 39.242517100648605], [-75.93852911255676, 39.24243592086235], [-75.93809912316624, 39.24256343717467], [-75.93761192636347, 39.24256484253412], [-75.93727198409704, 39.242390103958094], [-75.93683393951333, 39.24234743309084], [-75.9364388083491, 39.242397985121734], [-75.93601612944835, 39.2425693862976], [-75.9357918542579, 39.24286102697798], [-75.93568074613198, 39.243185281635554], [-75.9355623400927, 39.243471117504775], [-75.93546287143792, 39.2435678995357], [-75.93488681328724, 39.243648663367665], [-75.93515441242722, 39.24349629537213], [-75.93539133499858, 39.24320257018458], [-75.93551587114135, 39.24275748991655], [-75.93555708764323, 39.242554218850756], [-75.93515345212818, 39.24235223150362], [-75.9347155063592, 39.24232600755105], [-75.93429168569972, 39.242299768978526], [-75.93387508929177, 39.24230093640529], [-75.93365035506218, 39.24251571268125], [-75.93338390486745, 39.24284040445569], [-75.93303247225019, 39.24312690196564], [-75.93260425613404, 39.24356734018283], [-75.93238655750977, 39.24377659351019], [-75.93216186280608, 39.24399684605796], [-75.93198615323482, 39.24414011312085], [-75.93168410011043, 39.24442096316222], [-75.93125521295275, 39.24474610249711], [-75.93091703138427, 39.24487882470375], [-75.9305501926599, 39.24494025912103], [-75.930155110903, 39.24500175401026], [-75.92968252879159, 39.24509641900923], [-75.92923096815615, 39.24515808142446], [-75.92880076227163, 39.24525260359476], [-75.92839205666513, 39.24540748827558], [-75.92794088859347, 39.245540501421715], [-75.92753140324929, 39.24555263221926], [-75.92713565943403, 39.24549882244269], [-75.92669112272579, 39.24556043719706], [-75.92626755988282, 39.24557809179065], [-75.92582970843691, 39.24557380562836], [-75.92572698788081, 39.245549459164025], [-75.92558486092813, 39.245480196640905], [-75.92556899218864, 39.245461860242756], [-75.92530643798727, 39.24542949656138], [-75.92484936618757, 39.24542238169763], [-75.92484338520441, 39.245434905582705], [-75.92455029636822, 39.2454562891269], [-75.92435189714953, 39.24551708717476], [-75.92415220525514, 39.245586869343796], [-75.92400890150944, 39.245605282235374], [-75.92376097008427, 39.24561793409515], [-75.92337267240441, 39.245629998788516], [-75.92292041108304, 39.24557082667235], [-75.92235434579159, 39.24536373187304], [-75.92214246375879, 39.24535881748525], [-75.92187421334022, 39.24537052881028], [-75.92165504956371, 39.24532171607247], [-75.92121645251613, 39.24518016701084], [-75.92094744841106, 39.245060101509026], [-75.9207847455468, 39.2450056464423], [-75.92040984713768, 39.2448913535558], [-75.9199643079096, 39.24476627921066], [-75.9196036091702, 39.24466293210531], [-75.91912349738007, 39.24467521054332], [-75.91868685506654, 39.244885051910146], [-75.91857447851945, 39.24499515809409], [-75.91834322072428, 39.245314224130965], [-75.91825929561888, 39.24546269507525], [-75.9178652855521, 39.24572180573592], [-75.91763896938932, 39.245656524131775], [-75.91741960978008, 39.24557476429283], [-75.91687618472874, 39.24563113485371], [-75.91656618241238, 39.24575823837816], [-75.91615764748579, 39.245946020385354], [-75.91574233297375, 39.246183213048624], [-75.9155380479933, 39.246277091023835], [-75.91530553255674, 39.24637107113907], [-75.91488308003144, 39.246597297018134], [-75.9144471707432, 39.24694436172408], [-75.91401797187011, 39.24723101430309], [-75.91382746704612, 39.24725897561163], [-75.91362117163608, 39.2469849977175], [-75.9131970805837, 39.24690925218453], [-75.91277260056083, 39.24676212905358], [-75.91239093963425, 39.24670274988375], [-75.91196716748382, 39.24668739758372], [-75.91152937802168, 39.24668856841587], [-75.91109156969492, 39.24668971489911], [-75.9106822397593, 39.24673471574369], [-75.91030793154333, 39.24672472506611], [-75.9098132787237, 39.24666012129394], [-75.9094388968459, 39.246639139525335], [-75.90897317696495, 39.24670075745205], [-75.90857784727302, 39.24672375180806], [-75.90823872516843, 39.24669170733117], [-75.90772256129102, 39.24656676976761], [-75.90731959681749, 39.246479983979775], [-75.90695923494633, 39.24643150176843], [-75.90650001886803, 39.24639425065528], [-75.90604105611465, 39.246400940357255], [-75.90561750584807, 39.24642400785839], [-75.90524382555449, 39.24653477948227], [-75.9047717968053, 39.24673914931944], [-75.90434879900263, 39.24687201384738], [-75.90385595449169, 39.24714780233457], [-75.9034897966903, 39.24734091575411], [-75.90335616600358, 39.247445561911086], [-75.90308865310186, 39.24759998608357], [-75.90265902842734, 39.247815221972225], [-75.90227852453087, 39.24797542981739], [-75.90201792596189, 39.24810237256812], [-75.90179950060056, 39.24819076264281], [-75.90142568555969, 39.248279576962176], [-75.90095300822686, 39.24836314724667], [-75.90053662202469, 39.24841361981019], [-75.90011929887966, 39.24828291198402], [-75.8997020026841, 39.248157680205296], [-75.89927188663113, 39.24827957348384], [-75.89888402912572, 39.24837937084789], [-75.89843808565576, 39.24817736131828], [-75.89826818279448, 39.24809542910976], [-75.89803439983505, 39.24795327623995], [-75.89763866679958, 39.24789936952011], [-75.89722903592835, 39.247889420748706], [-75.89680550452638, 39.24792342020495], [-75.89636093368216, 39.247979451478756], [-75.8959234649186, 39.24804642626402], [-75.89549280448655, 39.248069473049604], [-75.89506215842754, 39.24808700248712], [-75.8949365604761, 39.248378320393996], [-75.89500866105743, 39.24866914108385], [-75.89503870072052, 39.249014962830095], [-75.89504044435049, 39.24934988404188], [-75.89502397194312, 39.249492351298954], [-75.89502370873674, 39.249505691850295], [-75.8950230358986, 39.249522365275006], [-75.895021971395, 39.24953903313054], [-75.895020543972, 39.249555657155994], [-75.89501875003639, 39.249572277699244], [-75.89501659857127, 39.24958887319504], [-75.89501405274576, 39.24960542555643], [-75.89501114939075, 39.24962195356609], [-75.89500785706524, 39.24963843705007], [-75.89500420002372, 39.249654862095454], [-75.89500017916453, 39.249671254441296], [-75.89499579358929, 39.24968757304421], [-75.89499104958628, 39.249703841556446], [-75.89498593637569, 39.249720027282365], [-75.8949804422794, 39.24973614900458], [-75.89497460951826, 39.249752201853646], [-75.89496841473607, 39.24976815313403], [-75.89496185433956, 39.24978404597604], [-75.89495493731187, 39.24979982820604], [-75.89494768072099, 39.249815508171835], [-75.89494006300738, 39.24983110465605], [-75.89493209135755, 39.249846600267524], [-75.89492377026306, 39.24986196231076], [-75.89491512308014, 39.24987721026402], [-75.89490613543573, 39.24989234899692], [-75.89489678127867, 39.24990736668353], [-75.89488712888094, 39.24992225497615], [-75.89487710637734, 39.249937015266084], [-75.89486677305662, 39.249951617640555], [-75.89485611274915, 39.2499660774039], [-75.8947450028266, 39.250264232663376], [-75.89470014635118, 39.25042826304567], [-75.89464788326627, 39.25061416961798], [-75.89460937967657, 39.25082215602888], [-75.8945571255748, 39.251008064339445], [-75.89452678856934, 39.251144834435955], [-75.8944960284574, 39.25130903388488], [-75.89451488319689, 39.25145724936192], [-75.89451927416201, 39.25162727608947], [-75.89446686555, 39.251824144014236], [-75.89435146617198, 39.251987485553116], [-75.89424295148228, 39.252161880925854], [-75.89419060305742, 39.252353258169826], [-75.89412492363374, 39.25249518299915], [-75.89403078827681, 39.252653260591444], [-75.89399330966484, 39.252795451931995], [-75.89393398222853, 39.25298129379651], [-75.8938609833319, 39.253139562979], [-75.89378145997138, 39.25326490272475], [-75.8936516992269, 39.25344454889749], [-75.89355041956851, 39.253608043870294], [-75.89342865113511, 39.25372747633931], [-75.89329974199353, 39.25385231002089], [-75.89321996171483, 39.25399408156449], [-75.89316114811486, 39.25414701941122], [-75.89327202537376, 39.25427423549327], [-75.89344009567183, 39.25435264280553], [-75.89359413338687, 39.25442544554211], [-75.8934111887843, 39.25439622456764], [-75.89319341470156, 39.254339251005845], [-75.89299697650512, 39.254271523324036], [-75.8928007098869, 39.25419280150663], [-75.89262542611709, 39.25412529001737], [-75.89243499854821, 39.25412341604987], [-75.89220210312428, 39.2541320777582], [-75.89196225384173, 39.25413518225555], [-75.89177173733964, 39.25413877646057], [-75.89154615510044, 39.25413107538744], [-75.8912778238335, 39.25415034650232], [-75.89105204665988, 39.25415360751057], [-75.8908612193407, 39.25417912517305], [-75.89064914057684, 39.254209925961426], [-75.89045150043455, 39.25421893894059], [-75.89020484282048, 39.25420552763835], [-75.89000108245615, 39.254154176517524], [-75.88981883584458, 39.25408107717017], [-75.88965800327274, 39.25399174988263], [-75.8895115230842, 39.25388612085827], [-75.88930168202373, 39.253774396728744], [-75.88914779971722, 39.25369062768734], [-75.8889799261502, 39.2536012275586], [-75.88879819337495, 39.25349526196433], [-75.88859521095168, 39.25339453071349], [-75.88842714604348, 39.25331611328682], [-75.88826640240485, 39.25322131330327], [-75.88811272491427, 39.253126574405904], [-75.88795876265772, 39.253048290933926], [-75.88778452003532, 39.252914962998915], [-75.88768088679086, 39.252776867022824], [-75.8875701101433, 39.252644171588194], [-75.88749501547713, 39.252484417521366], [-75.88744778295779, 39.25234688067584], [-75.88737932504495, 39.25221461015114], [-75.88737483526515, 39.25205007474735], [-75.88732831690648, 39.25186866505749], [-75.88735219861832, 39.25169345228362], [-75.88736149797813, 39.2515509783682], [-75.88733576573682, 39.25139171014648], [-75.88734538040532, 39.25122730846097], [-75.88734089332046, 39.25106279926174], [-75.88734321456717, 39.25091475825212], [-75.88729644018862, 39.250749803109194], [-75.88716553139723, 39.250551122800104], [-75.88701872601855, 39.25046741182027], [-75.88705630164856, 39.25031975424575], [-75.88700220150889, 39.250171182280084], [-75.88696775021943, 39.250101356672666], [-75.88694872569835, 39.25007394118978], [-75.88692345788603, 39.25003620575305], [-75.88689904976144, 39.24999811968907], [-75.88687547527344, 39.249959713605804], [-75.88685278832094, 39.24992097428536], [-75.88683096734438, 39.24988196085746], [-75.88681005097129, 39.249842656626036], [-75.88676175933824, 39.249764442531244], [-75.88661283483383, 39.24965497200849], [-75.88637940131903, 39.249606074600365], [-75.8861394047128, 39.24965601618239], [-75.88587116507401, 39.24971696780687], [-75.88559599762775, 39.24980541288991], [-75.8853984419271, 39.24986623151537], [-75.88513036218843, 39.249954664584116], [-75.88469031346335, 39.25008178462069], [-75.88441721753215, 39.250170448372465], [-75.88402192556946, 39.250367367691034], [-75.8835867618829, 39.250475614855155], [-75.88325491523379, 39.25057682055384], [-75.88308123226182, 39.25069277858528], [-75.88299436966541, 39.250728965170666], [-75.8828377403108, 39.250820627706474], [-75.88262411105475, 39.25095008004331], [-75.88246082159063, 39.25101973646103], [-75.88225526369742, 39.25108348406071], [-75.88205014328376, 39.25111980609382], [-75.88187308983284, 39.25116740717006], [-75.88169608219599, 39.25120949459733], [-75.88149818962711, 39.25123494863705], [-75.88129969608529, 39.25129875517009], [-75.88108041013793, 39.25134044391941], [-75.88089557637832, 39.25143179679419], [-75.8807252180712, 39.25150138525697], [-75.88051219787295, 39.25159247636413], [-75.8803486083715, 39.251678560193284], [-75.88019214790013, 39.25175924790503], [-75.8799930758433, 39.251861452763116], [-75.87978742632194, 39.251930656116315], [-75.87954697786309, 39.25197211701925], [-75.87936188898196, 39.25207994224245], [-75.8791210928751, 39.25214332506509], [-75.87894427298615, 39.25217447108327], [-75.87868995543764, 39.25219933766354], [-75.87849970393857, 39.252186458129714], [-75.87828177893884, 39.25214041873338], [-75.87812862965762, 39.25201278696768], [-75.87796807736015, 39.251906983837195], [-75.8778502552258, 39.25177421788895], [-75.87776824173531, 39.25160889886489], [-75.87765773907391, 39.251459764775504], [-75.87754672347445, 39.25134351723675], [-75.87737902148564, 39.25124314045194], [-75.87721795086026, 39.25117024815219], [-75.8770570527114, 39.25108639461001], [-75.8768614984572, 39.250963805005796], [-75.87669354404179, 39.25087987747892], [-75.87654014143565, 39.25076867098593], [-75.87638610821222, 39.25069586653948], [-75.87622530348816, 39.2506065189396], [-75.87605047965575, 39.250511560859906], [-75.87590377488839, 39.250422348675905], [-75.87569977467389, 39.25038740504976], [-75.8755089455581, 39.250412917126376], [-75.87535841666256, 39.25056492366583], [-75.87524325893133, 39.25071182038772], [-75.87507538985588, 39.250622399070096], [-75.87488343065944, 39.25071917401564], [-75.87490693687549, 39.25057137923386], [-75.8749937294033, 39.25043515827362], [-75.87516513245109, 39.250299808692944], [-75.87532880729249, 39.25020823730172], [-75.87551259451476, 39.250182679237945], [-75.87568932187725, 39.25015701473083], [-75.8758659647981, 39.250136861133164], [-75.87608423205594, 39.25016097574581], [-75.87631703764833, 39.25015783420319], [-75.87650013137122, 39.25017611859139], [-75.87667599365608, 39.25020528219454], [-75.87686594871111, 39.25023459743647], [-75.87706219107484, 39.2503133445671], [-75.8772445966882, 39.25037547960814], [-75.87741211452239, 39.25048681820137], [-75.87755865849132, 39.25058696859359], [-75.87770536415701, 39.25067616039451], [-75.87791657604662, 39.250700206648844], [-75.8780916585938, 39.250778729955805], [-75.87833126353458, 39.25079207861017], [-75.87822773988461, 39.2506484828792], [-75.87811671440369, 39.25053223469119], [-75.87796998178855, 39.25044304201156], [-75.8778165827757, 39.25033184386915], [-75.87765568552516, 39.250247987933164], [-75.87748095242262, 39.25014754349367], [-75.8771256651345, 39.24996479393136], [-75.87686508722676, 39.24990009436157], [-75.87646594957634, 39.24989627524438], [-75.87571987537669, 39.24988239285606], [-75.87539027182085, 39.24987248819188], [-75.87479127069783, 39.24988700362354], [-75.87442641275865, 39.24991049780264], [-75.87434072605696, 39.24995605518686], [-75.87434682022784, 39.249953084069105], [-75.87417811392254, 39.250077393690766], [-75.87405767858904, 39.25024222519907], [-75.87395144921341, 39.25037957347899], [-75.87383811416392, 39.250538901042255], [-75.87373894105487, 39.25067625500183], [-75.87372455633223, 39.25083021085083], [-75.87371721440141, 39.25100616455003], [-75.87372396883403, 39.25120411871633], [-75.87368837039595, 39.2513690359219], [-75.8736598731402, 39.25151746970112], [-75.87361018193194, 39.25166038610678], [-75.87356048353715, 39.25179780673715], [-75.8735531685558, 39.25195726394332], [-75.87360944711003, 39.25212227746112], [-75.8736728519994, 39.25228180488326], [-75.873757316094, 39.25250184498984], [-75.87382781228423, 39.25262838791149], [-75.87391945481626, 39.25279346036898], [-75.87402527006853, 39.25293651468921], [-75.87415223076427, 39.253107109627855], [-75.87422976435644, 39.25326667793766], [-75.87432841464599, 39.2534647182393], [-75.87451592628345, 39.25361617349844], [-75.87451547982076, 39.25361030809045], [-75.87461369263077, 39.25370509641826], [-75.87461142977457, 39.25384788315533], [-75.87460923069877, 39.25398657107236], [-75.87458634342195, 39.25412613031165], [-75.87459651594423, 39.25414318591759], [-75.87465783045396, 39.25428086949067], [-75.87472617877233, 39.254418643222], [-75.87481551532902, 39.25456757694505], [-75.8749266216583, 39.254678357269505], [-75.8750590638739, 39.25477837438017], [-75.87521979134286, 39.254873193822164], [-75.87533759461259, 39.25500596711915], [-75.87539838720113, 39.25517655145808], [-75.8753890941295, 39.25531903052756], [-75.8753165722383, 39.25544440324386], [-75.87522288154744, 39.25556958166542], [-75.87511484296485, 39.2557110492409], [-75.87502098249239, 39.255847182741384], [-75.87495491499651, 39.25601100112545], [-75.87494535782018, 39.2561699312332], [-75.87488684964742, 39.256300933198794], [-75.87479307810818, 39.25643157182424], [-75.87462217632032, 39.25653403836732], [-75.87445221057698, 39.25657620395671], [-75.8744366544512, 39.256571128283674], [-75.87404792647831, 39.25656015475658], [-75.87387816555085, 39.25663145343742], [-75.87373662250313, 39.256741269206785], [-75.87344651517539, 39.25691141806401], [-75.87316345063945, 39.25710355652335], [-75.87285213678281, 39.25727368085168], [-75.87274636285304, 39.25709212469344], [-75.87257001098635, 39.256860985700335], [-75.87211088653622, 39.2566185260269], [-75.87220315878726, 39.25639320126152], [-75.87201959344884, 39.25623354685829], [-75.87170110654463, 39.25646962309268], [-75.87162314715101, 39.256601503715494], [-75.8713893183775, 39.25694217452619], [-75.87129014257351, 39.25706303212123], [-75.87108481105577, 39.25727725333295], [-75.87090771268907, 39.25750800908344], [-75.87071679823332, 39.25752428204146], [-75.87080907587425, 39.25729893514632], [-75.87108516409367, 39.25706279840683], [-75.87127636960356, 39.256843064061755], [-75.87141809590764, 39.25661227621255], [-75.87158812093978, 39.25638702724593], [-75.87170864430817, 39.25617820107298], [-75.87206212867754, 39.256156603079134], [-75.87227405652443, 39.25625581954753], [-75.87247209462039, 39.25618454761265], [-75.87260674309832, 39.255959242320195], [-75.87275555621166, 39.25574495308688], [-75.87286904217814, 39.255486657829046], [-75.87305317704845, 39.25528339096284], [-75.87327256720039, 39.25511316720366], [-75.8734494903956, 39.2549979009517], [-75.87375378840989, 39.254772789396796], [-75.87398735397703, 39.254591575955054], [-75.87376817133591, 39.25462432285915], [-75.87342150338293, 39.25481090903874], [-75.87318805280015, 39.25492611716773], [-75.87289090178226, 39.25507976110063], [-75.87250892734367, 39.25524430400273], [-75.87231083624711, 39.255348559961924], [-75.87201363402525, 39.25552970536575], [-75.8717022267438, 39.25576029923049], [-75.87156765821592, 39.25592510833765], [-75.8714118103956, 39.25613390048503], [-75.87127711340862, 39.25637018781731], [-75.87110000516047, 39.256606428444755], [-75.8709511956404, 39.2568317212237], [-75.87080945316666, 39.257067998552834], [-75.87066064634153, 39.25727677547185], [-75.87043407326058, 39.257501977758736], [-75.87022886211707, 39.25763372428079], [-75.87005196946458, 39.25772699916906], [-75.87019291603099, 39.25800757221739], [-75.87047550356148, 39.25812338023794], [-75.87076516083327, 39.25823914841983], [-75.87109016950643, 39.25834948682325], [-75.87079324935557, 39.258349157125025], [-75.87052467823845, 39.25831037096757], [-75.87010068959401, 39.25819992816748], [-75.86991706856007, 39.258089755769554], [-75.86964856840984, 39.25801246624284], [-75.86932301984919, 39.25823756878714], [-75.86916723491093, 39.25839135709656], [-75.86903274184155, 39.25850665811229], [-75.86874255007214, 39.25870978834558], [-75.86856559094434, 39.25885256767277], [-75.86872090157213, 39.25897920277115], [-75.86913111544999, 39.25887517618137], [-75.86930095542918, 39.258759911245384], [-75.86959084177136, 39.25873273355227], [-75.8699158558344, 39.25885406382429], [-75.86995787632846, 39.259090555525354], [-75.8698797561364, 39.259315914050504], [-75.86999250189109, 39.25954697330781], [-75.86990040660817, 39.25966785353905], [-75.86967439677089, 39.25954112439373], [-75.86956799491873, 39.2597609407041], [-75.86959589389652, 39.259991932417456], [-75.86995606083327, 39.26022875901141], [-75.87016097193947, 39.260289486521614], [-75.8705141957974, 39.26046034526529], [-75.87054922290696, 39.260658324906224], [-75.87052764267888, 39.26089473262005], [-75.87050602292493, 39.26114216242693], [-75.870441915553, 39.26144450458203], [-75.87039926983151, 39.261592919118165], [-75.87033529990183, 39.26180180219321], [-75.87003797191582, 39.26205441188188], [-75.8701373929599, 39.26177409290194], [-75.87018008180051, 39.26161467540995], [-75.87020868415915, 39.2614002650513], [-75.8702090919943, 39.2611528354599], [-75.87024481260325, 39.2609274063305], [-75.8701675143697, 39.260619399526604], [-75.86988510919718, 39.26039365846839], [-75.86959548336642, 39.260239361933195], [-75.86929896835578, 39.25999159229368], [-75.86929231363614, 39.2597441556434], [-75.86940573492392, 39.259551824797015], [-75.86959708685922, 39.259238611268906], [-75.86966094090626, 39.2590957346542], [-75.86947047021823, 39.25886457166216], [-75.86931479487446, 39.258941378226325], [-75.86922974148503, 39.259084250286676], [-75.86896780712122, 39.259303905269476], [-75.86872030419246, 39.259347614718436], [-75.86843057146218, 39.25929781428144], [-75.86829479649688, 39.259383828832824], [-75.86808003177032, 39.25952750474775], [-75.86790167755888, 39.259739544133005], [-75.86767193791653, 39.26003853492194], [-75.86750390444938, 39.260386700925096], [-75.86725133681904, 39.260549442432776], [-75.86702609054976, 39.2605667009661], [-75.8667352591799, 39.26077765216282], [-75.86656985597989, 39.260960666365946], [-75.86654300443773, 39.26107700229093], [-75.86625558127606, 39.26107422778638], [-75.86596521164026, 39.26125603445839], [-75.86553893049522, 39.26133936531486], [-75.86558751587737, 39.26142727825947], [-75.86539851393485, 39.261522615924235], [-75.86506001705767, 39.26158735971682], [-75.86465841353183, 39.261690354980054], [-75.86429507823706, 39.26174514137913], [-75.86392173660835, 39.261644368425074], [-75.86358525644901, 39.2615828109257], [-75.8631002209928, 39.26143237236039], [-75.86266626643864, 39.26121441211634], [-75.86255279843846, 39.261072579359244], [-75.86226308277618, 39.26097880117818], [-75.86217142317615, 39.26084121283237], [-75.86198076653689, 39.260703521971735], [-75.86170530803648, 39.26056573833329], [-75.86135915302152, 39.260405863206515], [-75.86109771991767, 39.26032307446205], [-75.86090693931088, 39.260267857103585], [-75.8607160706692, 39.260256636540404], [-75.86051815743906, 39.26025089897302], [-75.86033432260606, 39.26025618304376], [-75.8601363662568, 39.26025593890677], [-75.85995255208503, 39.26026673240426], [-75.85976163942591, 39.2602939957505], [-75.85955644804534, 39.26038172916424], [-75.8594007816847, 39.26046400800497], [-75.85925217877714, 39.26054082394545], [-75.85909650433166, 39.26062310399062], [-75.8589125257682, 39.26071637072823], [-75.85874973846234, 39.260826139062054], [-75.85856578954328, 39.260902892007024], [-75.85838186398044, 39.26096866368451], [-75.85824032003437, 39.26105095296499], [-75.85807758932235, 39.26112775643814], [-75.85790777180102, 39.26120451879041], [-75.85770258131878, 39.261303253063495], [-75.85753280511996, 39.26135803628745], [-75.85734889033691, 39.261429298789714], [-75.85717907012065, 39.26150606150732], [-75.85698098441398, 39.26157179297338], [-75.85675465567478, 39.26163201992716], [-75.85652126707575, 39.261675723055745], [-75.85633030321264, 39.26172496746412], [-75.8561535246462, 39.26174674458088], [-75.85592018635285, 39.26176294491516], [-75.85572218688444, 39.26178472341121], [-75.85552427814588, 39.261773466923174], [-75.85529104315877, 39.26174019544934], [-75.85507908387085, 39.26166294055071], [-75.85491661097531, 39.26159125609698], [-75.85475413718146, 39.26152508298481], [-75.85455625808729, 39.26146984431603], [-75.85436554934573, 39.26138163303997], [-75.85422436921738, 39.26126048450449], [-75.85413980540979, 39.26111741517322], [-75.85421781960063, 39.260985544436515], [-75.85438730384696, 39.26107923149293], [-75.85436636321937, 39.26094172750458], [-75.85432419091005, 39.26080422255095], [-75.85419006884487, 39.260688590758036], [-75.85405604469607, 39.26052345968309], [-75.85395729559183, 39.260407871941936], [-75.85384438095386, 39.26028675650091], [-75.85371737354575, 39.26016013558876], [-75.85355493029459, 39.26007744601758], [-75.85337115205544, 39.260055218361984], [-75.85318736752811, 39.260049483560366], [-75.85298942465357, 39.26004375501816], [-75.85279147549082, 39.26004349975162], [-75.85261475800982, 39.260037773295615], [-75.85241679716897, 39.2600375312445], [-75.8522118061127, 39.26002625986937], [-75.8519926710823, 39.26002048541902], [-75.85180185005133, 39.25998726458377], [-75.85158981710156, 39.2599540166064], [-75.85138491857177, 39.25989325750584], [-75.85120119872312, 39.259843531184885], [-75.85102455670061, 39.25979931637916], [-75.85083374465279, 39.259760599883705], [-75.85063582243949, 39.25974384473165], [-75.85047335673046, 39.259677644140055], [-75.850339199631, 39.25958400459477], [-75.8502404648998, 39.259462924594686], [-75.85014171130399, 39.25934181864994], [-75.85000759193375, 39.25923165708877], [-75.84983813463687, 39.25912698330889], [-75.84966861266129, 39.25904428139007], [-75.84947072907555, 39.25901104200767], [-75.84927997541823, 39.258944809423916], [-75.84910341783734, 39.25886209129227], [-75.84907107938542, 39.2588511751598], [-75.84888437084184, 39.25881570780308], [-75.84880520321417, 39.25884214677825], [-75.84872525315389, 39.258916255288646], [-75.84857543662237, 39.258982843330365], [-75.84847898361201, 39.25899550529673], [-75.84836502153843, 39.25897791250799], [-75.84833257528868, 39.258975074624445], [-75.84829543354493, 39.258971821491585], [-75.84806932758794, 39.25892753101563], [-75.84788570116407, 39.25883381395667], [-75.84774448959466, 39.25873464565248], [-75.8476032977882, 39.25863000451751], [-75.8474479449396, 39.2585418251417], [-75.84735340983237, 39.25851717852233], [-75.84728595443934, 39.2586074633995], [-75.84650149702425, 39.25871730737406], [-75.84620038443595, 39.25863829076064], [-75.84608567855732, 39.25858184510089], [-75.84591086550472, 39.258393440315174], [-75.84555853726712, 39.258182543849315], [-75.84524324297544, 39.25788211922495], [-75.84509529583804, 39.25779642905402], [-75.84488315688706, 39.25781812879173], [-75.84471342290908, 39.257861903855094], [-75.8445082189521, 39.25795510470937], [-75.84433138558843, 39.25801534868181], [-75.84414740522834, 39.25809207966385], [-75.8439422920012, 39.258152308911626], [-75.84373710780716, 39.258234502727646], [-75.84353903737185, 39.258305721106694], [-75.84332691998044, 39.258310942027485], [-75.8431007197003, 39.258310633196054], [-75.84287444665667, 39.25833233068788], [-75.84281667150917, 39.258343957769576], [-75.84275584658128, 39.258328074518865], [-75.84270394102585, 39.2582705442209], [-75.84266625400473, 39.258205395327], [-75.84259901330908, 39.25820548227295], [-75.84240807819208, 39.25822722431358], [-75.84222428827483, 39.2582269843429], [-75.84204051812054, 39.25820474288483], [-75.8418638230974, 39.25818799849002], [-75.84168710112482, 39.25817127287151], [-75.84150334983514, 39.25815451942628], [-75.84133378114717, 39.25811030007748], [-75.84115001907772, 39.258082564982075], [-75.84096625970318, 39.25806580942896], [-75.84078957725647, 39.258032585580786], [-75.84061298014971, 39.257971865157906], [-75.84043636328002, 39.257911148855925], [-75.84026678740551, 39.25785592403307], [-75.84008310528611, 39.25780617818213], [-75.83992066383159, 39.2577344723952], [-75.83977235916471, 39.257657294464046], [-75.83960285425712, 39.25758557600451], [-75.8394333358748, 39.25750287713632], [-75.83929923716582, 39.257403704862774], [-75.839257106179, 39.257266192969325], [-75.8392839370599, 39.2569337392285], [-75.83947747190135, 39.256374733468725], [-75.8395483974863, 39.25617001818167], [-75.83954929131, 39.256167422248936], [-75.83956342001278, 39.256111891384954], [-75.83961318398458, 39.255979995233744], [-75.83966291202375, 39.25584809744325], [-75.83964913546056, 39.25567763020651], [-75.83962112958326, 39.25554011770992], [-75.83959317221499, 39.255391621495356], [-75.83959347674387, 39.255237654097755], [-75.83960792075534, 39.25509472411526], [-75.83958700348394, 39.25494623739132], [-75.83954488058195, 39.254803190649376], [-75.83948866401145, 39.25463265618107], [-75.83942534356372, 39.25449511381086], [-75.83933366959067, 39.25437401319654], [-75.839249125546, 39.25424193570071], [-75.83915038722155, 39.25412082421503], [-75.83903751570274, 39.25401069966452], [-75.83892463520075, 39.253900578419106], [-75.83876216589849, 39.2538453643494], [-75.8385855148928, 39.253812137109925], [-75.83839466960731, 39.25380085777778], [-75.83820386115276, 39.25378411302681], [-75.83802710953579, 39.25378936976051], [-75.83785048727619, 39.25374512331208], [-75.83769510837644, 39.2536789316639], [-75.83758930390397, 39.25356329924826], [-75.83747647550427, 39.253431187531476], [-75.83732112714726, 39.2533485074139], [-75.83723656783124, 39.25322189762136], [-75.83709538410962, 39.25312822649803], [-75.83691167683739, 39.253094989180106], [-75.8367350141536, 39.253056248809216], [-75.83657255024121, 39.25300103755275], [-75.8363886965436, 39.25303378241722], [-75.83621187575633, 39.25308301272316], [-75.83608440571582, 39.2531928138775], [-75.83599223497441, 39.25332465336208], [-75.83589300347488, 39.25345646477424], [-75.83575139754505, 39.25356075956372], [-75.83559570782822, 39.25364300328189], [-75.8353976544609, 39.253708723339074], [-75.8352349264438, 39.25376896887353], [-75.83504404342908, 39.25378521209251], [-75.83485546099982, 39.25381005097275], [-75.83343593420469, 39.2531866973163], [-75.83329486097583, 39.253043538468106], [-75.83317495205509, 39.252922397783294], [-75.83306919788826, 39.25279028346764], [-75.83299172448322, 39.25265819116301], [-75.8328788529644, 39.25254806361969], [-75.83274485486673, 39.252399422638945], [-75.83261081454823, 39.2522727638301], [-75.83241312050701, 39.25216800870646], [-75.8322436254809, 39.25209076830197], [-75.83203882935906, 39.2520024986173], [-75.8318622672866, 39.25192526637804], [-75.83165744331697, 39.25185348640467], [-75.83147377646894, 39.25179274393521], [-75.83130422934053, 39.2517485164002], [-75.83109933709895, 39.251704217187196], [-75.83090151190372, 39.25164896034572], [-75.83073905158457, 39.25159373476412], [-75.83056250388515, 39.251522001058866], [-75.83037178885539, 39.25145573287919], [-75.830181054961, 39.2514004654073], [-75.82996922413218, 39.251290197457166], [-75.82981389643639, 39.251207499511125], [-75.82964445710583, 39.25111927323539], [-75.8294679740851, 39.25100903058169], [-75.8293197861992, 39.250882350479124], [-75.82919987099025, 39.250766711364854], [-75.82911536916642, 39.250623629661796], [-75.82900961230465, 39.25049700451453], [-75.82884022507636, 39.250386769230275], [-75.82848705062577, 39.25027080164947], [-75.82826802518983, 39.25020998963566], [-75.82806681065102, 39.250099330250784], [-75.82794990928984, 39.250019826709845], [-75.82774330126607, 39.24991169849391], [-75.82757244798724, 39.24983074291782], [-75.8274088360279, 39.249760720797816], [-75.82725927012638, 39.249685090958394], [-75.82709547221579, 39.24960406277285], [-75.82684945240554, 39.24955415663212], [-75.82663974788899, 39.24946998393926], [-75.82650522697182, 39.24939829675733], [-75.82611518745863, 39.249277167862076], [-75.82577155581129, 39.249086142573695], [-75.82556049304202, 39.24908403264351], [-75.82538074464526, 39.249011907497824], [-75.82535313043341, 39.24885921236685], [-75.82511325779467, 39.24877475640153], [-75.82493197956695, 39.2486226430237], [-75.82474617023696, 39.248486814806405], [-75.82453333598997, 39.248433741206824], [-75.8241918827572, 39.248288321480906], [-75.82404191800367, 39.24818517922167], [-75.82381324735654, 39.24802223092238], [-75.82364811904101, 39.24785321461061], [-75.82340467919228, 39.24764640551514], [-75.82325401465113, 39.24749925749492], [-75.82314607578152, 39.247373722394], [-75.82288159379559, 39.24717809071502], [-75.8226960377905, 39.247058780661206], [-75.8225174338474, 39.24693385905654], [-75.82247662248572, 39.24683148840165], [-75.82220332982347, 39.24672769284222], [-75.82203930643574, 39.24663016174743], [-75.821875283048, 39.24653264860485], [-75.82160499884364, 39.246419596524625], [-75.82141340076994, 39.246366305698395], [-75.82122167154222, 39.246307543962104], [-75.82087444573546, 39.24615888488369], [-75.8207322011035, 39.246123069524145], [-75.82060386957862, 39.246109287263565], [-75.82049708773911, 39.246072088155856], [-75.81993605840316, 39.24598268040131], [-75.81984335406246, 39.245979728594534], [-75.81966936745991, 39.245978945944785], [-75.81947175157214, 39.246015367322464], [-75.8192664209527, 39.24598972007389], [-75.81906194103783, 39.24601907742791], [-75.81887167875897, 39.246053813828674], [-75.81867409880381, 39.2460720902429], [-75.81838464634791, 39.24609122513079], [-75.81812995510023, 39.246071523257406], [-75.81792165734541, 39.24601198210321], [-75.81771177316581, 39.2459395219545], [-75.81759215799416, 39.24587970589081], [-75.8174329774241, 39.24578078571412], [-75.81733249906296, 39.24579216651572], [-75.81733391031626, 39.245794806661074], [-75.81733534851904, 39.245797424544236], [-75.8173369026045, 39.24579933491014], [-75.81793515812583, 39.24677318968276], [-75.81795622361922, 39.246877587633485], [-75.81795635567158, 39.24697219027224], [-75.81795635836653, 39.247124657851245], [-75.81794215869682, 39.247130189876714], [-75.8168401603035, 39.246839187493734], [-75.81679776521199, 39.246817187998424], [-75.8166211654103, 39.24664698751452], [-75.81655762936687, 39.246597453546656], [-75.81575936664247, 39.2463174519125], [-75.81558983119214, 39.246092185179535], [-75.81554036635934, 39.24607578504022], [-75.81523656691004, 39.2460153868017], [-75.8150176348989, 39.24590545266322], [-75.8145230377748, 39.24587805293227], [-75.81426883970225, 39.24591098408917], [-75.8139297741915, 39.24596598387299], [-75.813844974127, 39.24598785145446], [-75.81365424292756, 39.24598245082408], [-75.81332224536148, 39.24610878289026], [-75.81301844681049, 39.24598244943268], [-75.8127570478426, 39.245954983641376], [-75.81231205029863, 39.24597698271148], [-75.812015449948, 39.24603738167872], [-75.81111118691838, 39.24612524911211], [-75.81100519110475, 39.24610878358595], [-75.81052485743075, 39.2458561804467], [-75.8102493908455, 39.24575717953667], [-75.81016466084958, 39.245751778192826], [-75.80999505622901, 39.24575724632304], [-75.80991025796115, 39.24577364584113], [-75.80981139297421, 39.245751781671295], [-75.80979726067818, 39.24573524579265], [-75.80974785872743, 39.245526446335006], [-75.80970545914434, 39.24546618050089], [-75.80945105984914, 39.24530677810456], [-75.80911919703036, 39.244938775890915], [-75.80846219707934, 39.244329040416524], [-75.80796780117788, 39.24410384034649], [-75.8078193976963, 39.24384577283904], [-75.80757226667008, 39.24357657298355], [-75.8074592038101, 39.243378775389864], [-75.80740986653805, 39.24303277070703], [-75.80736739958132, 39.24293944009435], [-75.80719780124895, 39.242714169469345], [-75.8071625989679, 39.24264823595752], [-75.807084869543, 39.24260437069243], [-75.80648447243802, 39.242488970476025], [-75.80630087116698, 39.24248343808453], [-75.80620900405614, 39.24249443468624], [-75.80597587057866, 39.24265376833606], [-75.80579220822219, 39.24282956861953], [-75.8052976748785, 39.24336223825599], [-75.80525527349877, 39.2433677712739], [-75.80522000923399, 39.24335136980187], [-75.80527647733275, 39.24317543585714], [-75.80519887726523, 39.24315343521265], [-75.80514941153412, 39.24316456737407], [-75.80465487998705, 39.24360397083069], [-75.80443571980382, 39.24379079226392], [-75.80425341390344, 39.24388593197964], [-75.80381727374815, 39.24401636345574], [-75.80375352121077, 39.244005920876404], [-75.80344189114712, 39.243959193619204], [-75.80315751866415, 39.24384621461471], [-75.80315030609073, 39.24383528223028], [-75.80305656150094, 39.24370960490751], [-75.80292704509822, 39.24355673126129], [-75.80270344005096, 39.2432561695295], [-75.80271019628022, 39.24323413412453], [-75.80251568227511, 39.24298832127901], [-75.80243596937007, 39.242857012676], [-75.80242866876175, 39.24284058603856], [-75.8024406379146, 39.242697454074154], [-75.8024100520758, 39.242543714830134], [-75.80230143228323, 39.24236863668789], [-75.8020669567227, 39.24228271536212], [-75.80205271483219, 39.24227734157973], [-75.80151610440059, 39.2423041297835], [-75.80148075928741, 39.2423044400769], [-75.80093212221081, 39.24200130087243], [-75.80092479105977, 39.24198484759695], [-75.80062872790168, 39.242031495464964], [-75.80057176752616, 39.24200450539596], [-75.80055058435345, 39.24200467167498], [-75.79999171097415, 39.241960155501275], [-75.79996333588927, 39.24195491527404], [-75.79939414535895, 39.24169591940811], [-75.79938699117602, 39.241690477399096], [-75.79900563298172, 39.24170489225176], [-75.798921590197, 39.241755136537094], [-75.798435267455, 39.241836472954624], [-75.79840000947841, 39.241842268382996], [-75.79763448136296, 39.241684050234255], [-75.79761305834006, 39.2416677374221], [-75.79743485863885, 39.24156479762493], [-75.79732074025841, 39.2414943094597], [-75.79709274963594, 39.24136982460571], [-75.79703588538014, 39.24134832154084], [-75.79668224380559, 39.24132395969514], [-75.79667524233628, 39.24132952070321], [-75.79637440912406, 39.24153020649636], [-75.79598157405367, 39.241720715956426], [-75.79597490046942, 39.241748271067905], [-75.79577092810268, 39.24181058832552], [-75.79564259747615, 39.24184922498356], [-75.79558181926066, 39.24186752475674], [-75.79555032163184, 39.24193340334405], [-75.79543840592048, 39.24216764369518], [-75.79541062552033, 39.24228684379593], [-75.79528682240282, 39.24251346897459], [-75.79521132079981, 39.24266265409197], [-75.79508596269855, 39.242784795552815], [-75.79494146778677, 39.243044597213846], [-75.79485906352915, 39.24320485700359], [-75.79475563959217, 39.24337628542788], [-75.79463010362447, 39.2434874187661], [-75.7944189698883, 39.24354428913496], [-75.79424300070391, 39.243589847176096], [-75.79404540008751, 39.24360811170955], [-75.79382489063472, 39.243511047970244], [-75.79365951707912, 39.24331998332201], [-75.79353020189902, 39.24317810392966], [-75.79338723681819, 39.243069358499575], [-75.79321644462479, 39.24298835119493], [-75.79302519150417, 39.24295703273302], [-75.79284213640882, 39.243002656553095], [-75.79261670059502, 39.24304865394391], [-75.79237680909166, 39.24307277934242], [-75.79207251556895, 39.24304245370745], [-75.79188207093208, 39.24306613663177], [-75.7917057540997, 39.24308970127617], [-75.79150942639603, 39.243190452199265], [-75.7914052532641, 39.243312379156535], [-75.79125866797267, 39.24343468645738], [-75.79111974081904, 39.2435954247016], [-75.79093819130011, 39.243740060351925], [-75.79076308180348, 39.243846117911076], [-75.79052351818518, 39.24389222327941], [-75.79024871725157, 39.24394415448334], [-75.7900723366388, 39.24396222690896], [-75.78979676584898, 39.24396463058227], [-75.7895498737746, 39.24399433037674], [-75.78934588972979, 39.24405661920209], [-75.78915682400687, 39.24417379506534], [-75.78900961528464, 39.244252110011104], [-75.78882672547931, 39.24430873626316], [-75.78863612363727, 39.24432140574942], [-75.78843089632409, 39.24430119690548], [-75.78824597183466, 39.24422032529474], [-75.7881516595096, 39.244056128032426], [-75.78803616670677, 39.24389211405306], [-75.78792855302733, 39.24378306153017], [-75.7876640315155, 39.24363901384504], [-75.78751095230287, 39.24359570507368], [-75.78729232571892, 39.2436089507384], [-75.78708627285401, 39.24369143988722], [-75.78694618867027, 39.24377517982645], [-75.78680010014719, 39.24393048867371], [-75.78667463873965, 39.24404710957283], [-75.78647811969485, 39.244136844689855], [-75.78626739918371, 39.244221203971506], [-75.78608433510522, 39.244266800532486], [-75.78580950542552, 39.244318735633286], [-75.78554832384991, 39.244337521755654], [-75.78537176267578, 39.24434457829028], [-75.78509595832398, 39.24433049652704], [-75.78478477202808, 39.24431122410489], [-75.78458817033827, 39.244395441948825], [-75.7844269478976, 39.24448487538059], [-75.78433715320013, 39.244623179699566], [-75.7843180514239, 39.24476636199904], [-75.7841862604869, 39.24493253825382], [-75.7841032606462, 39.24505427782293], [-75.78399933724593, 39.245192722245505], [-75.783867127694, 39.24533137371193], [-75.78366448663051, 39.2454871918395], [-75.7834816848601, 39.24554927967528], [-75.78324899964194, 39.24558434050139], [-75.78301624166025, 39.24561386777403], [-75.78279720634285, 39.245615782319106], [-75.78256362909762, 39.24559032067428], [-75.782386510968, 39.24555886353996], [-75.78220938475351, 39.24552740639148], [-75.7819544437742, 39.24549114198715], [-75.78175645598391, 39.24548188021935], [-75.78157974209616, 39.24547790920037], [-75.78134631756453, 39.24546345338147], [-75.78114929186988, 39.2455201823138], [-75.78101643553093, 39.24561484800442], [-75.78084222255295, 39.24578139235633], [-75.78073080899982, 39.245892375093355], [-75.7805912709918, 39.24601461458776], [-75.78045922583156, 39.24616427367381], [-75.78024880625604, 39.246270628103616], [-75.78005202130991, 39.24634386012063], [-75.7798189156802, 39.24635139021484], [-75.77955773140967, 39.246370177184176], [-75.77929581231722, 39.246339449477524], [-75.7791047307748, 39.24631910833913], [-75.77888502261925, 39.24627702841216], [-75.77870059849143, 39.24622913948075], [-75.77847969198326, 39.2461045433714], [-75.77830134046677, 39.24599056255269], [-75.77807989586776, 39.24582748114736], [-75.7778732950305, 39.24571375171858], [-75.77768843252483, 39.2456383568329], [-75.77751820088017, 39.245595838211194], [-75.7773337507012, 39.24554792585688], [-75.77707186125315, 39.2455172075297], [-75.77688838844121, 39.24553530668204], [-75.77666993253716, 39.245575716000346], [-75.77650116155314, 39.24563218604445], [-75.77631873348189, 39.24572178903931], [-75.77618668652502, 39.245871439010585], [-75.7761256837307, 39.246048002051786], [-75.775993776911, 39.246208677956645], [-75.7758471862297, 39.24633095864087], [-75.77570025418855, 39.24643125062645], [-75.77556843091217, 39.24659741667553], [-75.77545066088013, 39.24675796122938], [-75.7752974702764, 39.246913304516994], [-75.77510084612871, 39.24699753384576], [-75.77490300656041, 39.24699924173652], [-75.77469712347707, 39.24693502710182], [-75.77458718316103, 39.24676348702259], [-75.77458297185898, 39.24675607662975], [-75.77456834728616, 39.24672953222329], [-75.77456329246604, 39.246695781242266], [-75.77453640858454, 39.24661342502367], [-75.77450884737331, 39.246573585371706], [-75.77445664986541, 39.246540795053946], [-75.77441917933827, 39.24652721601496], [-75.77431407195847, 39.246502658393815], [-75.77429329931584, 39.246503915493804], [-75.77426093750772, 39.246524091005995], [-75.77422857210634, 39.24654133768674], [-75.77419436066707, 39.246558569753915], [-75.77414110135051, 39.246587328582834], [-75.7740974207698, 39.24660997513487], [-75.77389336036819, 39.24657895117247], [-75.77373696277893, 39.246514295089774], [-75.77349583160046, 39.24645586879709], [-75.77333902617605, 39.2463637184466], [-75.77318108977268, 39.24619456456611], [-75.77306998883327, 39.24606145039426], [-75.77306942918285, 39.246060781142546], [-75.77305762532002, 39.24604337085693], [-75.77305735223217, 39.24604294648727], [-75.77303147446379, 39.246011904881854], [-75.77303024287353, 39.24597524418547], [-75.77302893133322, 39.24594153736554], [-75.7730275901485, 39.245910751728886], [-75.77300929685605, 39.24587830964173], [-75.77297966233316, 39.24584722900483], [-75.77294070509421, 39.245811629845804], [-75.77290905295517, 39.24578933783815], [-75.77288277633481, 39.24578320115183], [-75.7728225667529, 39.24577817687432], [-75.77273592604037, 39.245774338749], [-75.77266981452702, 39.245783904494985], [-75.77261687770566, 39.245792134513984], [-75.77259608979165, 39.245796159083305], [-75.77256389327358, 39.24580478425299], [-75.77248442920184, 39.24582152256109], [-75.77243533896652, 39.24582688354952], [-75.77232211800306, 39.2458484742898], [-75.77231797587126, 39.24584925763664], [-75.77203222896591, 39.24591847387987], [-75.77180677159254, 39.245964430399944], [-75.7715879105483, 39.245977325685985], [-75.7713469527447, 39.2459299012703], [-75.7710007950348, 39.245938413721824], [-75.77078266162593, 39.246000796130026], [-75.77061497760342, 39.24609624242899], [-75.77060791235371, 39.24610214464128], [-75.7704604583914, 39.24619612359954], [-75.77028453142783, 39.24624714035763], [-75.77003907486129, 39.246375768402324], [-75.7698846230229, 39.24644312177975], [-75.76972296939091, 39.24650501119519], [-75.76954770448572, 39.24660005122508], [-75.76936543811121, 39.246700648230075], [-75.76907758555483, 39.24682963858802], [-75.7688888369372, 39.246968775185046], [-75.76877752579205, 39.24709075053291], [-75.76857406815996, 39.24719153188402], [-75.76838362621805, 39.247215177927934], [-75.76820697521238, 39.24721669171967], [-75.76802348712906, 39.24723477860695], [-75.76776350839764, 39.24733603211456], [-75.76760219971871, 39.24741992631627], [-75.76737039035795, 39.247515441642655], [-75.76713818034858, 39.24758344577094], [-75.76694072975081, 39.24761264940999], [-75.76673477749719, 39.247542909605556], [-75.76656399788021, 39.2474618838146], [-75.76641440772416, 39.247380663836815], [-75.7662368233689, 39.24731617893365], [-75.76603961351964, 39.24736188270355], [-75.76583550910055, 39.247418630970635], [-75.76562417234514, 39.24746446824319], [-75.76543364236831, 39.247482587763216], [-75.76520799814536, 39.247517550228665], [-75.7650221376114, 39.2473706252497], [-75.76490723140846, 39.24724509826663], [-75.76471563782634, 39.24719173710862], [-75.76452534590308, 39.247226381795016], [-75.76429266697313, 39.24726136943248], [-75.76407282227365, 39.247208251077936], [-75.76399928977774, 39.24701086165378], [-75.76389822302008, 39.24686320862786], [-75.7637905671198, 39.24674862519097], [-75.76363374552571, 39.24665645852875], [-75.76342796664693, 39.246597714427594], [-75.76318709687824, 39.24655576197774], [-75.76298210492367, 39.246552027551786], [-75.76278474505573, 39.24658673655692], [-75.76259460045618, 39.246632362885855], [-75.76237644997933, 39.246694737719984], [-75.76216479162703, 39.24671856967829], [-75.7619534548716, 39.246764376798424], [-75.76177697544415, 39.246776887921605], [-75.76153714143297, 39.24680644599776], [-75.76126917667865, 39.24684724972997], [-75.76105045756822, 39.246871129638386], [-75.76084530930679, 39.24685638470376], [-75.76064043143823, 39.24685814129555], [-75.76042112482962, 39.246843505579996], [-75.76022146527458, 39.24671870046635], [-75.76005101084775, 39.246659655187074], [-75.75982450783536, 39.2466340819164], [-75.759620086311, 39.246668834708906], [-75.75931872039779, 39.24684193682149], [-75.75922884575026, 39.24698022118768], [-75.75910405089266, 39.24714631010728], [-75.75892747893874, 39.247153325314365], [-75.75871473093, 39.24710013939727], [-75.75851656437494, 39.247079805436286], [-75.75831039023745, 39.246993571260724], [-75.75808999666734, 39.246901937810875], [-75.75782107610556, 39.24687672290362], [-75.75759523515157, 39.24689514519609], [-75.75729831769566, 39.24688669268912], [-75.75706457426209, 39.24685017367308], [-75.75688729174077, 39.24680767387371], [-75.75659037428485, 39.24679922344322], [-75.75646176158732, 39.24670128269154], [-75.75632576563645, 39.24658144241209], [-75.75620301624276, 39.246400969575966], [-75.75613754253328, 39.246269499005656], [-75.75605014274434, 39.24608873317805], [-75.7559795450445, 39.24599502400303], [-75.75686872356385, 39.25687322374576], [-75.75687602956205, 39.25695418718963], [-75.75701678568561, 39.25860317386015], [-75.7580600719886, 39.27156729472681], [-75.75810686253679, 39.27215140115478], [-75.75813234324983, 39.27246611960389], [-75.75819216116628, 39.27321617824816], [-75.75921329681098, 39.286019573868856], [-75.75934384807293, 39.28765228584248], [-75.7593451515284, 39.28766845098644], [-75.76037700587108, 39.3005454856386], [-75.76047792440673, 39.30179829280883], [-75.76088268371419, 39.306791111062424], [-75.76155147584996, 39.315034687905076], [-75.76157091898597, 39.3152787711998], [-75.7616335818669, 39.31605143747785], [-75.76169285630263, 39.31680983342605], [-75.76199385390656, 39.320659357291575], [-75.76275347649734, 39.33031295085876], [-75.76282473176398, 39.33121853366487], [-75.76288323364854, 39.33196177549808], [-75.76380469312764, 39.34366804847695], [-75.76387824448817, 39.34460212062552], [-75.76393450866934, 39.345316863828685], [-75.76496224423647, 39.35836781511066], [-75.76502478404822, 39.35916190839723], [-75.7651013061374, 39.360133292618805], [-75.76659387943984, 39.37760941865525], [-75.76671142938466, 39.377621800164434], [-75.76678203067776, 39.37763826671416], [-75.7670509656126, 39.37782506672087], [-75.76732682835487, 39.37792959915239], [-75.76773743030495, 39.377951799801174], [-75.76794956206939, 39.378094599827016], [-75.76866436321907, 39.378138801032335], [-75.76890496349318, 39.37814440186797], [-75.76914556376731, 39.37823240075566], [-75.76925163144618, 39.378303799823705], [-75.76936476437473, 39.37856199893661], [-75.76939316281582, 39.37858399662778], [-75.76959823292383, 39.378655397419365], [-75.76978236689583, 39.37871046446958], [-75.77031303317519, 39.37878759854043], [-75.77051123027294, 39.37873279888347], [-75.77058203189037, 39.37873266556441], [-75.77080856185219, 39.37874926517113], [-75.77110563112339, 39.37879326598347], [-75.77135336671581, 39.37885939838576], [-75.77167176019522, 39.37898579906935], [-75.77188403030024, 39.37908466650998], [-75.77245703058568, 39.37942546282745], [-75.77268356503907, 39.379518862932294], [-75.77327096531853, 39.37955759583141], [-75.77348336388262, 39.3795521971684], [-75.77364616376494, 39.37948079729417], [-75.7738655611034, 39.37936559481653], [-75.77395762853855, 39.37928859678544], [-75.77413476283786, 39.378997597065855], [-75.77424802781879, 39.37890979703772], [-75.77438256580393, 39.37891526518721], [-75.77463015946255, 39.37903619763004], [-75.77504062756363, 39.37906379593371], [-75.77508316099569, 39.37906379662809], [-75.7754441588741, 39.37895406577487], [-75.77566342775349, 39.378954199093506], [-75.77590402892591, 39.37900906731899], [-75.77608815750803, 39.378965262454365], [-75.77630755933805, 39.378987264879015], [-75.77636402743681, 39.37905326308468], [-75.77620796402083, 39.38001986148382], [-75.7762432327772, 39.380184662798115], [-75.7762997619614, 39.38025065987167], [-75.7764979680423, 39.38030005973192], [-75.77675276259625, 39.38029465834899], [-75.77699336197205, 39.3803990614044], [-75.77766583091228, 39.38023446126489], [-75.7779134263675, 39.38024019316547], [-75.77805496222872, 39.38028405902765], [-75.77921543106558, 39.380910595235285], [-75.77949843271944, 39.38116325910233], [-75.780121163739, 39.38146559049532], [-75.78032636500105, 39.38164699078559], [-75.78040416808781, 39.38188318921985], [-75.7804677679116, 39.38193805722607], [-75.7810905654065, 39.38211945628844], [-75.78112596801185, 39.382119455594086], [-75.78154356514302, 39.381960390607205], [-75.78184083384022, 39.38194398756749], [-75.78201776512029, 39.3818615883415], [-75.78223016458269, 39.381850658058454], [-75.7829519627101, 39.38215838910183]]], [[[-76.1654653428609, 39.122748595489526], [-76.1652483655838, 39.12280009707188], [-76.16510157188323, 39.12288368217837], [-76.16503910932656, 39.12303750563866], [-76.16506076680975, 39.12320138858573], [-76.16506836206547, 39.12335448587591], [-76.1650341748807, 39.12357365049108], [-76.16502071362618, 39.123716027260585], [-76.16500028593661, 39.12386940706991], [-76.16492384020425, 39.12402884397153], [-76.16482634963972, 39.124183032195], [-76.16466577308775, 39.124326937414594], [-76.16451247019461, 39.12454187932567], [-76.16437297710236, 39.124701973963184], [-76.16427546318162, 39.124850690138324], [-76.1641216769949, 39.12493981864395], [-76.16394691424793, 39.12504010767796], [-76.1638493643946, 39.125177883434276], [-76.16382849653056, 39.12521639679093], [-76.16363430412233, 39.12541256823439], [-76.1634802547292, 39.1255835015795], [-76.16345970397045, 39.12567698884171], [-76.1636571428901, 39.12567072597744], [-76.16495037553943, 39.124984356024335], [-76.1660664523299, 39.12417228049559], [-76.16666050822728, 39.12346021509597], [-76.16669394442047, 39.12342503824599], [-76.16675646087604, 39.12328762284515], [-76.16656017718982, 39.123256857313514], [-76.16639869513604, 39.12316554466819], [-76.16626500785546, 39.12301377248401], [-76.16621529239268, 39.122839231977174], [-76.166088810499, 39.12274208984037], [-76.16592043118045, 39.12267820412509], [-76.16566119805071, 39.12266997291997], [-76.1654653428609, 39.122748595489526]]], [[[-76.15667354464995, 39.2733209172196], [-76.15650844508052, 39.273577942305], [-76.15640564098106, 39.27396171842784], [-76.15635245981792, 39.274329360390986], [-76.15635751912961, 39.27452712839621], [-76.15634077093947, 39.27478516225881], [-76.15609790241925, 39.2750471513031], [-76.15579250307043, 39.275204347736434], [-76.15555146711338, 39.27528508903704], [-76.15536021758604, 39.27533321820141], [-76.15509059184676, 39.27544672226013], [-76.15500481082196, 39.27554499698011], [-76.15501014322149, 39.275715308116105], [-76.1550510803473, 39.27585839284933], [-76.15524154744205, 39.275887157044906], [-76.15537611776655, 39.27585512241988], [-76.15551802463199, 39.275795673315784], [-76.15561019717003, 39.27576335075618], [-76.15586659431843, 39.27556187491682], [-76.15609350247098, 39.275481037275114], [-76.1562994897589, 39.27537258602666], [-76.1564349467206, 39.27525267375396], [-76.1565077102586, 39.27504445245483], [-76.1565599428008, 39.27477018049895], [-76.15659126435982, 39.27446830333521], [-76.15662931609693, 39.27419942410436], [-76.1566881126289, 39.27397463220873], [-76.15675414329387, 39.27373341115107], [-76.15687646419114, 39.273514539222944], [-76.1570622582498, 39.273307090930494], [-76.1572753036009, 39.273198693341406], [-76.1575088799478, 39.2731563388611], [-76.15766402348895, 39.27318486563736], [-76.15789636734729, 39.27326334081196], [-76.15819146661309, 39.27342463655422], [-76.15853574145413, 39.273613726255135], [-76.1587039581776, 39.27374669562923], [-76.15887250278617, 39.273846709177825], [-76.15899911044399, 39.273902497202954], [-76.15906263840257, 39.27390842210938], [-76.15902853835438, 39.273787349468634], [-76.15892395738732, 39.27364932659768], [-76.15877699121022, 39.273511009989555], [-76.15863625664622, 39.273455129162386], [-76.15848867691976, 39.27337722722599], [-76.15833392324747, 39.273310261338786], [-76.1581652663495, 39.27322123393965], [-76.15798286343104, 39.273093660024706], [-76.1579268543714, 39.27304384501446], [-76.15782160865103, 39.272971722263506], [-76.1577163647273, 39.27289960708786], [-76.15767469727115, 39.272827917436466], [-76.15769766809129, 39.27265231266895], [-76.15766362643359, 39.27252575095282], [-76.15754413972103, 39.27246452081987], [-76.15738154645123, 39.272474391693656], [-76.15722451914294, 39.27263260782759], [-76.1570595902534, 39.27287315881122], [-76.15685900453528, 39.27314641592694], [-76.15667354464995, 39.2733209172196]]], [[[-75.92286916489101, 39.35861153184293], [-75.92312404568321, 39.35861991044132], [-75.92331729396209, 39.35864585401513], [-75.92342204201577, 39.3586772777323], [-75.92360533696132, 39.358647929389484], [-75.92374497378401, 39.35855914734765], [-75.92386213386, 39.358366371789025], [-75.9237601957365, 39.35820865780713], [-75.92377905586588, 39.358060832836664], [-75.9238967989485, 39.3579229768168], [-75.92400002615443, 39.357763023207376], [-75.92401824129344, 39.357588010733274], [-75.92397324198592, 39.35742972057494], [-75.92376015531231, 39.35737148333691], [-75.92360695123388, 39.35751532981715], [-75.92350289128966, 39.357636836235535], [-75.92334977614443, 39.35777519500025], [-75.92317505921157, 39.35789165555774], [-75.92301759801701, 39.35801096785046], [-75.92286779226528, 39.35811921188793], [-75.92269307623071, 39.35823567742853], [-75.92255353822269, 39.358341203949195], [-75.92238467920377, 39.35839759559509], [-75.92230211324939, 39.3585242403041], [-75.92248030217083, 39.35859890941969], [-75.92266388906883, 39.358597021577815], [-75.92286916489101, 39.35861153184293]]], [[[-76.07018532114667, 39.15772999877665], [-76.07060567520745, 39.15785511324972], [-76.07102595919964, 39.15792644045729], [-76.07133065067602, 39.15767455093445], [-76.07128471262904, 39.157510628406925], [-76.07102467910038, 39.15755584523407], [-76.07075023479793, 39.15759426913547], [-76.07042991083895, 39.15752256474937], [-76.07019682946377, 39.15743183080329], [-76.06991361041763, 39.15720681939033], [-76.06961772602428, 39.15701695759273], [-76.0692652271068, 39.156955396779956], [-76.06884861902073, 39.15712929268505], [-76.06951638797538, 39.1572981380467], [-76.07018532114667, 39.15772999877665]]], [[[-75.91755706908654, 39.351474616685685], [-75.91737472186365, 39.35155860637784], [-75.91734169530223, 39.351706576393475], [-75.91751910807926, 39.35173758297568], [-75.91775350458803, 39.35172544138965], [-75.91778039296112, 39.35171857627654], [-75.9178628529143, 39.3515754590418], [-75.91784563041368, 39.35140615769391], [-75.91767546434603, 39.351363960280594], [-75.91755706908654, 39.351474616685685]]]]}, "properties": {"OBJECTID": 15, "COUNTY": "Kent", "DISTRICT": 2, "COUNTY_FIP": 29, "COUNTYNUM": 14, "CREATION_D": 1264636800000, "LAST_UPDAT": 1264636800000, "Shape__Area": 1212021629.9833317, "Shape__Length": 724024.4548523354}}]}