{
  "type": "FeatureCollection",
  "features": [
    {
      "type": "Feature",
      "properties": {
        "id": "MD007-391001076031601",
        "name": "KE2008G010",
        "site_type": "Well",
        "latest_readings": []
      },
      "geometry": {
        "type": "Point",
        "coordinates": [
          -76.0544444444444,
          39.1669444444444
        ]
      }
    },
    {
      "type": "Feature",
      "properties": {
        "id": "MD007-391449075482201",
        "name": "KE1992G124",
        "site_type": "Well",
        "latest_readings": []
      },
      "geometry": {
        "type": "Point",
        "coordinates": [
          -75.8061111111111,
          39.2469444444444
        ]
      }
    },
    {
      "type": "Feature",
      "properties": {
        "id": "MD007-391454075574201",
        "name": "KE2013G014",
        "site_type": "Well",
        "latest_readings": []
      },
      "geometry": {
        "type": "Point",
        "coordinates": [
          -75.9616666666667,
          39.2483333333333
        ]
      }
    },
    {
      "type": "Feature",
      "properties": {
        "id": "MD007-391516076013001",
        "name": "KE1986G004",
        "site_type": "Well",
        "latest_readings": []
      },
      "geometry": {
        "type": "Point",
        "coordinates": [
          -76.025,
          39.2544444444444
        ]
      }
    },
    {
      "type": "Feature",
      "properties": {
        "id": "MD007-391517076025901",
        "name": "KE2011S009",
        "site_type": "Diversion",
        "latest_readings": []
      },
      "geometry": {
        "type": "Point",
        "coordinates": [
          -76.0497222222222,
          39.2547222222222
        ]
      }
    },
    {
      "type": "Feature",
      "properties": {
        "id": "MD007-391523075552101",
        "name": "KE2012G019",
        "site_type": "Well",
        "latest_readings": []
      },
      "geometry": {
        "type": "Point",
        "coordinates": [
          -75.9225,
          39.2563888888889
        ]
      }
    },
    {
      "type": "Feature",
      "properties": {
        "id": "MD007-391550075501601",
        "name": "KE2003G001",
        "site_type": "Well",
        "latest_readings": []
      },
      "geometry": {
        "type": "Point",
        "coordinates": [
          -75.8377777777778,
          39.2638888888889
        ]
      }
    },
    {
      "type": "Feature",
      "properties": {
        "id": "MD007-391552075550801",
        "name": "KE2011G003",
        "site_type": "Well",
        "latest_readings": []
      },
      "geometry": {
        "type": "Point",
        "coordinates": [
          -75.9188888888889,
          39.2644444444444
        ]
      }
    },
    {
      "type": "Feature",
      "properties": {
        "id": "MD007-391553075555901",
        "name": "KE2012G003",
        "site_type": "Well",
        "latest_readings": []
      },
      "geometry": {
        "type": "Point",
        "coordinates": [
          -75.9330555555556,
          39.2647222222222
        ]
      }
    },
    {
      "type": "Feature",
      "properties": {
        "id": "MD007-391554075555801",
        "name": "KE2012S006",
        "site_type": "Diversion",
        "latest_readings": []
      },
      "geometry": {
        "type": "Point",
        "coordinates": [
          -75.9327777777778,
          39.265
        ]
      }
    },
    {
      "type": "Feature",
      "properties": {
        "id": "MD007-391557075463901",
        "name": "KE2012G001",
        "site_type": "Well",
        "latest_readings": []
      },
      "geometry": {
        "type": "Point",
        "coordinates": [
          -75.7775,
          39.2658333333333
        ]
      }
    },
    {
      "type": "Feature",
      "properties": {
        "id": "MD007-391601076120501",
        "name": "KE1997G003",
        "site_type": "Well",
        "latest_readings": []
      },
      "geometry": {
        "type": "Point",
        "coordinates": [
          -76.2013888888889,
          39.2669444444444
        ]
      }
    },
    {
      "type": "Feature",
      "properties": {
        "id": "MD007-391604075575301",
        "name": "KE2013G004",
        "site_type": "Well",
        "latest_readings": []
      },
      "geometry": {
        "type": "Point",
        "coordinates": [
          -75.9647222222222,
          39.2677777777778
        ]
      }
    },
    {
      "type": "Feature",
      "properties": {
        "id": "MD007-391613075570201",
        "name": "KE2013G003",
        "site_type": "Well",
        "latest_readings": []
      },
      "geometry": {
        "type": "Point",
        "coordinates": [
          -75.9505555555556,
          39.2702777777778
        ]
      }
    },
    {
      "type": "Feature",
      "properties": {
        "id": "MD007-391619075492401",
        "name": "KE2012G018",
        "site_type": "Well",
        "latest_readings": []
      },
      "geometry": {
        "type": "Point",
        "coordinates": [
          -75.8233333333333,
          39.2719444444444
        ]
      }
    },
    {
      "type": "Feature",
      "properties": {
        "id": "MD007-391629075504001",
        "name": "KE2012G017",
        "site_type": "Well",
        "latest_readings": []
      },
      "geometry": {
        "type": "Point",
        "coordinates": [
          -75.8444444444444,
          39.2747222222222
        ]
      }
    },
    {
      "type": "Feature",
      "properties": {
        "id": "MD007-391630075504101",
        "name": "KE2013S002",
        "site_type": "Diversion",
        "latest_readings": []
      },
      "geometry": {
        "type": "Point",
        "coordinates": [
          -75.8447222222222,
          39.275
        ]
      }
    },
    {
      "type": "Feature",
      "properties": {
        "id": "MD007-391641075542901",
        "name": "KE2013G001",
        "site_type": "Well",
        "latest_readings": []
      },
      "geometry": {
        "type": "Point",
        "coordinates": [
          -75.9080555555556,
          39.2780555555556
        ]
      }
    },
    {
      "type": "Feature",
      "properties": {
        "id": "MD007-391652075553301",
        "name": "KE2013G005",
        "site_type": "Well",
        "latest_readings": []
      },
      "geometry": {
        "type": "Point",
        "coordinates": [
          -75.9258333333333,
          39.2811111111111
        ]
      }
    },
    {
      "type": "Feature",
      "properties": {
        "id": "MD007-391711075541601",
        "name": "KE2013G007",
        "site_type": "Well",
        "latest_readings": []
      },
      "geometry": {
        "type": "Point",
        "coordinates": [
          -75.9044444444445,
          39.2863888888889
        ]
      }
    },
    {
      "type": "Feature",
      "properties": {
        "id": "MD007-391718075493601",
        "name": "KE2013G006",
        "site_type": "Well",
        "latest_readings": []
      },
      "geometry": {
        "type": "Point",
        "coordinates": [
          -75.8266666666667,
          39.2883333333333
        ]
      }
    },
    {
      "type": "Feature",
      "properties": {
        "id": "MD007-391719075504001",
        "name": "KE2012G008",
        "site_type": "Well",
        "latest_readings": []
      },
      "geometry": {
        "type": "Point",
        "coordinates": [
          -75.8444444444444,
          39.2886111111111
        ]
      }
    },
    {
      "type": "Feature",
      "properties": {
        "id": "MD007-391748075494801",
        "name": "KE2012G009",
        "site_type": "Well",
        "latest_readings": []
      },
      "geometry": {
        "type": "Point",
        "coordinates": [
          -75.83,
          39.2966666666667
        ]
      }
    },
    {
      "type": "Feature",
      "properties": {
        "id": "MD007-391840075534901",
        "name": "KE2012G011",
        "site_type": "Well",
        "latest_readings": []
      },
      "geometry": {
        "type": "Point",
        "coordinates": [
          -75.8969444444445,
          39.3111111111111
        ]
      }
    },
    {
      "type": "Feature",
      "properties": {
        "id": "MD007-391857075500001",
        "name": "KE2012G020",
        "site_type": "Well",
        "latest_readings": []
      },
      "geometry": {
        "type": "Point",
        "coordinates": [
          -75.8333333333333,
          39.3158333333333
        ]
      }
    },
    {
      "type": "Feature",
      "properties": {
        "id": "MD007-391932075591901",
        "name": "KE2014G001",
        "site_type": "Well",
        "latest_readings": []
      },
      "geometry": {
        "type": "Point",
        "coordinates": [
          -75.9886111111111,
          39.3255555555556
        ]
      }
    },
    {
      "type": "Feature",
      "properties": {
        "id": "MD007-392010075565902",
        "name": "KE1997G108",
        "site_type": "Well",
        "latest_readings": []
      },
      "geometry": {
        "type": "Point",
        "coordinates": [
          -75.9497222222222,
          39.3361111111111
        ]
      }
    },
    {
      "type": "Feature",
      "properties": {
        "id": "MD007-392016075490801",
        "name": "KE2011G002",
        "site_type": "Well",
        "latest_readings": []
      },
      "geometry": {
        "type": "Point",
        "coordinates": [
          -75.8188888888889,
          39.3377777777778
        ]
      }
    },
    {
      "type": "Feature",
      "properties": {
        "id": "MD007-392117075530901",
        "name": "KE2012S016",
        "site_type": "Diversion",
        "latest_readings": []
      },
      "geometry": {
        "type": "Point",
        "coordinates": [
          -75.8858333333333,
          39.3547222222222
        ]
      }
    },
    {
      "type": "Feature",
      "properties": {
        "id": "MD007-392203075460801",
        "name": "KE1994G013",
        "site_type": "Well",
        "latest_readings": []
      },
      "geometry": {
        "type": "Point",
        "coordinates": [
          -75.7688888888889,
          39.3675
        ]
      }
    },
    {
      "type": "Feature",
      "properties": {
        "id": "USGS-01492971",
        "name": "CYPRESS BRANCH NEAR MILLINGTON, MD",
        "site_type": "Stream",
        "latest_readings": []
      },
      "geometry": {
        "type": "Point",
        "coordinates": [
          -75.7693779922638,
          39.2945554074272
        ]
      }
    },
    {
      "type": "Feature",
      "properties": {
        "id": "USGS-01492972",
        "name": "BLACK BOTTOM BRANCH NEAR MASSEY, MD",
        "site_type": "Stream",
        "latest_readings": []
      },
      "geometry": {
        "type": "Point",
        "coordinates": [
          -75.7810452248622,
          39.3014998838968
        ]
      }
    },
    {
      "type": "Feature",
      "properties": {
        "id": "USGS-01492980",
        "name": "CYPRESS BRANCH AT MILLINGTON, MD",
        "site_type": "Stream",
        "latest_readings": []
      },
      "geometry": {
        "type": "Point",
        "coordinates": [
          -75.8332695256109,
          39.2578881903514
        ]
      }
    },
    {
      "type": "Feature",
      "properties": {
        "id": "USGS-01492990",
        "name": "MILL BRANCH NEAR MILLINGTON, MD",
        "site_type": "Stream",
        "latest_readings": []
      },
      "geometry": {
        "type": "Point",
        "coordinates": [
          -75.86910459716,
          39.2762216338589
        ]
      }
    },
    {
      "type": "Feature",
      "properties": {
        "id": "USGS-01493010",
        "name": "UNNAMED TR TO CHESTER R NR CHESTERVILLE, MD",
        "site_type": "Stream",
        "latest_readings": []
      },
      "geometry": {
        "type": "Point",
        "coordinates": [
          -75.9151388888889,
          39.2552222222222
        ]
      }
    },
    {
      "type": "Feature",
      "properties": {
        "id": "USGS-01493108",
        "name": "COW CREEK NEAR GALENA, MD",
        "site_type": "Stream",
        "latest_readings": []
      },
      "geometry": {
        "type": "Point",
        "coordinates": [
          -75.9293852584944,
          39.2917773443282
        ]
      }
    },
    {
      "type": "Feature",
      "properties": {
        "id": "USGS-01493109",
        "name": "COW CREEK NEAR CHESTERVILLE, MD",
        "site_type": "Stream",
        "latest_readings": []
      },
      "geometry": {
        "type": "Point",
        "coordinates": [
          -75.9293852284502,
          39.2892772867637
        ]
      }
    },
    {
      "type": "Feature",
      "properties": {
        "id": "USGS-01493110",
        "name": "CHESTERVILLE BRANCH NEAR CHESTERVILLE, MD",
        "site_type": "Stream",
        "latest_readings": []
      },
      "geometry": {
        "type": "Point",
        "coordinates": [
          -75.9282740536375,
          39.2881661523756
        ]
      }
    },
    {
      "type": "Feature",
      "properties": {
        "id": "USGS-01493111",
        "name": "CHESTERVILLE BRANCH AT CHESTERVILLE, MD",
        "site_type": "Stream",
        "latest_readings": []
      },
      "geometry": {
        "type": "Point",
        "coordinates": [
          -75.9391077079004,
          39.2745546910082
        ]
      }
    },
    {
      "type": "Feature",
      "properties": {
        "id": "USGS-0149311105",
        "name": "CHESTERVILLE BRANCH TRIBUTARY AT CHESTERVILLE, MD",
        "site_type": "Stream",
        "latest_readings": []
      },
      "geometry": {
        "type": "Point",
        "coordinates": [
          -75.9207735848789,
          39.2770548113746
        ]
      }
    },
    {
      "type": "Feature",
      "properties": {
        "id": "USGS-0149311110",
        "name": "CHESTERVILLE BRANCH TRIB. NEAR CHESTERVILLE, MD",
        "site_type": "Stream",
        "latest_readings": []
      },
      "geometry": {
        "type": "Point",
        "coordinates": [
          -75.934663024076,
          39.2712212948048
        ]
      }
    },
    {
      "type": "Feature",
      "properties": {
        "id": "USGS-01493112",
        "name": "CHESTERVILLE BRANCH NEAR CRUMPTON, MD",
        "site_type": "Stream",
        "latest_readings": [
          {
            "parameter_code": "00300",
            "value": "10.3",
            "unit": "mg/l",
            "time": "2019-11-04T15:30:00+00:00",
            "approval_status": "Approved",
            "qualifier": null
          },
          {
            "parameter_code": "00065",
            "value": "1.53",
            "unit": "ft",
            "time": "2026-09-18T09:00:00+00:00",
            "approval_status": "Provisional",
            "qualifier": null
          },
          {
            "parameter_code": "00060",
            "value": null,
            "unit": "ft^3/s",
            "time": "2026-09-18T09:00:00+00:00",
            "approval_status": "Provisional",
            "qualifier": [
              "BACKWATER"
            ]
          },
          {
            "parameter_code": "63680",
            "value": "12.3",
            "unit": "_FNU",
            "time": "2019-02-06T10:45:00+00:00",
            "approval_status": "Approved",
            "qualifier": null
          },
          {
            "parameter_code": "99133",
            "value": "8.76",
            "unit": "mg/l",
            "time": "2019-11-04T12:45:00+00:00",
            "approval_status": "Approved",
            "qualifier": null
          },
          {
            "parameter_code": "00010",
            "value": "10.1",
            "unit": "degC",
            "time": "2019-11-04T15:30:00+00:00",
            "approval_status": "Approved",
            "qualifier": null
          },
          {
            "parameter_code": "00400",
            "value": "6.8",
            "unit": "pH Units",
            "time": "2019-11-04T15:30:00+00:00",
            "approval_status": "Approved",
            "qualifier": null
          },
          {
            "parameter_code": "63680",
            "value": "9.0",
            "unit": "_FNU",
            "time": "2019-11-04T15:30:00+00:00",
            "approval_status": "Approved",
            "qualifier": null
          },
          {
            "parameter_code": "00095",
            "value": "194",
            "unit": "uS/cm",
            "time": "2019-11-04T15:30:00+00:00",
            "approval_status": "Approved",
            "qualifier": null
          },
          {
            "parameter_code": "63160",
            "value": "3.27",
            "unit": "ft",
            "time": "2026-09-18T09:00:00+00:00",
            "approval_status": "Provisional",
            "qualifier": null
          }
        ]
      },
      "geometry": {
        "type": "Point",
        "coordinates": [
          -75.940139,
          39.257056
        ]
      }
    },
    {
      "type": "Feature",
      "properties": {
        "id": "USGS-01493190",
        "name": "UNNAMED TR TO CHESTER R AT R RD NR CRUMPTON, MD",
        "site_type": "Stream",
        "latest_readings": []
      },
      "geometry": {
        "type": "Point",
        "coordinates": [
          -75.9477222222222,
          39.2570833333333
        ]
      }
    },
    {
      "type": "Feature",
      "properties": {
        "id": "USGS-01493195",
        "name": "UNMD TR TO CHESTER R AT SPRY LNDG, NR CRUMPTON, MD",
        "site_type": "Stream",
        "latest_readings": []
      },
      "geometry": {
        "type": "Point",
        "coordinates": [
          -75.9477222222222,
          39.2561388888889
        ]
      }
    },
    {
      "type": "Feature",
      "properties": {
        "id": "USGS-01493250",
        "name": "UNNAMED TR TO CHESTER R NR MORGNEC, MD",
        "site_type": "Stream",
        "latest_readings": []
      },
      "geometry": {
        "type": "Point",
        "coordinates": [
          -75.9688055555556,
          39.2562777777778
        ]
      }
    },
    {
      "type": "Feature",
      "properties": {
        "id": "USGS-01493300",
        "name": "UNNMD TRIB TO CHESTER R AT TRAVILLA WRF NR MORGNEC",
        "site_type": "Stream",
        "latest_readings": []
      },
      "geometry": {
        "type": "Point",
        "coordinates": [
          -75.98416666666667,
          39.255833333333335
        ]
      }
    },
    {
      "type": "Feature",
      "properties": {
        "id": "USGS-01493490",
        "name": "MORGAN CREEK TRIBUTARY AT BLACKS, MD",
        "site_type": "Stream",
        "latest_readings": []
      },
      "geometry": {
        "type": "Point",
        "coordinates": [
          -75.9360524615033,
          39.3106666705759
        ]
      }
    },
    {
      "type": "Feature",
      "properties": {
        "id": "USGS-0149349040",
        "name": "GOOSE PONDS AT BLACKS, MD",
        "site_type": "Lake, Reservoir, Impoundment",
        "latest_readings": []
      },
      "geometry": {
        "type": "Point",
        "coordinates": [
          -75.9418860830411,
          39.3120555954521
        ]
      }
    },
    {
      "type": "Feature",
      "properties": {
        "id": "USGS-0149349050",
        "name": "MORGAN CREEK NEAR BLACKS, MD",
        "site_type": "Lake, Reservoir, Impoundment",
        "latest_readings": []
      },
      "geometry": {
        "type": "Point",
        "coordinates": [
          -75.9424416784666,
          39.3131667340069
        ]
      }
    },
    {
      "type": "Feature",
      "properties": {
        "id": "USGS-01493491",
        "name": "MORGAN CREEK TRIBUTARY NEAR GALENA, MD",
        "site_type": "Stream",
        "latest_readings": []
      },
      "geometry": {
        "type": "Point",
        "coordinates": [
          -75.9407749831391,
          39.317055716186
        ]
      }
    },
    {
      "type": "Feature",
      "properties": {
        "id": "USGS-01493492",
        "name": "NAU POND NEAR BLACKS, MD",
        "site_type": "Lake, Reservoir, Impoundment",
        "latest_readings": []
      },
      "geometry": {
        "type": "Point",
        "coordinates": [
          -75.9602203095697,
          39.3151112410206
        ]
      }
    },
    {
      "type": "Feature",
      "properties": {
        "id": "USGS-0149349210",
        "name": "MORGAN CREEK TRIBUTARY NEAR BLACKS, MD",
        "site_type": "Stream",
        "latest_readings": []
      },
      "geometry": {
        "type": "Point",
        "coordinates": [
          -75.9604980815167,
          39.3137223156994
        ]
      }
    },
    {
      "type": "Feature",
      "properties": {
        "id": "USGS-0149349280",
        "name": "MORGAN CREEK TRIBUTARY NEAR LOCUST GROVE, MD",
        "site_type": "Stream",
        "latest_readings": []
      },
      "geometry": {
        "type": "Point",
        "coordinates": [
          -75.9607758459071,
          39.3117778200554
        ]
      }
    },
    {
      "type": "Feature",
      "properties": {
        "id": "USGS-0149349290",
        "name": "MORGAN CREEK AT LOCUST GROVE, MD",
        "site_type": "Stream",
        "latest_readings": []
      },
      "geometry": {
        "type": "Point",
        "coordinates": [
          -75.9613314159696,
          39.3109444649156
        ]
      }
    },
    {
      "type": "Feature",
      "properties": {
        "id": "USGS-0149349295",
        "name": "MORGAN CREEK NEAR HARMONY CORNER, MD",
        "site_type": "Lake, Reservoir, Impoundment",
        "latest_readings": []
      },
      "geometry": {
        "type": "Point",
        "coordinates": [
          -75.9629981599941,
          39.3109444655726
        ]
      }
    },
    {
      "type": "Feature",
      "properties": {
        "id": "USGS-01493493",
        "name": "MORGAN CREEK AT HARMONY CORNER, MD",
        "site_type": "Stream",
        "latest_readings": []
      },
      "geometry": {
        "type": "Point",
        "coordinates": [
          -75.9629981599941,
          39.3109444655726
        ]
      }
    },
    {
      "type": "Feature",
      "properties": {
        "id": "USGS-01493495",
        "name": "MORGAN CREEK NEAR LOCUST GROVE, MD",
        "site_type": "Stream",
        "latest_readings": []
      },
      "geometry": {
        "type": "Point",
        "coordinates": [
          -75.9671649508374,
          39.3059443315972
        ]
      }
    },
    {
      "type": "Feature",
      "properties": {
        "id": "USGS-01493496",
        "name": "MORGAN CREEK TRIBUTARY NEAR KENNEDYVILLE, MD",
        "site_type": "Stream",
        "latest_readings": []
      },
      "geometry": {
        "type": "Point",
        "coordinates": [
          -75.9668870565075,
          39.2984441284374
        ]
      }
    },
    {
      "type": "Feature",
      "properties": {
        "id": "USGS-01493497",
        "name": "MORGAN CREEK AT KENNEDYVILLE, MD",
        "site_type": "Stream",
        "latest_readings": []
      },
      "geometry": {
        "type": "Point",
        "coordinates": [
          -75.9849434106091,
          39.2964996101395
        ]
      }
    },
    {
      "type": "Feature",
      "properties": {
        "id": "USGS-01493498",
        "name": "MORGAN CREEK TRIBUTARY AT KENNEDYVILLE, MD",
        "site_type": "Stream",
        "latest_readings": []
      },
      "geometry": {
        "type": "Point",
        "coordinates": [
          -75.9916102610175,
          39.2884438069116
        ]
      }
    },
    {
      "type": "Feature",
      "properties": {
        "id": "USGS-0149349810",
        "name": "MORGAN CREEK TRIBUTARY NEAR MORGNEC, MD",
        "site_type": "Stream",
        "latest_readings": []
      },
      "geometry": {
        "type": "Point",
        "coordinates": [
          -75.9910548844226,
          39.3020553236117
        ]
      }
    },
    {
      "type": "Feature",
      "properties": {
        "id": "USGS-0149349820",
        "name": "MORGAN CREEK TRIBUTARY NEAR LYNCH, MD",
        "site_type": "Stream",
        "latest_readings": []
      },
      "geometry": {
        "type": "Point",
        "coordinates": [
          -75.999666220245,
          39.2909438670491
        ]
      }
    },
    {
      "type": "Feature",
      "properties": {
        "id": "USGS-0149349850",
        "name": "Morgan Creek nr Robinson Corner",
        "site_type": "Stream",
        "latest_readings": []
      },
      "geometry": {
        "type": "Point",
        "coordinates": [
          -76.00505555555556,
          39.28761111111111
        ]
      }
    },
    {
      "type": "Feature",
      "properties": {
        "id": "USGS-01493499",
        "name": "MORGAN CREEK NEAR WORTON, MD",
        "site_type": "Stream",
        "latest_readings": []
      },
      "geometry": {
        "type": "Point",
        "coordinates": [
          -76.0074442573694,
          39.2856658747801
        ]
      }
    },
    {
      "type": "Feature",
      "properties": {
        "id": "USGS-0149349945",
        "name": "Morgan Crk Trib nr Mornec Rd nr Worton, MD",
        "site_type": "Stream",
        "latest_readings": []
      },
      "geometry": {
        "type": "Point",
        "coordinates": [
          -76.0094444444444,
          39.2841666666667
        ]
      }
    },
    {
      "type": "Feature",
      "properties": {
        "id": "USGS-0149349949",
        "name": "Morgan Crk. Trib nr Worton, MD",
        "site_type": "Stream",
        "latest_readings": []
      },
      "geometry": {
        "type": "Point",
        "coordinates": [
          -76.01,
          39.2838888888889
        ]
      }
    },
    {
      "type": "Feature",
      "properties": {
        "id": "USGS-0149349970",
        "name": "Morgan Crk Trib nr Wallis Rd nr Kennedyville, MD",
        "site_type": "Stream",
        "latest_readings": []
      },
      "geometry": {
        "type": "Point",
        "coordinates": [
          -76.0122222222222,
          39.2813888888889
        ]
      }
    },
    {
      "type": "Feature",
      "properties": {
        "id": "USGS-0149349980",
        "name": "Farm Pond nr Kennedyville, MD",
        "site_type": "Lake, Reservoir, Impoundment",
        "latest_readings": []
      },
      "geometry": {
        "type": "Point",
        "coordinates": [
          -76.00805555555556,
          39.280277777777776
        ]
      }
    },
    {
      "type": "Feature",
      "properties": {
        "id": "USGS-01493500",
        "name": "MORGAN CREEK NEAR KENNEDYVILLE, MD",
        "site_type": "Stream",
        "latest_readings": [
          {
            "parameter_code": "00060",
            "value": "3.27",
            "unit": "ft^3/s",
            "time": "2026-09-18T08:45:00+00:00",
            "approval_status": "Provisional",
            "qualifier": null
          },
          {
            "parameter_code": "00065",
            "value": "1.25",
            "unit": "ft",
            "time": "2026-09-18T08:45:00+00:00",
            "approval_status": "Provisional",
            "qualifier": null
          }
        ]
      },
      "geometry": {
        "type": "Point",
        "coordinates": [
          -76.0145555555556,
          39.2800277777778
        ]
      }
    },
    {
      "type": "Feature",
      "properties": {
        "id": "USGS-01493510",
        "name": "MORGAN CREEK NEAR CHESTERTOWN, MD",
        "site_type": "Estuary",
        "latest_readings": []
      },
      "geometry": {
        "type": "Point",
        "coordinates": [
          -76.0396672380776,
          39.2342760612388
        ]
      }
    },
    {
      "type": "Feature",
      "properties": {
        "id": "USGS-01494030",
        "name": "CHESTER RIVER AT CLIFFS CITY, MD",
        "site_type": "Stream",
        "latest_readings": []
      },
      "geometry": {
        "type": "Point",
        "coordinates": [
          -76.1421711486239,
          39.1073330179623
        ]
      }
    },
    {
      "type": "Feature",
      "properties": {
        "id": "USGS-01494035",
        "name": "MILL POND OUTLET NEAR LANGFORD, MD",
        "site_type": "Stream",
        "latest_readings": []
      },
      "geometry": {
        "type": "Point",
        "coordinates": [
          -76.1157815005402,
          39.1878875956621
        ]
      }
    },
    {
      "type": "Feature",
      "properties": {
        "id": "USGS-01494200",
        "name": "CHESTER RIVER NEAR MCKINLEYVILLE, MD",
        "site_type": "Estuary",
        "latest_readings": []
      },
      "geometry": {
        "type": "Point",
        "coordinates": [
          -76.1730059399443,
          39.0867776564424
        ]
      }
    },
    {
      "type": "Feature",
      "properties": {
        "id": "USGS-01494500",
        "name": "JACOBS CREEK NEAR SASSAFRAS, MD",
        "site_type": "Stream",
        "latest_readings": []
      },
      "geometry": {
        "type": "Point",
        "coordinates": [
          -75.8199363215068,
          39.3640005565268
        ]
      }
    },
    {
      "type": "Feature",
      "properties": {
        "id": "USGS-01494600",
        "name": "MILL CREEK AT HAYNESVILLE, MD",
        "site_type": "Stream",
        "latest_readings": []
      },
      "geometry": {
        "type": "Point",
        "coordinates": [
          -76.1346720296639,
          39.2834427597242
        ]
      }
    },
    {
      "type": "Feature",
      "properties": {
        "id": "USGS-390034076124201",
        "name": "KE Eb   4",
        "site_type": "Well",
        "latest_readings": []
      },
      "geometry": {
        "type": "Point",
        "coordinates": [
          -76.211340971879,
          39.00955634133
        ]
      }
    },
    {
      "type": "Feature",
      "properties": {
        "id": "USGS-390124076135801",
        "name": "KE Eb   3",
        "site_type": "Spring",
        "latest_readings": []
      },
      "geometry": {
        "type": "Point",
        "coordinates": [
          -76.2324532674519,
          39.0234450025711
        ]
      }
    },
    {
      "type": "Feature",
      "properties": {
        "id": "USGS-390127076135101",
        "name": "KE Eb   8",
        "site_type": "Well",
        "latest_readings": []
      },
      "geometry": {
        "type": "Point",
        "coordinates": [
          -76.23050872072,
          39.0242783296433
        ]
      }
    },
    {
      "type": "Feature",
      "properties": {
        "id": "USGS-390141076135101",
        "name": "KE Eb   9",
        "site_type": "Well",
        "latest_readings": []
      },
      "geometry": {
        "type": "Point",
        "coordinates": [
          -76.2302309202552,
          39.0215005883067
        ]
      }
    },
    {
      "type": "Feature",
      "properties": {
        "id": "USGS-390141076135801",
        "name": "KE Eb  11",
        "site_type": "Well",
        "latest_readings": []
      },
      "geometry": {
        "type": "Point",
        "coordinates": [
          -76.2313421026747,
          39.0256671987119
        ]
      }
    },
    {
      "type": "Feature",
      "properties": {
        "id": "USGS-390148076140601",
        "name": "KE Eb  10",
        "site_type": "Well",
        "latest_readings": []
      },
      "geometry": {
        "type": "Point",
        "coordinates": [
          -76.2352312120001,
          39.0301115769168
        ]
      }
    },
    {
      "type": "Feature",
      "properties": {
        "id": "USGS-390157076142401",
        "name": "KE Eb   7",
        "site_type": "Well",
        "latest_readings": []
      },
      "geometry": {
        "type": "Point",
        "coordinates": [
          -76.2393981058298,
          39.0317782125058
        ]
      }
    },
    {
      "type": "Feature",
      "properties": {
        "id": "USGS-390215076142201",
        "name": "KE Eb   2",
        "site_type": "Well",
        "latest_readings": []
      },
      "geometry": {
        "type": "Point",
        "coordinates": [
          -76.2391203275012,
          39.037611471298
        ]
      }
    },
    {
      "type": "Feature",
      "properties": {
        "id": "USGS-390218076140901",
        "name": "KE Eb  14",
        "site_type": "Well",
        "latest_readings": []
      },
      "geometry": {
        "type": "Point",
        "coordinates": [
          -76.2355090262323,
          39.0384448022079
        ]
      }
    },
    {
      "type": "Feature",
      "properties": {
        "id": "USGS-390246076130801",
        "name": "KE Eb   1",
        "site_type": "Well",
        "latest_readings": []
      },
      "geometry": {
        "type": "Point",
        "coordinates": [
          -76.2185637050846,
          39.0462225187632
        ]
      }
    },
    {
      "type": "Feature",
      "properties": {
        "id": "USGS-390321076132301",
        "name": "KE Eb  12",
        "site_type": "Well",
        "latest_readings": []
      },
      "geometry": {
        "type": "Point",
        "coordinates": [
          -76.2227306221989,
          39.0559446060832
        ]
      }
    },
    {
      "type": "Feature",
      "properties": {
        "id": "USGS-390359076134601",
        "name": "KE Eb   5",
        "site_type": "Well",
        "latest_readings": []
      },
      "geometry": {
        "type": "Point",
        "coordinates": [
          -76.2291198767823,
          39.0665000108832
        ]
      }
    },
    {
      "type": "Feature",
      "properties": {
        "id": "USGS-390423076131301",
        "name": "KE Eb  13",
        "site_type": "Well",
        "latest_readings": []
      },
      "geometry": {
        "type": "Point",
        "coordinates": [
          -76.2199527532355,
          39.0731666127267
        ]
      }
    },
    {
      "type": "Feature",
      "properties": {
        "id": "USGS-390449076134201",
        "name": "KE Eb   6",
        "site_type": "Well",
        "latest_readings": []
      },
      "geometry": {
        "type": "Point",
        "coordinates": [
          -76.2280087476582,
          39.0803887233222
        ]
      }
    },
    {
      "type": "Feature",
      "properties": {
        "id": "USGS-390507076134001",
        "name": "KE Db  21",
        "site_type": "Well",
        "latest_readings": []
      },
      "geometry": {
        "type": "Point",
        "coordinates": [
          -76.2280087740173,
          39.0895552718438
        ]
      }
    },
    {
      "type": "Feature",
      "properties": {
        "id": "USGS-390522076122801",
        "name": "KE Db  75",
        "site_type": "Well",
        "latest_readings": []
      },
      "geometry": {
        "type": "Point",
        "coordinates": [
          -76.2074521644236,
          39.0895553191475
        ]
      }
    },
    {
      "type": "Feature",
      "properties": {
        "id": "USGS-390522076135801",
        "name": "KE Db  74",
        "site_type": "Well",
        "latest_readings": []
      },
      "geometry": {
        "type": "Point",
        "coordinates": [
          -76.2324534463619,
          39.089555261616
        ]
      }
    },
    {
      "type": "Feature",
      "properties": {
        "id": "USGS-390545076111201",
        "name": "KE Db  27",
        "site_type": "Well",
        "latest_readings": []
      },
      "geometry": {
        "type": "Point",
        "coordinates": [
          -76.1863399993012,
          39.0959441742656
        ]
      }
    },
    {
      "type": "Feature",
      "properties": {
        "id": "USGS-390546076110901",
        "name": "KE Db  28",
        "site_type": "Well",
        "latest_readings": []
      },
      "geometry": {
        "type": "Point",
        "coordinates": [
          -76.185506624688,
          39.0962219503803
        ]
      }
    },
    {
      "type": "Feature",
      "properties": {
        "id": "USGS-390549076140601",
        "name": "KE Db  73",
        "site_type": "Well",
        "latest_readings": []
      },
      "geometry": {
        "type": "Point",
        "coordinates": [
          -76.2346758021957,
          39.0970551598397
        ]
      }
    },
    {
      "type": "Feature",
      "properties": {
        "id": "USGS-390558076110501",
        "name": "KE Db 115",
        "site_type": "Well",
        "latest_readings": []
      },
      "geometry": {
        "type": "Point",
        "coordinates": [
          -76.1843954720081,
          39.0995552433033
        ]
      }
    },
    {
      "type": "Feature",
      "properties": {
        "id": "USGS-390607076135601",
        "name": "KE Db  72",
        "site_type": "Well",
        "latest_readings": []
      },
      "geometry": {
        "type": "Point",
        "coordinates": [
          -76.231897896411,
          39.1020551017893
        ]
      }
    },
    {
      "type": "Feature",
      "properties": {
        "id": "USGS-390613076135501",
        "name": "KE Db  71",
        "site_type": "Well",
        "latest_readings": []
      },
      "geometry": {
        "type": "Point",
        "coordinates": [
          -76.231620109085,
          39.1037217476144
        ]
      }
    },
    {
      "type": "Feature",
      "properties": {
        "id": "USGS-390616076135901",
        "name": "KE Db  70",
        "site_type": "Well",
        "latest_readings": []
      },
      "geometry": {
        "type": "Point",
        "coordinates": [
          -76.2327312788177,
          39.104555067651
        ]
      }
    },
    {
      "type": "Feature",
      "properties": {
        "id": "USGS-390622076083901",
        "name": "KE Dc  70",
        "site_type": "Well",
        "latest_readings": []
      },
      "geometry": {
        "type": "Point",
        "coordinates": [
          -76.1438378928659,
          39.1062219173407
        ]
      }
    },
    {
      "type": "Feature",
      "properties": {
        "id": "USGS-390622076084201",
        "name": "KE Dc  69",
        "site_type": "Well",
        "latest_readings": []
      },
      "geometry": {
        "type": "Point",
        "coordinates": [
          -76.1446712684014,
          39.1062219154235
        ]
      }
    },
    {
      "type": "Feature",
      "properties": {
        "id": "USGS-390622076084202",
        "name": "KE Dc  84",
        "site_type": "Well",
        "latest_readings": []
      },
      "geometry": {
        "type": "Point",
        "coordinates": [
          -76.1446712684014,
          39.1062219154235
        ]
      }
    },
    {
      "type": "Feature",
      "properties": {
        "id": "USGS-390623076083601",
        "name": "KE Dc  87",
        "site_type": "Well",
        "latest_readings": []
      },
      "geometry": {
        "type": "Point",
        "coordinates": [
          -76.1430045190289,
          39.1064996934547
        ]
      }
    },
    {
      "type": "Feature",
      "properties": {
        "id": "USGS-390624076094801",
        "name": "KE Dc  21",
        "site_type": "Well",
        "latest_readings": []
      },
      "geometry": {
        "type": "Point",
        "coordinates": [
          -76.163005533154,
          39.1067774216386
        ]
      }
    },
    {
      "type": "Feature",
      "properties": {
        "id": "USGS-390624076095301",
        "name": "KE Dc  75",
        "site_type": "Well",
        "latest_readings": []
      },
      "geometry": {
        "type": "Point",
        "coordinates": [
          -76.1643944923503,
          39.1067774184432
        ]
      }
    },
    {
      "type": "Feature",
      "properties": {
        "id": "USGS-390624076095302",
        "name": "KE Dc  76",
        "site_type": "Well",
        "latest_readings": []
      },
      "geometry": {
        "type": "Point",
        "coordinates": [
          -76.1643944923503,
          39.1067774184432
        ]
      }
    },
    {
      "type": "Feature",
      "properties": {
        "id": "USGS-390625076084801",
        "name": "KE Dc  68",
        "site_type": "Well",
        "latest_readings": []
      },
      "geometry": {
        "type": "Point",
        "coordinates": [
          -76.1463380244615,
          39.1070552341795
        ]
      }
    },
    {
      "type": "Feature",
      "properties": {
        "id": "USGS-390626076083301",
        "name": "KE Dc  89",
        "site_type": "Well",
        "latest_readings": []
      },
      "geometry": {
        "type": "Point",
        "coordinates": [
          -76.1421711486239,
          39.1073330179623
        ]
      }
    },
    {
      "type": "Feature",
      "properties": {
        "id": "USGS-390626076083302",
        "name": "KE Dc  91",
        "site_type": "Well",
        "latest_readings": []
      },
      "geometry": {
        "type": "Point",
        "coordinates": [
          -76.1421711486239,
          39.1073330179623
        ]
      }
    },
    {
      "type": "Feature",
      "properties": {
        "id": "USGS-390631076142101",
        "name": "KE Db  20",
        "site_type": "Well",
        "latest_readings": []
      },
      "geometry": {
        "type": "Point",
        "coordinates": [
          -76.2388427100604,
          39.1087216665569
        ]
      }
    },
    {
      "type": "Feature",
      "properties": {
        "id": "USGS-390633076113101",
        "name": "KE Db  26",
        "site_type": "Well",
        "latest_readings": []
      },
      "geometry": {
        "type": "Point",
        "coordinates": [
          -76.1916181032527,
          39.1092773235899
        ]
      }
    },
    {
      "type": "Feature",
      "properties": {
        "id": "USGS-390634076113001",
        "name": "KE Db 125",
        "site_type": "Well",
        "latest_readings": []
      },
      "geometry": {
        "type": "Point",
        "coordinates": [
          -76.1913403126268,
          39.1095550984262
        ]
      }
    },
    {
      "type": "Feature",
      "properties": {
        "id": "USGS-390635076114101",
        "name": "KE Db 126",
        "site_type": "Well",
        "latest_readings": []
      },
      "geometry": {
        "type": "Point",
        "coordinates": [
          -76.1943960236897,
          39.109832865594
        ]
      }
    },
    {
      "type": "Feature",
      "properties": {
        "id": "USGS-390637076124401",
        "name": "KE Db  23",
        "site_type": "Well",
        "latest_readings": []
      },
      "geometry": {
        "type": "Point",
        "coordinates": [
          -76.2118969094642,
          39.1103883737295
        ]
      }
    },
    {
      "type": "Feature",
      "properties": {
        "id": "USGS-390638076143801",
        "name": "KE Db  69",
        "site_type": "Well",
        "latest_readings": []
      },
      "geometry": {
        "type": "Point",
        "coordinates": [
          -76.2435651754168,
          39.1106660750775
        ]
      }
    },
    {
      "type": "Feature",
      "properties": {
        "id": "USGS-390639076123901",
        "name": "KE Db 101",
        "site_type": "Well",
        "latest_readings": []
      },
      "geometry": {
        "type": "Point",
        "coordinates": [
          -76.210507952427,
          39.1109439253196
        ]
      }
    },
    {
      "type": "Feature",
      "properties": {
        "id": "USGS-390640076083401",
        "name": "KE Dc  65",
        "site_type": "Well",
        "latest_readings": []
      },
      "geometry": {
        "type": "Point",
        "coordinates": [
          -76.1424489643171,
          39.1112218560781
        ]
      }
    },
    {
      "type": "Feature",
      "properties": {
        "id": "USGS-390642076082001",
        "name": "KE Dc  66",
        "site_type": "Well",
        "latest_readings": []
      },
      "geometry": {
        "type": "Point",
        "coordinates": [
          -76.1385598827169,
          39.1117774134179
        ]
      }
    },
    {
      "type": "Feature",
      "properties": {
        "id": "USGS-390642076082002",
        "name": "KE Dc  67",
        "site_type": "Well",
        "latest_readings": []
      },
      "geometry": {
        "type": "Point",
        "coordinates": [
          -76.1385598827169,
          39.1117774134179
        ]
      }
    },
    {
      "type": "Feature",
      "properties": {
        "id": "USGS-390643076123301",
        "name": "KE Db 102",
        "site_type": "Well",
        "latest_readings": []
      },
      "geometry": {
        "type": "Point",
        "coordinates": [
          -76.2088412056625,
          39.1120550259435
        ]
      }
    },
    {
      "type": "Feature",
      "properties": {
        "id": "USGS-390644076084601",
        "name": "KE Dc  22",
        "site_type": "Well",
        "latest_readings": []
      },
      "geometry": {
        "type": "Point",
        "coordinates": [
          -76.1457824724997,
          39.112332945197
        ]
      }
    },
    {
      "type": "Feature",
      "properties": {
        "id": "USGS-390645076105901",
        "name": "KE Db 117",
        "site_type": "Well",
        "latest_readings": []
      },
      "geometry": {
        "type": "Point",
        "coordinates": [
          -76.1827287805789,
          39.1126106344054
        ]
      }
    },
    {
      "type": "Feature",
      "properties": {
        "id": "USGS-390647076144301",
        "name": "KE Db  68",
        "site_type": "Well",
        "latest_readings": []
      },
      "geometry": {
        "type": "Point",
        "coordinates": [
          -76.2449541399822,
          39.1131660396625
        ]
      }
    },
    {
      "type": "Feature",
      "properties": {
        "id": "USGS-390648076112101",
        "name": "KE Db 116",
        "site_type": "Well",
        "latest_readings": []
      },
      "geometry": {
        "type": "Point",
        "coordinates": [
          -76.1888402033242,
          39.1134439429389
        ]
      }
    },
    {
      "type": "Feature",
      "properties": {
        "id": "USGS-390649076091401",
        "name": "KE Dc  74",
        "site_type": "Well",
        "latest_readings": []
      },
      "geometry": {
        "type": "Point",
        "coordinates": [
          -76.153560650286,
          39.1137217982891
        ]
      }
    },
    {
      "type": "Feature",
      "properties": {
        "id": "USGS-390649076133901",
        "name": "KE Db  15",
        "site_type": "Well",
        "latest_readings": []
      },
      "geometry": {
        "type": "Point",
        "coordinates": [
          -76.2271754682124,
          39.1137216289541
        ]
      }
    },
    {
      "type": "Feature",
      "properties": {
        "id": "USGS-390650076084701",
        "name": "KE Dc  78",
        "site_type": "Well",
        "latest_readings": []
      },
      "geometry": {
        "type": "Point",
        "coordinates": [
          -76.1460602742765,
          39.1139995897389
        ]
      }
    },
    {
      "type": "Feature",
      "properties": {
        "id": "USGS-390650076140201",
        "name": "KE Db  65",
        "site_type": "Well",
        "latest_readings": []
      },
      "geometry": {
        "type": "Point",
        "coordinates": [
          -76.2335646795648,
          39.1139993884548
        ]
      }
    },
    {
      "type": "Feature",
      "properties": {
        "id": "USGS-390650076144501",
        "name": "KE Db 127",
        "site_type": "Well",
        "latest_readings": []
      },
      "geometry": {
        "type": "Point",
        "coordinates": [
          -76.2455097253661,
          39.1139993609779
        ]
      }
    },
    {
      "type": "Feature",
      "properties": {
        "id": "USGS-390652076114001",
        "name": "KE Db 114",
        "site_type": "Well",
        "latest_readings": []
      },
      "geometry": {
        "type": "Point",
        "coordinates": [
          -76.1941182515592,
          39.114555027587
        ]
      }
    },
    {
      "type": "Feature",
      "properties": {
        "id": "USGS-390653076144601",
        "name": "KE Db  67",
        "site_type": "Well",
        "latest_readings": []
      },
      "geometry": {
        "type": "Point",
        "coordinates": [
          -76.2457875189607,
          39.1148326829323
        ]
      }
    },
    {
      "type": "Feature",
      "properties": {
        "id": "USGS-390654076131501",
        "name": "KE Db 103",
        "site_type": "Well",
        "latest_readings": []
      },
      "geometry": {
        "type": "Point",
        "coordinates": [
          -76.2205084702248,
          39.1151105152778
        ]
      }
    },
    {
      "type": "Feature",
      "properties": {
        "id": "USGS-390654076135001",
        "name": "KE Db  17",
        "site_type": "Well",
        "latest_readings": []
      },
      "geometry": {
        "type": "Point",
        "coordinates": [
          -76.2302311815119,
          39.1151104929133
        ]
      }
    },
    {
      "type": "Feature",
      "properties": {
        "id": "USGS-390656076085801",
        "name": "KE Dc  71",
        "site_type": "Well",
        "latest_readings": []
      },
      "geometry": {
        "type": "Point",
        "coordinates": [
          -76.1491159934698,
          39.115666227891
        ]
      }
    },
    {
      "type": "Feature",
      "properties": {
        "id": "USGS-390656076132701",
        "name": "KE Db 104",
        "site_type": "Well",
        "latest_readings": []
      },
      "geometry": {
        "type": "Point",
        "coordinates": [
          -76.2238419729233,
          39.1156660560052
        ]
      }
    },
    {
      "type": "Feature",
      "properties": {
        "id": "USGS-390700076103201",
        "name": "KE Db 121",
        "site_type": "Well",
        "latest_readings": []
      },
      "geometry": {
        "type": "Point",
        "coordinates": [
          -76.1752284229462,
          39.1167772646152
        ]
      }
    },
    {
      "type": "Feature",
      "properties": {
        "id": "USGS-390700076114301",
        "name": "KE Db 124",
        "site_type": "Well",
        "latest_readings": []
      },
      "geometry": {
        "type": "Point",
        "coordinates": [
          -76.194951636019,
          39.1167772192483
        ]
      }
    },
    {
      "type": "Feature",
      "properties": {
        "id": "USGS-390701076064001",
        "name": "KE Dc   1",
        "site_type": "Well",
        "latest_readings": []
      },
      "geometry": {
        "type": "Point",
        "coordinates": [
          -76.110780742832,
          39.1170551870526
        ]
      }
    },
    {
      "type": "Feature",
      "properties": {
        "id": "USGS-390702076103101",
        "name": "KE Db 120",
        "site_type": "Well",
        "latest_readings": []
      },
      "geometry": {
        "type": "Point",
        "coordinates": [
          -76.1749506339333,
          39.1173328136484
        ]
      }
    },
    {
      "type": "Feature",
      "properties": {
        "id": "USGS-390702076103601",
        "name": "KE Db 122",
        "site_type": "Well",
        "latest_readings": []
      },
      "geometry": {
        "type": "Point",
        "coordinates": [
          -76.176339592571,
          39.1173328104536
        ]
      }
    },
    {
      "type": "Feature",
      "properties": {
        "id": "USGS-390703076103001",
        "name": "KE Db  25",
        "site_type": "Well",
        "latest_readings": []
      },
      "geometry": {
        "type": "Point",
        "coordinates": [
          -76.174672843569,
          39.1176105884844
        ]
      }
    },
    {
      "type": "Feature",
      "properties": {
        "id": "USGS-390703076145001",
        "name": "KE Db  66",
        "site_type": "Well",
        "latest_readings": []
      },
      "geometry": {
        "type": "Point",
        "coordinates": [
          -76.2468986919652,
          39.1176104223544
        ]
      }
    },
    {
      "type": "Feature",
      "properties": {
        "id": "USGS-390704076095001",
        "name": "KE Dc  77",
        "site_type": "Well",
        "latest_readings": []
      },
      "geometry": {
        "type": "Point",
        "coordinates": [
          -76.1635611760658,
          39.1178883882399
        ]
      }
    },
    {
      "type": "Feature",
      "properties": {
        "id": "USGS-390704076103801",
        "name": "KE Db 119",
        "site_type": "Well",
        "latest_readings": []
      },
      "geometry": {
        "type": "Point",
        "coordinates": [
          -76.1768951787055,
          39.1178883575699
        ]
      }
    },
    {
      "type": "Feature",
      "properties": {
        "id": "USGS-390704076114701",
        "name": "KE Db  24",
        "site_type": "Well",
        "latest_readings": []
      },
      "geometry": {
        "type": "Point",
        "coordinates": [
          -76.1960628075001,
          39.1178883134817
        ]
      }
    },
    {
      "type": "Feature",
      "properties": {
        "id": "USGS-390705076125401",
        "name": "KE Db 105",
        "site_type": "Well",
        "latest_readings": []
      },
      "geometry": {
        "type": "Point",
        "coordinates": [
          -76.2146748537913,
          39.118166044869
        ]
      }
    },
    {
      "type": "Feature",
      "properties": {
        "id": "USGS-390706076105101",
        "name": "KE Db 118",
        "site_type": "Well",
        "latest_readings": []
      },
      "geometry": {
        "type": "Point",
        "coordinates": [
          -76.1805064736901,
          39.1184438976577
        ]
      }
    },
    {
      "type": "Feature",
      "properties": {
        "id": "USGS-390707076080601",
        "name": "KE Dc  62",
        "site_type": "Well",
        "latest_readings": []
      },
      "geometry": {
        "type": "Point",
        "coordinates": [
          -76.1346708423729,
          39.1187217772817
        ]
      }
    },
    {
      "type": "Feature",
      "properties": {
        "id": "USGS-390707076114801",
        "name": "KE Db 113",
        "site_type": "Well",
        "latest_readings": []
      },
      "geometry": {
        "type": "Point",
        "coordinates": [
          -76.1963406026235,
          39.1187216354347
        ]
      }
    },
    {
      "type": "Feature",
      "properties": {
        "id": "USGS-390708076124201",
        "name": "KE Db 106",
        "site_type": "Well",
        "latest_readings": []
      },
      "geometry": {
        "type": "Point",
        "coordinates": [
          -76.2113413560921,
          39.1189993751288
        ]
      }
    },
    {
      "type": "Feature",
      "properties": {
        "id": "USGS-390709076072701",
        "name": "KE Dc  92",
        "site_type": "Well",
        "latest_readings": []
      },
      "geometry": {
        "type": "Point",
        "coordinates": [
          -76.1238369693746,
          39.1192773505939
        ]
      }
    },
    {
      "type": "Feature",
      "properties": {
        "id": "USGS-390709076111501",
        "name": "KE Db  14",
        "site_type": "Well",
        "latest_readings": []
      },
      "geometry": {
        "type": "Point",
        "coordinates": [
          -76.1871734785617,
          39.1192772049145
        ]
      }
    },
    {
      "type": "Feature",
      "properties": {
        "id": "USGS-390710076075601",
        "name": "KE Dc  13",
        "site_type": "Well",
        "latest_readings": []
      },
      "geometry": {
        "type": "Point",
        "coordinates": [
          -76.1318929306925,
          39.1195551062612
        ]
      }
    },
    {
      "type": "Feature",
      "properties": {
        "id": "USGS-390710076131601",
        "name": "KE Db 109",
        "site_type": "Well",
        "latest_readings": []
      },
      "geometry": {
        "type": "Point",
        "coordinates": [
          -76.2207862759791,
          39.1195549017997
        ]
      }
    },
    {
      "type": "Feature",
      "properties": {
        "id": "USGS-390711076085001",
        "name": "KE Dc  20",
        "site_type": "Well",
        "latest_readings": []
      },
      "geometry": {
        "type": "Point",
        "coordinates": [
          -76.1468936843668,
          39.1198328459552
        ]
      }
    },
    {
      "type": "Feature",
      "properties": {
        "id": "USGS-390711076125701",
        "name": "KE Db 107",
        "site_type": "Well",
        "latest_readings": []
      },
      "geometry": {
        "type": "Point",
        "coordinates": [
          -76.2155082345338,
          39.1198326881371
        ]
      }
    },
    {
      "type": "Feature",
      "properties": {
        "id": "USGS-390712076084701",
        "name": "KE Dc  64",
        "site_type": "Well",
        "latest_readings": []
      },
      "geometry": {
        "type": "Point",
        "coordinates": [
          -76.1460603109296,
          39.1201106220688
        ]
      }
    },
    {
      "type": "Feature",
      "properties": {
        "id": "USGS-390714076072401",
        "name": "KE Dc  11",
        "site_type": "Well",
        "latest_readings": []
      },
      "geometry": {
        "type": "Point",
        "coordinates": [
          -76.1230036038041,
          39.1206662234937
        ]
      }
    },
    {
      "type": "Feature",
      "properties": {
        "id": "USGS-390714076133401",
        "name": "KE Db  16",
        "site_type": "Well",
        "latest_readings": []
      },
      "geometry": {
        "type": "Point",
        "coordinates": [
          -76.2257865299406,
          39.1206659870891
        ]
      }
    },
    {
      "type": "Feature",
      "properties": {
        "id": "USGS-390715076143001",
        "name": "KE Db  64",
        "site_type": "Well",
        "latest_readings": []
      },
      "geometry": {
        "type": "Point",
        "coordinates": [
          -76.2413428653649,
          39.1209437255067
        ]
      }
    },
    {
      "type": "Feature",
      "properties": {
        "id": "USGS-390716076054901",
        "name": "KE Dc   8",
        "site_type": "Well",
        "latest_readings": []
      },
      "geometry": {
        "type": "Point",
        "coordinates": [
          -76.096613463099,
          39.1295550584745
        ]
      }
    },
    {
      "type": "Feature",
      "properties": {
        "id": "USGS-390716076070201",
        "name": "KE Dc  27",
        "site_type": "Well",
        "latest_readings": []
      },
      "geometry": {
        "type": "Point",
        "coordinates": [
          -76.1168921905238,
          39.1212217859432
        ]
      }
    },
    {
      "type": "Feature",
      "properties": {
        "id": "USGS-390716076073001",
        "name": "KE Dc  85",
        "site_type": "Well",
        "latest_readings": []
      },
      "geometry": {
        "type": "Point",
        "coordinates": [
          -76.1246703577425,
          39.1212217680533
        ]
      }
    },
    {
      "type": "Feature",
      "properties": {
        "id": "USGS-390716076073002",
        "name": "KE Dc  26",
        "site_type": "Well",
        "latest_readings": []
      },
      "geometry": {
        "type": "Point",
        "coordinates": [
          -76.1246703577425,
          39.1212217680533
        ]
      }
    },
    {
      "type": "Feature",
      "properties": {
        "id": "USGS-390716076073003",
        "name": "KE Dc  81",
        "site_type": "Well",
        "latest_readings": []
      },
      "geometry": {
        "type": "Point",
        "coordinates": [
          -76.1246703577425,
          39.1212217680533
        ]
      }
    },
    {
      "type": "Feature",
      "properties": {
        "id": "USGS-390716076143301",
        "name": "KE Db  18",
        "site_type": "Well",
        "latest_readings": []
      },
      "geometry": {
        "type": "Point",
        "coordinates": [
          -76.2421762410817,
          39.1212214977877
        ]
      }
    },
    {
      "type": "Feature",
      "properties": {
        "id": "USGS-390717076075401",
        "name": "KE Dc  63",
        "site_type": "Well",
        "latest_readings": []
      },
      "geometry": {
        "type": "Point",
        "coordinates": [
          -76.1313373600375,
          39.1214995269158
        ]
      }
    },
    {
      "type": "Feature",
      "properties": {
        "id": "USGS-390717076125901",
        "name": "KE Db 108",
        "site_type": "Well",
        "latest_readings": []
      },
      "geometry": {
        "type": "Point",
        "coordinates": [
          -76.216063823487,
          39.1214993320442
        ]
      }
    },
    {
      "type": "Feature",
      "properties": {
        "id": "USGS-390719076090901",
        "name": "KE Dc  24",
        "site_type": "Well",
        "latest_readings": []
      },
      "geometry": {
        "type": "Point",
        "coordinates": [
          -76.1521717394983,
          39.1220550273903
        ]
      }
    },
    {
      "type": "Feature",
      "properties": {
        "id": "USGS-390719076090902",
        "name": "KE Dc  72",
        "site_type": "Well",
        "latest_readings": []
      },
      "geometry": {
        "type": "Point",
        "coordinates": [
          -76.1521717394983,
          39.1220550273903
        ]
      }
    },
    {
      "type": "Feature",
      "properties": {
        "id": "USGS-390719076090903",
        "name": "KE Dc  73",
        "site_type": "Well",
        "latest_readings": []
      },
      "geometry": {
        "type": "Point",
        "coordinates": [
          -76.1521717394983,
          39.1220550273903
        ]
      }
    },
    {
      "type": "Feature",
      "properties": {
        "id": "USGS-390720076131301",
        "name": "KE Db 110",
        "site_type": "Well",
        "latest_readings": []
      },
      "geometry": {
        "type": "Point",
        "coordinates": [
          -76.2199529097073,
          39.1223326456919
        ]
      }
    },
    {
      "type": "Feature",
      "properties": {
        "id": "USGS-390722076125801",
        "name": "KE Db  34",
        "site_type": "Well",
        "latest_readings": []
      },
      "geometry": {
        "type": "Point",
        "coordinates": [
          -76.2157860364442,
          39.1228882036707
        ]
      }
    },
    {
      "type": "Feature",
      "properties": {
        "id": "USGS-390723076111101",
        "name": "KE Db 111",
        "site_type": "Well",
        "latest_readings": []
      },
      "geometry": {
        "type": "Point",
        "coordinates": [
          -76.1860623291316,
          39.1231660462312
        ]
      }
    },
    {
      "type": "Feature",
      "properties": {
        "id": "USGS-390725076135601",
        "name": "KE Db  63",
        "site_type": "Well",
        "latest_readings": []
      },
      "geometry": {
        "type": "Point",
        "coordinates": [
          -76.231897955504,
          39.1237214892069
        ]
      }
    },
    {
      "type": "Feature",
      "properties": {
        "id": "USGS-390726076124801",
        "name": "KE Db  22",
        "site_type": "Well",
        "latest_readings": []
      },
      "geometry": {
        "type": "Point",
        "coordinates": [
          -76.2135637069008,
          39.1239993055719
        ]
      }
    },
    {
      "type": "Feature",
      "properties": {
        "id": "USGS-390730076115001",
        "name": "KE Db 112",
        "site_type": "Well",
        "latest_readings": []
      },
      "geometry": {
        "type": "Point",
        "coordinates": [
          -76.1968962119941,
          39.125110440695
        ]
      }
    },
    {
      "type": "Feature",
      "properties": {
        "id": "USGS-390730076143501",
        "name": "KE Db  58",
        "site_type": "Well",
        "latest_readings": []
      },
      "geometry": {
        "type": "Point",
        "coordinates": [
          -76.2427318334557,
          39.1251103352786
        ]
      }
    },
    {
      "type": "Feature",
      "properties": {
        "id": "USGS-390732076125301",
        "name": "KE Db  95",
        "site_type": "Well",
        "latest_readings": []
      },
      "geometry": {
        "type": "Point",
        "coordinates": [
          -76.2143970875287,
          39.1256659488401
        ]
      }
    },
    {
      "type": "Feature",
      "properties": {
        "id": "USGS-390732076132601",
        "name": "KE Db  62",
        "site_type": "Well",
        "latest_readings": []
      },
      "geometry": {
        "type": "Point",
        "coordinates": [
          -76.223564211627,
          39.125665927757
        ]
      }
    },
    {
      "type": "Feature",
      "properties": {
        "id": "USGS-390733076141301",
        "name": "KE Db  59",
        "site_type": "Well",
        "latest_readings": []
      },
      "geometry": {
        "type": "Point",
        "coordinates": [
          -76.2366204193836,
          39.1259436719273
        ]
      }
    },
    {
      "type": "Feature",
      "properties": {
        "id": "USGS-390733076141302",
        "name": "KE Db  60",
        "site_type": "Well",
        "latest_readings": []
      },
      "geometry": {
        "type": "Point",
        "coordinates": [
          -76.2366204193836,
          39.1259436719273
        ]
      }
    },
    {
      "type": "Feature",
      "properties": {
        "id": "USGS-390737076135201",
        "name": "KE Db  61",
        "site_type": "Well",
        "latest_readings": []
      },
      "geometry": {
        "type": "Point",
        "coordinates": [
          -76.2307867980967,
          39.1270547821344
        ]
      }
    },
    {
      "type": "Feature",
      "properties": {
        "id": "USGS-390739076113201",
        "name": "KE Db 123",
        "site_type": "Well",
        "latest_readings": []
      },
      "geometry": {
        "type": "Point",
        "coordinates": [
          -76.1918959730087,
          39.1276104199704
        ]
      }
    },
    {
      "type": "Feature",
      "properties": {
        "id": "USGS-390740076125501",
        "name": "KE Db  94",
        "site_type": "Well",
        "latest_readings": []
      },
      "geometry": {
        "type": "Point",
        "coordinates": [
          -76.2149526783029,
          39.1278881411423
        ]
      }
    },
    {
      "type": "Feature",
      "properties": {
        "id": "USGS-390742076063101",
        "name": "KE Dc  61",
        "site_type": "Well",
        "latest_readings": []
      },
      "geometry": {
        "type": "Point",
        "coordinates": [
          -76.1082807019591,
          39.1284439348573
        ]
      }
    },
    {
      "type": "Feature",
      "properties": {
        "id": "USGS-390743076125601",
        "name": "KE Db  93",
        "site_type": "Well",
        "latest_readings": []
      },
      "geometry": {
        "type": "Point",
        "coordinates": [
          -76.2152304727207,
          39.1287214630959
        ]
      }
    },
    {
      "type": "Feature",
      "properties": {
        "id": "USGS-390748076055401",
        "name": "KE Dc   7",
        "site_type": "Well",
        "latest_readings": []
      },
      "geometry": {
        "type": "Point",
        "coordinates": [
          -76.0980024254392,
          39.130110603673
        ]
      }
    },
    {
      "type": "Feature",
      "properties": {
        "id": "USGS-390748076070901",
        "name": "KE Dc   6",
        "site_type": "Well",
        "latest_readings": []
      },
      "geometry": {
        "type": "Point",
        "coordinates": [
          -76.118836912112,
          39.1467770075527
        ]
      }
    },
    {
      "type": "Feature",
      "properties": {
        "id": "USGS-390749076055401",
        "name": "KE Dc  55",
        "site_type": "Well",
        "latest_readings": []
      },
      "geometry": {
        "type": "Point",
        "coordinates": [
          -76.0980024276139,
          39.1303883778693
        ]
      }
    },
    {
      "type": "Feature",
      "properties": {
        "id": "USGS-390750076061701",
        "name": "KE Dc  56",
        "site_type": "Well",
        "latest_readings": []
      },
      "geometry": {
        "type": "Point",
        "coordinates": [
          -76.1043916362763,
          39.1306661373725
        ]
      }
    },
    {
      "type": "Feature",
      "properties": {
        "id": "USGS-390750076091701",
        "name": "KE Dc  36",
        "site_type": "Well",
        "latest_readings": []
      },
      "geometry": {
        "type": "Point",
        "coordinates": [
          -76.1543941218323,
          39.1306660223827
        ]
      }
    },
    {
      "type": "Feature",
      "properties": {
        "id": "USGS-390752076055401",
        "name": "KE Dc  54",
        "site_type": "Well",
        "latest_readings": []
      },
      "geometry": {
        "type": "Point",
        "coordinates": [
          -76.0980024341379,
          39.1312217004583
        ]
      }
    },
    {
      "type": "Feature",
      "properties": {
        "id": "USGS-390753076054201",
        "name": "KE Dc  53",
        "site_type": "Well",
        "latest_readings": []
      },
      "geometry": {
        "type": "Point",
        "coordinates": [
          -76.0946689373813,
          39.1314994823206
        ]
      }
    },
    {
      "type": "Feature",
      "properties": {
        "id": "USGS-390753076104901",
        "name": "KE Db   4",
        "site_type": "Well",
        "latest_readings": []
      },
      "geometry": {
        "type": "Point",
        "coordinates": [
          -76.1802287432828,
          39.1314992855627
        ]
      }
    },
    {
      "type": "Feature",
      "properties": {
        "id": "USGS-390757076095901",
        "name": "KE Dc  31",
        "site_type": "Well",
        "latest_readings": []
      },
      "geometry": {
        "type": "Point",
        "coordinates": [
          -76.1660613786426,
          39.1326104149308
        ]
      }
    },
    {
      "type": "Feature",
      "properties": {
        "id": "USGS-390758076095801",
        "name": "KE Dc  32",
        "site_type": "Well",
        "latest_readings": []
      },
      "geometry": {
        "type": "Point",
        "coordinates": [
          -76.16575848578444,
          39.13280477255544
        ]
      }
    },
    {
      "type": "Feature",
      "properties": {
        "id": "USGS-390800076125001",
        "name": "KE Db  92",
        "site_type": "Well",
        "latest_readings": []
      },
      "geometry": {
        "type": "Point",
        "coordinates": [
          -76.2135637392566,
          39.1334436282862
        ]
      }
    },
    {
      "type": "Feature",
      "properties": {
        "id": "USGS-390801076095101",
        "name": "KE Dc  33",
        "site_type": "Well",
        "latest_readings": []
      },
      "geometry": {
        "type": "Point",
        "coordinates": [
          -76.1638390520275,
          39.1337215168293
        ]
      }
    },
    {
      "type": "Feature",
      "properties": {
        "id": "USGS-390804076070701",
        "name": "KE Dc  86",
        "site_type": "Well",
        "latest_readings": []
      },
      "geometry": {
        "type": "Point",
        "coordinates": [
          -76.1182812430381,
          39.1345549441824
        ]
      }
    },
    {
      "type": "Feature",
      "properties": {
        "id": "USGS-390804076101301",
        "name": "KE Db  96",
        "site_type": "Well",
        "latest_readings": []
      },
      "geometry": {
        "type": "Point",
        "coordinates": [
          -76.1699504704569,
          39.1345548253668
        ]
      }
    },
    {
      "type": "Feature",
      "properties": {
        "id": "USGS-390805076070801",
        "name": "KE Dc  12",
        "site_type": "Well",
        "latest_readings": []
      },
      "geometry": {
        "type": "Point",
        "coordinates": [
          -76.1185590365404,
          39.1348327177402
        ]
      }
    },
    {
      "type": "Feature",
      "properties": {
        "id": "USGS-390808076130601",
        "name": "KE Db   5",
        "site_type": "Well",
        "latest_readings": []
      },
      "geometry": {
        "type": "Point",
        "coordinates": [
          -76.2180084114058,
          39.1356658116455
        ]
      }
    },
    {
      "type": "Feature",
      "properties": {
        "id": "USGS-390810076081601",
        "name": "KE Dc  19",
        "site_type": "Well",
        "latest_readings": []
      },
      "geometry": {
        "type": "Point",
        "coordinates": [
          -76.1374488702043,
          39.136221545286
        ]
      }
    },
    {
      "type": "Feature",
      "properties": {
        "id": "USGS-390810076131701",
        "name": "KE Db  51",
        "site_type": "Well",
        "latest_readings": []
      },
      "geometry": {
        "type": "Point",
        "coordinates": [
          -76.2210641200188,
          39.136221353014
        ]
      }
    },
    {
      "type": "Feature",
      "properties": {
        "id": "USGS-390811076130901",
        "name": "KE Db  91",
        "site_type": "Well",
        "latest_readings": []
      },
      "geometry": {
        "type": "Point",
        "coordinates": [
          -76.2188417886936,
          39.1364991323218
        ]
      }
    },
    {
      "type": "Feature",
      "properties": {
        "id": "USGS-390812076141201",
        "name": "KE Db   1",
        "site_type": "Well",
        "latest_readings": []
      },
      "geometry": {
        "type": "Point",
        "coordinates": [
          -76.2363426554592,
          39.1367768662767
        ]
      }
    },
    {
      "type": "Feature",
      "properties": {
        "id": "USGS-390812076141202",
        "name": "KE Db  35",
        "site_type": "Well",
        "latest_readings": []
      },
      "geometry": {
        "type": "Point",
        "coordinates": [
          -76.2363426554592,
          39.1367768662767
        ]
      }
    },
    {
      "type": "Feature",
      "properties": {
        "id": "USGS-390812076141301",
        "name": "KE Db  56",
        "site_type": "Well",
        "latest_readings": []
      },
      "geometry": {
        "type": "Point",
        "coordinates": [
          -76.236620446981,
          39.1367768656379
        ]
      }
    },
    {
      "type": "Feature",
      "properties": {
        "id": "USGS-390812076141401",
        "name": "KE Db  57",
        "site_type": "Well",
        "latest_readings": []
      },
      "geometry": {
        "type": "Point",
        "coordinates": [
          -76.2368982385027,
          39.1367768649992
        ]
      }
    },
    {
      "type": "Feature",
      "properties": {
        "id": "USGS-390812076141402",
        "name": "KE Db  76",
        "site_type": "Well",
        "latest_readings": []
      },
      "geometry": {
        "type": "Point",
        "coordinates": [
          -76.2368982385027,
          39.1367768649992
        ]
      }
    },
    {
      "type": "Feature",
      "properties": {
        "id": "USGS-390813076081001",
        "name": "KE Dc  17",
        "site_type": "Well",
        "latest_readings": []
      },
      "geometry": {
        "type": "Point",
        "coordinates": [
          -76.1357821263631,
          39.1370548717088
        ]
      }
    },
    {
      "type": "Feature",
      "properties": {
        "id": "USGS-390813076115501",
        "name": "KE Db  33",
        "site_type": "Well",
        "latest_readings": []
      },
      "geometry": {
        "type": "Point",
        "coordinates": [
          -76.1982852180938,
          39.1370547279858
        ]
      }
    },
    {
      "type": "Feature",
      "properties": {
        "id": "USGS-390813076134701",
        "name": "KE Db   3",
        "site_type": "Well",
        "latest_readings": []
      },
      "geometry": {
        "type": "Point",
        "coordinates": [
          -76.2293978681997,
          39.1370546564436
        ]
      }
    },
    {
      "type": "Feature",
      "properties": {
        "id": "USGS-390813076141301",
        "name": "KE Db  38",
        "site_type": "Well",
        "latest_readings": []
      },
      "geometry": {
        "type": "Point",
        "coordinates": [
          -76.2366204476886,
          39.1370546398356
        ]
      }
    },
    {
      "type": "Feature",
      "properties": {
        "id": "USGS-390813076141501",
        "name": "KE Db  55",
        "site_type": "Well",
        "latest_readings": []
      },
      "geometry": {
        "type": "Point",
        "coordinates": [
          -76.2371760307262,
          39.1370546385581
        ]
      }
    },
    {
      "type": "Feature",
      "properties": {
        "id": "USGS-390814076080801",
        "name": "KE Dc  18",
        "site_type": "Well",
        "latest_readings": []
      },
      "geometry": {
        "type": "Point",
        "coordinates": [
          -76.1352265451062,
          39.1373326471831
        ]
      }
    },
    {
      "type": "Feature",
      "properties": {
        "id": "USGS-390814076101101",
        "name": "KE Db  97",
        "site_type": "Well",
        "latest_readings": []
      },
      "geometry": {
        "type": "Point",
        "coordinates": [
          -76.1693949015574,
          39.1373325686148
        ]
      }
    },
    {
      "type": "Feature",
      "properties": {
        "id": "USGS-390814076132701",
        "name": "KE Db  52",
        "site_type": "Well",
        "latest_readings": []
      },
      "geometry": {
        "type": "Point",
        "coordinates": [
          -76.2238420386665,
          39.1373324434166
        ]
      }
    },
    {
      "type": "Feature",
      "properties": {
        "id": "USGS-390814076134701",
        "name": "KE Db  36",
        "site_type": "Well",
        "latest_readings": []
      },
      "geometry": {
        "type": "Point",
        "coordinates": [
          -76.2293978689838,
          39.1373324306413
        ]
      }
    },
    {
      "type": "Feature",
      "properties": {
        "id": "USGS-390816076100701",
        "name": "KE Db  13",
        "site_type": "Well",
        "latest_readings": []
      },
      "geometry": {
        "type": "Point",
        "coordinates": [
          -76.1682837383556,
          39.1378881195639
        ]
      }
    },
    {
      "type": "Feature",
      "properties": {
        "id": "USGS-390816076115501",
        "name": "KE Db  89",
        "site_type": "Well",
        "latest_readings": []
      },
      "geometry": {
        "type": "Point",
        "coordinates": [
          -76.1982852214338,
          39.1378880505778
        ]
      }
    },
    {
      "type": "Feature",
      "properties": {
        "id": "USGS-390818076131201",
        "name": "KE Db  50",
        "site_type": "Well",
        "latest_readings": []
      },
      "geometry": {
        "type": "Point",
        "coordinates": [
          -76.2196751694764,
          39.1384435497883
        ]
      }
    },
    {
      "type": "Feature",
      "properties": {
        "id": "USGS-390822076100901",
        "name": "KE Db  98",
        "site_type": "Well",
        "latest_readings": []
      },
      "geometry": {
        "type": "Point",
        "coordinates": [
          -76.1688393299254,
          39.1395547634686
        ]
      }
    },
    {
      "type": "Feature",
      "properties": {
        "id": "USGS-390822076110501",
        "name": "KE Db  88",
        "site_type": "Well",
        "latest_readings": []
      },
      "geometry": {
        "type": "Point",
        "coordinates": [
          -76.1843956534966,
          39.139554727699
        ]
      }
    },
    {
      "type": "Feature",
      "properties": {
        "id": "USGS-390826076062301",
        "name": "KE Dc  57",
        "site_type": "Well",
        "latest_readings": []
      },
      "geometry": {
        "type": "Point",
        "coordinates": [
          -76.1060584610134,
          39.1406660046105
        ]
      }
    },
    {
      "type": "Feature",
      "properties": {
        "id": "USGS-390826076072101",
        "name": "KE Dc  60",
        "site_type": "Well",
        "latest_readings": []
      },
      "geometry": {
        "type": "Point",
        "coordinates": [
          -76.1221703668873,
          39.140665967564
        ]
      }
    },
    {
      "type": "Feature",
      "properties": {
        "id": "USGS-390827076154101",
        "name": "KE Da   4",
        "site_type": "Well",
        "latest_readings": []
      },
      "geometry": {
        "type": "Point",
        "coordinates": [
          -76.2610658802839,
          39.1409434153841
        ]
      }
    },
    {
      "type": "Feature",
      "properties": {
        "id": "USGS-390828076132801",
        "name": "KE Db   8",
        "site_type": "Well",
        "latest_readings": []
      },
      "geometry": {
        "type": "Point",
        "coordinates": [
          -76.2241198419413,
          39.141221281544
        ]
      }
    },
    {
      "type": "Feature",
      "properties": {
        "id": "USGS-390828076153901",
        "name": "KE Da   3",
        "site_type": "Well",
        "latest_readings": []
      },
      "geometry": {
        "type": "Point",
        "coordinates": [
          -76.2605103089875,
          39.1412211911798
        ]
      }
    },
    {
      "type": "Feature",
      "properties": {
        "id": "USGS-390829076132701",
        "name": "KE Db   7",
        "site_type": "Well",
        "latest_readings": []
      },
      "geometry": {
        "type": "Point",
        "coordinates": [
          -76.2238420513094,
          39.1414990563803
        ]
      }
    },
    {
      "type": "Feature",
      "properties": {
        "id": "USGS-390830076091801",
        "name": "KE Dc  82",
        "site_type": "Well",
        "latest_readings": []
      },
      "geometry": {
        "type": "Point",
        "coordinates": [
          -76.1546719764152,
          39.1417769896198
        ]
      }
    },
    {
      "type": "Feature",
      "properties": {
        "id": "USGS-390830076094801",
        "name": "KE Dc  34",
        "site_type": "Well",
        "latest_readings": []
      },
      "geometry": {
        "type": "Point",
        "coordinates": [
          -76.1630057204799,
          39.1417769704581
        ]
      }
    },
    {
      "type": "Feature",
      "properties": {
        "id": "USGS-390831076094601",
        "name": "KE Dc  35",
        "site_type": "Well",
        "latest_readings": []
      },
      "geometry": {
        "type": "Point",
        "coordinates": [
          -76.1624501390349,
          39.1420547459325
        ]
      }
    },
    {
      "type": "Feature",
      "properties": {
        "id": "USGS-390832076100201",
        "name": "KE Db  99",
        "site_type": "Well",
        "latest_readings": []
      },
      "geometry": {
        "type": "Point",
        "coordinates": [
          -76.1668948039346,
          39.14233250991
        ]
      }
    },
    {
      "type": "Feature",
      "properties": {
        "id": "USGS-390832076144401",
        "name": "KE Db  30",
        "site_type": "Well",
        "latest_readings": []
      },
      "geometry": {
        "type": "Point",
        "coordinates": [
          -76.2452319964847,
          39.1423323297919
        ]
      }
    },
    {
      "type": "Feature",
      "properties": {
        "id": "USGS-390833076063401",
        "name": "KE Dc  58",
        "site_type": "Well",
        "latest_readings": []
      },
      "geometry": {
        "type": "Point",
        "coordinates": [
          -76.1091141816993,
          39.1426104169596
        ]
      }
    },
    {
      "type": "Feature",
      "properties": {
        "id": "USGS-390833076132301",
        "name": "KE Db   6",
        "site_type": "Well",
        "latest_readings": []
      },
      "geometry": {
        "type": "Point",
        "coordinates": [
          -76.2227308888409,
          39.1426101557255
        ]
      }
    },
    {
      "type": "Feature",
      "properties": {
        "id": "USGS-390834076121001",
        "name": "KE Db  90",
        "site_type": "Well",
        "latest_readings": []
      },
      "geometry": {
        "type": "Point",
        "coordinates": [
          -76.2024521133298,
          39.142887976549
        ]
      }
    },
    {
      "type": "Feature",
      "properties": {
        "id": "USGS-390836076094401",
        "name": "KE Dc   2",
        "site_type": "Well",
        "latest_readings": []
      },
      "geometry": {
        "type": "Point",
        "coordinates": [
          -76.1618945635955,
          39.1434436181948
        ]
      }
    },
    {
      "type": "Feature",
      "properties": {
        "id": "USGS-390836076131601",
        "name": "KE Db  12",
        "site_type": "Well",
        "latest_readings": []
      },
      "geometry": {
        "type": "Point",
        "coordinates": [
          -76.2207863512464,
          39.1434434827892
        ]
      }
    },
    {
      "type": "Feature",
      "properties": {
        "id": "USGS-390837076131301",
        "name": "KE Db  11",
        "site_type": "Well",
        "latest_readings": []
      },
      "geometry": {
        "type": "Point",
        "coordinates": [
          -76.2199529777769,
          39.1437212589028
        ]
      }
    },
    {
      "type": "Feature",
      "properties": {
        "id": "USGS-390837076140401",
        "name": "KE Db  40",
        "site_type": "Well",
        "latest_readings": []
      },
      "geometry": {
        "type": "Point",
        "coordinates": [
          -76.2341666666667,
          39.1437777777778
        ]
      }
    },
    {
      "type": "Feature",
      "properties": {
        "id": "USGS-390837076140402",
        "name": "KE Db  39",
        "site_type": "Well",
        "latest_readings": []
      },
      "geometry": {
        "type": "Point",
        "coordinates": [
          -76.2341203416374,
          39.143721226329
        ]
      }
    },
    {
      "type": "Feature",
      "properties": {
        "id": "USGS-390838076062401",
        "name": "KE Dc   9",
        "site_type": "Well",
        "latest_readings": []
      },
      "geometry": {
        "type": "Point",
        "coordinates": [
          -76.1063362775316,
          39.1439992943288
        ]
      }
    },
    {
      "type": "Feature",
      "properties": {
        "id": "USGS-390838076113701",
        "name": "KE Db  32",
        "site_type": "Well",
        "latest_readings": []
      },
      "geometry": {
        "type": "Point",
        "coordinates": [
          -76.1935627901937,
          39.1437213195796
        ]
      }
    },
    {
      "type": "Feature",
      "properties": {
        "id": "USGS-390838076131201",
        "name": "KE Db  49",
        "site_type": "Well",
        "latest_readings": []
      },
      "geometry": {
        "type": "Point",
        "coordinates": [
          -76.2196751872156,
          39.1439990337391
        ]
      }
    },
    {
      "type": "Feature",
      "properties": {
        "id": "USGS-390839076131601",
        "name": "KE Db   9",
        "site_type": "Well",
        "latest_readings": []
      },
      "geometry": {
        "type": "Point",
        "coordinates": [
          -76.220786353872,
          39.1442768053818
        ]
      }
    },
    {
      "type": "Feature",
      "properties": {
        "id": "USGS-390839076131602",
        "name": "KE Db  10",
        "site_type": "Well",
        "latest_readings": []
      },
      "geometry": {
        "type": "Point",
        "coordinates": [
          -76.220786353872,
          39.1442768053818
        ]
      }
    },
    {
      "type": "Feature",
      "properties": {
        "id": "USGS-390839076131603",
        "name": "KE Db  19",
        "site_type": "Well",
        "latest_readings": []
      },
      "geometry": {
        "type": "Point",
        "coordinates": [
          -76.220786353872,
          39.1442768053818
        ]
      }
    },
    {
      "type": "Feature",
      "properties": {
        "id": "USGS-390839076153501",
        "name": "KE Da   5",
        "site_type": "Well",
        "latest_readings": []
      },
      "geometry": {
        "type": "Point",
        "coordinates": [
          -76.2593991715163,
          39.1442767103845
        ]
      }
    },
    {
      "type": "Feature",
      "properties": {
        "id": "USGS-390841076090801",
        "name": "KE Dc  80",
        "site_type": "Well",
        "latest_readings": []
      },
      "geometry": {
        "type": "Point",
        "coordinates": [
          -76.1518940793744,
          39.1448325121726
        ]
      }
    },
    {
      "type": "Feature",
      "properties": {
        "id": "USGS-390841076160801",
        "name": "KE Da   9",
        "site_type": "Well",
        "latest_readings": []
      },
      "geometry": {
        "type": "Point",
        "coordinates": [
          -76.268566108427,
          39.144832231765
        ]
      }
    },
    {
      "type": "Feature",
      "properties": {
        "id": "USGS-390843076141801",
        "name": "KE Db   2",
        "site_type": "Well",
        "latest_readings": []
      },
      "geometry": {
        "type": "Point",
        "coordinates": [
          -76.2380094260703,
          39.1453878625735
        ]
      }
    },
    {
      "type": "Feature",
      "properties": {
        "id": "USGS-390846076051201",
        "name": "KE Dc  23",
        "site_type": "Well",
        "latest_readings": []
      },
      "geometry": {
        "type": "Point",
        "coordinates": [
          -76.0863353118549,
          39.146221533885
        ]
      }
    },
    {
      "type": "Feature",
      "properties": {
        "id": "USGS-390846076093201",
        "name": "KE Dc  37",
        "site_type": "Well",
        "latest_readings": []
      },
      "geometry": {
        "type": "Point",
        "coordinates": [
          -76.1585610815188,
          39.1462213678287
        ]
      }
    },
    {
      "type": "Feature",
      "properties": {
        "id": "USGS-390847076052401",
        "name": "KE Dc  50",
        "site_type": "Well",
        "latest_readings": []
      },
      "geometry": {
        "type": "Point",
        "coordinates": [
          -76.0896688111792,
          39.1464993004171
        ]
      }
    },
    {
      "type": "Feature",
      "properties": {
        "id": "USGS-390847076093101",
        "name": "KE Dc  38",
        "site_type": "Well",
        "latest_readings": []
      },
      "geometry": {
        "type": "Point",
        "coordinates": [
          -76.1582832916337,
          39.1464991426643
        ]
      }
    },
    {
      "type": "Feature",
      "properties": {
        "id": "USGS-390848076052201",
        "name": "KE Dc  51",
        "site_type": "Well",
        "latest_readings": []
      },
      "geometry": {
        "type": "Point",
        "coordinates": [
          -76.0891132306102,
          39.1467770758907
        ]
      }
    },
    {
      "type": "Feature",
      "properties": {
        "id": "USGS-390849076071501",
        "name": "KE Dc  59",
        "site_type": "Well",
        "latest_readings": []
      },
      "geometry": {
        "type": "Point",
        "coordinates": [
          -76.1205036625439,
          39.1470547779173
        ]
      }
    },
    {
      "type": "Feature",
      "properties": {
        "id": "USGS-390850076074801",
        "name": "KE Dc  45",
        "site_type": "Well",
        "latest_readings": []
      },
      "geometry": {
        "type": "Point",
        "coordinates": [
          -76.1296707810113,
          39.1473325310378
        ]
      }
    },
    {
      "type": "Feature",
      "properties": {
        "id": "USGS-390853076051301",
        "name": "KE Dc  14",
        "site_type": "Well",
        "latest_readings": []
      },
      "geometry": {
        "type": "Point",
        "coordinates": [
          -76.0866131193431,
          39.1481659526199
        ]
      }
    },
    {
      "type": "Feature",
      "properties": {
        "id": "USGS-390853076051302",
        "name": "KE Dc  88",
        "site_type": "Well",
        "latest_readings": []
      },
      "geometry": {
        "type": "Point",
        "coordinates": [
          -76.0866131193431,
          39.1481659526199
        ]
      }
    },
    {
      "type": "Feature",
      "properties": {
        "id": "USGS-390853076140401",
        "name": "KE Db  53",
        "site_type": "Well",
        "latest_readings": []
      },
      "geometry": {
        "type": "Point",
        "coordinates": [
          -76.2341203533827,
          39.1481656134919
        ]
      }
    },
    {
      "type": "Feature",
      "properties": {
        "id": "USGS-390855076142001",
        "name": "KE Db  29",
        "site_type": "Well",
        "latest_readings": []
      },
      "geometry": {
        "type": "Point",
        "coordinates": [
          -76.238565017176,
          39.1487211516688
        ]
      }
    },
    {
      "type": "Feature",
      "properties": {
        "id": "USGS-390856076125601",
        "name": "KE Db  48",
        "site_type": "Well",
        "latest_readings": []
      },
      "geometry": {
        "type": "Point",
        "coordinates": [
          -76.2152305409028,
          39.1489989795132
        ]
      }
    },
    {
      "type": "Feature",
      "properties": {
        "id": "USGS-390856076160701",
        "name": "KE Da  10",
        "site_type": "Well",
        "latest_readings": []
      },
      "geometry": {
        "type": "Point",
        "coordinates": [
          -76.2682883310245,
          39.1489988449948
        ]
      }
    },
    {
      "type": "Feature",
      "properties": {
        "id": "USGS-390859076051501",
        "name": "KE Dc  52",
        "site_type": "Well",
        "latest_readings": []
      },
      "geometry": {
        "type": "Point",
        "coordinates": [
          -76.0871687158815,
          39.14983259652
        ]
      }
    },
    {
      "type": "Feature",
      "properties": {
        "id": "USGS-390905076152701",
        "name": "KE Da   8",
        "site_type": "Well",
        "latest_readings": []
      },
      "geometry": {
        "type": "Point",
        "coordinates": [
          -76.2571768988535,
          39.1514988456714
        ]
      }
    },
    {
      "type": "Feature",
      "properties": {
        "id": "USGS-390909076062501",
        "name": "KE Dc  10",
        "site_type": "Well",
        "latest_readings": []
      },
      "geometry": {
        "type": "Point",
        "coordinates": [
          -76.1066141335663,
          39.1526102937792
        ]
      }
    },
    {
      "type": "Feature",
      "properties": {
        "id": "USGS-390909076122001",
        "name": "KE Db  46",
        "site_type": "Well",
        "latest_readings": []
      },
      "geometry": {
        "type": "Point",
        "coordinates": [
          -76.2052300642949,
          39.1526100670708
        ]
      }
    },
    {
      "type": "Feature",
      "properties": {
        "id": "USGS-390909076122301",
        "name": "KE Db  41",
        "site_type": "Well",
        "latest_readings": []
      },
      "geometry": {
        "type": "Point",
        "coordinates": [
          -76.2060634383573,
          39.152610065155
        ]
      }
    },
    {
      "type": "Feature",
      "properties": {
        "id": "USGS-390909076122302",
        "name": "KE Db  42",
        "site_type": "Well",
        "latest_readings": []
      },
      "geometry": {
        "type": "Point",
        "coordinates": [
          -76.2063055555556,
          39.1529444444444
        ]
      }
    },
    {
      "type": "Feature",
      "properties": {
        "id": "USGS-390910076084101",
        "name": "KE Dc  46",
        "site_type": "Well",
        "latest_readings": []
      },
      "geometry": {
        "type": "Point",
        "coordinates": [
          -76.1443937594164,
          39.1528879811244
        ]
      }
    },
    {
      "type": "Feature",
      "properties": {
        "id": "USGS-390910076084701",
        "name": "KE Dc  47",
        "site_type": "Well",
        "latest_readings": []
      },
      "geometry": {
        "type": "Point",
        "coordinates": [
          -76.1460605075238,
          39.1528879772927
        ]
      }
    },
    {
      "type": "Feature",
      "properties": {
        "id": "USGS-390910076122901",
        "name": "KE Db  47",
        "site_type": "Well",
        "latest_readings": []
      },
      "geometry": {
        "type": "Point",
        "coordinates": [
          -76.2077301874957,
          39.1528878355207
        ]
      }
    },
    {
      "type": "Feature",
      "properties": {
        "id": "USGS-390910076123101",
        "name": "KE Db  31",
        "site_type": "Well",
        "latest_readings": []
      },
      "geometry": {
        "type": "Point",
        "coordinates": [
          -76.2085635615494,
          39.1528878336049
        ]
      }
    },
    {
      "type": "Feature",
      "properties": {
        "id": "USGS-390912076113801",
        "name": "KE Db  85",
        "site_type": "Well",
        "latest_readings": []
      },
      "geometry": {
        "type": "Point",
        "coordinates": [
          -76.1935628309099,
          39.1534434164845
        ]
      }
    },
    {
      "type": "Feature",
      "properties": {
        "id": "USGS-390913076084001",
        "name": "KE Dc  16",
        "site_type": "Well",
        "latest_readings": []
      },
      "geometry": {
        "type": "Point",
        "coordinates": [
          -76.1441159731251,
          39.1537213043533
        ]
      }
    },
    {
      "type": "Feature",
      "properties": {
        "id": "USGS-390913076114301",
        "name": "KE Db  37",
        "site_type": "Well",
        "latest_readings": []
      },
      "geometry": {
        "type": "Point",
        "coordinates": [
          -76.1949516394649,
          39.1176105418402
        ]
      }
    },
    {
      "type": "Feature",
      "properties": {
        "id": "USGS-390913076120301",
        "name": "KE Db  86",
        "site_type": "Well",
        "latest_readings": []
      },
      "geometry": {
        "type": "Point",
        "coordinates": [
          -76.2005076156333,
          39.1537211747167
        ]
      }
    },
    {
      "type": "Feature",
      "properties": {
        "id": "USGS-390913076161401",
        "name": "KE Da  12",
        "site_type": "Well",
        "latest_readings": []
      },
      "geometry": {
        "type": "Point",
        "coordinates": [
          -76.2702328422167,
          39.1537209998827
        ]
      }
    },
    {
      "type": "Feature",
      "properties": {
        "id": "USGS-390913076161402",
        "name": "KE Da  13",
        "site_type": "Well",
        "latest_readings": []
      },
      "geometry": {
        "type": "Point",
        "coordinates": [
          -76.2702328422167,
          39.1537209998827
        ]
      }
    },
    {
      "type": "Feature",
      "properties": {
        "id": "USGS-390914076120301",
        "name": "KE Db  87",
        "site_type": "Well",
        "latest_readings": []
      },
      "geometry": {
        "type": "Point",
        "coordinates": [
          -76.2005076167231,
          39.1539989489141
        ]
      }
    },
    {
      "type": "Feature",
      "properties": {
        "id": "USGS-390915076163501",
        "name": "KE Da  11",
        "site_type": "Well",
        "latest_readings": []
      },
      "geometry": {
        "type": "Point",
        "coordinates": [
          -76.2760663479281,
          39.1542765306353
        ]
      }
    },
    {
      "type": "Feature",
      "properties": {
        "id": "USGS-390918076122701",
        "name": "KE Db  45",
        "site_type": "Well",
        "latest_readings": []
      },
      "geometry": {
        "type": "Point",
        "coordinates": [
          -76.2071746129473,
          39.1551100303773
        ]
      }
    },
    {
      "type": "Feature",
      "properties": {
        "id": "USGS-390918076122702",
        "name": "KE Db  77",
        "site_type": "Well",
        "latest_readings": []
      },
      "geometry": {
        "type": "Point",
        "coordinates": [
          -76.2071746129473,
          39.1551100303773
        ]
      }
    },
    {
      "type": "Feature",
      "properties": {
        "id": "USGS-390918076142301",
        "name": "KE Db  54",
        "site_type": "Well",
        "latest_readings": []
      },
      "geometry": {
        "type": "Point",
        "coordinates": [
          -76.2393984069612,
          39.1551099563008
        ]
      }
    },
    {
      "type": "Feature",
      "properties": {
        "id": "USGS-390925076125101",
        "name": "KE Db  44",
        "site_type": "Well",
        "latest_readings": []
      },
      "geometry": {
        "type": "Point",
        "coordinates": [
          -76.2138416114532,
          39.1570544344335
        ]
      }
    },
    {
      "type": "Feature",
      "properties": {
        "id": "USGS-390925076131301",
        "name": "KE Db  43",
        "site_type": "Well",
        "latest_readings": []
      },
      "geometry": {
        "type": "Point",
        "coordinates": [
          -76.2199530202099,
          39.157054420385
        ]
      }
    },
    {
      "type": "Feature",
      "properties": {
        "id": "USGS-390927076064601",
        "name": "KE Dc  79",
        "site_type": "Well",
        "latest_readings": []
      },
      "geometry": {
        "type": "Point",
        "coordinates": [
          -76.1124477883959,
          39.1576102159049
        ]
      }
    },
    {
      "type": "Feature",
      "properties": {
        "id": "USGS-390931076074801",
        "name": "KE Dc  44",
        "site_type": "Well",
        "latest_readings": []
      },
      "geometry": {
        "type": "Point",
        "coordinates": [
          -76.1296708564312,
          39.1587212731005
        ]
      }
    },
    {
      "type": "Feature",
      "properties": {
        "id": "USGS-390931076153101",
        "name": "KE Da  16",
        "site_type": "Well",
        "latest_readings": []
      },
      "geometry": {
        "type": "Point",
        "coordinates": [
          -76.2582880573786,
          39.158720971047
        ]
      }
    },
    {
      "type": "Feature",
      "properties": {
        "id": "USGS-390932076112501",
        "name": "KE Db  84",
        "site_type": "Well",
        "latest_readings": []
      },
      "geometry": {
        "type": "Point",
        "coordinates": [
          -76.1899515674511,
          39.1589989087314
        ]
      }
    },
    {
      "type": "Feature",
      "properties": {
        "id": "USGS-390932076112701",
        "name": "KE Db  83",
        "site_type": "Well",
        "latest_readings": []
      },
      "geometry": {
        "type": "Point",
        "coordinates": [
          -76.1905071500242,
          39.1589989074543
        ]
      }
    },
    {
      "type": "Feature",
      "properties": {
        "id": "USGS-390934076075901",
        "name": "KE Dc  43",
        "site_type": "Well",
        "latest_readings": []
      },
      "geometry": {
        "type": "Point",
        "coordinates": [
          -76.132726566037,
          39.1595545886664
        ]
      }
    },
    {
      "type": "Feature",
      "properties": {
        "id": "USGS-390934076151401",
        "name": "KE Da   6",
        "site_type": "Well",
        "latest_readings": []
      },
      "geometry": {
        "type": "Point",
        "coordinates": [
          -76.2535656982438,
          39.1595543079839
        ]
      }
    },
    {
      "type": "Feature",
      "properties": {
        "id": "USGS-390935076113801",
        "name": "KE Db  81",
        "site_type": "Well",
        "latest_readings": []
      },
      "geometry": {
        "type": "Point",
        "coordinates": [
          -76.1935628576662,
          39.159832223022
        ]
      }
    },
    {
      "type": "Feature",
      "properties": {
        "id": "USGS-390936076113001",
        "name": "KE Db  82",
        "site_type": "Well",
        "latest_readings": []
      },
      "geometry": {
        "type": "Point",
        "coordinates": [
          -76.1913405286312,
          39.1601100023276
        ]
      }
    },
    {
      "type": "Feature",
      "properties": {
        "id": "USGS-390938076085901",
        "name": "KE Dc  39",
        "site_type": "Well",
        "latest_readings": []
      },
      "geometry": {
        "type": "Point",
        "coordinates": [
          -76.1493940494001,
          39.160665647141
        ]
      }
    },
    {
      "type": "Feature",
      "properties": {
        "id": "USGS-390939076085801",
        "name": "KE Dc   3",
        "site_type": "Well",
        "latest_readings": []
      },
      "geometry": {
        "type": "Point",
        "coordinates": [
          -76.1491162597649,
          39.1609434219764
        ]
      }
    },
    {
      "type": "Feature",
      "properties": {
        "id": "USGS-390939076115301",
        "name": "KE Db  80",
        "site_type": "Well",
        "latest_readings": []
      },
      "geometry": {
        "type": "Point",
        "coordinates": [
          -76.1977297313089,
          39.1609433102332
        ]
      }
    },
    {
      "type": "Feature",
      "properties": {
        "id": "USGS-390941076061301",
        "name": "KE Dc  48",
        "site_type": "Well",
        "latest_readings": []
      },
      "geometry": {
        "type": "Point",
        "coordinates": [
          -76.1032807051181,
          39.1614990757271
        ]
      }
    },
    {
      "type": "Feature",
      "properties": {
        "id": "USGS-390942076063901",
        "name": "KE Dc   5",
        "site_type": "Well",
        "latest_readings": []
      },
      "geometry": {
        "type": "Point",
        "coordinates": [
          -76.1105032799227,
          39.1617768333218
        ]
      }
    },
    {
      "type": "Feature",
      "properties": {
        "id": "USGS-390944076112901",
        "name": "KE Db  79",
        "site_type": "Well",
        "latest_readings": []
      },
      "geometry": {
        "type": "Point",
        "coordinates": [
          -76.1910627468746,
          39.1623321965443
        ]
      }
    },
    {
      "type": "Feature",
      "properties": {
        "id": "USGS-390947076073901",
        "name": "KE Dc  42",
        "site_type": "Well",
        "latest_readings": []
      },
      "geometry": {
        "type": "Point",
        "coordinates": [
          -76.1271707646813,
          39.1631656659935
        ]
      }
    },
    {
      "type": "Feature",
      "properties": {
        "id": "USGS-390947076074101",
        "name": "KE Dc  15",
        "site_type": "Well",
        "latest_readings": []
      },
      "geometry": {
        "type": "Point",
        "coordinates": [
          -76.1277263471662,
          39.1631656647165
        ]
      }
    },
    {
      "type": "Feature",
      "properties": {
        "id": "USGS-390948076032301",
        "name": "KE Dd   3",
        "site_type": "Well",
        "latest_readings": []
      },
      "geometry": {
        "type": "Point",
        "coordinates": [
          -76.0560562092336,
          39.1634436036481
        ]
      }
    },
    {
      "type": "Feature",
      "properties": {
        "id": "USGS-390948076032401",
        "name": "KE Dd   5",
        "site_type": "Well",
        "latest_readings": []
      },
      "geometry": {
        "type": "Point",
        "coordinates": [
          -76.0563340004731,
          39.1634436030096
        ]
      }
    },
    {
      "type": "Feature",
      "properties": {
        "id": "USGS-390948076063301",
        "name": "KE Dc  49",
        "site_type": "Well",
        "latest_readings": []
      },
      "geometry": {
        "type": "Point",
        "coordinates": [
          -76.1088365447399,
          39.1634434823316
        ]
      }
    },
    {
      "type": "Feature",
      "properties": {
        "id": "USGS-390948076150301",
        "name": "KE Da   7",
        "site_type": "Well",
        "latest_readings": []
      },
      "geometry": {
        "type": "Point",
        "coordinates": [
          -76.2505100609648,
          39.1634431560447
        ]
      }
    },
    {
      "type": "Feature",
      "properties": {
        "id": "USGS-390949076032301",
        "name": "KE Dd   1",
        "site_type": "Well",
        "latest_readings": []
      },
      "geometry": {
        "type": "Point",
        "coordinates": [
          -76.0560562118522,
          39.163721377844
        ]
      }
    },
    {
      "type": "Feature",
      "properties": {
        "id": "USGS-390949076032401",
        "name": "KE Dd   2",
        "site_type": "Well",
        "latest_readings": []
      },
      "geometry": {
        "type": "Point",
        "coordinates": [
          -76.0566117943254,
          39.163721376567
        ]
      }
    },
    {
      "type": "Feature",
      "properties": {
        "id": "USGS-390949076032402",
        "name": "KE Dd   4",
        "site_type": "Well",
        "latest_readings": []
      },
      "geometry": {
        "type": "Point",
        "coordinates": [
          -76.0563340030888,
          39.1637213772055
        ]
      }
    },
    {
      "type": "Feature",
      "properties": {
        "id": "USGS-390949076063201",
        "name": "KE Dc   4",
        "site_type": "Well",
        "latest_readings": []
      },
      "geometry": {
        "type": "Point",
        "coordinates": [
          -76.1085587555633,
          39.1637212571666
        ]
      }
    },
    {
      "type": "Feature",
      "properties": {
        "id": "USGS-390949076094801",
        "name": "KE Dc  90",
        "site_type": "Well",
        "latest_readings": []
      },
      "geometry": {
        "type": "Point",
        "coordinates": [
          -76.1121700416386,
          39.163721248866
        ]
      }
    },
    {
      "type": "Feature",
      "properties": {
        "id": "USGS-390949076112901",
        "name": "KE Db  78",
        "site_type": "Well",
        "latest_readings": []
      },
      "geometry": {
        "type": "Point",
        "coordinates": [
          -76.1910627528235,
          39.1637210675305
        ]
      }
    },
    {
      "type": "Feature",
      "properties": {
        "id": "USGS-390949076162901",
        "name": "KE Da  15",
        "site_type": "Well",
        "latest_readings": []
      },
      "geometry": {
        "type": "Point",
        "coordinates": [
          -76.2743996516613,
          39.1637208567076
        ]
      }
    },
    {
      "type": "Feature",
      "properties": {
        "id": "USGS-390952076080101",
        "name": "KE Dc  41",
        "site_type": "Well",
        "latest_readings": []
      },
      "geometry": {
        "type": "Point",
        "coordinates": [
          -76.1332821810216,
          39.1645545229297
        ]
      }
    },
    {
      "type": "Feature",
      "properties": {
        "id": "USGS-390952076160501",
        "name": "KE Da   1",
        "site_type": "Well",
        "latest_readings": []
      },
      "geometry": {
        "type": "Point",
        "coordinates": [
          -76.2677327910063,
          39.1645541997143
        ]
      }
    },
    {
      "type": "Feature",
      "properties": {
        "id": "USGS-390953076102501",
        "name": "KE Db 100",
        "site_type": "Well",
        "latest_readings": []
      },
      "geometry": {
        "type": "Point",
        "coordinates": [
          -76.173284119195,
          39.1648322051832
        ]
      }
    },
    {
      "type": "Feature",
      "properties": {
        "id": "USGS-390953076160301",
        "name": "KE Da   2",
        "site_type": "Well",
        "latest_readings": []
      },
      "geometry": {
        "type": "Point",
        "coordinates": [
          -76.2671772197117,
          39.1648319755907
        ]
      }
    },
    {
      "type": "Feature",
      "properties": {
        "id": "USGS-390953076160302",
        "name": "KE Da  14",
        "site_type": "Well",
        "latest_readings": []
      },
      "geometry": {
        "type": "Point",
        "coordinates": [
          -76.2671772197117,
          39.1648319755907
        ]
      }
    },
    {
      "type": "Feature",
      "properties": {
        "id": "USGS-390955076085201",
        "name": "KE Dc  40",
        "site_type": "Well",
        "latest_readings": []
      },
      "geometry": {
        "type": "Point",
        "coordinates": [
          -76.1474495385907,
          39.1653878129568
        ]
      }
    },
    {
      "type": "Feature",
      "properties": {
        "id": "USGS-390957076095201",
        "name": "KE Dc  30",
        "site_type": "Well",
        "latest_readings": []
      },
      "geometry": {
        "type": "Point",
        "coordinates": [
          -76.1641170146762,
          39.1659433230415
        ]
      }
    },
    {
      "type": "Feature",
      "properties": {
        "id": "USGS-390958076095501",
        "name": "KE Dc  29",
        "site_type": "Well",
        "latest_readings": []
      },
      "geometry": {
        "type": "Point",
        "coordinates": [
          -76.1649503897815,
          39.166221095323
        ]
      }
    },
    {
      "type": "Feature",
      "properties": {
        "id": "USGS-390959076095601",
        "name": "KE Dc  25",
        "site_type": "Well",
        "latest_readings": []
      },
      "geometry": {
        "type": "Point",
        "coordinates": [
          -76.1652281824548,
          39.1664988688815
        ]
      }
    },
    {
      "type": "Feature",
      "properties": {
        "id": "USGS-390959076095701",
        "name": "KE Dc  83",
        "site_type": "Well",
        "latest_readings": []
      },
      "geometry": {
        "type": "Point",
        "coordinates": [
          -76.165505973662,
          39.1664988682431
        ]
      }
    },
    {
      "type": "Feature",
      "properties": {
        "id": "USGS-391000076100001",
        "name": "KE Dc  28",
        "site_type": "Well",
        "latest_readings": []
      },
      "geometry": {
        "type": "Point",
        "coordinates": [
          -76.1663393487349,
          39.1667766405246
        ]
      }
    },
    {
      "type": "Feature",
      "properties": {
        "id": "USGS-391000076100201",
        "name": "KE Cb  51",
        "site_type": "Well",
        "latest_readings": []
      },
      "geometry": {
        "type": "Point",
        "coordinates": [
          -76.1668949311433,
          39.1667766392477
        ]
      }
    },
    {
      "type": "Feature",
      "properties": {
        "id": "USGS-391000076102101",
        "name": "KE Db 128",
        "site_type": "Well",
        "latest_readings": []
      },
      "geometry": {
        "type": "Point",
        "coordinates": [
          -76.1721729640237,
          39.1667766271167
        ]
      }
    },
    {
      "type": "Feature",
      "properties": {
        "id": "USGS-391004076102601",
        "name": "KE Cb  53",
        "site_type": "Well",
        "latest_readings": []
      },
      "geometry": {
        "type": "Point",
        "coordinates": [
          -76.1735619255448,
          39.1678877207126
        ]
      }
    },
    {
      "type": "Feature",
      "properties": {
        "id": "USGS-391005076100401",
        "name": "KE Cb  52",
        "site_type": "Well",
        "latest_readings": []
      },
      "geometry": {
        "type": "Point",
        "coordinates": [
          -76.1674505207502,
          39.1681655089559
        ]
      }
    },
    {
      "type": "Feature",
      "properties": {
        "id": "USGS-391012076061501",
        "name": "KE Cc  29",
        "site_type": "Well",
        "latest_readings": []
      },
      "geometry": {
        "type": "Point",
        "coordinates": [
          -76.1035588285692,
          39.2051096239221
        ]
      }
    },
    {
      "type": "Feature",
      "properties": {
        "id": "USGS-391014076065101",
        "name": "KE Cc  15",
        "site_type": "Well",
        "latest_readings": []
      },
      "geometry": {
        "type": "Point",
        "coordinates": [
          -76.1138368392352,
          39.1706655999473
        ]
      }
    },
    {
      "type": "Feature",
      "properties": {
        "id": "USGS-391014076104801",
        "name": "KE Cb  27",
        "site_type": "Well",
        "latest_readings": []
      },
      "geometry": {
        "type": "Point",
        "coordinates": [
          -76.1796733448822,
          39.1706654486379
        ]
      }
    },
    {
      "type": "Feature",
      "properties": {
        "id": "USGS-391014076105001",
        "name": "KE Cb   6",
        "site_type": "Well",
        "latest_readings": []
      },
      "geometry": {
        "type": "Point",
        "coordinates": [
          -76.1802289298172,
          39.1712209957553
        ]
      }
    },
    {
      "type": "Feature",
      "properties": {
        "id": "USGS-391014076150301",
        "name": "KE Ca   1",
        "site_type": "Well",
        "latest_readings": []
      },
      "geometry": {
        "type": "Point",
        "coordinates": [
          -76.2505100757694,
          39.1706652851454
        ]
      }
    },
    {
      "type": "Feature",
      "properties": {
        "id": "USGS-391016076150601",
        "name": "KE Ca   2",
        "site_type": "Well",
        "latest_readings": []
      },
      "geometry": {
        "type": "Point",
        "coordinates": [
          -76.2513434347024,
          39.1712208309279
        ]
      }
    },
    {
      "type": "Feature",
      "properties": {
        "id": "USGS-391017076063101",
        "name": "KE Cc  59",
        "site_type": "Well",
        "latest_readings": []
      },
      "geometry": {
        "type": "Point",
        "coordinates": [
          -76.1082810221716,
          39.1714989353054
        ]
      }
    },
    {
      "type": "Feature",
      "properties": {
        "id": "USGS-391019076040601",
        "name": "KE Cd  20",
        "site_type": "Well",
        "latest_readings": []
      },
      "geometry": {
        "type": "Point",
        "coordinates": [
          -76.06800130979,
          39.1720545762695
        ]
      }
    },
    {
      "type": "Feature",
      "properties": {
        "id": "USGS-391022076062901",
        "name": "KE Cc  60",
        "site_type": "Well",
        "latest_readings": []
      },
      "geometry": {
        "type": "Point",
        "coordinates": [
          -76.1077254502219,
          39.1728878075644
        ]
      }
    },
    {
      "type": "Feature",
      "properties": {
        "id": "USGS-391023076122101",
        "name": "KE Cb  60",
        "site_type": "Well",
        "latest_readings": []
      },
      "geometry": {
        "type": "Point",
        "coordinates": [
          -76.2055079323796,
          39.1731653570399
        ]
      }
    },
    {
      "type": "Feature",
      "properties": {
        "id": "USGS-391024076121901",
        "name": "KE Cb  61",
        "site_type": "Well",
        "latest_readings": []
      },
      "geometry": {
        "type": "Point",
        "coordinates": [
          -76.2049523511491,
          39.1734431325141
        ]
      }
    },
    {
      "type": "Feature",
      "properties": {
        "id": "USGS-391024076161301",
        "name": "KE Ca   5",
        "site_type": "Well",
        "latest_readings": []
      },
      "geometry": {
        "type": "Point",
        "coordinates": [
          -76.2699550966548,
          39.1734429659009
        ]
      }
    },
    {
      "type": "Feature",
      "properties": {
        "id": "USGS-391027076092001",
        "name": "KE Cc   2",
        "site_type": "Well",
        "latest_readings": []
      },
      "geometry": {
        "type": "Point",
        "coordinates": [
          -76.1552277429297,
          39.17427656938
        ]
      }
    },
    {
      "type": "Feature",
      "properties": {
        "id": "USGS-391028076085301",
        "name": "KE Cc  28",
        "site_type": "Well",
        "latest_readings": []
      },
      "geometry": {
        "type": "Point",
        "coordinates": [
          -76.1477273842072,
          39.1745543608137
        ]
      }
    },
    {
      "type": "Feature",
      "properties": {
        "id": "USGS-391029076142701",
        "name": "KE Cb  18",
        "site_type": "Well",
        "latest_readings": []
      },
      "geometry": {
        "type": "Point",
        "coordinates": [
          -76.2405096195909,
          39.1748319217865
        ]
      }
    },
    {
      "type": "Feature",
      "properties": {
        "id": "USGS-391030076115301",
        "name": "KE Cb  16",
        "site_type": "Well",
        "latest_readings": []
      },
      "geometry": {
        "type": "Point",
        "coordinates": [
          -76.1977297883891,
          39.1751097942967
        ]
      }
    },
    {
      "type": "Feature",
      "properties": {
        "id": "USGS-391033076061101",
        "name": "KE Cc  16",
        "site_type": "Well",
        "latest_readings": []
      },
      "geometry": {
        "type": "Point",
        "coordinates": [
          -76.1030030241888,
          39.1759433345777
        ]
      }
    },
    {
      "type": "Feature",
      "properties": {
        "id": "USGS-391033076061301",
        "name": "KE Cc  61",
        "site_type": "Well",
        "latest_readings": []
      },
      "geometry": {
        "type": "Point",
        "coordinates": [
          -76.103280815296,
          39.1759433339393
        ]
      }
    },
    {
      "type": "Feature",
      "properties": {
        "id": "USGS-391033076070801",
        "name": "KE Cc  62",
        "site_type": "Well",
        "latest_readings": []
      },
      "geometry": {
        "type": "Point",
        "coordinates": [
          -76.1185593261924,
          39.1759432988282
        ]
      }
    },
    {
      "type": "Feature",
      "properties": {
        "id": "USGS-391033076134501",
        "name": "KE Cb  17",
        "site_type": "Well",
        "latest_readings": []
      },
      "geometry": {
        "type": "Point",
        "coordinates": [
          -76.228842395754,
          39.1759430453897
        ]
      }
    },
    {
      "type": "Feature",
      "properties": {
        "id": "USGS-391036076115001",
        "name": "KE Cb  59",
        "site_type": "Well",
        "latest_readings": []
      },
      "geometry": {
        "type": "Point",
        "coordinates": [
          -76.1968964218092,
          39.1767764413958
        ]
      }
    },
    {
      "type": "Feature",
      "properties": {
        "id": "USGS-391038076044001",
        "name": "KE Cd 129",
        "site_type": "Well",
        "latest_readings": []
      },
      "geometry": {
        "type": "Point",
        "coordinates": [
          -76.0774462542868,
          39.1773322642897
        ]
      }
    },
    {
      "type": "Feature",
      "properties": {
        "id": "USGS-391038076101601",
        "name": "KE Cb  50",
        "site_type": "Well",
        "latest_readings": []
      },
      "geometry": {
        "type": "Point",
        "coordinates": [
          -76.1707840613695,
          39.1773320497972
        ]
      }
    },
    {
      "type": "Feature",
      "properties": {
        "id": "USGS-391038076160701",
        "name": "KE Ca   6",
        "site_type": "Well",
        "latest_readings": []
      },
      "geometry": {
        "type": "Point",
        "coordinates": [
          -76.2682883890283,
          39.1773318093987
        ]
      }
    },
    {
      "type": "Feature",
      "properties": {
        "id": "USGS-391042076005801",
        "name": "KE Cd  74",
        "site_type": "Well",
        "latest_readings": []
      },
      "geometry": {
        "type": "Point",
        "coordinates": [
          -76.0574453060418,
          39.1784434070361
        ]
      }
    },
    {
      "type": "Feature",
      "properties": {
        "id": "USGS-391042076052401",
        "name": "KE Cc  58",
        "site_type": "Well",
        "latest_readings": []
      },
      "geometry": {
        "type": "Point",
        "coordinates": [
          -76.0896690714086,
          39.1784433329864
        ]
      }
    },
    {
      "type": "Feature",
      "properties": {
        "id": "USGS-391042076130801",
        "name": "KE Cb  62",
        "site_type": "Well",
        "latest_readings": []
      },
      "geometry": {
        "type": "Point",
        "coordinates": [
          -76.2185641328758,
          39.1784430367876
        ]
      }
    },
    {
      "type": "Feature",
      "properties": {
        "id": "USGS-391042076155501",
        "name": "KE Ca   4",
        "site_type": "Well",
        "latest_readings": []
      },
      "geometry": {
        "type": "Point",
        "coordinates": [
          -76.2649549601298,
          39.1784429166538
        ]
      }
    },
    {
      "type": "Feature",
      "properties": {
        "id": "USGS-391042076160001",
        "name": "KE Ca   7",
        "site_type": "Well",
        "latest_readings": []
      },
      "geometry": {
        "type": "Point",
        "coordinates": [
          -76.2663438897852,
          39.1784429122322
        ]
      }
    },
    {
      "type": "Feature",
      "properties": {
        "id": "USGS-391043076052501",
        "name": "KE Cc  14",
        "site_type": "Well",
        "latest_readings": []
      },
      "geometry": {
        "type": "Point",
        "coordinates": [
          -76.0899468647493,
          39.1787211065443
        ]
      }
    },
    {
      "type": "Feature",
      "properties": {
        "id": "USGS-391045076110101",
        "name": "KE Cb  29",
        "site_type": "Well",
        "latest_readings": []
      },
      "geometry": {
        "type": "Point",
        "coordinates": [
          -76.1832846694371,
          39.1792764404508
        ]
      }
    },
    {
      "type": "Feature",
      "properties": {
        "id": "USGS-391046076105701",
        "name": "KE Cb  54",
        "site_type": "Well",
        "latest_readings": []
      },
      "geometry": {
        "type": "Point",
        "coordinates": [
          -76.1821735064332,
          39.1795542172014
        ]
      }
    },
    {
      "type": "Feature",
      "properties": {
        "id": "USGS-391048076032301",
        "name": "KE Cd  19",
        "site_type": "Well",
        "latest_readings": []
      },
      "geometry": {
        "type": "Point",
        "coordinates": [
          -76.0560563532567,
          39.1787211844238
        ]
      }
    },
    {
      "type": "Feature",
      "properties": {
        "id": "USGS-391051076041201",
        "name": "KE Cd 134",
        "site_type": "Well",
        "latest_readings": []
      },
      "geometry": {
        "type": "Point",
        "coordinates": [
          -76.0696681358656,
          39.1809433467128
        ]
      }
    },
    {
      "type": "Feature",
      "properties": {
        "id": "USGS-391051076041401",
        "name": "KE Cd 131",
        "site_type": "Well",
        "latest_readings": []
      },
      "geometry": {
        "type": "Point",
        "coordinates": [
          -76.0702237179742,
          39.1809433454361
        ]
      }
    },
    {
      "type": "Feature",
      "properties": {
        "id": "USGS-391052076041201",
        "name": "KE Cd 132",
        "site_type": "Well",
        "latest_readings": []
      },
      "geometry": {
        "type": "Point",
        "coordinates": [
          -76.0696681383401,
          39.1812211209089
        ]
      }
    },
    {
      "type": "Feature",
      "properties": {
        "id": "USGS-391052076041202",
        "name": "KE Cd 133",
        "site_type": "Well",
        "latest_readings": []
      },
      "geometry": {
        "type": "Point",
        "coordinates": [
          -76.0696681383401,
          39.1812211209089
        ]
      }
    },
    {
      "type": "Feature",
      "properties": {
        "id": "USGS-391052076044401",
        "name": "KE Cd 128",
        "site_type": "Well",
        "latest_readings": []
      },
      "geometry": {
        "type": "Point",
        "coordinates": [
          -76.0785574519833,
          39.1812211004822
        ]
      }
    },
    {
      "type": "Feature",
      "properties": {
        "id": "USGS-391052076074701",
        "name": "KE Cc  18",
        "site_type": "Well",
        "latest_readings": []
      },
      "geometry": {
        "type": "Point",
        "coordinates": [
          -76.1293932143801,
          39.1812209836675
        ]
      }
    },
    {
      "type": "Feature",
      "properties": {
        "id": "USGS-391055076051301",
        "name": "KE Cc  57",
        "site_type": "Well",
        "latest_readings": []
      },
      "geometry": {
        "type": "Point",
        "coordinates": [
          -76.086613399358,
          39.1820544045593
        ]
      }
    },
    {
      "type": "Feature",
      "properties": {
        "id": "USGS-391055076112801",
        "name": "KE Cb  55",
        "site_type": "Well",
        "latest_readings": []
      },
      "geometry": {
        "type": "Point",
        "coordinates": [
          -76.1907850403063,
          39.1820541651879
        ]
      }
    },
    {
      "type": "Feature",
      "properties": {
        "id": "USGS-391058076043701",
        "name": "KE Cd 127",
        "site_type": "Well",
        "latest_readings": []
      },
      "geometry": {
        "type": "Point",
        "coordinates": [
          -76.0766129290301,
          39.1828877501273
        ]
      }
    },
    {
      "type": "Feature",
      "properties": {
        "id": "USGS-391059076043201",
        "name": "KE Cd 126",
        "site_type": "Well",
        "latest_readings": []
      },
      "geometry": {
        "type": "Point",
        "coordinates": [
          -76.0752239762773,
          39.183165527515
        ]
      }
    },
    {
      "type": "Feature",
      "properties": {
        "id": "USGS-391059076083101",
        "name": "KE Cc   1",
        "site_type": "Well",
        "latest_readings": []
      },
      "geometry": {
        "type": "Point",
        "coordinates": [
          -76.1416160326311,
          39.1831653749583
        ]
      }
    },
    {
      "type": "Feature",
      "properties": {
        "id": "USGS-391100076044601",
        "name": "KE Cd 124",
        "site_type": "Well",
        "latest_readings": []
      },
      "geometry": {
        "type": "Point",
        "coordinates": [
          -76.0791130530827,
          39.1834432927748
        ]
      }
    },
    {
      "type": "Feature",
      "properties": {
        "id": "USGS-391100076083301",
        "name": "KE Cc  51",
        "site_type": "Well",
        "latest_readings": []
      },
      "geometry": {
        "type": "Point",
        "coordinates": [
          -76.1421716163998,
          39.1834431478784
        ]
      }
    },
    {
      "type": "Feature",
      "properties": {
        "id": "USGS-391101076041001",
        "name": "KE Cd 130",
        "site_type": "Well",
        "latest_readings": []
      },
      "geometry": {
        "type": "Point",
        "coordinates": [
          -76.0691125785612,
          39.18372108995
        ]
      }
    },
    {
      "type": "Feature",
      "properties": {
        "id": "USGS-391101076043501",
        "name": "KE Cd 125",
        "site_type": "Well",
        "latest_readings": []
      },
      "geometry": {
        "type": "Point",
        "coordinates": [
          -76.0760573541835,
          39.1837210739923
        ]
      }
    },
    {
      "type": "Feature",
      "properties": {
        "id": "USGS-391103076140701",
        "name": "KE Cb  63",
        "site_type": "Well",
        "latest_readings": []
      },
      "geometry": {
        "type": "Point",
        "coordinates": [
          -76.2349538218705,
          39.184276257276
        ]
      }
    },
    {
      "type": "Feature",
      "properties": {
        "id": "USGS-391103076151601",
        "name": "KE Ca  10",
        "site_type": "Well",
        "latest_readings": []
      },
      "geometry": {
        "type": "Point",
        "coordinates": [
          -76.2541213207716,
          39.1842762091112
        ]
      }
    },
    {
      "type": "Feature",
      "properties": {
        "id": "USGS-391103076152801",
        "name": "KE Ca   8",
        "site_type": "Well",
        "latest_readings": []
      },
      "geometry": {
        "type": "Point",
        "coordinates": [
          -76.2574547519418,
          39.1842761983602
        ]
      }
    },
    {
      "type": "Feature",
      "properties": {
        "id": "USGS-391104076152601",
        "name": "KE Ca   3",
        "site_type": "Well",
        "latest_readings": []
      },
      "geometry": {
        "type": "Point",
        "coordinates": [
          -76.2568991806492,
          39.1845539743355
        ]
      }
    },
    {
      "type": "Feature",
      "properties": {
        "id": "USGS-391104076152801",
        "name": "KE Ca   9",
        "site_type": "Well",
        "latest_readings": []
      },
      "geometry": {
        "type": "Point",
        "coordinates": [
          -76.2574547525109,
          39.1845539725426
        ]
      }
    },
    {
      "type": "Feature",
      "properties": {
        "id": "USGS-391106076072201",
        "name": "KE Cc  63",
        "site_type": "Well",
        "latest_readings": []
      },
      "geometry": {
        "type": "Point",
        "coordinates": [
          -76.1224484649197,
          39.1851098383779
        ]
      }
    },
    {
      "type": "Feature",
      "properties": {
        "id": "USGS-391107076043901",
        "name": "KE Cd 123",
        "site_type": "Well",
        "latest_readings": []
      },
      "geometry": {
        "type": "Point",
        "coordinates": [
          -76.077168532654,
          39.1853877166159
        ]
      }
    },
    {
      "type": "Feature",
      "properties": {
        "id": "USGS-391108076064801",
        "name": "KE Cc  17",
        "site_type": "Well",
        "latest_readings": []
      },
      "geometry": {
        "type": "Point",
        "coordinates": [
          -76.1130035746051,
          39.1856654084728
        ]
      }
    },
    {
      "type": "Feature",
      "properties": {
        "id": "USGS-391109076135901",
        "name": "KE Cb  19",
        "site_type": "Well",
        "latest_readings": []
      },
      "geometry": {
        "type": "Point",
        "coordinates": [
          -76.2327314982111,
          39.1859429075684
        ]
      }
    },
    {
      "type": "Feature",
      "properties": {
        "id": "USGS-391110076102001",
        "name": "KE Cb  28",
        "site_type": "Well",
        "latest_readings": []
      },
      "geometry": {
        "type": "Point",
        "coordinates": [
          -76.1718952703039,
          39.1862208215499
        ]
      }
    },
    {
      "type": "Feature",
      "properties": {
        "id": "USGS-391111076042101",
        "name": "KE Cd  31",
        "site_type": "Well",
        "latest_readings": []
      },
      "geometry": {
        "type": "Point",
        "coordinates": [
          -76.0721683043158,
          39.1864988248894
        ]
      }
    },
    {
      "type": "Feature",
      "properties": {
        "id": "USGS-391112076045501",
        "name": "KE Cd 122",
        "site_type": "Well",
        "latest_readings": []
      },
      "geometry": {
        "type": "Point",
        "coordinates": [
          -76.0816132005106,
          39.1867765773841
        ]
      }
    },
    {
      "type": "Feature",
      "properties": {
        "id": "USGS-391112076074201",
        "name": "KE Cc  48",
        "site_type": "Well",
        "latest_readings": []
      },
      "geometry": {
        "type": "Point",
        "coordinates": [
          -76.1280042962664,
          39.1867764707918
        ]
      }
    },
    {
      "type": "Feature",
      "properties": {
        "id": "USGS-391112076085201",
        "name": "KE Cc  53",
        "site_type": "Well",
        "latest_readings": []
      },
      "geometry": {
        "type": "Point",
        "coordinates": [
          -76.1474496657448,
          39.1867764261124
        ]
      }
    },
    {
      "type": "Feature",
      "properties": {
        "id": "USGS-391113076042901",
        "name": "KE Cd  12",
        "site_type": "Well",
        "latest_readings": []
      },
      "geometry": {
        "type": "Point",
        "coordinates": [
          -76.0743906371289,
          39.1870543681754
        ]
      }
    },
    {
      "type": "Feature",
      "properties": {
        "id": "USGS-391113076115801",
        "name": "KE Cb  58",
        "site_type": "Well",
        "latest_readings": []
      },
      "geometry": {
        "type": "Point",
        "coordinates": [
          -76.1991187914635,
          39.1870540815903
        ]
      }
    },
    {
      "type": "Feature",
      "properties": {
        "id": "USGS-391114076105001",
        "name": "KE Cb  47",
        "site_type": "Well",
        "latest_readings": []
      },
      "geometry": {
        "type": "Point",
        "coordinates": [
          -76.1802290054745,
          39.1873318991901
        ]
      }
    },
    {
      "type": "Feature",
      "properties": {
        "id": "USGS-391114076105002",
        "name": "KE Cb  48",
        "site_type": "Well",
        "latest_readings": []
      },
      "geometry": {
        "type": "Point",
        "coordinates": [
          -76.1802290054745,
          39.1873318991901
        ]
      }
    },
    {
      "type": "Feature",
      "properties": {
        "id": "USGS-391116076045501",
        "name": "KE Cd 121",
        "site_type": "Well",
        "latest_readings": []
      },
      "geometry": {
        "type": "Point",
        "coordinates": [
          -76.0816132099031,
          39.1878876741688
        ]
      }
    },
    {
      "type": "Feature",
      "properties": {
        "id": "USGS-391116076085101",
        "name": "KE Cc  52",
        "site_type": "Well",
        "latest_readings": []
      },
      "geometry": {
        "type": "Point",
        "coordinates": [
          -76.1471718813694,
          39.187887523538
        ]
      }
    },
    {
      "type": "Feature",
      "properties": {
        "id": "USGS-391116076093401",
        "name": "KE Cc   3",
        "site_type": "Well",
        "latest_readings": []
      },
      "geometry": {
        "type": "Point",
        "coordinates": [
          -76.1591168935434,
          39.1878874960926
        ]
      }
    },
    {
      "type": "Feature",
      "properties": {
        "id": "USGS-391117076045101",
        "name": "KE Cd  29",
        "site_type": "Well",
        "latest_readings": []
      },
      "geometry": {
        "type": "Point",
        "coordinates": [
          -76.0805020483398,
          39.188165450918
        ]
      }
    },
    {
      "type": "Feature",
      "properties": {
        "id": "USGS-391117076055301",
        "name": "KE Cc  66",
        "site_type": "Well",
        "latest_readings": []
      },
      "geometry": {
        "type": "Point",
        "coordinates": [
          -76.0977250889665,
          39.1881654113457
        ]
      }
    },
    {
      "type": "Feature",
      "properties": {
        "id": "USGS-391117076070501",
        "name": "KE Cc  64",
        "site_type": "Well",
        "latest_readings": []
      },
      "geometry": {
        "type": "Point",
        "coordinates": [
          -76.1177260393717,
          39.1881653653907
        ]
      }
    },
    {
      "type": "Feature",
      "properties": {
        "id": "USGS-391117076082701",
        "name": "KE Cc  50",
        "site_type": "Well",
        "latest_readings": []
      },
      "geometry": {
        "type": "Point",
        "coordinates": [
          -76.1405048995553,
          39.1881653130532
        ]
      }
    },
    {
      "type": "Feature",
      "properties": {
        "id": "USGS-391118076093401",
        "name": "KE Cc  54",
        "site_type": "Well",
        "latest_readings": []
      },
      "geometry": {
        "type": "Point",
        "coordinates": [
          -76.1591168965991,
          39.1884430444865
        ]
      }
    },
    {
      "type": "Feature",
      "properties": {
        "id": "USGS-391119076073501",
        "name": "KE Cc 129",
        "site_type": "Well",
        "latest_readings": []
      },
      "geometry": {
        "type": "Point",
        "coordinates": [
          -76.1260597724626,
          39.1887208946361
        ]
      }
    },
    {
      "type": "Feature",
      "properties": {
        "id": "USGS-391119076082401",
        "name": "KE Cc  49",
        "site_type": "Well",
        "latest_readings": []
      },
      "geometry": {
        "type": "Point",
        "coordinates": [
          -76.1396715300891,
          39.1887208633614
        ]
      }
    },
    {
      "type": "Feature",
      "properties": {
        "id": "USGS-391120076060601",
        "name": "KE Cc  65",
        "site_type": "Well",
        "latest_readings": []
      },
      "geometry": {
        "type": "Point",
        "coordinates": [
          -76.1013363780967,
          39.1889987256374
        ]
      }
    },
    {
      "type": "Feature",
      "properties": {
        "id": "USGS-391121076144901",
        "name": "KE Cd  11",
        "site_type": "Well",
        "latest_readings": []
      },
      "geometry": {
        "type": "Point",
        "coordinates": [
          -76.0799464758472,
          39.1892765489792
        ]
      }
    },
    {
      "type": "Feature",
      "properties": {
        "id": "USGS-391122076042601",
        "name": "KE Cd  35",
        "site_type": "Well",
        "latest_readings": []
      },
      "geometry": {
        "type": "Point",
        "coordinates": [
          -76.0735572860605,
          39.1895543378551
        ]
      }
    },
    {
      "type": "Feature",
      "properties": {
        "id": "USGS-391122076045701",
        "name": "KE Cd 120",
        "site_type": "Well",
        "latest_readings": []
      },
      "geometry": {
        "type": "Point",
        "coordinates": [
          -76.0821688059181,
          39.1895543180693
        ]
      }
    },
    {
      "type": "Feature",
      "properties": {
        "id": "USGS-391123076100201",
        "name": "KE Cb  49",
        "site_type": "Well",
        "latest_readings": []
      },
      "geometry": {
        "type": "Point",
        "coordinates": [
          -76.1668950511244,
          39.1898318976003
        ]
      }
    },
    {
      "type": "Feature",
      "properties": {
        "id": "USGS-391124076101001",
        "name": "KE Cb 97",
        "site_type": "Well",
        "latest_readings": []
      },
      "geometry": {
        "type": "Point",
        "coordinates": [
          -76.168722,
          39.19
        ]
      }
    },
    {
      "type": "Feature",
      "properties": {
        "id": "USGS-391124076101002",
        "name": "KE Cb  98",
        "site_type": "Well",
        "latest_readings": []
      },
      "geometry": {
        "type": "Point",
        "coordinates": [
          -76.1691173802281,
          39.1901096666913
        ]
      }
    },
    {
      "type": "Feature",
      "properties": {
        "id": "USGS-391124076101003",
        "name": "KE Cb  99",
        "site_type": "Well",
        "latest_readings": []
      },
      "geometry": {
        "type": "Point",
        "coordinates": [
          -76.1691173802281,
          39.1901096666913
        ]
      }
    },
    {
      "type": "Feature",
      "properties": {
        "id": "USGS-391124076101004",
        "name": "KE Cb 100",
        "site_type": "Well",
        "latest_readings": []
      },
      "geometry": {
        "type": "Point",
        "coordinates": [
          -76.168611,
          39.189861
        ]
      }
    },
    {
      "type": "Feature",
      "properties": {
        "id": "USGS-391124076101005",
        "name": "KE Cb 103",
        "site_type": "Well",
        "latest_readings": []
      },
      "geometry": {
        "type": "Point",
        "coordinates": [
          -76.168361,
          39.189861
        ]
      }
    },
    {
      "type": "Feature",
      "properties": {
        "id": "USGS-391124076110101",
        "name": "KE Cb  46",
        "site_type": "Well",
        "latest_readings": []
      },
      "geometry": {
        "type": "Point",
        "coordinates": [
          -76.1832847190489,
          39.1901096341409
        ]
      }
    },
    {
      "type": "Feature",
      "properties": {
        "id": "USGS-391125076095501",
        "name": "KE Cc  55",
        "site_type": "Well",
        "latest_readings": []
      },
      "geometry": {
        "type": "Point",
        "coordinates": [
          -76.1649505173352,
          39.190387450462
        ]
      }
    },
    {
      "type": "Feature",
      "properties": {
        "id": "USGS-391127076042501",
        "name": "KE Cd  25",
        "site_type": "Well",
        "latest_readings": []
      },
      "geometry": {
        "type": "Point",
        "coordinates": [
          -76.073279507279,
          39.1909432094738
        ]
      }
    },
    {
      "type": "Feature",
      "properties": {
        "id": "USGS-391127076045001",
        "name": "KE Cd 119",
        "site_type": "Well",
        "latest_readings": []
      },
      "geometry": {
        "type": "Point",
        "coordinates": [
          -76.0802242809902,
          39.1909431935179
        ]
      }
    },
    {
      "type": "Feature",
      "properties": {
        "id": "USGS-391128076043701",
        "name": "KE Cd 136",
        "site_type": "Well",
        "latest_readings": []
      },
      "geometry": {
        "type": "Point",
        "coordinates": [
          -76.0766130010614,
          39.1912209760111
        ]
      }
    },
    {
      "type": "Feature",
      "properties": {
        "id": "USGS-391128076044801",
        "name": "KE Cd  13",
        "site_type": "Well",
        "latest_readings": []
      },
      "geometry": {
        "type": "Point",
        "coordinates": [
          -76.079668701462,
          39.1912209689905
        ]
      }
    },
    {
      "type": "Feature",
      "properties": {
        "id": "USGS-391129076042801",
        "name": "KE Cd  26",
        "site_type": "Well",
        "latest_readings": []
      },
      "geometry": {
        "type": "Point",
        "coordinates": [
          -76.0741128849793,
          39.1914987559513
        ]
      }
    },
    {
      "type": "Feature",
      "properties": {
        "id": "USGS-391129076042901",
        "name": "KE Cd 117",
        "site_type": "Well",
        "latest_readings": []
      },
      "geometry": {
        "type": "Point",
        "coordinates": [
          -76.073001721209,
          39.1914987585042
        ]
      }
    },
    {
      "type": "Feature",
      "properties": {
        "id": "USGS-391129076044801",
        "name": "KE Cd  14",
        "site_type": "Well",
        "latest_readings": []
      },
      "geometry": {
        "type": "Point",
        "coordinates": [
          -76.0796687038307,
          39.1914987431867
        ]
      }
    },
    {
      "type": "Feature",
      "properties": {
        "id": "USGS-391130076043701",
        "name": "KE Cd  27",
        "site_type": "Well",
        "latest_readings": []
      },
      "geometry": {
        "type": "Point",
        "coordinates": [
          -76.0766130058635,
          39.1917765244033
        ]
      }
    },
    {
      "type": "Feature",
      "properties": {
        "id": "USGS-391130076045401",
        "name": "KE Cd 118",
        "site_type": "Well",
        "latest_readings": []
      },
      "geometry": {
        "type": "Point",
        "coordinates": [
          -76.0813354518372,
          39.1917765135535
        ]
      }
    },
    {
      "type": "Feature",
      "properties": {
        "id": "USGS-391131076110401",
        "name": "KE Cb  45",
        "site_type": "Well",
        "latest_readings": []
      },
      "geometry": {
        "type": "Point",
        "coordinates": [
          -76.1841181007636,
          39.1920540516065
        ]
      }
    },
    {
      "type": "Feature",
      "properties": {
        "id": "USGS-391135076043501",
        "name": "KE Cd 116",
        "site_type": "Well",
        "latest_readings": []
      },
      "geometry": {
        "type": "Point",
        "coordinates": [
          -76.0760574360188,
          39.1931653966604
        ]
      }
    },
    {
      "type": "Feature",
      "properties": {
        "id": "USGS-391136076044201",
        "name": "KE Cd 115",
        "site_type": "Well",
        "latest_readings": []
      },
      "geometry": {
        "type": "Point",
        "coordinates": [
          -76.0780019748797,
          39.193443166389
        ]
      }
    },
    {
      "type": "Feature",
      "properties": {
        "id": "USGS-391136076045101",
        "name": "KE Cd 113",
        "site_type": "Well",
        "latest_readings": []
      },
      "geometry": {
        "type": "Point",
        "coordinates": [
          -76.0805020931776,
          39.1934431606451
        ]
      }
    },
    {
      "type": "Feature",
      "properties": {
        "id": "USGS-391136076054901",
        "name": "KE Cc  19",
        "site_type": "Well",
        "latest_readings": []
      },
      "geometry": {
        "type": "Point",
        "coordinates": [
          -76.096613966653,
          39.1934431236289
        ]
      }
    },
    {
      "type": "Feature",
      "properties": {
        "id": "USGS-391139076063401",
        "name": "KE Cc  79",
        "site_type": "Well",
        "latest_readings": []
      },
      "geometry": {
        "type": "Point",
        "coordinates": [
          -76.1091145643138,
          39.1942764174987
        ]
      }
    },
    {
      "type": "Feature",
      "properties": {
        "id": "USGS-391141076043801",
        "name": "KE Cd 114",
        "site_type": "Well",
        "latest_readings": []
      },
      "geometry": {
        "type": "Point",
        "coordinates": [
          -76.0768908231822,
          39.1948320399225
        ]
      }
    },
    {
      "type": "Feature",
      "properties": {
        "id": "USGS-391141076044701",
        "name": "KE Cd 112",
        "site_type": "Well",
        "latest_readings": []
      },
      "geometry": {
        "type": "Point",
        "coordinates": [
          -76.0793909413479,
          39.1948320341787
        ]
      }
    },
    {
      "type": "Feature",
      "properties": {
        "id": "USGS-391142076150001",
        "name": "KE Cb  11",
        "site_type": "Well",
        "latest_readings": []
      },
      "geometry": {
        "type": "Point",
        "coordinates": [
          -76.2496767680864,
          39.1951094171617
        ]
      }
    },
    {
      "type": "Feature",
      "properties": {
        "id": "USGS-391142076150002",
        "name": "KE Cb  12",
        "site_type": "Well",
        "latest_readings": []
      },
      "geometry": {
        "type": "Point",
        "coordinates": [
          -76.2496767680864,
          39.1951094171617
        ]
      }
    },
    {
      "type": "Feature",
      "properties": {
        "id": "USGS-391142076150501",
        "name": "KE Ca  12",
        "site_type": "Well",
        "latest_readings": []
      },
      "geometry": {
        "type": "Point",
        "coordinates": [
          -76.2510656977383,
          39.1951094125743
        ]
      }
    },
    {
      "type": "Feature",
      "properties": {
        "id": "USGS-391143076053801",
        "name": "KE Cc  67",
        "site_type": "Well",
        "latest_readings": []
      },
      "geometry": {
        "type": "Point",
        "coordinates": [
          -76.0935582820631,
          39.1953875500233
        ]
      }
    },
    {
      "type": "Feature",
      "properties": {
        "id": "USGS-391143076084501",
        "name": "KE Cc  11",
        "site_type": "Well",
        "latest_readings": []
      },
      "geometry": {
        "type": "Point",
        "coordinates": [
          -76.1538389076692,
          39.1953874115357
        ]
      }
    },
    {
      "type": "Feature",
      "properties": {
        "id": "USGS-391144076041901",
        "name": "KE Cd  10",
        "site_type": "Well",
        "latest_readings": []
      },
      "geometry": {
        "type": "Point",
        "coordinates": [
          -76.0716128033056,
          39.1956653746365
        ]
      }
    },
    {
      "type": "Feature",
      "properties": {
        "id": "USGS-391146076044501",
        "name": "KE Cd 111",
        "site_type": "Well",
        "latest_readings": []
      },
      "geometry": {
        "type": "Point",
        "coordinates": [
          -76.0788353714209,
          39.1962209064359
        ]
      }
    },
    {
      "type": "Feature",
      "properties": {
        "id": "USGS-391146076150401",
        "name": "KE Ca  11",
        "site_type": "Well",
        "latest_readings": []
      },
      "geometry": {
        "type": "Point",
        "coordinates": [
          -76.2507879140855,
          39.1962205102743
        ]
      }
    },
    {
      "type": "Feature",
      "properties": {
        "id": "USGS-391147076074701",
        "name": "KE Cc  47",
        "site_type": "Well",
        "latest_readings": []
      },
      "geometry": {
        "type": "Point",
        "coordinates": [
          -76.1293933157148,
          39.1964985644831
        ]
      }
    },
    {
      "type": "Feature",
      "properties": {
        "id": "USGS-391151076072201",
        "name": "KE Cc  10",
        "site_type": "Well",
        "latest_readings": []
      },
      "geometry": {
        "type": "Point",
        "coordinates": [
          -76.1224485511374,
          39.197609677224
        ]
      }
    },
    {
      "type": "Feature",
      "properties": {
        "id": "USGS-391152076055501",
        "name": "KE Cc  68",
        "site_type": "Well",
        "latest_readings": []
      },
      "geometry": {
        "type": "Point",
        "coordinates": [
          -76.0982807469326,
          39.1978875069411
        ]
      }
    },
    {
      "type": "Feature",
      "properties": {
        "id": "USGS-391153076041501",
        "name": "KE Cd 110",
        "site_type": "Well",
        "latest_readings": []
      },
      "geometry": {
        "type": "Point",
        "coordinates": [
          -76.0705016619032,
          39.1981653449538
        ]
      }
    },
    {
      "type": "Feature",
      "properties": {
        "id": "USGS-391155076041301",
        "name": "KE Cd 109",
        "site_type": "Well",
        "latest_readings": []
      },
      "geometry": {
        "type": "Point",
        "coordinates": [
          -76.0699460851024,
          39.1987208946223
        ]
      }
    },
    {
      "type": "Feature",
      "properties": {
        "id": "USGS-391157076120501",
        "name": "KE Cb  40",
        "site_type": "Well",
        "latest_readings": []
      },
      "geometry": {
        "type": "Point",
        "coordinates": [
          -76.2010633760841,
          39.1992761418061
        ]
      }
    },
    {
      "type": "Feature",
      "properties": {
        "id": "USGS-391157076120502",
        "name": "KE Cb  57",
        "site_type": "Well",
        "latest_readings": []
      },
      "geometry": {
        "type": "Point",
        "coordinates": [
          -76.2010633760841,
          39.1992761418061
        ]
      }
    },
    {
      "type": "Feature",
      "properties": {
        "id": "USGS-391158076064701",
        "name": "KE Cc 128",
        "site_type": "Well",
        "latest_readings": []
      },
      "geometry": {
        "type": "Point",
        "coordinates": [
          -76.1127258845431,
          39.1995541189353
        ]
      }
    },
    {
      "type": "Feature",
      "properties": {
        "id": "USGS-391159076041201",
        "name": "KE Cd 108",
        "site_type": "Well",
        "latest_readings": []
      },
      "geometry": {
        "type": "Point",
        "coordinates": [
          -76.0696683041345,
          39.1998319920447
        ]
      }
    },
    {
      "type": "Feature",
      "properties": {
        "id": "USGS-391200076054601",
        "name": "KE Cc  69",
        "site_type": "Well",
        "latest_readings": []
      },
      "geometry": {
        "type": "Point",
        "coordinates": [
          -76.0957806466435,
          39.2001097062551
        ]
      }
    },
    {
      "type": "Feature",
      "properties": {
        "id": "USGS-391202076135701",
        "name": "KE Cb  65",
        "site_type": "Well",
        "latest_readings": []
      },
      "geometry": {
        "type": "Point",
        "coordinates": [
          -76.2321759562055,
          39.2006649413212
        ]
      }
    },
    {
      "type": "Feature",
      "properties": {
        "id": "USGS-391204076084101",
        "name": "KE Cc 133",
        "site_type": "Well",
        "latest_readings": []
      },
      "geometry": {
        "type": "Point",
        "coordinates": [
          -76.1447222222222,
          39.2011111111111
        ]
      }
    },
    {
      "type": "Feature",
      "properties": {
        "id": "USGS-391204076140701",
        "name": "KE Cb  69",
        "site_type": "Well",
        "latest_readings": []
      },
      "geometry": {
        "type": "Point",
        "coordinates": [
          -76.2349538878695,
          39.209553709266
        ]
      }
    },
    {
      "type": "Feature",
      "properties": {
        "id": "USGS-391206076043701",
        "name": "KE Cd 135",
        "site_type": "Well",
        "latest_readings": []
      },
      "geometry": {
        "type": "Point",
        "coordinates": [
          -76.076613092301,
          39.2017763954638
        ]
      }
    },
    {
      "type": "Feature",
      "properties": {
        "id": "USGS-391206076104801",
        "name": "KE Cb  44",
        "site_type": "Well",
        "latest_readings": []
      },
      "geometry": {
        "type": "Point",
        "coordinates": [
          -76.1796734916376,
          39.2017761587182
        ]
      }
    },
    {
      "type": "Feature",
      "properties": {
        "id": "USGS-391207076120201",
        "name": "KE Cb  56",
        "site_type": "Well",
        "latest_readings": []
      },
      "geometry": {
        "type": "Point",
        "coordinates": [
          -76.2002300144309,
          39.202053885694
        ]
      }
    },
    {
      "type": "Feature",
      "properties": {
        "id": "USGS-391208076071101",
        "name": "KE Cc  81",
        "site_type": "Well",
        "latest_readings": []
      },
      "geometry": {
        "type": "Point",
        "coordinates": [
          -76.1193928846015,
          39.2023318455852
        ]
      }
    },
    {
      "type": "Feature",
      "properties": {
        "id": "USGS-391209076072301",
        "name": "KE Cc  80",
        "site_type": "Well",
        "latest_readings": []
      },
      "geometry": {
        "type": "Point",
        "coordinates": [
          -76.1227263764494,
          39.2026096121243
        ]
      }
    },
    {
      "type": "Feature",
      "properties": {
        "id": "USGS-391212076053201",
        "name": "KE Cc  70",
        "site_type": "Well",
        "latest_readings": []
      },
      "geometry": {
        "type": "Point",
        "coordinates": [
          -76.0918916015956,
          39.2034430055444
        ]
      }
    },
    {
      "type": "Feature",
      "properties": {
        "id": "USGS-391213076135701",
        "name": "KE Cb  66",
        "site_type": "Well",
        "latest_readings": []
      },
      "geometry": {
        "type": "Point",
        "coordinates": [
          -76.2321759645068,
          39.2037204574955
        ]
      }
    },
    {
      "type": "Feature",
      "properties": {
        "id": "USGS-391214076042101",
        "name": "KE Cd 107",
        "site_type": "Well",
        "latest_readings": []
      },
      "geometry": {
        "type": "Point",
        "coordinates": [
          -76.072168458545,
          39.2039985992426
        ]
      }
    },
    {
      "type": "Feature",
      "properties": {
        "id": "USGS-391215076111401",
        "name": "KE Cb  24",
        "site_type": "Well",
        "latest_readings": []
      },
      "geometry": {
        "type": "Point",
        "coordinates": [
          -76.1868960644211,
          39.2042761099018
        ]
      }
    },
    {
      "type": "Feature",
      "properties": {
        "id": "USGS-391216076140001",
        "name": "KE Cb  31",
        "site_type": "Well",
        "latest_readings": []
      },
      "geometry": {
        "type": "Point",
        "coordinates": [
          -76.233009339184,
          39.2045537781742
        ]
      }
    },
    {
      "type": "Feature",
      "properties": {
        "id": "USGS-391216076140002",
        "name": "KE Cb  33",
        "site_type": "Well",
        "latest_readings": []
      },
      "geometry": {
        "type": "Point",
        "coordinates": [
          -76.233009339184,
          39.2045537781742
        ]
      }
    },
    {
      "type": "Feature",
      "properties": {
        "id": "USGS-391222076071901",
        "name": "KE Cc  82",
        "site_type": "Well",
        "latest_readings": []
      },
      "geometry": {
        "type": "Point",
        "coordinates": [
          -76.1216152381715,
          39.2062206792322
        ]
      }
    },
    {
      "type": "Feature",
      "properties": {
        "id": "USGS-391222076091301",
        "name": "KE Cc  56",
        "site_type": "Well",
        "latest_readings": []
      },
      "geometry": {
        "type": "Point",
        "coordinates": [
          -76.1532833878613,
          39.2062206064905
        ]
      }
    },
    {
      "type": "Feature",
      "properties": {
        "id": "USGS-391223076071201",
        "name": "KE Cc   9",
        "site_type": "Well",
        "latest_readings": []
      },
      "geometry": {
        "type": "Point",
        "coordinates": [
          -76.1196707046096,
          39.2064984578953
        ]
      }
    },
    {
      "type": "Feature",
      "properties": {
        "id": "USGS-391224076144801",
        "name": "KE Cb  64",
        "site_type": "Well",
        "latest_readings": []
      },
      "geometry": {
        "type": "Point",
        "coordinates": [
          -76.2463433026326,
          39.2067759411278
        ]
      }
    },
    {
      "type": "Feature",
      "properties": {
        "id": "USGS-391225076054001",
        "name": "KE Cc  71",
        "site_type": "Well",
        "latest_readings": []
      },
      "geometry": {
        "type": "Point",
        "coordinates": [
          -76.0941139569306,
          39.2070540649914
        ]
      }
    },
    {
      "type": "Feature",
      "properties": {
        "id": "USGS-391228076103701",
        "name": "KE Cb  43",
        "site_type": "Well",
        "latest_readings": []
      },
      "geometry": {
        "type": "Point",
        "coordinates": [
          -76.1766178220043,
          39.2078871980741
        ]
      }
    },
    {
      "type": "Feature",
      "properties": {
        "id": "USGS-391228076120601",
        "name": "KE Cb  14",
        "site_type": "Well",
        "latest_readings": []
      },
      "geometry": {
        "type": "Point",
        "coordinates": [
          -76.2016189901464,
          39.2076093664506
        ]
      }
    },
    {
      "type": "Feature",
      "properties": {
        "id": "USGS-391230076070701",
        "name": "KE Cc  83",
        "site_type": "Well",
        "latest_readings": []
      },
      "geometry": {
        "type": "Point",
        "coordinates": [
          -76.1182817644109,
          39.2084428804615
        ]
      }
    },
    {
      "type": "Feature",
      "properties": {
        "id": "USGS-391230076073601",
        "name": "KE Cc  46",
        "site_type": "Well",
        "latest_readings": []
      },
      "geometry": {
        "type": "Point",
        "coordinates": [
          -76.1263376965446,
          39.2084428619577
        ]
      }
    },
    {
      "type": "Feature",
      "properties": {
        "id": "USGS-391230076141001",
        "name": "KE Cb  68",
        "site_type": "Well",
        "latest_readings": []
      },
      "geometry": {
        "type": "Point",
        "coordinates": [
          -76.2357872572581,
          39.208442610561
        ]
      }
    },
    {
      "type": "Feature",
      "properties": {
        "id": "USGS-391233076060201",
        "name": "KE Cc  21",
        "site_type": "Well",
        "latest_readings": []
      },
      "geometry": {
        "type": "Point",
        "coordinates": [
          -76.1002253712542,
          39.2092762445246
        ]
      }
    },
    {
      "type": "Feature",
      "properties": {
        "id": "USGS-391233076061301",
        "name": "KE Cc  77",
        "site_type": "Well",
        "latest_readings": []
      },
      "geometry": {
        "type": "Point",
        "coordinates": [
          -76.1032810695528,
          39.209276237506
        ]
      }
    },
    {
      "type": "Feature",
      "properties": {
        "id": "USGS-391235076060001",
        "name": "KE Cc  76",
        "site_type": "Well",
        "latest_readings": []
      },
      "geometry": {
        "type": "Point",
        "coordinates": [
          -76.0996697940595,
          39.2098317941934
        ]
      }
    },
    {
      "type": "Feature",
      "properties": {
        "id": "USGS-391236076070101",
        "name": "KE Cc  84",
        "site_type": "Well",
        "latest_readings": []
      },
      "geometry": {
        "type": "Point",
        "coordinates": [
          -76.1166150316976,
          39.210109529469
        ]
      }
    },
    {
      "type": "Feature",
      "properties": {
        "id": "USGS-391236076091101",
        "name": "KE Cc   4",
        "site_type": "Well",
        "latest_readings": []
      },
      "geometry": {
        "type": "Point",
        "coordinates": [
          -76.1524500346822,
          39.2095538987673
        ]
      }
    },
    {
      "type": "Feature",
      "properties": {
        "id": "USGS-391238076131001",
        "name": "KE Cb 106",
        "site_type": "Well",
        "latest_readings": []
      },
      "geometry": {
        "type": "Point",
        "coordinates": [
          -76.2195,
          39.2106666666667
        ]
      }
    },
    {
      "type": "Feature",
      "properties": {
        "id": "USGS-391238076131101",
        "name": "KE Cb  67",
        "site_type": "Well",
        "latest_readings": []
      },
      "geometry": {
        "type": "Point",
        "coordinates": [
          -76.2193976093466,
          39.210664841787
        ]
      }
    },
    {
      "type": "Feature",
      "properties": {
        "id": "USGS-391240076035601",
        "name": "KE Cd   3",
        "site_type": "Well",
        "latest_readings": []
      },
      "geometry": {
        "type": "Point",
        "coordinates": [
          -76.0652237538494,
          39.2112207442915
        ]
      }
    },
    {
      "type": "Feature",
      "properties": {
        "id": "USGS-391240076062501",
        "name": "KE Cc  78",
        "site_type": "Well",
        "latest_readings": []
      },
      "geometry": {
        "type": "Point",
        "coordinates": [
          -76.1066145731904,
          39.2112206492243
        ]
      }
    },
    {
      "type": "Feature",
      "properties": {
        "id": "USGS-391240076103601",
        "name": "KE Cb  37",
        "site_type": "Well",
        "latest_readings": []
      },
      "geometry": {
        "type": "Point",
        "coordinates": [
          -76.1763400473824,
          39.2112204890775
        ]
      }
    },
    {
      "type": "Feature",
      "properties": {
        "id": "USGS-391241076035101",
        "name": "KE Cd 139",
        "site_type": "Well",
        "latest_readings": []
      },
      "geometry": {
        "type": "Point",
        "coordinates": [
          -76.0638348027165,
          39.2114985216777
        ]
      }
    },
    {
      "type": "Feature",
      "properties": {
        "id": "USGS-391242076054401",
        "name": "KE Cc  72",
        "site_type": "Well",
        "latest_readings": []
      },
      "geometry": {
        "type": "Point",
        "coordinates": [
          -76.0952251575114,
          39.2117762237764
        ]
      }
    },
    {
      "type": "Feature",
      "properties": {
        "id": "USGS-391244076034701",
        "name": "KE Cd  33",
        "site_type": "Well",
        "latest_readings": []
      },
      "geometry": {
        "type": "Point",
        "coordinates": [
          -76.062723647437,
          39.2123318468178
        ]
      }
    },
    {
      "type": "Feature",
      "properties": {
        "id": "USGS-391244076034901",
        "name": "KE Cd  39",
        "site_type": "Well",
        "latest_readings": []
      },
      "geometry": {
        "type": "Point",
        "coordinates": [
          -76.0632792288812,
          39.2123318455418
        ]
      }
    },
    {
      "type": "Feature",
      "properties": {
        "id": "USGS-391244076034902",
        "name": "KE Cd  40",
        "site_type": "Well",
        "latest_readings": []
      },
      "geometry": {
        "type": "Point",
        "coordinates": [
          -76.0632792288812,
          39.2123318455418
        ]
      }
    },
    {
      "type": "Feature",
      "properties": {
        "id": "USGS-391244076070001",
        "name": "KE Cc  85",
        "site_type": "Well",
        "latest_readings": []
      },
      "geometry": {
        "type": "Point",
        "coordinates": [
          -76.1163372567971,
          39.2123317236792
        ]
      }
    },
    {
      "type": "Feature",
      "properties": {
        "id": "USGS-391245076034801",
        "name": "KE Cd  53",
        "site_type": "Well",
        "latest_readings": []
      },
      "geometry": {
        "type": "Point",
        "coordinates": [
          -76.0630014407042,
          39.2126096203758
        ]
      }
    },
    {
      "type": "Feature",
      "properties": {
        "id": "USGS-391245076034802",
        "name": "KE Cd  41",
        "site_type": "Well",
        "latest_readings": []
      },
      "geometry": {
        "type": "Point",
        "coordinates": [
          -76.0630014407042,
          39.2126096203758
        ]
      }
    },
    {
      "type": "Feature",
      "properties": {
        "id": "USGS-391245076034803",
        "name": "KE Cd 138",
        "site_type": "Well",
        "latest_readings": []
      },
      "geometry": {
        "type": "Point",
        "coordinates": [
          -76.0630014407042,
          39.2126096203758
        ]
      }
    },
    {
      "type": "Feature",
      "properties": {
        "id": "USGS-391245076035201",
        "name": "KE Cd 101",
        "site_type": "Well",
        "latest_readings": []
      },
      "geometry": {
        "type": "Point",
        "coordinates": [
          -76.0641126035807,
          39.2126096178237
        ]
      }
    },
    {
      "type": "Feature",
      "properties": {
        "id": "USGS-391245076075601",
        "name": "KE Cc  43",
        "site_type": "Well",
        "latest_readings": []
      },
      "geometry": {
        "type": "Point",
        "coordinates": [
          -76.1318935390491,
          39.2126094621465
        ]
      }
    },
    {
      "type": "Feature",
      "properties": {
        "id": "USGS-391246076034701",
        "name": "KE Cd  99",
        "site_type": "Well",
        "latest_readings": []
      },
      "geometry": {
        "type": "Point",
        "coordinates": [
          -76.0627236525331,
          39.2128873952098
        ]
      }
    },
    {
      "type": "Feature",
      "properties": {
        "id": "USGS-391246076034702",
        "name": "KE Cd 104",
        "site_type": "Well",
        "latest_readings": []
      },
      "geometry": {
        "type": "Point",
        "coordinates": [
          -76.0627236525331,
          39.2128873952098
        ]
      }
    },
    {
      "type": "Feature",
      "properties": {
        "id": "USGS-391246076035001",
        "name": "KE Cd   2",
        "site_type": "Well",
        "latest_readings": []
      },
      "geometry": {
        "type": "Point",
        "coordinates": [
          -76.0635570246817,
          39.2128873932957
        ]
      }
    },
    {
      "type": "Feature",
      "properties": {
        "id": "USGS-391246076035002",
        "name": "KE Cd 100",
        "site_type": "Well",
        "latest_readings": []
      },
      "geometry": {
        "type": "Point",
        "coordinates": [
          -76.0635570246817,
          39.2128873932957
        ]
      }
    },
    {
      "type": "Feature",
      "properties": {
        "id": "USGS-391246076035003",
        "name": "KE Cd  37",
        "site_type": "Well",
        "latest_readings": []
      },
      "geometry": {
        "type": "Point",
        "coordinates": [
          -76.0635570246817,
          39.2128873932957
        ]
      }
    },
    {
      "type": "Feature",
      "properties": {
        "id": "USGS-391246076035004",
        "name": "KE Cd  38",
        "site_type": "Well",
        "latest_readings": []
      },
      "geometry": {
        "type": "Point",
        "coordinates": [
          -76.0635570246817,
          39.2128873932957
        ]
      }
    },
    {
      "type": "Feature",
      "properties": {
        "id": "USGS-391247076034701",
        "name": "KE Cd  98",
        "site_type": "Well",
        "latest_readings": []
      },
      "geometry": {
        "type": "Point",
        "coordinates": [
          -76.0627236550811,
          39.2131651694058
        ]
      }
    },
    {
      "type": "Feature",
      "properties": {
        "id": "USGS-391247076034702",
        "name": "KE Cd 103",
        "site_type": "Test hole not completed as a well",
        "latest_readings": []
      },
      "geometry": {
        "type": "Point",
        "coordinates": [
          -76.0627236550811,
          39.2131651694058
        ]
      }
    },
    {
      "type": "Feature",
      "properties": {
        "id": "USGS-391247076070901",
        "name": "KE Cc  87",
        "site_type": "Well",
        "latest_readings": []
      },
      "geometry": {
        "type": "Point",
        "coordinates": [
          -76.1188373791582,
          39.2131650405266
        ]
      }
    },
    {
      "type": "Feature",
      "properties": {
        "id": "USGS-391247076143001",
        "name": "KE Cb  70",
        "site_type": "Well",
        "latest_readings": []
      },
      "geometry": {
        "type": "Point",
        "coordinates": [
          -76.2413430837027,
          39.2131647591616
        ]
      }
    },
    {
      "type": "Feature",
      "properties": {
        "id": "USGS-391247076143002",
        "name": "KE Cb  71",
        "site_type": "Well",
        "latest_readings": []
      },
      "geometry": {
        "type": "Point",
        "coordinates": [
          -76.2413430837027,
          39.2131647591616
        ]
      }
    },
    {
      "type": "Feature",
      "properties": {
        "id": "USGS-391249076043601",
        "name": "KE Cd 105",
        "site_type": "Well",
        "latest_readings": []
      },
      "geometry": {
        "type": "Point",
        "coordinates": [
          -76.0763354048385,
          39.2137206865352
        ]
      }
    },
    {
      "type": "Feature",
      "properties": {
        "id": "USGS-391249076043602",
        "name": "KE Cd 106",
        "site_type": "Well",
        "latest_readings": []
      },
      "geometry": {
        "type": "Point",
        "coordinates": [
          -76.0763354048385,
          39.2137206865352
        ]
      }
    },
    {
      "type": "Feature",
      "properties": {
        "id": "USGS-391249076072401",
        "name": "KE Cc  88",
        "site_type": "Well",
        "latest_readings": []
      },
      "geometry": {
        "type": "Point",
        "coordinates": [
          -76.1230042436771,
          39.2137205793495
        ]
      }
    },
    {
      "type": "Feature",
      "properties": {
        "id": "USGS-391251076101101",
        "name": "KE Cb  42",
        "site_type": "Well",
        "latest_readings": []
      },
      "geometry": {
        "type": "Point",
        "coordinates": [
          -76.1693952946466,
          39.2142760211959
        ]
      }
    },
    {
      "type": "Feature",
      "properties": {
        "id": "USGS-391251076110501",
        "name": "KE Cb  25",
        "site_type": "Well",
        "latest_readings": []
      },
      "geometry": {
        "type": "Point",
        "coordinates": [
          -76.1843959925272,
          39.2142759867436
        ]
      }
    },
    {
      "type": "Feature",
      "properties": {
        "id": "USGS-391251076133401",
        "name": "KE Cb   7",
        "site_type": "Well",
        "latest_readings": []
      },
      "geometry": {
        "type": "Point",
        "coordinates": [
          -76.2257868070497,
          39.2142758916809
        ]
      }
    },
    {
      "type": "Feature",
      "properties": {
        "id": "USGS-391251076133402",
        "name": "KE Cb  13",
        "site_type": "Well",
        "latest_readings": []
      },
      "geometry": {
        "type": "Point",
        "coordinates": [
          -76.2257868070497,
          39.2142758916809
        ]
      }
    },
    {
      "type": "Feature",
      "properties": {
        "id": "USGS-391251076142201",
        "name": "KE Cb 101",
        "site_type": "Well",
        "latest_readings": []
      },
      "geometry": {
        "type": "Point",
        "coordinates": [
          -76.239444,
          39.213333
        ]
      }
    },
    {
      "type": "Feature",
      "properties": {
        "id": "USGS-391251076142202",
        "name": "KE Cb 102",
        "site_type": "Well",
        "latest_readings": []
      },
      "geometry": {
        "type": "Point",
        "coordinates": [
          -76.2391207586778,
          39.2134425384635
        ]
      }
    },
    {
      "type": "Feature",
      "properties": {
        "id": "USGS-391252076042701",
        "name": "KE Cd  34",
        "site_type": "Well",
        "latest_readings": []
      },
      "geometry": {
        "type": "Point",
        "coordinates": [
          -76.0738352957635,
          39.2145540148656
        ]
      }
    },
    {
      "type": "Feature",
      "properties": {
        "id": "USGS-391252076065401",
        "name": "KE Cc  86",
        "site_type": "Well",
        "latest_readings": []
      },
      "geometry": {
        "type": "Point",
        "coordinates": [
          -76.1146705284508,
          39.2145539210793
        ]
      }
    },
    {
      "type": "Feature",
      "properties": {
        "id": "USGS-391252076135701",
        "name": "KE Cb  32",
        "site_type": "Well",
        "latest_readings": []
      },
      "geometry": {
        "type": "Point",
        "coordinates": [
          -76.2321759939387,
          39.2145536512045
        ]
      }
    },
    {
      "type": "Feature",
      "properties": {
        "id": "USGS-391252076135801",
        "name": "KE Cb  34",
        "site_type": "Well",
        "latest_readings": []
      },
      "geometry": {
        "type": "Point",
        "coordinates": [
          -76.2324537846372,
          39.2145536505665
        ]
      }
    },
    {
      "type": "Feature",
      "properties": {
        "id": "USGS-391253076042501",
        "name": "KE Cd  21",
        "site_type": "Well",
        "latest_readings": []
      },
      "geometry": {
        "type": "Point",
        "coordinates": [
          -76.0732797168027,
          39.2148317903377
        ]
      }
    },
    {
      "type": "Feature",
      "properties": {
        "id": "USGS-391253076065901",
        "name": "KE Cc   8",
        "site_type": "Well",
        "latest_readings": []
      },
      "geometry": {
        "type": "Point",
        "coordinates": [
          -76.1160594839271,
          39.2148316920858
        ]
      }
    },
    {
      "type": "Feature",
      "properties": {
        "id": "USGS-391253076075901",
        "name": "KE Cc  42",
        "site_type": "Well",
        "latest_readings": []
      },
      "geometry": {
        "type": "Point",
        "coordinates": [
          -76.1327269256639,
          39.2148316538059
        ]
      }
    },
    {
      "type": "Feature",
      "properties": {
        "id": "USGS-391254076053001",
        "name": "KE Cc  20",
        "site_type": "Well",
        "latest_readings": []
      },
      "geometry": {
        "type": "Point",
        "coordinates": [
          -76.0913361142628,
          39.2151095230641
        ]
      }
    },
    {
      "type": "Feature",
      "properties": {
        "id": "USGS-391255076035201",
        "name": "KE Cd 102",
        "site_type": "Well",
        "latest_readings": []
      },
      "geometry": {
        "type": "Point",
        "coordinates": [
          -76.0641126289141,
          39.2153873597837
        ]
      }
    },
    {
      "type": "Feature",
      "properties": {
        "id": "USGS-391255076042801",
        "name": "KE Cd  32",
        "site_type": "Well",
        "latest_readings": []
      },
      "geometry": {
        "type": "Point",
        "coordinates": [
          -76.0741130937445,
          39.2153873368159
        ]
      }
    },
    {
      "type": "Feature",
      "properties": {
        "id": "USGS-391255076055701",
        "name": "KE Cc  73",
        "site_type": "Well",
        "latest_readings": []
      },
      "geometry": {
        "type": "Point",
        "coordinates": [
          -76.0988364651308,
          39.2153872800345
        ]
      }
    },
    {
      "type": "Feature",
      "properties": {
        "id": "USGS-391255076143701",
        "name": "KE Cb  10",
        "site_type": "Well",
        "latest_readings": []
      },
      "geometry": {
        "type": "Point",
        "coordinates": [
          -76.243287623792,
          39.2153869482777
        ]
      }
    },
    {
      "type": "Feature",
      "properties": {
        "id": "USGS-391257076083801",
        "name": "KE Cc  12",
        "site_type": "Well",
        "latest_readings": []
      },
      "geometry": {
        "type": "Point",
        "coordinates": [
          -76.1435607695628,
          39.2159427257111
        ]
      }
    },
    {
      "type": "Feature",
      "properties": {
        "id": "USGS-391257076083901",
        "name": "KE Cc  39",
        "site_type": "Well",
        "latest_readings": []
      },
      "geometry": {
        "type": "Point",
        "coordinates": [
          -76.1438385602467,
          39.2159427250731
        ]
      }
    },
    {
      "type": "Feature",
      "properties": {
        "id": "USGS-391257076083902",
        "name": "KE Cc  40",
        "site_type": "Well",
        "latest_readings": []
      },
      "geometry": {
        "type": "Point",
        "coordinates": [
          -76.1438385602467,
          39.2159427250731
        ]
      }
    },
    {
      "type": "Feature",
      "properties": {
        "id": "USGS-391258076143001",
        "name": "KE Cb  72",
        "site_type": "Well",
        "latest_readings": []
      },
      "geometry": {
        "type": "Point",
        "coordinates": [
          -76.2413430909368,
          39.2162202753369
        ]
      }
    },
    {
      "type": "Feature",
      "properties": {
        "id": "USGS-391300076073701",
        "name": "KE Cc  45",
        "site_type": "Well",
        "latest_readings": []
      },
      "geometry": {
        "type": "Point",
        "coordinates": [
          -76.1266155434633,
          39.2167760872182
        ]
      }
    },
    {
      "type": "Feature",
      "properties": {
        "id": "USGS-391300076142101",
        "name": "KE Cb  73",
        "site_type": "Well",
        "latest_readings": []
      },
      "geometry": {
        "type": "Point",
        "coordinates": [
          -76.2388429761768,
          39.2167758294743
        ]
      }
    },
    {
      "type": "Feature",
      "properties": {
        "id": "USGS-391301076035001",
        "name": "KE Cd 141",
        "site_type": "Well",
        "latest_readings": []
      },
      "geometry": {
        "type": "Point",
        "coordinates": [
          -76.0638888888889,
          39.2169444444444
        ]
      }
    },
    {
      "type": "Feature",
      "properties": {
        "id": "USGS-391301076035101",
        "name": "KE Cd 142",
        "site_type": "Well",
        "latest_readings": []
      },
      "geometry": {
        "type": "Point",
        "coordinates": [
          -76.0641666666667,
          39.2169444444444
        ]
      }
    },
    {
      "type": "Feature",
      "properties": {
        "id": "USGS-391301076103801",
        "name": "KE Cb  20",
        "site_type": "Well",
        "latest_readings": []
      },
      "geometry": {
        "type": "Point",
        "coordinates": [
          -76.1768956569841,
          39.2170537459409
        ]
      }
    },
    {
      "type": "Feature",
      "properties": {
        "id": "USGS-391301076143501",
        "name": "KE Cb 104",
        "site_type": "Well",
        "latest_readings": []
      },
      "geometry": {
        "type": "Point",
        "coordinates": [
          -76.2385651861888,
          39.21705360431
        ]
      }
    },
    {
      "type": "Feature",
      "properties": {
        "id": "USGS-391302076035101",
        "name": "KE Cd 143",
        "site_type": "Well",
        "latest_readings": []
      },
      "geometry": {
        "type": "Point",
        "coordinates": [
          -76.0641666666667,
          39.2172222222222
        ]
      }
    },
    {
      "type": "Feature",
      "properties": {
        "id": "USGS-391302076072501",
        "name": "KE Cc  89",
        "site_type": "Well",
        "latest_readings": []
      },
      "geometry": {
        "type": "Point",
        "coordinates": [
          -76.1232820591772,
          39.2173316432672
        ]
      }
    },
    {
      "type": "Feature",
      "properties": {
        "id": "USGS-391303076035101",
        "name": "KE Cd 144",
        "site_type": "Well",
        "latest_readings": []
      },
      "geometry": {
        "type": "Point",
        "coordinates": [
          -76.0641666666667,
          39.2175
        ]
      }
    },
    {
      "type": "Feature",
      "properties": {
        "id": "USGS-391303076035102",
        "name": "KE Cd 145",
        "site_type": "Well",
        "latest_readings": []
      },
      "geometry": {
        "type": "Point",
        "coordinates": [
          -76.0641666666667,
          39.2175
        ]
      }
    },
    {
      "type": "Feature",
      "properties": {
        "id": "USGS-391303076055701",
        "name": "KE Cc  74",
        "site_type": "Well",
        "latest_readings": []
      },
      "geometry": {
        "type": "Point",
        "coordinates": [
          -76.0988364824575,
          39.2176094736053
        ]
      }
    },
    {
      "type": "Feature",
      "properties": {
        "id": "USGS-391303076074901",
        "name": "KE Cc  41",
        "site_type": "Well",
        "latest_readings": []
      },
      "geometry": {
        "type": "Point",
        "coordinates": [
          -76.1374493885756,
          39.2181649333206
        ]
      }
    },
    {
      "type": "Feature",
      "properties": {
        "id": "USGS-391303076074902",
        "name": "KE Cc  44",
        "site_type": "Well",
        "latest_readings": []
      },
      "geometry": {
        "type": "Point",
        "coordinates": [
          -76.1299490370734,
          39.2176094021524
        ]
      }
    },
    {
      "type": "Feature",
      "properties": {
        "id": "USGS-391305076142401",
        "name": "KE Cb  74",
        "site_type": "Well",
        "latest_readings": []
      },
      "geometry": {
        "type": "Point",
        "coordinates": [
          -76.2396763515783,
          39.218164698549
        ]
      }
    },
    {
      "type": "Feature",
      "properties": {
        "id": "USGS-391308076100301",
        "name": "KE Cb  41",
        "site_type": "Well",
        "latest_readings": []
      },
      "geometry": {
        "type": "Point",
        "coordinates": [
          -76.1671729935591,
          39.2189981876493
        ]
      }
    },
    {
      "type": "Feature",
      "properties": {
        "id": "USGS-391308076142001",
        "name": "KE Cb  75",
        "site_type": "Well",
        "latest_readings": []
      },
      "geometry": {
        "type": "Point",
        "coordinates": [
          -76.2385651909981,
          39.2189980236941
        ]
      }
    },
    {
      "type": "Feature",
      "properties": {
        "id": "USGS-391309076123901",
        "name": "KE Cb  95",
        "site_type": "Well",
        "latest_readings": []
      },
      "geometry": {
        "type": "Point",
        "coordinates": [
          -76.2105083361792,
          39.2192758623253
        ]
      }
    },
    {
      "type": "Feature",
      "properties": {
        "id": "USGS-391309076143101",
        "name": "KE Cb  78",
        "site_type": "Well",
        "latest_readings": []
      },
      "geometry": {
        "type": "Point",
        "coordinates": [
          -76.2416208888194,
          39.2192757908743
        ]
      }
    },
    {
      "type": "Feature",
      "properties": {
        "id": "USGS-391310076055801",
        "name": "KE Cc 131",
        "site_type": "Well",
        "latest_readings": []
      },
      "geometry": {
        "type": "Point",
        "coordinates": [
          -76.0991142882641,
          39.2195538923417
        ]
      }
    },
    {
      "type": "Feature",
      "properties": {
        "id": "USGS-391310076075601",
        "name": "KE Cc 134",
        "site_type": "Well",
        "latest_readings": []
      },
      "geometry": {
        "type": "Point",
        "coordinates": [
          -76.13224722222222,
          39.219611111111114
        ]
      }
    },
    {
      "type": "Feature",
      "properties": {
        "id": "USGS-391310076093301",
        "name": "KE Cc  38",
        "site_type": "Well",
        "latest_readings": []
      },
      "geometry": {
        "type": "Point",
        "coordinates": [
          -76.1588392770753,
          39.2195537551819
        ]
      }
    },
    {
      "type": "Feature",
      "properties": {
        "id": "USGS-391310076123801",
        "name": "KE Cb  15",
        "site_type": "Well",
        "latest_readings": []
      },
      "geometry": {
        "type": "Point",
        "coordinates": [
          -76.2102305465176,
          39.2195536371607
        ]
      }
    },
    {
      "type": "Feature",
      "properties": {
        "id": "USGS-391312076101101",
        "name": "KE Cb 105",
        "site_type": "Well",
        "latest_readings": []
      },
      "geometry": {
        "type": "Point",
        "coordinates": [
          -76.1697222222222,
          39.22
        ]
      }
    },
    {
      "type": "Feature",
      "properties": {
        "id": "USGS-391312076115401",
        "name": "KE Cb  94",
        "site_type": "Well",
        "latest_readings": []
      },
      "geometry": {
        "type": "Point",
        "coordinates": [
          -76.1980077603422,
          39.2201092136253
        ]
      }
    },
    {
      "type": "Feature",
      "properties": {
        "id": "USGS-391313076135301",
        "name": "KE Cb  76",
        "site_type": "Well",
        "latest_readings": []
      },
      "geometry": {
        "type": "Point",
        "coordinates": [
          -76.2310648472393,
          39.2203869119072
        ]
      }
    },
    {
      "type": "Feature",
      "properties": {
        "id": "USGS-391313076135302",
        "name": "KE Cb  77",
        "site_type": "Well",
        "latest_readings": []
      },
      "geometry": {
        "type": "Point",
        "coordinates": [
          -76.2310648472393,
          39.2203869119072
        ]
      }
    },
    {
      "type": "Feature",
      "properties": {
        "id": "USGS-391317076041101",
        "name": "KE Cd  22",
        "site_type": "Well",
        "latest_readings": []
      },
      "geometry": {
        "type": "Point",
        "coordinates": [
          -76.0693907065237,
          39.221498379975
        ]
      }
    },
    {
      "type": "Feature",
      "properties": {
        "id": "USGS-391317076140701",
        "name": "KE Cb  80",
        "site_type": "Well",
        "latest_readings": []
      },
      "geometry": {
        "type": "Point",
        "coordinates": [
          -76.2349539190558,
          39.2214979997668
        ]
      }
    },
    {
      "type": "Feature",
      "properties": {
        "id": "USGS-391318076142001",
        "name": "KE Cb  79",
        "site_type": "Well",
        "latest_readings": []
      },
      "geometry": {
        "type": "Point",
        "coordinates": [
          -76.2399541509791,
          39.2217757624817
        ]
      }
    },
    {
      "type": "Feature",
      "properties": {
        "id": "USGS-391319076041201",
        "name": "KE Cd  15",
        "site_type": "Well",
        "latest_readings": []
      },
      "geometry": {
        "type": "Point",
        "coordinates": [
          -76.0699462902454,
          39.2217761528952
        ]
      }
    },
    {
      "type": "Feature",
      "properties": {
        "id": "USGS-391319076054501",
        "name": "KE Cc  75",
        "site_type": "Well",
        "latest_readings": []
      },
      "geometry": {
        "type": "Point",
        "coordinates": [
          -76.095503029681,
          39.2220538684019
        ]
      }
    },
    {
      "type": "Feature",
      "properties": {
        "id": "USGS-391320076023101",
        "name": "KE Cd  85",
        "site_type": "Well",
        "latest_readings": []
      },
      "geometry": {
        "type": "Point",
        "coordinates": [
          -76.0416116523327,
          39.2223317663557
        ]
      }
    },
    {
      "type": "Feature",
      "properties": {
        "id": "USGS-391320076101501",
        "name": "KE Cb  35",
        "site_type": "Well",
        "latest_readings": []
      },
      "geometry": {
        "type": "Point",
        "coordinates": [
          -76.1705064982653,
          39.2223314703585
        ]
      }
    },
    {
      "type": "Feature",
      "properties": {
        "id": "USGS-391320076101601",
        "name": "KE Cb  38",
        "site_type": "Well",
        "latest_readings": []
      },
      "geometry": {
        "type": "Point",
        "coordinates": [
          -76.1707842888815,
          39.2223314697205
        ]
      }
    },
    {
      "type": "Feature",
      "properties": {
        "id": "USGS-391320076101602",
        "name": "KE Cb  39",
        "site_type": "Well",
        "latest_readings": []
      },
      "geometry": {
        "type": "Point",
        "coordinates": [
          -76.1707842888815,
          39.2223314697205
        ]
      }
    },
    {
      "type": "Feature",
      "properties": {
        "id": "USGS-391323076101701",
        "name": "KE Cb  21",
        "site_type": "Well",
        "latest_readings": []
      },
      "geometry": {
        "type": "Point",
        "coordinates": [
          -76.1710620837021,
          39.2231647916738
        ]
      }
    },
    {
      "type": "Feature",
      "properties": {
        "id": "USGS-391324076101801",
        "name": "KE Cb  22",
        "site_type": "Well",
        "latest_readings": []
      },
      "geometry": {
        "type": "Point",
        "coordinates": [
          -76.1713398757081,
          39.2234425652329
        ]
      }
    },
    {
      "type": "Feature",
      "properties": {
        "id": "USGS-391324076141501",
        "name": "KE Cb  81",
        "site_type": "Well",
        "latest_readings": []
      },
      "geometry": {
        "type": "Point",
        "coordinates": [
          -76.2371762489684,
          39.2234424140473
        ]
      }
    },
    {
      "type": "Feature",
      "properties": {
        "id": "USGS-391326076101901",
        "name": "KE Cb   1",
        "site_type": "Well",
        "latest_readings": []
      },
      "geometry": {
        "type": "Point",
        "coordinates": [
          -76.1716176691037,
          39.2239981129892
        ]
      }
    },
    {
      "type": "Feature",
      "properties": {
        "id": "USGS-391329076022201",
        "name": "KE Cd  84",
        "site_type": "Well",
        "latest_readings": []
      },
      "geometry": {
        "type": "Point",
        "coordinates": [
          -76.0391115619681,
          39.2248317398588
        ]
      }
    },
    {
      "type": "Feature",
      "properties": {
        "id": "USGS-391330076042801",
        "name": "KE Cd  36",
        "site_type": "Well",
        "latest_readings": []
      },
      "geometry": {
        "type": "Point",
        "coordinates": [
          -76.0741131787071,
          39.2251094336795
        ]
      }
    },
    {
      "type": "Feature",
      "properties": {
        "id": "USGS-391332076052001",
        "name": "KE Cc  91",
        "site_type": "Well",
        "latest_readings": []
      },
      "geometry": {
        "type": "Point",
        "coordinates": [
          -76.0885582937718,
          39.2256649489013
        ]
      }
    },
    {
      "type": "Feature",
      "properties": {
        "id": "USGS-391332076133201",
        "name": "KE Cb  85",
        "site_type": "Well",
        "latest_readings": []
      },
      "geometry": {
        "type": "Point",
        "coordinates": [
          -76.2252312596013,
          39.2256646350584
        ]
      }
    },
    {
      "type": "Feature",
      "properties": {
        "id": "USGS-391333076021001",
        "name": "KE Cd  23",
        "site_type": "Well",
        "latest_readings": []
      },
      "geometry": {
        "type": "Point",
        "coordinates": [
          -76.0357780862236,
          39.2259428442965
        ]
      }
    },
    {
      "type": "Feature",
      "properties": {
        "id": "USGS-391333076033401",
        "name": "KE Cd  93",
        "site_type": "Well",
        "latest_readings": []
      },
      "geometry": {
        "type": "Point",
        "coordinates": [
          -76.0591124947768,
          39.2259427907138
        ]
      }
    },
    {
      "type": "Feature",
      "properties": {
        "id": "USGS-391333076043501",
        "name": "KE Cd 137",
        "site_type": "Well",
        "latest_readings": []
      },
      "geometry": {
        "type": "Point",
        "coordinates": [
          -76.0760577200357,
          39.2259427518025
        ]
      }
    },
    {
      "type": "Feature",
      "properties": {
        "id": "USGS-391333076133401",
        "name": "KE Cb  86",
        "site_type": "Well",
        "latest_readings": []
      },
      "geometry": {
        "type": "Point",
        "coordinates": [
          -76.2257868415855,
          39.2259424079802
        ]
      }
    },
    {
      "type": "Feature",
      "properties": {
        "id": "USGS-391334076031501",
        "name": "KE Cd  17",
        "site_type": "Well",
        "latest_readings": []
      },
      "geometry": {
        "type": "Point",
        "coordinates": [
          -76.0538344764367,
          39.2262205770296
        ]
      }
    },
    {
      "type": "Feature",
      "properties": {
        "id": "USGS-391334076085701",
        "name": "KE Cc  37",
        "site_type": "Well",
        "latest_readings": []
      },
      "geometry": {
        "type": "Point",
        "coordinates": [
          -76.1488388531122,
          39.2262203588724
        ]
      }
    },
    {
      "type": "Feature",
      "properties": {
        "id": "USGS-391335076031201",
        "name": "KE Cd  18",
        "site_type": "Well",
        "latest_readings": []
      },
      "geometry": {
        "type": "Point",
        "coordinates": [
          -76.0530011073624,
          39.2264983531391
        ]
      }
    },
    {
      "type": "Feature",
      "properties": {
        "id": "USGS-391336076021001",
        "name": "KE Cd  83",
        "site_type": "Well",
        "latest_readings": []
      },
      "geometry": {
        "type": "Point",
        "coordinates": [
          -76.0357780947233,
          39.2267761668836
        ]
      }
    },
    {
      "type": "Feature",
      "properties": {
        "id": "USGS-391336076135801",
        "name": "KE Cb  82",
        "site_type": "Well",
        "latest_readings": []
      },
      "geometry": {
        "type": "Point",
        "coordinates": [
          -76.232453817713,
          39.2267757152639
        ]
      }
    },
    {
      "type": "Feature",
      "properties": {
        "id": "USGS-391337076083901",
        "name": "KE Cc   5",
        "site_type": "Well",
        "latest_readings": []
      },
      "geometry": {
        "type": "Point",
        "coordinates": [
          -76.1438386278296,
          39.2270536929447
        ]
      }
    },
    {
      "type": "Feature",
      "properties": {
        "id": "USGS-391337076083902",
        "name": "KE Cc  34",
        "site_type": "Well",
        "latest_readings": []
      },
      "geometry": {
        "type": "Point",
        "coordinates": [
          -76.1438386278296,
          39.2270536929447
        ]
      }
    },
    {
      "type": "Feature",
      "properties": {
        "id": "USGS-391337076084001",
        "name": "KE Cc  35",
        "site_type": "Well",
        "latest_readings": []
      },
      "geometry": {
        "type": "Point",
        "coordinates": [
          -76.1441164183958,
          39.2270536923068
        ]
      }
    },
    {
      "type": "Feature",
      "properties": {
        "id": "USGS-391337076141301",
        "name": "KE Cb   5",
        "site_type": "Well",
        "latest_readings": []
      },
      "geometry": {
        "type": "Point",
        "coordinates": [
          -76.2366206769586,
          39.2270534798934
        ]
      }
    },
    {
      "type": "Feature",
      "properties": {
        "id": "USGS-391338076030101",
        "name": "KE Cd  91",
        "site_type": "Well",
        "latest_readings": []
      },
      "geometry": {
        "type": "Point",
        "coordinates": [
          -76.0499454191188,
          39.2273316827434
        ]
      }
    },
    {
      "type": "Feature",
      "properties": {
        "id": "USGS-391338076084601",
        "name": "KE Cc  36",
        "site_type": "Well",
        "latest_readings": []
      },
      "geometry": {
        "type": "Point",
        "coordinates": [
          -76.1457831634623,
          39.2273314626764
        ]
      }
    },
    {
      "type": "Feature",
      "properties": {
        "id": "USGS-391339076041901",
        "name": "KE Cd  68",
        "site_type": "Well",
        "latest_readings": []
      },
      "geometry": {
        "type": "Point",
        "coordinates": [
          -76.0716130855113,
          39.2276094071852
        ]
      }
    },
    {
      "type": "Feature",
      "properties": {
        "id": "USGS-391339076074801",
        "name": "KE Cc  26",
        "site_type": "Well",
        "latest_readings": []
      },
      "geometry": {
        "type": "Point",
        "coordinates": [
          -76.1296713107901,
          39.2273314996731
        ]
      }
    },
    {
      "type": "Feature",
      "properties": {
        "id": "USGS-391341076030701",
        "name": "KE Cd  92",
        "site_type": "Well",
        "latest_readings": []
      },
      "geometry": {
        "type": "Point",
        "coordinates": [
          -76.0516121704956,
          39.2281650015038
        ]
      }
    },
    {
      "type": "Feature",
      "properties": {
        "id": "USGS-391342076030001",
        "name": "KE Cd  90",
        "site_type": "Well",
        "latest_readings": []
      },
      "geometry": {
        "type": "Point",
        "coordinates": [
          -76.0496676393003,
          39.2284427801647
        ]
      }
    },
    {
      "type": "Feature",
      "properties": {
        "id": "USGS-391344076140201",
        "name": "KE Cb  83",
        "site_type": "Well",
        "latest_readings": []
      },
      "geometry": {
        "type": "Point",
        "coordinates": [
          -76.2335649859095,
          39.2289979062938
        ]
      }
    },
    {
      "type": "Feature",
      "properties": {
        "id": "USGS-391345076054401",
        "name": "KE Cc  92",
        "site_type": "Well",
        "latest_readings": []
      },
      "geometry": {
        "type": "Point",
        "coordinates": [
          -76.0952252963675,
          39.2292759981439
        ]
      }
    },
    {
      "type": "Feature",
      "properties": {
        "id": "USGS-391346076042601",
        "name": "KE Cd   6",
        "site_type": "Well",
        "latest_readings": []
      },
      "geometry": {
        "type": "Point",
        "coordinates": [
          -76.0735576364676,
          39.2295538220928
        ]
      }
    },
    {
      "type": "Feature",
      "properties": {
        "id": "USGS-391347076021801",
        "name": "KE Cd  82",
        "site_type": "Well",
        "latest_readings": []
      },
      "geometry": {
        "type": "Point",
        "coordinates": [
          -76.0380004501835,
          39.2298316779338
        ]
      }
    },
    {
      "type": "Feature",
      "properties": {
        "id": "USGS-391347076052301",
        "name": "KE Cc  22",
        "site_type": "Well",
        "latest_readings": []
      },
      "geometry": {
        "type": "Point",
        "coordinates": [
          -76.0893916995017,
          39.2298315599314
        ]
      }
    },
    {
      "type": "Feature",
      "properties": {
        "id": "USGS-391347076052302",
        "name": "KE Cc  27",
        "site_type": "Well",
        "latest_readings": []
      },
      "geometry": {
        "type": "Point",
        "coordinates": [
          -76.0893916995017,
          39.2298315599314
        ]
      }
    },
    {
      "type": "Feature",
      "properties": {
        "id": "USGS-391347076135201",
        "name": "KE Cb  84",
        "site_type": "Well",
        "latest_readings": []
      },
      "geometry": {
        "type": "Point",
        "coordinates": [
          -76.2307870827609,
          39.2298312352653
        ]
      }
    },
    {
      "type": "Feature",
      "properties": {
        "id": "USGS-391348076042401",
        "name": "KE Cd   7",
        "site_type": "Well",
        "latest_readings": []
      },
      "geometry": {
        "type": "Point",
        "coordinates": [
          -76.0730020602665,
          39.2301093717607
        ]
      }
    },
    {
      "type": "Feature",
      "properties": {
        "id": "USGS-391349076024601",
        "name": "KE Cd  89",
        "site_type": "Well",
        "latest_readings": []
      },
      "geometry": {
        "type": "Point",
        "coordinates": [
          -76.0457785906702,
          39.2303872084656
        ]
      }
    },
    {
      "type": "Feature",
      "properties": {
        "id": "USGS-391349076042201",
        "name": "KE Cd  16",
        "site_type": "Well",
        "latest_readings": []
      },
      "geometry": {
        "type": "Point",
        "coordinates": [
          -76.0724464816438,
          39.2303871472324
        ]
      }
    },
    {
      "type": "Feature",
      "properties": {
        "id": "USGS-391349076042202",
        "name": "KE Cd  24",
        "site_type": "Well",
        "latest_readings": []
      },
      "geometry": {
        "type": "Point",
        "coordinates": [
          -76.0724464816438,
          39.2303871472324
        ]
      }
    },
    {
      "type": "Feature",
      "properties": {
        "id": "USGS-391350076024301",
        "name": "KE Cd  88",
        "site_type": "Well",
        "latest_readings": []
      },
      "geometry": {
        "type": "Point",
        "coordinates": [
          -76.0449452218135,
          39.2306649845749
        ]
      }
    },
    {
      "type": "Feature",
      "properties": {
        "id": "USGS-391350076042201",
        "name": "KE Cd  67",
        "site_type": "Well",
        "latest_readings": []
      },
      "geometry": {
        "type": "Point",
        "coordinates": [
          -76.072446484089,
          39.2306649214285
        ]
      }
    },
    {
      "type": "Feature",
      "properties": {
        "id": "USGS-391351076062401",
        "name": "KE Cc  90",
        "site_type": "Well",
        "latest_readings": []
      },
      "geometry": {
        "type": "Point",
        "coordinates": [
          -76.1063369305957,
          39.2309426178082
        ]
      }
    },
    {
      "type": "Feature",
      "properties": {
        "id": "USGS-391352076022101",
        "name": "KE Cd  81",
        "site_type": "Well",
        "latest_readings": []
      },
      "geometry": {
        "type": "Point",
        "coordinates": [
          -76.0388338357985,
          39.231220546999
        ]
      }
    },
    {
      "type": "Feature",
      "properties": {
        "id": "USGS-391352076042201",
        "name": "KE Cd  28",
        "site_type": "Well",
        "latest_readings": []
      },
      "geometry": {
        "type": "Point",
        "coordinates": [
          -76.0724464889793,
          39.2312204698207
        ]
      }
    },
    {
      "type": "Feature",
      "properties": {
        "id": "USGS-391352076115301",
        "name": "KE Cb  93",
        "site_type": "Well",
        "latest_readings": []
      },
      "geometry": {
        "type": "Point",
        "coordinates": [
          -76.1977300144712,
          39.2312201821562
        ]
      }
    },
    {
      "type": "Feature",
      "properties": {
        "id": "USGS-391352076124501",
        "name": "KE Cb   2",
        "site_type": "Well",
        "latest_readings": []
      },
      "geometry": {
        "type": "Point",
        "coordinates": [
          -76.2121751216233,
          39.2312201489886
        ]
      }
    },
    {
      "type": "Feature",
      "properties": {
        "id": "USGS-391357076042201",
        "name": "KE Cd  65",
        "site_type": "Well",
        "latest_readings": []
      },
      "geometry": {
        "type": "Point",
        "coordinates": [
          -76.072446501205,
          39.2326093408011
        ]
      }
    },
    {
      "type": "Feature",
      "properties": {
        "id": "USGS-391358076041601",
        "name": "KE Cd  64",
        "site_type": "Well",
        "latest_readings": []
      },
      "geometry": {
        "type": "Point",
        "coordinates": [
          -76.070779760623,
          39.2328871188241
        ]
      }
    },
    {
      "type": "Feature",
      "properties": {
        "id": "USGS-391358076042101",
        "name": "KE Cd  66",
        "site_type": "Well",
        "latest_readings": []
      },
      "geometry": {
        "type": "Point",
        "coordinates": [
          -76.0721687033533,
          39.2317760188507
        ]
      }
    },
    {
      "type": "Feature",
      "properties": {
        "id": "USGS-391400076101401",
        "name": "KE Cb  36",
        "site_type": "Well",
        "latest_readings": []
      },
      "geometry": {
        "type": "Point",
        "coordinates": [
          -76.1706111111111,
          39.2331666666667
        ]
      }
    },
    {
      "type": "Feature",
      "properties": {
        "id": "USGS-391402076023001",
        "name": "KE Cd  87",
        "site_type": "Well",
        "latest_readings": []
      },
      "geometry": {
        "type": "Point",
        "coordinates": [
          -76.0413339782421,
          39.2339982832162
        ]
      }
    },
    {
      "type": "Feature",
      "properties": {
        "id": "USGS-391402076041701",
        "name": "KE Cd   5",
        "site_type": "Well",
        "latest_readings": []
      },
      "geometry": {
        "type": "Point",
        "coordinates": [
          -76.0710575609669,
          39.2339982149706
        ]
      }
    },
    {
      "type": "Feature",
      "properties": {
        "id": "USGS-391402076042501",
        "name": "KE Cd  95",
        "site_type": "Well",
        "latest_readings": []
      },
      "geometry": {
        "type": "Point",
        "coordinates": [
          -76.0732798849089,
          39.2339982098681
        ]
      }
    },
    {
      "type": "Feature",
      "properties": {
        "id": "USGS-391403076020801",
        "name": "KE Cd  80",
        "site_type": "Well",
        "latest_readings": []
      },
      "geometry": {
        "type": "Point",
        "coordinates": [
          -76.0352225902405,
          39.2342760714437
        ]
      }
    },
    {
      "type": "Feature",
      "properties": {
        "id": "USGS-391403076041701",
        "name": "KE Cd   4",
        "site_type": "Well",
        "latest_readings": []
      },
      "geometry": {
        "type": "Point",
        "coordinates": [
          -76.0710575634267,
          39.2342759891667
        ]
      }
    },
    {
      "type": "Feature",
      "properties": {
        "id": "USGS-391405076063401",
        "name": "KE Cc  25",
        "site_type": "Well",
        "latest_readings": []
      },
      "geometry": {
        "type": "Point",
        "coordinates": [
          -76.1091148646456,
          39.23483145018
        ]
      }
    },
    {
      "type": "Feature",
      "properties": {
        "id": "USGS-391406076080601",
        "name": "KE Cc   6",
        "site_type": "Well",
        "latest_readings": []
      },
      "geometry": {
        "type": "Point",
        "coordinates": [
          -76.1346715909543,
          39.235109165699
        ]
      }
    },
    {
      "type": "Feature",
      "properties": {
        "id": "USGS-391407076022801",
        "name": "KE Cd  86",
        "site_type": "Well",
        "latest_readings": []
      },
      "geometry": {
        "type": "Point",
        "coordinates": [
          -76.040778411158,
          39.2353871554707
        ]
      }
    },
    {
      "type": "Feature",
      "properties": {
        "id": "USGS-391407076041301",
        "name": "KE Cd  63",
        "site_type": "Well",
        "latest_readings": []
      },
      "geometry": {
        "type": "Point",
        "coordinates": [
          -76.0699464113539,
          39.2353870885021
        ]
      }
    },
    {
      "type": "Feature",
      "properties": {
        "id": "USGS-391407076041302",
        "name": "KE Cd  30",
        "site_type": "Well",
        "latest_readings": []
      },
      "geometry": {
        "type": "Point",
        "coordinates": [
          -76.0699464113539,
          39.2353870885021
        ]
      }
    },
    {
      "type": "Feature",
      "properties": {
        "id": "USGS-391408076041201",
        "name": "KE Cd  62",
        "site_type": "Well",
        "latest_readings": []
      },
      "geometry": {
        "type": "Point",
        "coordinates": [
          -76.0696686233504,
          39.235664863336
        ]
      }
    },
    {
      "type": "Feature",
      "properties": {
        "id": "USGS-391408076042301",
        "name": "KE Cd  94",
        "site_type": "Well",
        "latest_readings": []
      },
      "geometry": {
        "type": "Point",
        "coordinates": [
          -76.0727243185766,
          39.2356648563202
        ]
      }
    },
    {
      "type": "Feature",
      "properties": {
        "id": "USGS-391409076041101",
        "name": "KE Cd   1",
        "site_type": "Well",
        "latest_readings": []
      },
      "geometry": {
        "type": "Point",
        "coordinates": [
          -76.0693908353527,
          39.2359426381698
        ]
      }
    },
    {
      "type": "Feature",
      "properties": {
        "id": "USGS-391411076010801",
        "name": "KE Cd  76",
        "site_type": "Well",
        "latest_readings": []
      },
      "geometry": {
        "type": "Point",
        "coordinates": [
          -76.0185551849756,
          39.2364983032765
        ]
      }
    },
    {
      "type": "Feature",
      "properties": {
        "id": "USGS-391412076084201",
        "name": "KE Cc 130",
        "site_type": "Well",
        "latest_readings": []
      },
      "geometry": {
        "type": "Point",
        "coordinates": [
          -76.1446720583546,
          39.236775787919
        ]
      }
    },
    {
      "type": "Feature",
      "properties": {
        "id": "USGS-391413076010301",
        "name": "KE Cd  75",
        "site_type": "Well",
        "latest_readings": []
      },
      "geometry": {
        "type": "Point",
        "coordinates": [
          -76.0171662387045,
          39.2370538548565
        ]
      }
    },
    {
      "type": "Feature",
      "properties": {
        "id": "USGS-391415076041701",
        "name": "KE Cd  61",
        "site_type": "Well",
        "latest_readings": []
      },
      "geometry": {
        "type": "Point",
        "coordinates": [
          -76.0710575929449,
          39.2376092795195
        ]
      }
    },
    {
      "type": "Feature",
      "properties": {
        "id": "USGS-391417076091801",
        "name": "KE Cc 127",
        "site_type": "Well",
        "latest_readings": []
      },
      "geometry": {
        "type": "Point",
        "coordinates": [
          -76.15467252291,
          39.2381646359434
        ]
      }
    },
    {
      "type": "Feature",
      "properties": {
        "id": "USGS-391419076040601",
        "name": "KE Cd  59",
        "site_type": "Well",
        "latest_readings": []
      },
      "geometry": {
        "type": "Point",
        "coordinates": [
          -76.0680019079137,
          39.2387203833192
        ]
      }
    },
    {
      "type": "Feature",
      "properties": {
        "id": "USGS-391419076041401",
        "name": "KE Cd  60",
        "site_type": "Well",
        "latest_readings": []
      },
      "geometry": {
        "type": "Point",
        "coordinates": [
          -76.0702242314559,
          39.2387203782171
        ]
      }
    },
    {
      "type": "Feature",
      "properties": {
        "id": "USGS-391419076133901",
        "name": "KE Cb  87",
        "site_type": "Well",
        "latest_readings": []
      },
      "geometry": {
        "type": "Point",
        "coordinates": [
          -76.2271758316244,
          39.2387200178811
        ]
      }
    },
    {
      "type": "Feature",
      "properties": {
        "id": "USGS-391422076040601",
        "name": "KE Cd  58",
        "site_type": "Well",
        "latest_readings": []
      },
      "geometry": {
        "type": "Point",
        "coordinates": [
          -76.0680019153902,
          39.2395537059073
        ]
      }
    },
    {
      "type": "Feature",
      "properties": {
        "id": "USGS-391422076112801",
        "name": "KE Cb  23",
        "site_type": "Well",
        "latest_readings": []
      },
      "geometry": {
        "type": "Point",
        "coordinates": [
          -76.1907852871989,
          39.2395534240198
        ]
      }
    },
    {
      "type": "Feature",
      "properties": {
        "id": "USGS-391422076112802",
        "name": "KE Cb  26",
        "site_type": "Well",
        "latest_readings": []
      },
      "geometry": {
        "type": "Point",
        "coordinates": [
          -76.1907852871989,
          39.2395534240198
        ]
      }
    },
    {
      "type": "Feature",
      "properties": {
        "id": "USGS-391423076092501",
        "name": "KE Cc   7",
        "site_type": "Well",
        "latest_readings": []
      },
      "geometry": {
        "type": "Point",
        "coordinates": [
          -76.1566170653766,
          39.2398312766605
        ]
      }
    },
    {
      "type": "Feature",
      "properties": {
        "id": "USGS-391425076015501",
        "name": "KE Cd  52",
        "site_type": "Well",
        "latest_readings": []
      },
      "geometry": {
        "type": "Point",
        "coordinates": [
          -76.0296668586874,
          39.2417759874827
        ]
      }
    },
    {
      "type": "Feature",
      "properties": {
        "id": "USGS-391425076125901",
        "name": "KE Cb   9",
        "site_type": "Well",
        "latest_readings": []
      },
      "geometry": {
        "type": "Point",
        "coordinates": [
          -76.2160642194644,
          39.2403866885766
        ]
      }
    },
    {
      "type": "Feature",
      "properties": {
        "id": "USGS-391426076103501",
        "name": "KE Cb   3",
        "site_type": "Well",
        "latest_readings": []
      },
      "geometry": {
        "type": "Point",
        "coordinates": [
          -76.1760623995933,
          39.2406645546092
        ]
      }
    },
    {
      "type": "Feature",
      "properties": {
        "id": "USGS-391428076113201",
        "name": "KE Cb  91",
        "site_type": "Well",
        "latest_readings": []
      },
      "geometry": {
        "type": "Point",
        "coordinates": [
          -76.1918964560204,
          39.2412200666523
        ]
      }
    },
    {
      "type": "Feature",
      "properties": {
        "id": "USGS-391429076014901",
        "name": "KE Cd  51",
        "site_type": "Well",
        "latest_readings": []
      },
      "geometry": {
        "type": "Point",
        "coordinates": [
          -76.0299446462029,
          39.2414982126493
        ]
      }
    },
    {
      "type": "Feature",
      "properties": {
        "id": "USGS-391429076112001",
        "name": "KE Cb  96",
        "site_type": "Well",
        "latest_readings": []
      },
      "geometry": {
        "type": "Point",
        "coordinates": [
          -76.1885629722409,
          39.2414978485024
        ]
      }
    },
    {
      "type": "Feature",
      "properties": {
        "id": "USGS-391430076015702",
        "name": "KE Cd  50",
        "site_type": "Well",
        "latest_readings": []
      },
      "geometry": {
        "type": "Point",
        "coordinates": [
          -76.0324447685288,
          39.2423315294968
        ]
      }
    },
    {
      "type": "Feature",
      "properties": {
        "id": "USGS-391430076053801",
        "name": "KE Cc  93",
        "site_type": "Well",
        "latest_readings": []
      },
      "geometry": {
        "type": "Point",
        "coordinates": [
          -76.0935586530878,
          39.2417758408042
        ]
      }
    },
    {
      "type": "Feature",
      "properties": {
        "id": "USGS-391430076064301",
        "name": "KE Cc  95",
        "site_type": "Well",
        "latest_readings": []
      },
      "geometry": {
        "type": "Point",
        "coordinates": [
          -76.1116150297662,
          39.2417757993516
        ]
      }
    },
    {
      "type": "Feature",
      "properties": {
        "id": "USGS-391431076014301",
        "name": "KE Cd  97",
        "site_type": "Well",
        "latest_readings": []
      },
      "geometry": {
        "type": "Point",
        "coordinates": [
          -76.0282779095479,
          39.242053764867
        ]
      }
    },
    {
      "type": "Feature",
      "properties": {
        "id": "USGS-391431076014801",
        "name": "KE Cd  96",
        "site_type": "Well",
        "latest_readings": []
      },
      "geometry": {
        "type": "Point",
        "coordinates": [
          -76.0296668615853,
          39.2420537616784
        ]
      }
    },
    {
      "type": "Feature",
      "properties": {
        "id": "USGS-391432076010101",
        "name": "KE Cd  73",
        "site_type": "Well",
        "latest_readings": []
      },
      "geometry": {
        "type": "Point",
        "coordinates": [
          -76.0166107154691,
          39.2423315658472
        ]
      }
    },
    {
      "type": "Feature",
      "properties": {
        "id": "USGS-391432076015501",
        "name": "KE Cd  44",
        "site_type": "Well",
        "latest_readings": []
      },
      "geometry": {
        "type": "Point",
        "coordinates": [
          -76.0316113973151,
          39.2423315314099
        ]
      }
    },
    {
      "type": "Feature",
      "properties": {
        "id": "USGS-391432076015704",
        "name": "KE Cd  54",
        "site_type": "Well",
        "latest_readings": []
      },
      "geometry": {
        "type": "Point",
        "coordinates": [
          -76.0321669781243,
          39.2423315301345
        ]
      }
    },
    {
      "type": "Feature",
      "properties": {
        "id": "USGS-391432076015801",
        "name": "KE Cd  42",
        "site_type": "Well",
        "latest_readings": []
      },
      "geometry": {
        "type": "Point",
        "coordinates": [
          -76.0324447685288,
          39.2423315294968
        ]
      }
    },
    {
      "type": "Feature",
      "properties": {
        "id": "USGS-391432076015802",
        "name": "KE Cd  49",
        "site_type": "Well",
        "latest_readings": []
      },
      "geometry": {
        "type": "Point",
        "coordinates": [
          -76.0324447685288,
          39.2423315294968
        ]
      }
    },
    {
      "type": "Feature",
      "properties": {
        "id": "USGS-391433076015701",
        "name": "KE Cd  43",
        "site_type": "Well",
        "latest_readings": []
      },
      "geometry": {
        "type": "Point",
        "coordinates": [
          -76.0321669809957,
          39.2426093043302
        ]
      }
    },
    {
      "type": "Feature",
      "properties": {
        "id": "USGS-391433076083001",
        "name": "KE Cc  33",
        "site_type": "Well",
        "latest_readings": []
      },
      "geometry": {
        "type": "Point",
        "coordinates": [
          -76.141338608831,
          39.2426090537045
        ]
      }
    },
    {
      "type": "Feature",
      "properties": {
        "id": "USGS-391433076112801",
        "name": "KE Cb  92",
        "site_type": "Well",
        "latest_readings": []
      },
      "geometry": {
        "type": "Point",
        "coordinates": [
          -76.1907853003188,
          39.2426089401896
        ]
      }
    },
    {
      "type": "Feature",
      "properties": {
        "id": "USGS-391434076015201",
        "name": "KE Cd  45",
        "site_type": "Well",
        "latest_readings": []
      },
      "geometry": {
        "type": "Point",
        "coordinates": [
          -76.0307780318737,
          39.2428870817145
        ]
      }
    },
    {
      "type": "Feature",
      "properties": {
        "id": "USGS-391434076110301",
        "name": "KE Cb   4",
        "site_type": "Well",
        "latest_readings": []
      },
      "geometry": {
        "type": "Point",
        "coordinates": [
          -76.1838405415446,
          39.2428867303299
        ]
      }
    },
    {
      "type": "Feature",
      "properties": {
        "id": "USGS-391434076121501",
        "name": "KE Cb  89",
        "site_type": "Well",
        "latest_readings": []
      },
      "geometry": {
        "type": "Point",
        "coordinates": [
          -76.2038414502493,
          39.2428866844139
        ]
      }
    },
    {
      "type": "Feature",
      "properties": {
        "id": "USGS-391435076133701",
        "name": "KE Cb  88",
        "site_type": "Well",
        "latest_readings": []
      },
      "geometry": {
        "type": "Point",
        "coordinates": [
          -76.2266202637542,
          39.2431644063183
        ]
      }
    },
    {
      "type": "Feature",
      "properties": {
        "id": "USGS-391436076014801",
        "name": "KE Cd  46",
        "site_type": "Well",
        "latest_readings": []
      },
      "geometry": {
        "type": "Point",
        "coordinates": [
          -76.0296668760748,
          39.2434426326567
        ]
      }
    },
    {
      "type": "Feature",
      "properties": {
        "id": "USGS-391436076015701",
        "name": "KE Cd  47",
        "site_type": "Well",
        "latest_readings": []
      },
      "geometry": {
        "type": "Point",
        "coordinates": [
          -76.03216698961,
          39.2434426269172
        ]
      }
    },
    {
      "type": "Feature",
      "properties": {
        "id": "USGS-391436076030701",
        "name": "KE Cd  55",
        "site_type": "Well",
        "latest_readings": []
      },
      "geometry": {
        "type": "Point",
        "coordinates": [
          -76.0516123171058,
          39.2434425822771
        ]
      }
    },
    {
      "type": "Feature",
      "properties": {
        "id": "USGS-391436076030702",
        "name": "KE Cd  56",
        "site_type": "Well",
        "latest_readings": []
      },
      "geometry": {
        "type": "Point",
        "coordinates": [
          -76.0516123171058,
          39.2434425822771
        ]
      }
    },
    {
      "type": "Feature",
      "properties": {
        "id": "USGS-391437076004201",
        "name": "KE Cd  72",
        "site_type": "Well",
        "latest_readings": []
      },
      "geometry": {
        "type": "Point",
        "coordinates": [
          -76.0113327132422,
          39.2437204489414
        ]
      }
    },
    {
      "type": "Feature",
      "properties": {
        "id": "USGS-391437076004202",
        "name": "KE Cd   8",
        "site_type": "Well",
        "latest_readings": []
      },
      "geometry": {
        "type": "Point",
        "coordinates": [
          -76.0113327132422,
          39.2437204489414
        ]
      }
    },
    {
      "type": "Feature",
      "properties": {
        "id": "USGS-391437076014701",
        "name": "KE Cd  79",
        "site_type": "Well",
        "latest_readings": []
      },
      "geometry": {
        "type": "Point",
        "coordinates": [
          -76.0293890885829,
          39.2437204074901
        ]
      }
    },
    {
      "type": "Feature",
      "properties": {
        "id": "USGS-391437076015301",
        "name": "KE Cd  48",
        "site_type": "Well",
        "latest_readings": []
      },
      "geometry": {
        "type": "Point",
        "coordinates": [
          -76.031055830922,
          39.2437204036638
        ]
      }
    },
    {
      "type": "Feature",
      "properties": {
        "id": "USGS-391438076004701",
        "name": "KE Cd  71",
        "site_type": "Well",
        "latest_readings": []
      },
      "geometry": {
        "type": "Point",
        "coordinates": [
          -76.0127216682687,
          39.2439982199483
        ]
      }
    },
    {
      "type": "Feature",
      "properties": {
        "id": "USGS-391439076084601",
        "name": "KE Cc  99",
        "site_type": "Well",
        "latest_readings": []
      },
      "geometry": {
        "type": "Point",
        "coordinates": [
          -76.1457832652708,
          39.2442756886818
        ]
      }
    },
    {
      "type": "Feature",
      "properties": {
        "id": "USGS-391439076085001",
        "name": "KE Cc 125",
        "site_type": "Well",
        "latest_readings": []
      },
      "geometry": {
        "type": "Point",
        "coordinates": [
          -76.1468944268067,
          39.2442756861309
        ]
      }
    },
    {
      "type": "Feature",
      "properties": {
        "id": "USGS-391439076085301",
        "name": "KE Cc  98",
        "site_type": "Well",
        "latest_readings": []
      },
      "geometry": {
        "type": "Point",
        "coordinates": [
          -76.1477277979587,
          39.2442756842178
        ]
      }
    },
    {
      "type": "Feature",
      "properties": {
        "id": "USGS-391440076011501",
        "name": "KE Cd  77",
        "site_type": "Well",
        "latest_readings": []
      },
      "geometry": {
        "type": "Point",
        "coordinates": [
          -76.0204998050922,
          39.2445537504836
        ]
      }
    },
    {
      "type": "Feature",
      "properties": {
        "id": "USGS-391440076084701",
        "name": "KE Cc 111",
        "site_type": "Well",
        "latest_readings": []
      },
      "geometry": {
        "type": "Point",
        "coordinates": [
          -76.1460610573208,
          39.2445534622409
        ]
      }
    },
    {
      "type": "Feature",
      "properties": {
        "id": "USGS-391440076084702",
        "name": "KE Cc 112",
        "site_type": "Well",
        "latest_readings": []
      },
      "geometry": {
        "type": "Point",
        "coordinates": [
          -76.1460610573208,
          39.2445534622409
        ]
      }
    },
    {
      "type": "Feature",
      "properties": {
        "id": "USGS-391440076084801",
        "name": "KE Cc 124",
        "site_type": "Well",
        "latest_readings": []
      },
      "geometry": {
        "type": "Point",
        "coordinates": [
          -76.1463388477019,
          39.2445534616032
        ]
      }
    },
    {
      "type": "Feature",
      "properties": {
        "id": "USGS-391440076085201",
        "name": "KE Cc 126",
        "site_type": "Well",
        "latest_readings": []
      },
      "geometry": {
        "type": "Point",
        "coordinates": [
          -76.147450009226,
          39.2445534590524
        ]
      }
    },
    {
      "type": "Feature",
      "properties": {
        "id": "USGS-391441076034901",
        "name": "KE Cd  57",
        "site_type": "Well",
        "latest_readings": []
      },
      "geometry": {
        "type": "Point",
        "coordinates": [
          -76.063279526314,
          39.244831426473
        ]
      }
    },
    {
      "type": "Feature",
      "properties": {
        "id": "USGS-391441076083701",
        "name": "KE Cc 119",
        "site_type": "Well",
        "latest_readings": []
      },
      "geometry": {
        "type": "Point",
        "coordinates": [
          -76.1432831552059,
          39.2448312428147
        ]
      }
    },
    {
      "type": "Feature",
      "properties": {
        "id": "USGS-391442076083401",
        "name": "KE Cc 101",
        "site_type": "Well",
        "latest_readings": []
      },
      "geometry": {
        "type": "Point",
        "coordinates": [
          -76.1424497857759,
          39.2451090189246
        ]
      }
    },
    {
      "type": "Feature",
      "properties": {
        "id": "USGS-391442076083402",
        "name": "KE Cc 102",
        "site_type": "Well",
        "latest_readings": []
      },
      "geometry": {
        "type": "Point",
        "coordinates": [
          -76.1424497857759,
          39.2451090189246
        ]
      }
    },
    {
      "type": "Feature",
      "properties": {
        "id": "USGS-391443076084401",
        "name": "KE Cc 109",
        "site_type": "Well",
        "latest_readings": []
      },
      "geometry": {
        "type": "Point",
        "coordinates": [
          -76.1452276912024,
          39.2453867867444
        ]
      }
    },
    {
      "type": "Feature",
      "properties": {
        "id": "USGS-391443076084402",
        "name": "KE Cc 110",
        "site_type": "Well",
        "latest_readings": []
      },
      "geometry": {
        "type": "Point",
        "coordinates": [
          -76.1452276912024,
          39.2453867867444
        ]
      }
    },
    {
      "type": "Feature",
      "properties": {
        "id": "USGS-391444076013401",
        "name": "KE Cd  78",
        "site_type": "Well",
        "latest_readings": []
      },
      "geometry": {
        "type": "Point",
        "coordinates": [
          -76.0257778340881,
          39.2456648351497
        ]
      }
    },
    {
      "type": "Feature",
      "properties": {
        "id": "USGS-391444076055601",
        "name": "KE Cc  23",
        "site_type": "Well",
        "latest_readings": []
      },
      "geometry": {
        "type": "Point",
        "coordinates": [
          -76.0985589108387,
          39.2456646680738
        ]
      }
    },
    {
      "type": "Feature",
      "properties": {
        "id": "USGS-391444076083801",
        "name": "KE Cc 120",
        "site_type": "Well",
        "latest_readings": []
      },
      "geometry": {
        "type": "Point",
        "coordinates": [
          -76.1435609506616,
          39.2456645647674
        ]
      }
    },
    {
      "type": "Feature",
      "properties": {
        "id": "USGS-391444076085301",
        "name": "KE Cc 113",
        "site_type": "Well",
        "latest_readings": []
      },
      "geometry": {
        "type": "Point",
        "coordinates": [
          -76.1477278062007,
          39.245664555202
        ]
      }
    },
    {
      "type": "Feature",
      "properties": {
        "id": "USGS-391444076085302",
        "name": "KE Cc 114",
        "site_type": "Well",
        "latest_readings": []
      },
      "geometry": {
        "type": "Point",
        "coordinates": [
          -76.1477278062007,
          39.245664555202
        ]
      }
    },
    {
      "type": "Feature",
      "properties": {
        "id": "USGS-391445075552401",
        "name": "KE Ce   4",
        "site_type": "Well",
        "latest_readings": []
      },
      "geometry": {
        "type": "Point",
        "coordinates": [
          -75.9229955518065,
          39.2459431445153
        ]
      }
    },
    {
      "type": "Feature",
      "properties": {
        "id": "USGS-391446075552801",
        "name": "KE Ce   3",
        "site_type": "Well",
        "latest_readings": []
      },
      "geometry": {
        "type": "Point",
        "coordinates": [
          -75.9241067137225,
          39.2462209118527
        ]
      }
    },
    {
      "type": "Feature",
      "properties": {
        "id": "USGS-391446075553301",
        "name": "KE Ce   5",
        "site_type": "Well",
        "latest_readings": []
      },
      "geometry": {
        "type": "Point",
        "coordinates": [
          -75.9254956628417,
          39.2462209032429
        ]
      }
    },
    {
      "type": "Feature",
      "properties": {
        "id": "USGS-391446076115401",
        "name": "KE Cb  90",
        "site_type": "Well",
        "latest_readings": []
      },
      "geometry": {
        "type": "Point",
        "coordinates": [
          -76.1980078652724,
          39.246219988174
        ]
      }
    },
    {
      "type": "Feature",
      "properties": {
        "id": "USGS-391447076083901",
        "name": "KE Cc 121",
        "site_type": "Well",
        "latest_readings": []
      },
      "geometry": {
        "type": "Point",
        "coordinates": [
          -76.1438387460996,
          39.2464978867201
        ]
      }
    },
    {
      "type": "Feature",
      "properties": {
        "id": "USGS-391447076084001",
        "name": "KE Cc 103",
        "site_type": "Well",
        "latest_readings": []
      },
      "geometry": {
        "type": "Point",
        "coordinates": [
          -76.1435609557391,
          39.2464978873577
        ]
      }
    },
    {
      "type": "Feature",
      "properties": {
        "id": "USGS-391447076084002",
        "name": "KE Cc 104",
        "site_type": "Well",
        "latest_readings": []
      },
      "geometry": {
        "type": "Point",
        "coordinates": [
          -76.1435609557391,
          39.2464978873577
        ]
      }
    },
    {
      "type": "Feature",
      "properties": {
        "id": "USGS-391448076085101",
        "name": "KE Cc 115",
        "site_type": "Well",
        "latest_readings": []
      },
      "geometry": {
        "type": "Point",
        "coordinates": [
          -76.1471722320793,
          39.2467756532646
        ]
      }
    },
    {
      "type": "Feature",
      "properties": {
        "id": "USGS-391448076085102",
        "name": "KE Cc 116",
        "site_type": "Well",
        "latest_readings": []
      },
      "geometry": {
        "type": "Point",
        "coordinates": [
          -76.1471722320793,
          39.2467756532646
        ]
      }
    },
    {
      "type": "Feature",
      "properties": {
        "id": "USGS-391449076054801",
        "name": "KE Cc  94",
        "site_type": "Well",
        "latest_readings": []
      },
      "geometry": {
        "type": "Point",
        "coordinates": [
          -76.096336598846,
          39.247053544157
        ]
      }
    },
    {
      "type": "Feature",
      "properties": {
        "id": "USGS-391449076065901",
        "name": "KE Cc  97",
        "site_type": "Well",
        "latest_readings": []
      },
      "geometry": {
        "type": "Point",
        "coordinates": [
          -76.116059714021,
          39.2470534988817
        ]
      }
    },
    {
      "type": "Feature",
      "properties": {
        "id": "USGS-391449076085601",
        "name": "KE Cc  32",
        "site_type": "Well",
        "latest_readings": []
      },
      "geometry": {
        "type": "Point",
        "coordinates": [
          -76.1485611855065,
          39.2470534242731
        ]
      }
    },
    {
      "type": "Feature",
      "properties": {
        "id": "USGS-391450075491201",
        "name": "KE Cg   2",
        "site_type": "Well",
        "latest_readings": []
      },
      "geometry": {
        "type": "Point",
        "coordinates": [
          -75.8196577472346,
          39.2473326563654
        ]
      }
    },
    {
      "type": "Feature",
      "properties": {
        "id": "USGS-391450076005501",
        "name": "KE Cd   9",
        "site_type": "Well",
        "latest_readings": []
      },
      "geometry": {
        "type": "Point",
        "coordinates": [
          -76.0149440280086,
          39.2473315051928
        ]
      }
    },
    {
      "type": "Feature",
      "properties": {
        "id": "USGS-391450076005502",
        "name": "KE Cd  70",
        "site_type": "Well",
        "latest_readings": []
      },
      "geometry": {
        "type": "Point",
        "coordinates": [
          -76.0149440280086,
          39.2473315051928
        ]
      }
    },
    {
      "type": "Feature",
      "properties": {
        "id": "USGS-391450076084201",
        "name": "KE Cc 122",
        "site_type": "Well",
        "latest_readings": []
      },
      "geometry": {
        "type": "Point",
        "coordinates": [
          -76.1446721222232,
          39.2473312073974
        ]
      }
    },
    {
      "type": "Feature",
      "properties": {
        "id": "USGS-391452076064001",
        "name": "KE Cc  96",
        "site_type": "Well",
        "latest_readings": []
      },
      "geometry": {
        "type": "Point",
        "coordinates": [
          -76.1107817034023,
          39.247886833587
        ]
      }
    },
    {
      "type": "Feature",
      "properties": {
        "id": "USGS-391452076084401",
        "name": "KE Cc 107",
        "site_type": "Well",
        "latest_readings": []
      },
      "geometry": {
        "type": "Point",
        "coordinates": [
          -76.1452277062762,
          39.2478867545156
        ]
      }
    },
    {
      "type": "Feature",
      "properties": {
        "id": "USGS-391452076084402",
        "name": "KE Cc 108",
        "site_type": "Well",
        "latest_readings": []
      },
      "geometry": {
        "type": "Point",
        "coordinates": [
          -76.1452277062762,
          39.2478867545156
        ]
      }
    },
    {
      "type": "Feature",
      "properties": {
        "id": "USGS-391452076085901",
        "name": "KE Cc  31",
        "site_type": "Well",
        "latest_readings": []
      },
      "geometry": {
        "type": "Point",
        "coordinates": [
          -76.1493945614626,
          39.2478867449506
        ]
      }
    },
    {
      "type": "Feature",
      "properties": {
        "id": "USGS-391452076115101",
        "name": "KE Cb  30",
        "site_type": "Well",
        "latest_readings": []
      },
      "geometry": {
        "type": "Point",
        "coordinates": [
          -76.1971745009328,
          39.247886635271
        ]
      }
    },
    {
      "type": "Feature",
      "properties": {
        "id": "USGS-391453075590801",
        "name": "KE Ce   2",
        "site_type": "Spring",
        "latest_readings": []
      },
      "geometry": {
        "type": "Point",
        "coordinates": [
          -75.9852204966907,
          39.2481649524317
        ]
      }
    },
    {
      "type": "Feature",
      "properties": {
        "id": "USGS-391453076075201",
        "name": "KE Cc  30",
        "site_type": "Well",
        "latest_readings": []
      },
      "geometry": {
        "type": "Point",
        "coordinates": [
          -76.1307826101246,
          39.2481645618713
        ]
      }
    },
    {
      "type": "Feature",
      "properties": {
        "id": "USGS-391453076085001",
        "name": "KE Cc 105",
        "site_type": "Well",
        "latest_readings": []
      },
      "geometry": {
        "type": "Point",
        "coordinates": [
          -76.146894450008,
          39.2481645248864
        ]
      }
    },
    {
      "type": "Feature",
      "properties": {
        "id": "USGS-391453076085002",
        "name": "KE Cc 106",
        "site_type": "Well",
        "latest_readings": []
      },
      "geometry": {
        "type": "Point",
        "coordinates": [
          -76.146894450008,
          39.2481645248864
        ]
      }
    },
    {
      "type": "Feature",
      "properties": {
        "id": "USGS-391453076591101",
        "name": "KE Ce   1",
        "site_type": "Well",
        "latest_readings": []
      },
      "geometry": {
        "type": "Point",
        "coordinates": [
          -75.9860538599879,
          39.2476093988622
        ]
      }
    },
    {
      "type": "Feature",
      "properties": {
        "id": "USGS-391454076002801",
        "name": "KE Cd  69",
        "site_type": "Well",
        "latest_readings": []
      },
      "geometry": {
        "type": "Point",
        "coordinates": [
          -76.0074437010468,
          39.2484426191919
        ]
      }
    },
    {
      "type": "Feature",
      "properties": {
        "id": "USGS-391454076054101",
        "name": "KE Cc  24",
        "site_type": "Well",
        "latest_readings": []
      },
      "geometry": {
        "type": "Point",
        "coordinates": [
          -76.1107817034023,
          39.247886833587
        ]
      }
    },
    {
      "type": "Feature",
      "properties": {
        "id": "USGS-391454076084701",
        "name": "KE Cc 123",
        "site_type": "Well",
        "latest_readings": []
      },
      "geometry": {
        "type": "Point",
        "coordinates": [
          -76.1460610806456,
          39.2484423009963
        ]
      }
    },
    {
      "type": "Feature",
      "properties": {
        "id": "USGS-391454076084801",
        "name": "KE Cc  13",
        "site_type": "Well",
        "latest_readings": []
      },
      "geometry": {
        "type": "Point",
        "coordinates": [
          -76.1463388709855,
          39.2484423003586
        ]
      }
    },
    {
      "type": "Feature",
      "properties": {
        "id": "USGS-391456076085301",
        "name": "KE Cc 100",
        "site_type": "Well",
        "latest_readings": []
      },
      "geometry": {
        "type": "Point",
        "coordinates": [
          -76.1477278259817,
          39.2489978455639
        ]
      }
    },
    {
      "type": "Feature",
      "properties": {
        "id": "USGS-391456076085401",
        "name": "KE Cc 117",
        "site_type": "Well",
        "latest_readings": []
      },
      "geometry": {
        "type": "Point",
        "coordinates": [
          -76.1480056163157,
          39.2489978449263
        ]
      }
    },
    {
      "type": "Feature",
      "properties": {
        "id": "USGS-391456076085402",
        "name": "KE Cc 118",
        "site_type": "Well",
        "latest_readings": []
      },
      "geometry": {
        "type": "Point",
        "coordinates": [
          -76.1480056163157,
          39.2489978449263
        ]
      }
    },
    {
      "type": "Feature",
      "properties": {
        "id": "USGS-391457075475801",
        "name": "KE Cg   1",
        "site_type": "Well",
        "latest_readings": []
      },
      "geometry": {
        "type": "Point",
        "coordinates": [
          -75.799101311249,
          39.2492772037348
        ]
      }
    },
    {
      "type": "Feature",
      "properties": {
        "id": "USGS-391457075555701",
        "name": "KE Ce   6",
        "site_type": "Well",
        "latest_readings": []
      },
      "geometry": {
        "type": "Point",
        "coordinates": [
          -75.932162648223,
          39.249276378354
        ]
      }
    },
    {
      "type": "Feature",
      "properties": {
        "id": "USGS-391458076120901",
        "name": "KE Cb   8",
        "site_type": "Well",
        "latest_readings": []
      },
      "geometry": {
        "type": "Point",
        "coordinates": [
          -76.2021747335895,
          39.2495532689771
        ]
      }
    },
    {
      "type": "Feature",
      "properties": {
        "id": "USGS-391459075490901",
        "name": "KE Cg   3",
        "site_type": "Well",
        "latest_readings": []
      },
      "geometry": {
        "type": "Point",
        "coordinates": [
          -75.8188243940497,
          39.2498326299237
        ]
      }
    },
    {
      "type": "Feature",
      "properties": {
        "id": "USGS-391501076052801",
        "name": "KE Bc 177",
        "site_type": "Well",
        "latest_readings": []
      },
      "geometry": {
        "type": "Point",
        "coordinates": [
          -76.0907808198334,
          39.2503868561688
        ]
      }
    },
    {
      "type": "Feature",
      "properties": {
        "id": "USGS-391501076105401",
        "name": "KE Bb  43",
        "site_type": "Well",
        "latest_readings": []
      },
      "geometry": {
        "type": "Point",
        "coordinates": [
          -76.1813404639237,
          39.2503866451223
        ]
      }
    },
    {
      "type": "Feature",
      "properties": {
        "id": "USGS-391502076105501",
        "name": "KE Bb   6",
        "site_type": "Well",
        "latest_readings": []
      },
      "geometry": {
        "type": "Point",
        "coordinates": [
          -76.1816182565978,
          39.2506644243919
        ]
      }
    },
    {
      "type": "Feature",
      "properties": {
        "id": "USGS-391502076105901",
        "name": "KE Bb  42",
        "site_type": "Well",
        "latest_readings": []
      },
      "geometry": {
        "type": "Point",
        "coordinates": [
          -76.1827294178632,
          39.2506644217635
        ]
      }
    },
    {
      "type": "Feature",
      "properties": {
        "id": "USGS-391503075484001",
        "name": "KE Bg 109",
        "site_type": "Well",
        "latest_readings": []
      },
      "geometry": {
        "type": "Point",
        "coordinates": [
          -75.8111111111111,
          39.2508333333333
        ]
      }
    },
    {
      "type": "Feature",
      "properties": {
        "id": "USGS-391503076000501",
        "name": "KE Bd 113",
        "site_type": "Well",
        "latest_readings": []
      },
      "geometry": {
        "type": "Point",
        "coordinates": [
          -76.0010545552351,
          39.2509426377586
        ]
      }
    },
    {
      "type": "Feature",
      "properties": {
        "id": "USGS-391504076050701",
        "name": "KE Bc  94",
        "site_type": "Well",
        "latest_readings": []
      },
      "geometry": {
        "type": "Point",
        "coordinates": [
          -76.0849472332639,
          39.2512202196749
        ]
      }
    },
    {
      "type": "Feature",
      "properties": {
        "id": "USGS-391505075484301",
        "name": "KE Bg  83",
        "site_type": "Well",
        "latest_readings": []
      },
      "geometry": {
        "type": "Point",
        "coordinates": [
          -75.8116018684428,
          39.2514993521247
        ]
      }
    },
    {
      "type": "Feature",
      "properties": {
        "id": "USGS-391505075484302",
        "name": "KE Bg  84",
        "site_type": "Well",
        "latest_readings": []
      },
      "geometry": {
        "type": "Point",
        "coordinates": [
          -75.8113240785701,
          39.2514993538063
        ]
      }
    },
    {
      "type": "Feature",
      "properties": {
        "id": "USGS-391506075471801",
        "name": "KE Bg  87",
        "site_type": "Well",
        "latest_readings": []
      },
      "geometry": {
        "type": "Point",
        "coordinates": [
          -75.7879897307069,
          39.2517772749751
        ]
      }
    },
    {
      "type": "Feature",
      "properties": {
        "id": "USGS-391507076050101",
        "name": "KE Bc  93",
        "site_type": "Well",
        "latest_readings": []
      },
      "geometry": {
        "type": "Point",
        "coordinates": [
          -76.0832805015898,
          39.2520535738206
        ]
      }
    },
    {
      "type": "Feature",
      "properties": {
        "id": "USGS-391508075525601",
        "name": "KE Bf  82",
        "site_type": "Well",
        "latest_readings": []
      },
      "geometry": {
        "type": "Point",
        "coordinates": [
          -75.8818827143266,
          39.2523322749055
        ]
      }
    },
    {
      "type": "Feature",
      "properties": {
        "id": "USGS-391508076042701",
        "name": "KE Bd  32",
        "site_type": "Well",
        "latest_readings": []
      },
      "geometry": {
        "type": "Point",
        "coordinates": [
          -76.0738356348302,
          39.2523313815099
        ]
      }
    },
    {
      "type": "Feature",
      "properties": {
        "id": "USGS-391508076042801",
        "name": "KE Bd 134",
        "site_type": "Well",
        "latest_readings": []
      },
      "geometry": {
        "type": "Point",
        "coordinates": [
          -76.0741134251289,
          39.2523313807944
        ]
      }
    },
    {
      "type": "Feature",
      "properties": {
        "id": "USGS-391510076005701",
        "name": "KE Bd 139",
        "site_type": "Well",
        "latest_readings": []
      },
      "geometry": {
        "type": "Point",
        "coordinates": [
          -76.0154996803311,
          39.2528871032392
        ]
      }
    },
    {
      "type": "Feature",
      "properties": {
        "id": "USGS-391511075485501",
        "name": "KE Bg  80",
        "site_type": "Well",
        "latest_readings": []
      },
      "geometry": {
        "type": "Point",
        "coordinates": [
          -75.814935357725,
          39.2531660162985
        ]
      }
    },
    {
      "type": "Feature",
      "properties": {
        "id": "USGS-391511075525601",
        "name": "KE Bf   8",
        "site_type": "Well",
        "latest_readings": []
      },
      "geometry": {
        "type": "Point",
        "coordinates": [
          -75.8818827197276,
          39.2528878403908
        ]
      }
    },
    {
      "type": "Feature",
      "properties": {
        "id": "USGS-391511076012601",
        "name": "KE Bd 114",
        "site_type": "Well",
        "latest_readings": []
      },
      "geometry": {
        "type": "Point",
        "coordinates": [
          -76.0235556028516,
          39.2531648673795
        ]
      }
    },
    {
      "type": "Feature",
      "properties": {
        "id": "USGS-391511076013301",
        "name": "KE Bd 115",
        "site_type": "Well",
        "latest_readings": []
      },
      "geometry": {
        "type": "Point",
        "coordinates": [
          -76.0255001348807,
          39.2531648621666
        ]
      }
    },
    {
      "type": "Feature",
      "properties": {
        "id": "USGS-391512075490701",
        "name": "KE Bg  79",
        "site_type": "Well",
        "latest_readings": []
      },
      "geometry": {
        "type": "Point",
        "coordinates": [
          -75.8182688383119,
          39.2534437775478
        ]
      }
    },
    {
      "type": "Feature",
      "properties": {
        "id": "USGS-391512076005201",
        "name": "KE Bd  31",
        "site_type": "Well",
        "latest_readings": []
      },
      "geometry": {
        "type": "Point",
        "coordinates": [
          -76.0141107371246,
          39.2534426784846
        ]
      }
    },
    {
      "type": "Feature",
      "properties": {
        "id": "USGS-391512076012301",
        "name": "KE Bd 145",
        "site_type": "Well",
        "latest_readings": []
      },
      "geometry": {
        "type": "Point",
        "coordinates": [
          -76.0227222360195,
          39.2534426550972
        ]
      }
    },
    {
      "type": "Feature",
      "properties": {
        "id": "USGS-391512076114601",
        "name": "KE Bb  22",
        "site_type": "Well",
        "latest_readings": []
      },
      "geometry": {
        "type": "Point",
        "coordinates": [
          -76.1957855847788,
          39.2534421850861
        ]
      }
    },
    {
      "type": "Feature",
      "properties": {
        "id": "USGS-391513075561401",
        "name": "KE Be 120",
        "site_type": "Well",
        "latest_readings": []
      },
      "geometry": {
        "type": "Point",
        "coordinates": [
          -75.9368851285226,
          39.2537208689177
        ]
      }
    },
    {
      "type": "Feature",
      "properties": {
        "id": "USGS-391514075561401",
        "name": "KE Be  92",
        "site_type": "Well",
        "latest_readings": []
      },
      "geometry": {
        "type": "Point",
        "coordinates": [
          -75.9368851319616,
          39.2539986533175
        ]
      }
    },
    {
      "type": "Feature",
      "properties": {
        "id": "USGS-391514076001201",
        "name": "KE Bd 112",
        "site_type": "Well",
        "latest_readings": []
      },
      "geometry": {
        "type": "Point",
        "coordinates": [
          -76.0029991341403,
          39.2539982810111
        ]
      }
    },
    {
      "type": "Feature",
      "properties": {
        "id": "USGS-391515075461901",
        "name": "KE Bg  91",
        "site_type": "Well",
        "latest_readings": []
      },
      "geometry": {
        "type": "Point",
        "coordinates": [
          -75.7716001389795,
          39.2542773884749
        ]
      }
    },
    {
      "type": "Feature",
      "properties": {
        "id": "USGS-391515075480601",
        "name": "KE Bg   5",
        "site_type": "Well",
        "latest_readings": []
      },
      "geometry": {
        "type": "Point",
        "coordinates": [
          -75.8013236593443,
          39.2542772174983
        ]
      }
    },
    {
      "type": "Feature",
      "properties": {
        "id": "USGS-391515075501401",
        "name": "KE Bf 168",
        "site_type": "Well",
        "latest_readings": []
      },
      "geometry": {
        "type": "Point",
        "coordinates": [
          -75.836880767818,
          39.2542770129656
        ]
      }
    },
    {
      "type": "Feature",
      "properties": {
        "id": "USGS-391516075472001",
        "name": "KE Bg   4",
        "site_type": "Well",
        "latest_readings": []
      },
      "geometry": {
        "type": "Point",
        "coordinates": [
          -75.7885453249339,
          39.2545550709326
        ]
      }
    },
    {
      "type": "Feature",
      "properties": {
        "id": "USGS-391517075483001",
        "name": "KE Bg  85",
        "site_type": "Well",
        "latest_readings": []
      },
      "geometry": {
        "type": "Point",
        "coordinates": [
          -75.8079906206001,
          39.254832740181
        ]
      }
    },
    {
      "type": "Feature",
      "properties": {
        "id": "USGS-391517075500901",
        "name": "KE Bf  38",
        "site_type": "Well",
        "latest_readings": []
      },
      "geometry": {
        "type": "Point",
        "coordinates": [
          -75.8354918224237,
          39.2548325836449
        ]
      }
    },
    {
      "type": "Feature",
      "properties": {
        "id": "USGS-391518075464001",
        "name": "KE Bg  90",
        "site_type": "Well",
        "latest_readings": []
      },
      "geometry": {
        "type": "Point",
        "coordinates": [
          -75.7774337309832,
          39.2551106937056
        ]
      }
    },
    {
      "type": "Feature",
      "properties": {
        "id": "USGS-391518075470501",
        "name": "KE Bg  89",
        "site_type": "Well",
        "latest_readings": []
      },
      "geometry": {
        "type": "Point",
        "coordinates": [
          -75.7843784790117,
          39.2551106543855
        ]
      }
    },
    {
      "type": "Feature",
      "properties": {
        "id": "USGS-391518075472101",
        "name": "KE Bg  88",
        "site_type": "Well",
        "latest_readings": []
      },
      "geometry": {
        "type": "Point",
        "coordinates": [
          -75.7888231177499,
          39.2551106292206
        ]
      }
    },
    {
      "type": "Feature",
      "properties": {
        "id": "USGS-391518075484801",
        "name": "KE Bg  81",
        "site_type": "Well",
        "latest_readings": []
      },
      "geometry": {
        "type": "Point",
        "coordinates": [
          -75.8129908408891,
          39.2551104923868
        ]
      }
    },
    {
      "type": "Feature",
      "properties": {
        "id": "USGS-391518075501301",
        "name": "KE Bf 146",
        "site_type": "Well",
        "latest_readings": []
      },
      "geometry": {
        "type": "Point",
        "coordinates": [
          -75.8366029841859,
          39.2551103586986
        ]
      }
    },
    {
      "type": "Feature",
      "properties": {
        "id": "USGS-391518075574001",
        "name": "KE Be 121",
        "site_type": "Well",
        "latest_readings": []
      },
      "geometry": {
        "type": "Point",
        "coordinates": [
          -75.9607750789353,
          39.2551096556557
        ]
      }
    },
    {
      "type": "Feature",
      "properties": {
        "id": "USGS-391518075595701",
        "name": "KE Be  27",
        "site_type": "Well",
        "latest_readings": []
      },
      "geometry": {
        "type": "Point",
        "coordinates": [
          -75.9988322981314,
          39.2551094401817
        ]
      }
    },
    {
      "type": "Feature",
      "properties": {
        "id": "USGS-391518076025001",
        "name": "KE Bd  19",
        "site_type": "Well",
        "latest_readings": []
      },
      "geometry": {
        "type": "Point",
        "coordinates": [
          -76.0468900136725,
          39.2551092972834
        ]
      }
    },
    {
      "type": "Feature",
      "properties": {
        "id": "USGS-391518076115201",
        "name": "KE Bb  21",
        "site_type": "Well",
        "latest_readings": []
      },
      "geometry": {
        "type": "Point",
        "coordinates": [
          -76.1974523396227,
          39.2551088567333
        ]
      }
    },
    {
      "type": "Feature",
      "properties": {
        "id": "USGS-391519075475901",
        "name": "KE Bg   6",
        "site_type": "Well",
        "latest_readings": []
      },
      "geometry": {
        "type": "Point",
        "coordinates": [
          -75.7993791363461,
          39.255388349711
        ]
      }
    },
    {
      "type": "Feature",
      "properties": {
        "id": "USGS-391519075493001",
        "name": "KE Bg 105",
        "site_type": "Well",
        "latest_readings": []
      },
      "geometry": {
        "type": "Point",
        "coordinates": [
          -75.8246580195092,
          39.2553882073475
        ]
      }
    },
    {
      "type": "Feature",
      "properties": {
        "id": "USGS-391519076000301",
        "name": "KE Bd 111",
        "site_type": "Well",
        "latest_readings": []
      },
      "geometry": {
        "type": "Point",
        "coordinates": [
          -76.0004990429756,
          39.255387219287
        ]
      }
    },
    {
      "type": "Feature",
      "properties": {
        "id": "USGS-391519076114101",
        "name": "KE Bb  23",
        "site_type": "Well",
        "latest_readings": []
      },
      "geometry": {
        "type": "Point",
        "coordinates": [
          -76.19439664888,
          39.2553866451437
        ]
      }
    },
    {
      "type": "Feature",
      "properties": {
        "id": "USGS-391520075454901",
        "name": "KE Bg   3",
        "site_type": "Well",
        "latest_readings": []
      },
      "geometry": {
        "type": "Point",
        "coordinates": [
          -75.7621552875068,
          39.2556663384803
        ]
      }
    },
    {
      "type": "Feature",
      "properties": {
        "id": "USGS-391520075480401",
        "name": "KE Bg 114",
        "site_type": "Test hole not completed as a well",
        "latest_readings": []
      },
      "geometry": {
        "type": "Point",
        "coordinates": [
          -75.80115555555555,
          39.25568888888889
        ]
      }
    },
    {
      "type": "Feature",
      "properties": {
        "id": "USGS-391520075491701",
        "name": "KE Bg  78",
        "site_type": "Well",
        "latest_readings": []
      },
      "geometry": {
        "type": "Point",
        "coordinates": [
          -75.8210467523697,
          39.2556660085948
        ]
      }
    },
    {
      "type": "Feature",
      "properties": {
        "id": "USGS-391520076020701",
        "name": "KE Bd 140",
        "site_type": "Well",
        "latest_readings": []
      },
      "geometry": {
        "type": "Point",
        "coordinates": [
          -76.0349450399097,
          39.2556649023456
        ]
      }
    },
    {
      "type": "Feature",
      "properties": {
        "id": "USGS-391520076024501",
        "name": "KE Bd 132",
        "site_type": "Well",
        "latest_readings": []
      },
      "geometry": {
        "type": "Point",
        "coordinates": [
          -76.0455010699188,
          39.2556648707187
        ]
      }
    },
    {
      "type": "Feature",
      "properties": {
        "id": "USGS-391520076081901",
        "name": "KE Bc  99",
        "site_type": "Well",
        "latest_readings": []
      },
      "geometry": {
        "type": "Point",
        "coordinates": [
          -76.1382830178933,
          39.255664592735
        ]
      }
    },
    {
      "type": "Feature",
      "properties": {
        "id": "USGS-391520076084201",
        "name": "KE Bc 126",
        "site_type": "Well",
        "latest_readings": []
      },
      "geometry": {
        "type": "Point",
        "coordinates": [
          -76.1446721939514,
          39.2556645735924
        ]
      }
    },
    {
      "type": "Feature",
      "properties": {
        "id": "USGS-391520076084202",
        "name": "KE Bc 127",
        "site_type": "Well",
        "latest_readings": []
      },
      "geometry": {
        "type": "Point",
        "coordinates": [
          -76.1446721939514,
          39.2556645735924
        ]
      }
    },
    {
      "type": "Feature",
      "properties": {
        "id": "USGS-391521075493401",
        "name": "KE Bg  77",
        "site_type": "Well",
        "latest_readings": []
      },
      "geometry": {
        "type": "Point",
        "coordinates": [
          -75.825769183103,
          39.2559437631937
        ]
      }
    },
    {
      "type": "Feature",
      "properties": {
        "id": "USGS-391521075595301",
        "name": "KE Be 123",
        "site_type": "Well",
        "latest_readings": []
      },
      "geometry": {
        "type": "Point",
        "coordinates": [
          -75.9977211512139,
          39.2559428051712
        ]
      }
    },
    {
      "type": "Feature",
      "properties": {
        "id": "USGS-391521076020702",
        "name": "KE Bd 142",
        "site_type": "Well",
        "latest_readings": []
      },
      "geometry": {
        "type": "Point",
        "coordinates": [
          -76.0349450438179,
          39.255942687401
        ]
      }
    },
    {
      "type": "Feature",
      "properties": {
        "id": "USGS-391522075460101",
        "name": "KE Bg  92",
        "site_type": "Well",
        "latest_readings": []
      },
      "geometry": {
        "type": "Point",
        "coordinates": [
          -75.76659992867,
          39.2562218721216
        ]
      }
    },
    {
      "type": "Feature",
      "properties": {
        "id": "USGS-391522075475601",
        "name": "KE Bg  86",
        "site_type": "Well",
        "latest_readings": []
      },
      "geometry": {
        "type": "Point",
        "coordinates": [
          -75.7985457713166,
          39.2562216950994
        ]
      }
    },
    {
      "type": "Feature",
      "properties": {
        "id": "USGS-391522075573901",
        "name": "KE Be 151",
        "site_type": "Well",
        "latest_readings": []
      },
      "geometry": {
        "type": "Point",
        "coordinates": [
          -75.9604973040379,
          39.2562207976734
        ]
      }
    },
    {
      "type": "Feature",
      "properties": {
        "id": "USGS-391522075580301",
        "name": "KE Be  66",
        "site_type": "Well",
        "latest_readings": []
      },
      "geometry": {
        "type": "Point",
        "coordinates": [
          -75.9671642625033,
          39.2562207607297
        ]
      }
    },
    {
      "type": "Feature",
      "properties": {
        "id": "USGS-391522075590701",
        "name": "KE Be 122",
        "site_type": "Well",
        "latest_readings": []
      },
      "geometry": {
        "type": "Point",
        "coordinates": [
          -75.9849428184109,
          39.2562206622129
        ]
      }
    },
    {
      "type": "Feature",
      "properties": {
        "id": "USGS-391522076120001",
        "name": "KE Bb  19",
        "site_type": "Well",
        "latest_readings": []
      },
      "geometry": {
        "type": "Point",
        "coordinates": [
          -76.1996746704309,
          39.2562199673685
        ]
      }
    },
    {
      "type": "Feature",
      "properties": {
        "id": "USGS-391523075500401",
        "name": "KE Bf 147",
        "site_type": "Well",
        "latest_readings": []
      },
      "geometry": {
        "type": "Point",
        "coordinates": [
          -75.8341028851909,
          39.2564992793689
        ]
      }
    },
    {
      "type": "Feature",
      "properties": {
        "id": "USGS-391523076072501",
        "name": "KE Bc 175",
        "site_type": "Well",
        "latest_readings": []
      },
      "geometry": {
        "type": "Point",
        "coordinates": [
          -76.1232823525876,
          39.2564979835605
        ]
      }
    },
    {
      "type": "Feature",
      "properties": {
        "id": "USGS-391523076072502",
        "name": "KE Bc 176",
        "site_type": "Well",
        "latest_readings": []
      },
      "geometry": {
        "type": "Point",
        "coordinates": [
          -76.1232823525876,
          39.2564979835605
        ]
      }
    },
    {
      "type": "Feature",
      "properties": {
        "id": "USGS-391523076074401",
        "name": "KE Bc   7",
        "site_type": "Well",
        "latest_readings": []
      },
      "geometry": {
        "type": "Point",
        "coordinates": [
          -76.1285603674244,
          39.2564979671924
        ]
      }
    },
    {
      "type": "Feature",
      "properties": {
        "id": "USGS-391525075562601",
        "name": "UC 20 GW LB",
        "site_type": "Test hole not completed as a well",
        "latest_readings": []
      },
      "geometry": {
        "type": "Point",
        "coordinates": [
          -75.9405555555556,
          39.2569444444444
        ]
      }
    },
    {
      "type": "Feature",
      "properties": {
        "id": "USGS-391525075562602",
        "name": "UC 20 GW TH",
        "site_type": "Test hole not completed as a well",
        "latest_readings": []
      },
      "geometry": {
        "type": "Point",
        "coordinates": [
          -75.9405555555556,
          39.2569444444444
        ]
      }
    },
    {
      "type": "Feature",
      "properties": {
        "id": "USGS-391525075562603",
        "name": "UC 20 GW RB",
        "site_type": "Test hole not completed as a well",
        "latest_readings": []
      },
      "geometry": {
        "type": "Point",
        "coordinates": [
          -75.9405555555556,
          39.2569444444444
        ]
      }
    },
    {
      "type": "Feature",
      "properties": {
        "id": "USGS-391525076115501",
        "name": "KE Bb  20",
        "site_type": "Well",
        "latest_readings": []
      },
      "geometry": {
        "type": "Point",
        "coordinates": [
          -76.198285725678,
          39.2570533096266
        ]
      }
    },
    {
      "type": "Feature",
      "properties": {
        "id": "USGS-391526075563701",
        "name": "KE Be  91",
        "site_type": "Well",
        "latest_readings": []
      },
      "geometry": {
        "type": "Point",
        "coordinates": [
          -75.9432743421012,
          39.2573320314808
        ]
      }
    },
    {
      "type": "Feature",
      "properties": {
        "id": "USGS-391526076034901",
        "name": "KE Bd   4",
        "site_type": "Well",
        "latest_readings": []
      },
      "geometry": {
        "type": "Point",
        "coordinates": [
          -76.0632796684245,
          39.257331521829
        ]
      }
    },
    {
      "type": "Feature",
      "properties": {
        "id": "USGS-391527075495501",
        "name": "KE Bg  18",
        "site_type": "Well",
        "latest_readings": []
      },
      "geometry": {
        "type": "Point",
        "coordinates": [
          -75.8316027838348,
          39.2576104180583
        ]
      }
    },
    {
      "type": "Feature",
      "properties": {
        "id": "USGS-391527075501801",
        "name": "KE Bf  15",
        "site_type": "Well",
        "latest_readings": []
      },
      "geometry": {
        "type": "Point",
        "coordinates": [
          -75.837991952793,
          39.2576103836164
        ]
      }
    },
    {
      "type": "Feature",
      "properties": {
        "id": "USGS-391527075502001",
        "name": "KE Bf  16",
        "site_type": "Well",
        "latest_readings": []
      },
      "geometry": {
        "type": "Point",
        "coordinates": [
          -75.8385475327024,
          39.2576103806214
        ]
      }
    },
    {
      "type": "Feature",
      "properties": {
        "id": "USGS-391527076035101",
        "name": "KE Bd 133",
        "site_type": "Well",
        "latest_readings": []
      },
      "geometry": {
        "type": "Point",
        "coordinates": [
          -76.0638352525182,
          39.257609304091
        ]
      }
    },
    {
      "type": "Feature",
      "properties": {
        "id": "USGS-391528075500901",
        "name": "KE Bf 145",
        "site_type": "Well",
        "latest_readings": []
      },
      "geometry": {
        "type": "Point",
        "coordinates": [
          -75.8354918452783,
          39.2578881784385
        ]
      }
    },
    {
      "type": "Feature",
      "properties": {
        "id": "USGS-391528075501401",
        "name": "KE Bf 142",
        "site_type": "Well",
        "latest_readings": []
      },
      "geometry": {
        "type": "Point",
        "coordinates": [
          -75.8368807950705,
          39.257888170993
        ]
      }
    },
    {
      "type": "Feature",
      "properties": {
        "id": "USGS-391528075501601",
        "name": "KE Bf  17",
        "site_type": "Well",
        "latest_readings": []
      },
      "geometry": {
        "type": "Point",
        "coordinates": [
          -75.8374363749874,
          39.2578881680148
        ]
      }
    },
    {
      "type": "Feature",
      "properties": {
        "id": "USGS-391528075501602",
        "name": "KE Bf 143",
        "site_type": "Well",
        "latest_readings": []
      },
      "geometry": {
        "type": "Point",
        "coordinates": [
          -75.8374363749874,
          39.2578881680148
        ]
      }
    },
    {
      "type": "Feature",
      "properties": {
        "id": "USGS-391528076022801",
        "name": "KE Bd 144",
        "site_type": "Well",
        "latest_readings": []
      },
      "geometry": {
        "type": "Point",
        "coordinates": [
          -76.040778666212,
          39.257887163676
        ]
      }
    },
    {
      "type": "Feature",
      "properties": {
        "id": "USGS-391529075500201",
        "name": "KE Bf  44",
        "site_type": "Well",
        "latest_readings": []
      },
      "geometry": {
        "type": "Point",
        "coordinates": [
          -75.8335473176209,
          39.2581659701486
        ]
      }
    },
    {
      "type": "Feature",
      "properties": {
        "id": "USGS-391530075500701",
        "name": "KE Bf  41",
        "site_type": "Well",
        "latest_readings": []
      },
      "geometry": {
        "type": "Point",
        "coordinates": [
          -75.834936269502,
          39.258443744073
        ]
      }
    },
    {
      "type": "Feature",
      "properties": {
        "id": "USGS-391530075501401",
        "name": "KE Bf  13",
        "site_type": "Well",
        "latest_readings": []
      },
      "geometry": {
        "type": "Point",
        "coordinates": [
          -75.8368807992632,
          39.2584437337664
        ]
      }
    },
    {
      "type": "Feature",
      "properties": {
        "id": "USGS-391530075501402",
        "name": "KE Bf 144",
        "site_type": "Well",
        "latest_readings": []
      },
      "geometry": {
        "type": "Point",
        "coordinates": [
          -75.8368807992632,
          39.2584437337664
        ]
      }
    },
    {
      "type": "Feature",
      "properties": {
        "id": "USGS-391530076084601",
        "name": "KE Bc 100",
        "site_type": "Well",
        "latest_readings": []
      },
      "geometry": {
        "type": "Point",
        "coordinates": [
          -76.1457833823476,
          39.2584423819874
        ]
      }
    },
    {
      "type": "Feature",
      "properties": {
        "id": "USGS-391531075501401",
        "name": "KE Bf 183",
        "site_type": "Well",
        "latest_readings": []
      },
      "geometry": {
        "type": "Point",
        "coordinates": [
          -75.8368808013596,
          39.2587215151532
        ]
      }
    },
    {
      "type": "Feature",
      "properties": {
        "id": "USGS-391531075501501",
        "name": "KE Bf   1",
        "site_type": "Well",
        "latest_readings": []
      },
      "geometry": {
        "type": "Point",
        "coordinates": [
          -75.8374363876102,
          39.2595548564356
        ]
      }
    },
    {
      "type": "Feature",
      "properties": {
        "id": "USGS-391531076073501",
        "name": "KE Bc  98",
        "site_type": "Well",
        "latest_readings": []
      },
      "geometry": {
        "type": "Point",
        "coordinates": [
          -76.1260602786785,
          39.2587202298528
        ]
      }
    },
    {
      "type": "Feature",
      "properties": {
        "id": "USGS-391531076084801",
        "name": "KE Bc   2",
        "site_type": "Well",
        "latest_readings": []
      },
      "geometry": {
        "type": "Point",
        "coordinates": [
          -76.146338965544,
          39.2587201612812
        ]
      }
    },
    {
      "type": "Feature",
      "properties": {
        "id": "USGS-391531076120001",
        "name": "KE Bb  18",
        "site_type": "Well",
        "latest_readings": []
      },
      "geometry": {
        "type": "Point",
        "coordinates": [
          -76.1996746899025,
          39.2587199809285
        ]
      }
    },
    {
      "type": "Feature",
      "properties": {
        "id": "USGS-391532075501801",
        "name": "KE Bf 141",
        "site_type": "Well",
        "latest_readings": []
      },
      "geometry": {
        "type": "Point",
        "coordinates": [
          -75.8379919633493,
          39.2589992907174
        ]
      }
    },
    {
      "type": "Feature",
      "properties": {
        "id": "USGS-391532075501802",
        "name": "KE Bf  39",
        "site_type": "Well",
        "latest_readings": []
      },
      "geometry": {
        "type": "Point",
        "coordinates": [
          -75.8379919633493,
          39.2589992907174
        ]
      }
    },
    {
      "type": "Feature",
      "properties": {
        "id": "USGS-391532075523001",
        "name": "KE Bf 106",
        "site_type": "Well",
        "latest_readings": []
      },
      "geometry": {
        "type": "Point",
        "coordinates": [
          -75.8746602398317,
          39.2589990985746
        ]
      }
    },
    {
      "type": "Feature",
      "properties": {
        "id": "USGS-391532075594201",
        "name": "KE Be 124",
        "site_type": "Well",
        "latest_readings": []
      },
      "geometry": {
        "type": "Point",
        "coordinates": [
          -75.9946655083195,
          39.2589984697437
        ]
      }
    },
    {
      "type": "Feature",
      "properties": {
        "id": "USGS-391532076025201",
        "name": "KE Bd 131",
        "site_type": "Well",
        "latest_readings": []
      },
      "geometry": {
        "type": "Point",
        "coordinates": [
          -76.0474456470716,
          39.2589982803026
        ]
      }
    },
    {
      "type": "Feature",
      "properties": {
        "id": "USGS-391532076081401",
        "name": "KE Bc 102",
        "site_type": "Well",
        "latest_readings": []
      },
      "geometry": {
        "type": "Point",
        "coordinates": [
          -76.1368941005172,
          39.2589979747025
        ]
      }
    },
    {
      "type": "Feature",
      "properties": {
        "id": "USGS-391532076084701",
        "name": "KE Bc 101",
        "site_type": "Well",
        "latest_readings": []
      },
      "geometry": {
        "type": "Point",
        "coordinates": [
          -76.1460611780443,
          39.2589979433832
        ]
      }
    },
    {
      "type": "Feature",
      "properties": {
        "id": "USGS-391533075485601",
        "name": "KE Bg  82",
        "site_type": "Well",
        "latest_readings": []
      },
      "geometry": {
        "type": "Point",
        "coordinates": [
          -75.8152131873399,
          39.2592771908127
        ]
      }
    },
    {
      "type": "Feature",
      "properties": {
        "id": "USGS-391533075500701",
        "name": "KE Bf  19",
        "site_type": "Well",
        "latest_readings": []
      },
      "geometry": {
        "type": "Point",
        "coordinates": [
          -75.8349362757127,
          39.2592770880574
        ]
      }
    },
    {
      "type": "Feature",
      "properties": {
        "id": "USGS-391533075502501",
        "name": "KE Bf 174",
        "site_type": "Well",
        "latest_readings": []
      },
      "geometry": {
        "type": "Point",
        "coordinates": [
          -75.8399364953001,
          39.2592770620068
        ]
      }
    },
    {
      "type": "Feature",
      "properties": {
        "id": "USGS-391533075502601",
        "name": "KE Bf  14",
        "site_type": "Well",
        "latest_readings": []
      },
      "geometry": {
        "type": "Point",
        "coordinates": [
          -75.8402142852772,
          39.2592770605595
        ]
      }
    },
    {
      "type": "Feature",
      "properties": {
        "id": "USGS-391533075503601",
        "name": "KE Bf 173",
        "site_type": "Well",
        "latest_readings": []
      },
      "geometry": {
        "type": "Point",
        "coordinates": [
          -75.842992185048,
          39.259277046087
        ]
      }
    },
    {
      "type": "Feature",
      "properties": {
        "id": "USGS-391533075533301",
        "name": "KE Bf 179",
        "site_type": "Well",
        "latest_readings": []
      },
      "geometry": {
        "type": "Point",
        "coordinates": [
          -75.8921610109913,
          39.2592767899224
        ]
      }
    },
    {
      "type": "Feature",
      "properties": {
        "id": "USGS-391533075574601",
        "name": "KE Be  26",
        "site_type": "Well",
        "latest_readings": []
      },
      "geometry": {
        "type": "Point",
        "coordinates": [
          -75.9624418751928,
          39.2592764237662
        ]
      }
    },
    {
      "type": "Feature",
      "properties": {
        "id": "USGS-391533076023701",
        "name": "KE Bd 130",
        "site_type": "Well",
        "latest_readings": []
      },
      "geometry": {
        "type": "Point",
        "coordinates": [
          -76.0432787974701,
          39.2592760793021
        ]
      }
    },
    {
      "type": "Feature",
      "properties": {
        "id": "USGS-391534075501601",
        "name": "KE Bf 178",
        "site_type": "Well",
        "latest_readings": []
      },
      "geometry": {
        "type": "Point",
        "coordinates": [
          -75.8374363876102,
          39.2595548564356
        ]
      }
    },
    {
      "type": "Feature",
      "properties": {
        "id": "USGS-391534076050201",
        "name": "KE Bc  28",
        "site_type": "Well",
        "latest_readings": []
      },
      "geometry": {
        "type": "Point",
        "coordinates": [
          -76.0835583835101,
          39.2595537236284
        ]
      }
    },
    {
      "type": "Feature",
      "properties": {
        "id": "USGS-391535076074501",
        "name": "KE Bc 103",
        "site_type": "Well",
        "latest_readings": []
      },
      "geometry": {
        "type": "Point",
        "coordinates": [
          -76.1288381926438,
          39.2598313475237
        ]
      }
    },
    {
      "type": "Feature",
      "properties": {
        "id": "USGS-391536075501601",
        "name": "KE Bf 138",
        "site_type": "Well",
        "latest_readings": []
      },
      "geometry": {
        "type": "Point",
        "coordinates": [
          -75.8374363918178,
          39.2601104192425
        ]
      }
    },
    {
      "type": "Feature",
      "properties": {
        "id": "USGS-391536075503201",
        "name": "KE Bf 140",
        "site_type": "Well",
        "latest_readings": []
      },
      "geometry": {
        "type": "Point",
        "coordinates": [
          -75.8418810316301,
          39.2601103964881
        ]
      }
    },
    {
      "type": "Feature",
      "properties": {
        "id": "USGS-391536076120701",
        "name": "KE Bb  17",
        "site_type": "Well",
        "latest_readings": []
      },
      "geometry": {
        "type": "Point",
        "coordinates": [
          -76.2016192322343,
          39.2601088704348
        ]
      }
    },
    {
      "type": "Feature",
      "properties": {
        "id": "USGS-391537075501701",
        "name": "KE Bf  18",
        "site_type": "Well",
        "latest_readings": []
      },
      "geometry": {
        "type": "Point",
        "coordinates": [
          -75.8377141839136,
          39.2603881992322
        ]
      }
    },
    {
      "type": "Feature",
      "properties": {
        "id": "USGS-391537075510701",
        "name": "KE Bf 181",
        "site_type": "Well",
        "latest_readings": []
      },
      "geometry": {
        "type": "Point",
        "coordinates": [
          -75.8516036835135,
          39.2603881285432
        ]
      }
    },
    {
      "type": "Feature",
      "properties": {
        "id": "USGS-391537076055401",
        "name": "KE Bc 174",
        "site_type": "Well",
        "latest_readings": []
      },
      "geometry": {
        "type": "Point",
        "coordinates": [
          -76.0977256945725,
          39.2603870228013
        ]
      }
    },
    {
      "type": "Feature",
      "properties": {
        "id": "USGS-391537076065101",
        "name": "KE Bc   8",
        "site_type": "Well",
        "latest_readings": []
      },
      "geometry": {
        "type": "Point",
        "coordinates": [
          -76.1138375269486,
          39.2603869649331
        ]
      }
    },
    {
      "type": "Feature",
      "properties": {
        "id": "USGS-391538075502601",
        "name": "KE Bf 139",
        "site_type": "Well",
        "latest_readings": []
      },
      "geometry": {
        "type": "Point",
        "coordinates": [
          -75.8402142959827,
          39.2606659679953
        ]
      }
    },
    {
      "type": "Feature",
      "properties": {
        "id": "USGS-391539075550201",
        "name": "KE Be  24",
        "site_type": "Well",
        "latest_readings": []
      },
      "geometry": {
        "type": "Point",
        "coordinates": [
          -75.916884337974,
          39.2609433638996
        ]
      }
    },
    {
      "type": "Feature",
      "properties": {
        "id": "USGS-391541075500901",
        "name": "KE Bf 189",
        "site_type": "Well",
        "latest_readings": []
      },
      "geometry": {
        "type": "Point",
        "coordinates": [
          -75.8358805555555,
          39.2613555555556
        ]
      }
    },
    {
      "type": "Feature",
      "properties": {
        "id": "USGS-391542075500701",
        "name": "Ke Bf 190",
        "site_type": "Well",
        "latest_readings": []
      },
      "geometry": {
        "type": "Point",
        "coordinates": [
          -75.8353916666667,
          39.2617277777778
        ]
      }
    },
    {
      "type": "Feature",
      "properties": {
        "id": "USGS-391542075513001",
        "name": "KE Bf 151",
        "site_type": "Well",
        "latest_readings": []
      },
      "geometry": {
        "type": "Point",
        "coordinates": [
          -75.8579928652284,
          39.2617770061404
        ]
      }
    },
    {
      "type": "Feature",
      "properties": {
        "id": "USGS-391542075521101",
        "name": "KE Bf 107",
        "site_type": "Well",
        "latest_readings": []
      },
      "geometry": {
        "type": "Point",
        "coordinates": [
          -75.8693822556649,
          39.2617769498913
        ]
      }
    },
    {
      "type": "Feature",
      "properties": {
        "id": "USGS-391542076020301",
        "name": "KE Bd  37",
        "site_type": "Test hole not completed as a well",
        "latest_readings": []
      },
      "geometry": {
        "type": "Point",
        "coordinates": [
          -76.0338339650942,
          39.2617761777504
        ]
      }
    },
    {
      "type": "Feature",
      "properties": {
        "id": "USGS-391543075520401",
        "name": "KE Bf 108",
        "site_type": "Well",
        "latest_readings": []
      },
      "geometry": {
        "type": "Point",
        "coordinates": [
          -75.8674377280969,
          39.2620547418022
        ]
      }
    },
    {
      "type": "Feature",
      "properties": {
        "id": "USGS-391543076052001",
        "name": "KE Bc 170",
        "site_type": "Well",
        "latest_readings": []
      },
      "geometry": {
        "type": "Point",
        "coordinates": [
          -76.0885586375728,
          39.2620537547894
        ]
      }
    },
    {
      "type": "Feature",
      "properties": {
        "id": "USGS-391543076052201",
        "name": "KE Bc 172",
        "site_type": "Well",
        "latest_readings": []
      },
      "geometry": {
        "type": "Point",
        "coordinates": [
          -76.0891142179643,
          39.2620537526771
        ]
      }
    },
    {
      "type": "Feature",
      "properties": {
        "id": "USGS-391543076052401",
        "name": "KE Bc 171",
        "site_type": "Well",
        "latest_readings": []
      },
      "geometry": {
        "type": "Point",
        "coordinates": [
          -76.0896697983557,
          39.2620537505649
        ]
      }
    },
    {
      "type": "Feature",
      "properties": {
        "id": "USGS-391543076093701",
        "name": "KE Bc 140",
        "site_type": "Well",
        "latest_readings": []
      },
      "geometry": {
        "type": "Point",
        "coordinates": [
          -76.1599507178753,
          39.2620534833669
        ]
      }
    },
    {
      "type": "Feature",
      "properties": {
        "id": "USGS-391544075501201",
        "name": "KE Bf 136",
        "site_type": "Well",
        "latest_readings": []
      },
      "geometry": {
        "type": "Point",
        "coordinates": [
          -75.8363252485758,
          39.262332675891
        ]
      }
    },
    {
      "type": "Feature",
      "properties": {
        "id": "USGS-391544075501202",
        "name": "KE Bf 137",
        "site_type": "Well",
        "latest_readings": []
      },
      "geometry": {
        "type": "Point",
        "coordinates": [
          -75.8363252485758,
          39.262332675891
        ]
      }
    },
    {
      "type": "Feature",
      "properties": {
        "id": "USGS-391544075541101",
        "name": "KE Bf  78",
        "site_type": "Well",
        "latest_readings": []
      },
      "geometry": {
        "type": "Point",
        "coordinates": [
          -75.9027170629028,
          39.2623323520003
        ]
      }
    },
    {
      "type": "Feature",
      "properties": {
        "id": "USGS-391544076070001",
        "name": "KE Bc  96",
        "site_type": "Well",
        "latest_readings": []
      },
      "geometry": {
        "type": "Point",
        "coordinates": [
          -76.1163376601919,
          39.2623314313815
        ]
      }
    },
    {
      "type": "Feature",
      "properties": {
        "id": "USGS-391544076100601",
        "name": "KE Bb  27",
        "site_type": "Well",
        "latest_readings": []
      },
      "geometry": {
        "type": "Point",
        "coordinates": [
          -76.1680066360504,
          39.2623312331333
        ]
      }
    },
    {
      "type": "Feature",
      "properties": {
        "id": "USGS-391545075501901",
        "name": "KE Bf  43",
        "site_type": "Well",
        "latest_readings": []
      },
      "geometry": {
        "type": "Point",
        "coordinates": [
          -75.8382697808175,
          39.2626104478332
        ]
      }
    },
    {
      "type": "Feature",
      "properties": {
        "id": "USGS-391545075501902",
        "name": "KE Bf  46",
        "site_type": "Well",
        "latest_readings": []
      },
      "geometry": {
        "type": "Point",
        "coordinates": [
          -75.8382697808175,
          39.2626104478332
        ]
      }
    },
    {
      "type": "Feature",
      "properties": {
        "id": "USGS-391545075513801",
        "name": "KE Bf 150",
        "site_type": "Well",
        "latest_readings": []
      },
      "geometry": {
        "type": "Point",
        "coordinates": [
          -75.8602151925424,
          39.2626103414343
        ]
      }
    },
    {
      "type": "Feature",
      "properties": {
        "id": "USGS-391545075515001",
        "name": "KE Bf 148",
        "site_type": "Well",
        "latest_readings": []
      },
      "geometry": {
        "type": "Point",
        "coordinates": [
          -75.8635486728044,
          39.2626103252725
        ]
      }
    },
    {
      "type": "Feature",
      "properties": {
        "id": "USGS-391545076051601",
        "name": "KE Bc 169",
        "site_type": "Well",
        "latest_readings": []
      },
      "geometry": {
        "type": "Point",
        "coordinates": [
          -76.0874474834941,
          39.2626093254461
        ]
      }
    },
    {
      "type": "Feature",
      "properties": {
        "id": "USGS-391545076052501",
        "name": "KE Bc 173",
        "site_type": "Well",
        "latest_readings": []
      },
      "geometry": {
        "type": "Point",
        "coordinates": [
          -76.0899475952027,
          39.2626093157658
        ]
      }
    },
    {
      "type": "Feature",
      "properties": {
        "id": "USGS-391545076065801",
        "name": "KE Bc  97",
        "site_type": "Well",
        "latest_readings": []
      },
      "geometry": {
        "type": "Point",
        "coordinates": [
          -76.1157820828583,
          39.2626092157367
        ]
      }
    },
    {
      "type": "Feature",
      "properties": {
        "id": "USGS-391545076100901",
        "name": "KE Bb   5",
        "site_type": "Well",
        "latest_readings": []
      },
      "geometry": {
        "type": "Point",
        "coordinates": [
          -76.1688400091188,
          39.2626090103004
        ]
      }
    },
    {
      "type": "Feature",
      "properties": {
        "id": "USGS-391546075513501",
        "name": "KE Bf  65",
        "site_type": "Well",
        "latest_readings": []
      },
      "geometry": {
        "type": "Point",
        "coordinates": [
          -75.8593818248753,
          39.2628881275395
        ]
      }
    },
    {
      "type": "Feature",
      "properties": {
        "id": "USGS-391546076021801",
        "name": "KE Bd 128",
        "site_type": "Well",
        "latest_readings": []
      },
      "geometry": {
        "type": "Point",
        "coordinates": [
          -76.0380008335774,
          39.2628873018481
        ]
      }
    },
    {
      "type": "Feature",
      "properties": {
        "id": "USGS-391546076121101",
        "name": "KE Bb  10",
        "site_type": "Well",
        "latest_readings": []
      },
      "geometry": {
        "type": "Point",
        "coordinates": [
          -76.2027304144111,
          39.2628866582568
        ]
      }
    },
    {
      "type": "Feature",
      "properties": {
        "id": "USGS-391547075560201",
        "name": "KE Be  86",
        "site_type": "Well",
        "latest_readings": []
      },
      "geometry": {
        "type": "Point",
        "coordinates": [
          -75.9335517650949,
          39.2631655544723
        ]
      }
    },
    {
      "type": "Feature",
      "properties": {
        "id": "USGS-391547075560301",
        "name": "KE Be  25",
        "site_type": "Well",
        "latest_readings": []
      },
      "geometry": {
        "type": "Point",
        "coordinates": [
          -75.9338295551242,
          39.2631655531422
        ]
      }
    },
    {
      "type": "Feature",
      "properties": {
        "id": "USGS-391547076082001",
        "name": "KE Bc 196",
        "site_type": "Well",
        "latest_readings": []
      },
      "geometry": {
        "type": "Point",
        "coordinates": [
          -76.1385608840472,
          39.2631646903898
        ]
      }
    },
    {
      "type": "Feature",
      "properties": {
        "id": "USGS-391547076120801",
        "name": "KE Bb   9",
        "site_type": "Well",
        "latest_readings": []
      },
      "geometry": {
        "type": "Point",
        "coordinates": [
          -76.2018970459903,
          39.2631644407193
        ]
      }
    },
    {
      "type": "Feature",
      "properties": {
        "id": "USGS-391547076121401",
        "name": "KE Bb   1",
        "site_type": "Well",
        "latest_readings": []
      },
      "geometry": {
        "type": "Point",
        "coordinates": [
          -76.2035637870941,
          39.263164434149
        ]
      }
    },
    {
      "type": "Feature",
      "properties": {
        "id": "USGS-391548075502101",
        "name": "KE Bf 135",
        "site_type": "Well",
        "latest_readings": []
      },
      "geometry": {
        "type": "Point",
        "coordinates": [
          -75.8388253672286,
          39.2634437894755
        ]
      }
    },
    {
      "type": "Feature",
      "properties": {
        "id": "USGS-391548075514301",
        "name": "KE Bf 149",
        "site_type": "Well",
        "latest_readings": []
      },
      "geometry": {
        "type": "Point",
        "coordinates": [
          -75.8616041499364,
          39.2634436810951
        ]
      }
    },
    {
      "type": "Feature",
      "properties": {
        "id": "USGS-391548076021801",
        "name": "KE Bd   1",
        "site_type": "Well",
        "latest_readings": []
      },
      "geometry": {
        "type": "Point",
        "coordinates": [
          -76.038000841329,
          39.2634428717448
        ]
      }
    },
    {
      "type": "Feature",
      "properties": {
        "id": "USGS-391548076035301",
        "name": "KE Bd 138",
        "site_type": "Well",
        "latest_readings": []
      },
      "geometry": {
        "type": "Point",
        "coordinates": [
          -76.0643909085258,
          39.2634427667909
        ]
      }
    },
    {
      "type": "Feature",
      "properties": {
        "id": "USGS-391549075515401",
        "name": "KE Bf 109",
        "site_type": "Well",
        "latest_readings": []
      },
      "geometry": {
        "type": "Point",
        "coordinates": [
          -75.8646598427689,
          39.26372144878
        ]
      }
    },
    {
      "type": "Feature",
      "properties": {
        "id": "USGS-391549075531001",
        "name": "KE Bf  40",
        "site_type": "Well",
        "latest_readings": []
      },
      "geometry": {
        "type": "Point",
        "coordinates": [
          -75.885771885562,
          39.2637213489659
        ]
      }
    },
    {
      "type": "Feature",
      "properties": {
        "id": "USGS-391549075531401",
        "name": "KE Bf  81",
        "site_type": "Well",
        "latest_readings": []
      },
      "geometry": {
        "type": "Point",
        "coordinates": [
          -75.886883045709,
          39.2637213437126
        ]
      }
    },
    {
      "type": "Feature",
      "properties": {
        "id": "USGS-391550076094501",
        "name": "KE Bc 141",
        "site_type": "Well",
        "latest_readings": []
      },
      "geometry": {
        "type": "Point",
        "coordinates": [
          -76.1621730573659,
          39.2639979391056
        ]
      }
    },
    {
      "type": "Feature",
      "properties": {
        "id": "USGS-391551075533901",
        "name": "KE Bf  79",
        "site_type": "Well",
        "latest_readings": []
      },
      "geometry": {
        "type": "Point",
        "coordinates": [
          -75.8938278023496,
          39.264276877084
        ]
      }
    },
    {
      "type": "Feature",
      "properties": {
        "id": "USGS-391551075533902",
        "name": "KE Bf 170",
        "site_type": "Well",
        "latest_readings": []
      },
      "geometry": {
        "type": "Point",
        "coordinates": [
          -75.8938278023496,
          39.264276877084
        ]
      }
    },
    {
      "type": "Feature",
      "properties": {
        "id": "USGS-391551076043201",
        "name": "KE Bd 135",
        "site_type": "Well",
        "latest_readings": []
      },
      "geometry": {
        "type": "Point",
        "coordinates": [
          -76.0752247360302,
          39.2642760746375
        ]
      }
    },
    {
      "type": "Feature",
      "properties": {
        "id": "USGS-391551076093601",
        "name": "KE Bc 139",
        "site_type": "Well",
        "latest_readings": []
      },
      "geometry": {
        "type": "Point",
        "coordinates": [
          -76.1596729483769,
          39.2642757299096
        ]
      }
    },
    {
      "type": "Feature",
      "properties": {
        "id": "USGS-391553075501901",
        "name": "KE Bf 132",
        "site_type": "Well",
        "latest_readings": []
      },
      "geometry": {
        "type": "Point",
        "coordinates": [
          -75.8382697977375,
          39.2648326992618
        ]
      }
    },
    {
      "type": "Feature",
      "properties": {
        "id": "USGS-391554075483901",
        "name": "KE Bg 101",
        "site_type": "Well",
        "latest_readings": []
      },
      "geometry": {
        "type": "Point",
        "coordinates": [
          -75.8104907943126,
          39.2651106078398
        ]
      }
    },
    {
      "type": "Feature",
      "properties": {
        "id": "USGS-391555075514401",
        "name": "KE Bf  11",
        "site_type": "Well",
        "latest_readings": []
      },
      "geometry": {
        "type": "Point",
        "coordinates": [
          -75.8618819569933,
          39.2653881547534
        ]
      }
    },
    {
      "type": "Feature",
      "properties": {
        "id": "USGS-391555075514402",
        "name": "KE Bf  12",
        "site_type": "Well",
        "latest_readings": []
      },
      "geometry": {
        "type": "Point",
        "coordinates": [
          -75.8618819569933,
          39.2653881547534
        ]
      }
    },
    {
      "type": "Feature",
      "properties": {
        "id": "USGS-391555075550901",
        "name": "KE Be  32",
        "site_type": "Well",
        "latest_readings": []
      },
      "geometry": {
        "type": "Point",
        "coordinates": [
          -75.9188289191146,
          39.2653878958129
        ]
      }
    },
    {
      "type": "Feature",
      "properties": {
        "id": "USGS-391556075501901",
        "name": "KE Bf 131",
        "site_type": "Well",
        "latest_readings": []
      },
      "geometry": {
        "type": "Point",
        "coordinates": [
          -75.8382698040824,
          39.2656660435475
        ]
      }
    },
    {
      "type": "Feature",
      "properties": {
        "id": "USGS-391557075503201",
        "name": "KE Bf 134",
        "site_type": "Well",
        "latest_readings": []
      },
      "geometry": {
        "type": "Point",
        "coordinates": [
          -75.8418810770631,
          39.2659438087731
        ]
      }
    },
    {
      "type": "Feature",
      "properties": {
        "id": "USGS-391557075524901",
        "name": "KE Bf 105",
        "site_type": "Well",
        "latest_readings": []
      },
      "geometry": {
        "type": "Point",
        "coordinates": [
          -75.8716046141879,
          39.2659436754099
        ]
      }
    },
    {
      "type": "Feature",
      "properties": {
        "id": "USGS-391557075533801",
        "name": "KE Bf  80",
        "site_type": "Well",
        "latest_readings": []
      },
      "geometry": {
        "type": "Point",
        "coordinates": [
          -75.8935500294482,
          39.2659435769455
        ]
      }
    },
    {
      "type": "Feature",
      "properties": {
        "id": "USGS-391557075592701",
        "name": "KE Be 125",
        "site_type": "Well",
        "latest_readings": []
      },
      "geometry": {
        "type": "Point",
        "coordinates": [
          -75.990498762687,
          39.2659431419571
        ]
      }
    },
    {
      "type": "Feature",
      "properties": {
        "id": "USGS-391557076095501",
        "name": "KE Bc 142",
        "site_type": "Well",
        "latest_readings": []
      },
      "geometry": {
        "type": "Point",
        "coordinates": [
          -76.1649509768362,
          39.2659423913697
        ]
      }
    },
    {
      "type": "Feature",
      "properties": {
        "id": "USGS-391558075484601",
        "name": "KE Bg   2",
        "site_type": "Well",
        "latest_readings": []
      },
      "geometry": {
        "type": "Point",
        "coordinates": [
          -75.812435331773,
          39.2662217215401
        ]
      }
    },
    {
      "type": "Feature",
      "properties": {
        "id": "USGS-391558075484602",
        "name": "KE Bg   7",
        "site_type": "Well",
        "latest_readings": []
      },
      "geometry": {
        "type": "Point",
        "coordinates": [
          -75.812435331773,
          39.2662217215401
        ]
      }
    },
    {
      "type": "Feature",
      "properties": {
        "id": "USGS-391558076025101",
        "name": "KE Bd  35",
        "site_type": "Test hole not completed as a well",
        "latest_readings": []
      },
      "geometry": {
        "type": "Point",
        "coordinates": [
          -76.0471679550896,
          39.2662206815594
        ]
      }
    },
    {
      "type": "Feature",
      "properties": {
        "id": "USGS-391558076085401",
        "name": "KE Bc 128",
        "site_type": "Well",
        "latest_readings": []
      },
      "geometry": {
        "type": "Point",
        "coordinates": [
          -76.1480057801199,
          39.2662202451985
        ]
      }
    },
    {
      "type": "Feature",
      "properties": {
        "id": "USGS-391558076113801",
        "name": "KE Bb  16",
        "site_type": "Well",
        "latest_readings": []
      },
      "geometry": {
        "type": "Point",
        "coordinates": [
          -76.1935633649821,
          39.2662200480547
        ]
      }
    },
    {
      "type": "Feature",
      "properties": {
        "id": "USGS-391559075514701",
        "name": "KE Bf 110",
        "site_type": "Well",
        "latest_readings": []
      },
      "geometry": {
        "type": "Point",
        "coordinates": [
          -75.8627153369434,
          39.2664992796244
        ]
      }
    },
    {
      "type": "Feature",
      "properties": {
        "id": "USGS-391559076075801",
        "name": "KE Bc 125",
        "site_type": "Well",
        "latest_readings": []
      },
      "geometry": {
        "type": "Point",
        "coordinates": [
          -76.1324495345058,
          39.2664980941554
        ]
      }
    },
    {
      "type": "Feature",
      "properties": {
        "id": "USGS-391600075470601",
        "name": "KE Bg  97",
        "site_type": "Well",
        "latest_readings": []
      },
      "geometry": {
        "type": "Point",
        "coordinates": [
          -75.7846563275318,
          39.2667774049681
        ]
      }
    },
    {
      "type": "Feature",
      "properties": {
        "id": "USGS-391600075501601",
        "name": "KE Bf 130",
        "site_type": "Well",
        "latest_readings": []
      },
      "geometry": {
        "type": "Point",
        "coordinates": [
          -75.8374364423091,
          39.2667771729256
        ]
      }
    },
    {
      "type": "Feature",
      "properties": {
        "id": "USGS-391600076025001",
        "name": "KE Bd 129",
        "site_type": "Well",
        "latest_readings": []
      },
      "geometry": {
        "type": "Point",
        "coordinates": [
          -76.0468901725012,
          39.2667762520354
        ]
      }
    },
    {
      "type": "Feature",
      "properties": {
        "id": "USGS-391600076075701",
        "name": "KE Bc 193",
        "site_type": "Well",
        "latest_readings": []
      },
      "geometry": {
        "type": "Point",
        "coordinates": [
          -76.1325,
          39.2666666666667
        ]
      }
    },
    {
      "type": "Feature",
      "properties": {
        "id": "USGS-391600076095301",
        "name": "KE Bc 143",
        "site_type": "Well",
        "latest_readings": []
      },
      "geometry": {
        "type": "Point",
        "coordinates": [
          -76.1643954041385,
          39.2667757353156
        ]
      }
    },
    {
      "type": "Feature",
      "properties": {
        "id": "USGS-391601075470601",
        "name": "KE Bg  98",
        "site_type": "Well",
        "latest_readings": []
      },
      "geometry": {
        "type": "Point",
        "coordinates": [
          -75.784656328927,
          39.2670551847813
        ]
      }
    },
    {
      "type": "Feature",
      "properties": {
        "id": "USGS-391601075534001",
        "name": "KE Bf  83",
        "site_type": "Well",
        "latest_readings": []
      },
      "geometry": {
        "type": "Point",
        "coordinates": [
          -75.8941056468213,
          39.2695547548942
        ]
      }
    },
    {
      "type": "Feature",
      "properties": {
        "id": "USGS-391601075534201",
        "name": "KE Bf   7",
        "site_type": "Well",
        "latest_readings": []
      },
      "geometry": {
        "type": "Point",
        "coordinates": [
          -75.8946612012028,
          39.2670547044704
        ]
      }
    },
    {
      "type": "Feature",
      "properties": {
        "id": "USGS-391601076092801",
        "name": "KE Bc 137",
        "site_type": "Well",
        "latest_readings": []
      },
      "geometry": {
        "type": "Point",
        "coordinates": [
          -76.1574506531063,
          39.2670535466182
        ]
      }
    },
    {
      "type": "Feature",
      "properties": {
        "id": "USGS-391602075475001",
        "name": "KE Bg 100",
        "site_type": "Well",
        "latest_readings": []
      },
      "geometry": {
        "type": "Point",
        "coordinates": [
          -75.7968790940725,
          39.2673329115949
        ]
      }
    },
    {
      "type": "Feature",
      "properties": {
        "id": "USGS-391602076062201",
        "name": "KE Bc  95",
        "site_type": "Well",
        "latest_readings": []
      },
      "geometry": {
        "type": "Point",
        "coordinates": [
          -76.1057816897086,
          39.2673315582123
        ]
      }
    },
    {
      "type": "Feature",
      "properties": {
        "id": "USGS-391602076100901",
        "name": "KE Bb  35",
        "site_type": "Well",
        "latest_readings": []
      },
      "geometry": {
        "type": "Point",
        "coordinates": [
          -76.1688400514501,
          39.2673312765
        ]
      }
    },
    {
      "type": "Feature",
      "properties": {
        "id": "USGS-391602076114701",
        "name": "KE Bb  15",
        "site_type": "Well",
        "latest_readings": []
      },
      "geometry": {
        "type": "Point",
        "coordinates": [
          -76.1960634851535,
          39.2673311548797
        ]
      }
    },
    {
      "type": "Feature",
      "properties": {
        "id": "USGS-391603075553801",
        "name": "KE Be  85",
        "site_type": "Well",
        "latest_readings": []
      },
      "geometry": {
        "type": "Point",
        "coordinates": [
          -75.9268848572667,
          39.2676101319703
        ]
      }
    },
    {
      "type": "Feature",
      "properties": {
        "id": "USGS-391603076022001",
        "name": "KE Bd 127",
        "site_type": "Well",
        "latest_readings": []
      },
      "geometry": {
        "type": "Point",
        "coordinates": [
          -76.0385564797395,
          39.2676096434689
        ]
      }
    },
    {
      "type": "Feature",
      "properties": {
        "id": "USGS-391603076052901",
        "name": "KE Bc  31",
        "site_type": "Well",
        "latest_readings": []
      },
      "geometry": {
        "type": "Point",
        "coordinates": [
          -76.0910588156114,
          39.2676094070761
        ]
      }
    },
    {
      "type": "Feature",
      "properties": {
        "id": "USGS-391603076062201",
        "name": "KE Bc  10",
        "site_type": "Well",
        "latest_readings": []
      },
      "geometry": {
        "type": "Point",
        "coordinates": [
          -76.1057816928665,
          39.2676093407861
        ]
      }
    },
    {
      "type": "Feature",
      "properties": {
        "id": "USGS-391603076091801",
        "name": "KE Bc 136",
        "site_type": "Well",
        "latest_readings": []
      },
      "geometry": {
        "type": "Point",
        "coordinates": [
          -76.1546727569589,
          39.2676091206532
        ]
      }
    },
    {
      "type": "Feature",
      "properties": {
        "id": "USGS-391604076073801",
        "name": "KE Bc 194",
        "site_type": "Well",
        "latest_readings": []
      },
      "geometry": {
        "type": "Point",
        "coordinates": [
          -76.1272222222222,
          39.2677777777778
        ]
      }
    },
    {
      "type": "Feature",
      "properties": {
        "id": "USGS-391604076073802",
        "name": "KE Bc 195",
        "site_type": "Well",
        "latest_readings": []
      },
      "geometry": {
        "type": "Point",
        "coordinates": [
          -76.1272222222222,
          39.2677777777778
        ]
      }
    },
    {
      "type": "Feature",
      "properties": {
        "id": "USGS-391605075474701",
        "name": "KE Bg   8",
        "site_type": "Well",
        "latest_readings": []
      },
      "geometry": {
        "type": "Point",
        "coordinates": [
          -75.7960457284612,
          39.2681662556776
        ]
      }
    },
    {
      "type": "Feature",
      "properties": {
        "id": "USGS-391605075500701",
        "name": "KE Bf 172",
        "site_type": "Well",
        "latest_readings": []
      },
      "geometry": {
        "type": "Point",
        "coordinates": [
          -75.8349363419603,
          39.2681660905578
        ]
      }
    },
    {
      "type": "Feature",
      "properties": {
        "id": "USGS-391605076095401",
        "name": "KE Bc 144",
        "site_type": "Well",
        "latest_readings": []
      },
      "geometry": {
        "type": "Point",
        "coordinates": [
          -76.1646732069553,
          39.2681646366473
        ]
      }
    },
    {
      "type": "Feature",
      "properties": {
        "id": "USGS-391606075475401",
        "name": "KE Bg 106",
        "site_type": "Well",
        "latest_readings": []
      },
      "geometry": {
        "type": "Point",
        "coordinates": [
          -75.7979902607104,
          39.2684440276366
        ]
      }
    },
    {
      "type": "Feature",
      "properties": {
        "id": "USGS-391606076073901",
        "name": "KE Bc   6",
        "site_type": "Well",
        "latest_readings": []
      },
      "geometry": {
        "type": "Point",
        "coordinates": [
          -76.1271715422011,
          39.2684425899513
        ]
      }
    },
    {
      "type": "Feature",
      "properties": {
        "id": "USGS-391606076120401",
        "name": "KE Bb  14",
        "site_type": "Well",
        "latest_readings": []
      },
      "geometry": {
        "type": "Point",
        "coordinates": [
          -76.2002303458814,
          39.2684422533243
        ]
      }
    },
    {
      "type": "Feature",
      "properties": {
        "id": "USGS-391607075501001",
        "name": "KE Bf 129",
        "site_type": "Well",
        "latest_readings": []
      },
      "geometry": {
        "type": "Point",
        "coordinates": [
          -75.8357697164124,
          39.268721649726
        ]
      }
    },
    {
      "type": "Feature",
      "properties": {
        "id": "USGS-391607075563401",
        "name": "KE Be  90",
        "site_type": "Well",
        "latest_readings": []
      },
      "geometry": {
        "type": "Point",
        "coordinates": [
          -75.9424411163027,
          39.2687212032538
        ]
      }
    },
    {
      "type": "Feature",
      "properties": {
        "id": "USGS-391607076092501",
        "name": "KE Bc 187",
        "site_type": "Well",
        "latest_readings": []
      },
      "geometry": {
        "type": "Point",
        "coordinates": [
          -76.1566172983952,
          39.2687202350694
        ]
      }
    },
    {
      "type": "Feature",
      "properties": {
        "id": "USGS-391608075474901",
        "name": "KE Bg  99",
        "site_type": "Well",
        "latest_readings": []
      },
      "geometry": {
        "type": "Point",
        "coordinates": [
          -75.7966013133208,
          39.2689995938381
        ]
      }
    },
    {
      "type": "Feature",
      "properties": {
        "id": "USGS-391608075500201",
        "name": "KE Bf 128",
        "site_type": "Well",
        "latest_readings": []
      },
      "geometry": {
        "type": "Point",
        "coordinates": [
          -75.833547397633,
          39.2689994403138
        ]
      }
    },
    {
      "type": "Feature",
      "properties": {
        "id": "USGS-391608075594301",
        "name": "KE Be  65",
        "site_type": "Well",
        "latest_readings": []
      },
      "geometry": {
        "type": "Point",
        "coordinates": [
          -75.9949434501547,
          39.2689987696548
        ]
      }
    },
    {
      "type": "Feature",
      "properties": {
        "id": "USGS-391609075545701",
        "name": "KE Bf  77",
        "site_type": "Well",
        "latest_readings": []
      },
      "geometry": {
        "type": "Point",
        "coordinates": [
          -75.9154954825298,
          39.2692768835452
        ]
      }
    },
    {
      "type": "Feature",
      "properties": {
        "id": "USGS-391609076011701",
        "name": "KE Bd  30",
        "site_type": "Well",
        "latest_readings": []
      },
      "geometry": {
        "type": "Point",
        "coordinates": [
          -76.021055725447,
          39.2692764355185
        ]
      }
    },
    {
      "type": "Feature",
      "properties": {
        "id": "USGS-391610075503801",
        "name": "KE Bf 171",
        "site_type": "Well",
        "latest_readings": []
      },
      "geometry": {
        "type": "Point",
        "coordinates": [
          -75.8435478458786,
          39.2695549619335
        ]
      }
    },
    {
      "type": "Feature",
      "properties": {
        "id": "USGS-391610076024301",
        "name": "KE Bd 125",
        "site_type": "Well",
        "latest_readings": []
      },
      "geometry": {
        "type": "Point",
        "coordinates": [
          -76.0449456795035,
          39.269554107637
        ]
      }
    },
    {
      "type": "Feature",
      "properties": {
        "id": "USGS-391610076024302",
        "name": "KE Bd 126",
        "site_type": "Well",
        "latest_readings": []
      },
      "geometry": {
        "type": "Point",
        "coordinates": [
          -76.0449456795035,
          39.269554107637
        ]
      }
    },
    {
      "type": "Feature",
      "properties": {
        "id": "USGS-391611075511101",
        "name": "KE Bf   9",
        "site_type": "Well",
        "latest_readings": []
      },
      "geometry": {
        "type": "Point",
        "coordinates": [
          -75.8532705045388,
          39.2701104858793
        ]
      }
    },
    {
      "type": "Feature",
      "properties": {
        "id": "USGS-391611075511301",
        "name": "KE Bf  10",
        "site_type": "Well",
        "latest_readings": []
      },
      "geometry": {
        "type": "Point",
        "coordinates": [
          -75.8532705022225,
          39.2698327039988
        ]
      }
    },
    {
      "type": "Feature",
      "properties": {
        "id": "USGS-391611076084901",
        "name": "KE Bc 129",
        "site_type": "Well",
        "latest_readings": []
      },
      "geometry": {
        "type": "Point",
        "coordinates": [
          -76.1466168647926,
          39.2698314060709
        ]
      }
    },
    {
      "type": "Feature",
      "properties": {
        "id": "USGS-391611076084902",
        "name": "KE Bc 130",
        "site_type": "Well",
        "latest_readings": []
      },
      "geometry": {
        "type": "Point",
        "coordinates": [
          -76.1466168647926,
          39.2698314060709
        ]
      }
    },
    {
      "type": "Feature",
      "properties": {
        "id": "USGS-391611076090401",
        "name": "KE Bc 181",
        "site_type": "Well",
        "latest_readings": []
      },
      "geometry": {
        "type": "Point",
        "coordinates": [
          -76.1507837164929,
          39.2698313861417
        ]
      }
    },
    {
      "type": "Feature",
      "properties": {
        "id": "USGS-391611076100601",
        "name": "KE Bb  40",
        "site_type": "Well",
        "latest_readings": []
      },
      "geometry": {
        "type": "Point",
        "coordinates": [
          -76.1680067035207,
          39.2698313037679
        ]
      }
    },
    {
      "type": "Feature",
      "properties": {
        "id": "USGS-391611076110601",
        "name": "KE Bb  24",
        "site_type": "Well",
        "latest_readings": []
      },
      "geometry": {
        "type": "Point",
        "coordinates": [
          -76.1846741103219,
          39.2698312240513
        ]
      }
    },
    {
      "type": "Feature",
      "properties": {
        "id": "USGS-391612075473701",
        "name": "KE Bg  95",
        "site_type": "Well",
        "latest_readings": []
      },
      "geometry": {
        "type": "Point",
        "coordinates": [
          -75.7932678833975,
          39.2784441301612
        ]
      }
    },
    {
      "type": "Feature",
      "properties": {
        "id": "USGS-391612076024501",
        "name": "KE Bd  16",
        "site_type": "Well",
        "latest_readings": []
      },
      "geometry": {
        "type": "Point",
        "coordinates": [
          -76.0455012673288,
          39.2701096743705
        ]
      }
    },
    {
      "type": "Feature",
      "properties": {
        "id": "USGS-391612076051701",
        "name": "KE Bc 167",
        "site_type": "Well",
        "latest_readings": []
      },
      "geometry": {
        "type": "Point",
        "coordinates": [
          -76.0877253641111,
          39.2701094709426
        ]
      }
    },
    {
      "type": "Feature",
      "properties": {
        "id": "USGS-391612076051702",
        "name": "KE Bc 168",
        "site_type": "Well",
        "latest_readings": []
      },
      "geometry": {
        "type": "Point",
        "coordinates": [
          -76.0877253641111,
          39.2701094709426
        ]
      }
    },
    {
      "type": "Feature",
      "properties": {
        "id": "USGS-391612076092701",
        "name": "KE Bc 138",
        "site_type": "Well",
        "latest_readings": []
      },
      "geometry": {
        "type": "Point",
        "coordinates": [
          -76.1571728917136,
          39.2701091363571
        ]
      }
    },
    {
      "type": "Feature",
      "properties": {
        "id": "USGS-391612076100401",
        "name": "KE Bb  37",
        "site_type": "Well",
        "latest_readings": []
      },
      "geometry": {
        "type": "Point",
        "coordinates": [
          -76.1674511257988,
          39.2701090868385
        ]
      }
    },
    {
      "type": "Feature",
      "properties": {
        "id": "USGS-391613076094301",
        "name": "KE Bc 148",
        "site_type": "Well",
        "latest_readings": []
      },
      "geometry": {
        "type": "Point",
        "coordinates": [
          -76.1616175360468,
          39.2703868955614
        ]
      }
    },
    {
      "type": "Feature",
      "properties": {
        "id": "USGS-391613076100401",
        "name": "KE Bb  36",
        "site_type": "Well",
        "latest_readings": []
      },
      "geometry": {
        "type": "Point",
        "coordinates": [
          -76.1674511283036,
          39.2703868672518
        ]
      }
    },
    {
      "type": "Feature",
      "properties": {
        "id": "USGS-391613076120401",
        "name": "KE Bb  13",
        "site_type": "Well",
        "latest_readings": []
      },
      "geometry": {
        "type": "Point",
        "coordinates": [
          -76.2007859411998,
          39.270386705483
        ]
      }
    },
    {
      "type": "Feature",
      "properties": {
        "id": "USGS-391614076102301",
        "name": "KE Bb  26",
        "site_type": "Well",
        "latest_readings": []
      },
      "geometry": {
        "type": "Point",
        "coordinates": [
          -76.1727291427944,
          39.2706646218669
        ]
      }
    },
    {
      "type": "Feature",
      "properties": {
        "id": "USGS-391615076002901",
        "name": "KE Bd 110",
        "site_type": "Well",
        "latest_readings": []
      },
      "geometry": {
        "type": "Point",
        "coordinates": [
          -76.0077218249024,
          39.2709432144124
        ]
      }
    },
    {
      "type": "Feature",
      "properties": {
        "id": "USGS-391616075525701",
        "name": "KE Bf  89",
        "site_type": "Well",
        "latest_readings": []
      },
      "geometry": {
        "type": "Point",
        "coordinates": [
          -75.8821606880987,
          39.271221500316
        ]
      }
    },
    {
      "type": "Feature",
      "properties": {
        "id": "USGS-391616075565701",
        "name": "KE Be 225",
        "site_type": "Test hole not completed as a well",
        "latest_readings": []
      },
      "geometry": {
        "type": "Point",
        "coordinates": [
          -75.9492,
          39.27113055555555
        ]
      }
    },
    {
      "type": "Feature",
      "properties": {
        "id": "USGS-391616076060301",
        "name": "KE Bc 163",
        "site_type": "Well",
        "latest_readings": []
      },
      "geometry": {
        "type": "Point",
        "coordinates": [
          -76.1005037220453,
          39.2712205404137
        ]
      }
    },
    {
      "type": "Feature",
      "properties": {
        "id": "USGS-391617075544501",
        "name": "KE Bf   5",
        "site_type": "Well",
        "latest_readings": []
      },
      "geometry": {
        "type": "Point",
        "coordinates": [
          -75.9121620260499,
          39.2714991665359
        ]
      }
    },
    {
      "type": "Feature",
      "properties": {
        "id": "USGS-391617075544502",
        "name": "KE Bf   6",
        "site_type": "Well",
        "latest_readings": []
      },
      "geometry": {
        "type": "Point",
        "coordinates": [
          -75.9121620260499,
          39.2714991665359
        ]
      }
    },
    {
      "type": "Feature",
      "properties": {
        "id": "USGS-391618075595301",
        "name": "KE Be  17",
        "site_type": "Well",
        "latest_readings": []
      },
      "geometry": {
        "type": "Point",
        "coordinates": [
          -75.9977213937875,
          39.2717766204394
        ]
      }
    },
    {
      "type": "Feature",
      "properties": {
        "id": "USGS-391618075595701",
        "name": "KE Be 127",
        "site_type": "Well",
        "latest_readings": []
      },
      "geometry": {
        "type": "Point",
        "coordinates": [
          -75.9974436036426,
          39.27177662151
        ]
      }
    },
    {
      "type": "Feature",
      "properties": {
        "id": "USGS-391618076021601",
        "name": "KE Bd  34",
        "site_type": "Well",
        "latest_readings": []
      },
      "geometry": {
        "type": "Point",
        "coordinates": [
          -76.0382787438223,
          39.2714986338606
        ]
      }
    },
    {
      "type": "Feature",
      "properties": {
        "id": "USGS-391618076022101",
        "name": "KE Bd 124",
        "site_type": "Well",
        "latest_readings": []
      },
      "geometry": {
        "type": "Point",
        "coordinates": [
          -76.0388343278807,
          39.2717764160058
        ]
      }
    },
    {
      "type": "Feature",
      "properties": {
        "id": "USGS-391618076052401",
        "name": "KE Bc  30",
        "site_type": "Well",
        "latest_readings": []
      },
      "geometry": {
        "type": "Point",
        "coordinates": [
          -76.0896699148553,
          39.2717761604037
        ]
      }
    },
    {
      "type": "Feature",
      "properties": {
        "id": "USGS-391618076092301",
        "name": "KE Bc 135",
        "site_type": "Well",
        "latest_readings": []
      },
      "geometry": {
        "type": "Point",
        "coordinates": [
          -76.1560617470245,
          39.2717758265846
        ]
      }
    },
    {
      "type": "Feature",
      "properties": {
        "id": "USGS-391618076093901",
        "name": "KE Bc 147",
        "site_type": "Well",
        "latest_readings": []
      },
      "geometry": {
        "type": "Point",
        "coordinates": [
          -76.1605063885086,
          39.2717758042368
        ]
      }
    },
    {
      "type": "Feature",
      "properties": {
        "id": "USGS-391619075472801",
        "name": "KE Bg  96",
        "site_type": "Well",
        "latest_readings": []
      },
      "geometry": {
        "type": "Point",
        "coordinates": [
          -75.7907677373108,
          39.2720551980497
        ]
      }
    },
    {
      "type": "Feature",
      "properties": {
        "id": "USGS-391620075575101",
        "name": "KE Be  18",
        "site_type": "Well",
        "latest_readings": []
      },
      "geometry": {
        "type": "Point",
        "coordinates": [
          -75.9638310037106,
          39.2723323214786
        ]
      }
    },
    {
      "type": "Feature",
      "properties": {
        "id": "USGS-391620075595001",
        "name": "KE Be  16",
        "site_type": "Well",
        "latest_readings": []
      },
      "geometry": {
        "type": "Point",
        "coordinates": [
          -75.9968880318418,
          39.2723321960666
        ]
      }
    },
    {
      "type": "Feature",
      "properties": {
        "id": "USGS-391620076091301",
        "name": "KE Bc 134",
        "site_type": "Well",
        "latest_readings": []
      },
      "geometry": {
        "type": "Point",
        "coordinates": [
          -76.1532838514065,
          39.2723314023712
        ]
      }
    },
    {
      "type": "Feature",
      "properties": {
        "id": "USGS-391621075535301",
        "name": "KE Bf  85",
        "site_type": "Well",
        "latest_readings": []
      },
      "geometry": {
        "type": "Point",
        "coordinates": [
          -75.8977169503611,
          39.2726103555222
        ]
      }
    },
    {
      "type": "Feature",
      "properties": {
        "id": "USGS-391621075560401",
        "name": "KE Be  87",
        "site_type": "Well",
        "latest_readings": []
      },
      "geometry": {
        "type": "Point",
        "coordinates": [
          -75.9341074608093,
          39.2726102185601
        ]
      }
    },
    {
      "type": "Feature",
      "properties": {
        "id": "USGS-391621075591501",
        "name": "KE Be 126",
        "site_type": "Well",
        "latest_readings": []
      },
      "geometry": {
        "type": "Point",
        "coordinates": [
          -75.987165380623,
          39.2726100188672
        ]
      }
    },
    {
      "type": "Feature",
      "properties": {
        "id": "USGS-391621076091101",
        "name": "KE Bc  32",
        "site_type": "Well",
        "latest_readings": []
      },
      "geometry": {
        "type": "Point",
        "coordinates": [
          -76.1527282738935,
          39.2726091861327
        ]
      }
    },
    {
      "type": "Feature",
      "properties": {
        "id": "USGS-391621076120701",
        "name": "KE Bb  12",
        "site_type": "Well",
        "latest_readings": []
      },
      "geometry": {
        "type": "Point",
        "coordinates": [
          -76.2016193286655,
          39.2726089351694
        ]
      }
    },
    {
      "type": "Feature",
      "properties": {
        "id": "USGS-391622075512301",
        "name": "KE Bf 133",
        "site_type": "Well",
        "latest_readings": []
      },
      "geometry": {
        "type": "Point",
        "coordinates": [
          -75.8560484293009,
          39.2728882943133
        ]
      }
    },
    {
      "type": "Feature",
      "properties": {
        "id": "USGS-391622075575501",
        "name": "KE Be  94",
        "site_type": "Well",
        "latest_readings": []
      },
      "geometry": {
        "type": "Point",
        "coordinates": [
          -75.9649421719512,
          39.2728878877534
        ]
      }
    },
    {
      "type": "Feature",
      "properties": {
        "id": "USGS-391622075575701",
        "name": "KE Be  98",
        "site_type": "Well",
        "latest_readings": []
      },
      "geometry": {
        "type": "Point",
        "coordinates": [
          -75.9654977522709,
          39.2728878856791
        ]
      }
    },
    {
      "type": "Feature",
      "properties": {
        "id": "USGS-391622076020401",
        "name": "KE Bd  36",
        "site_type": "Test hole not completed as a well",
        "latest_readings": []
      },
      "geometry": {
        "type": "Point",
        "coordinates": [
          -76.0341119119717,
          39.2728875800887
        ]
      }
    },
    {
      "type": "Feature",
      "properties": {
        "id": "USGS-391622076080701",
        "name": "KE Bc 124",
        "site_type": "Well",
        "latest_readings": []
      },
      "geometry": {
        "type": "Point",
        "coordinates": [
          -76.1349497113709,
          39.2728870589441
        ]
      }
    },
    {
      "type": "Feature",
      "properties": {
        "id": "USGS-391623075493401",
        "name": "KE Bg  75",
        "site_type": "Well",
        "latest_readings": []
      },
      "geometry": {
        "type": "Point",
        "coordinates": [
          -75.8257693038274,
          39.2731661884138
        ]
      }
    },
    {
      "type": "Feature",
      "properties": {
        "id": "USGS-391623075534201",
        "name": "KE Bf  84",
        "site_type": "Well",
        "latest_readings": []
      },
      "geometry": {
        "type": "Point",
        "coordinates": [
          -75.8946612643882,
          39.2731659332781
        ]
      }
    },
    {
      "type": "Feature",
      "properties": {
        "id": "USGS-391623076083001",
        "name": "KE Bc   4",
        "site_type": "Well",
        "latest_readings": []
      },
      "geometry": {
        "type": "Point",
        "coordinates": [
          -76.141338886015,
          39.273164807252
        ]
      }
    },
    {
      "type": "Feature",
      "properties": {
        "id": "USGS-391624075570101",
        "name": "KE Be  93",
        "site_type": "Well",
        "latest_readings": []
      },
      "geometry": {
        "type": "Point",
        "coordinates": [
          -75.9499415105493,
          39.2734435133454
        ]
      }
    },
    {
      "type": "Feature",
      "properties": {
        "id": "USGS-391624076083201",
        "name": "KE Bc 118",
        "site_type": "Well",
        "latest_readings": []
      },
      "geometry": {
        "type": "Point",
        "coordinates": [
          -76.1418944689465,
          39.2734425856699
        ]
      }
    },
    {
      "type": "Feature",
      "properties": {
        "id": "USGS-391624076095501",
        "name": "KE Bc 145",
        "site_type": "Well",
        "latest_readings": []
      },
      "geometry": {
        "type": "Point",
        "coordinates": [
          -76.1649510451803,
          39.2734424648947
        ]
      }
    },
    {
      "type": "Feature",
      "properties": {
        "id": "USGS-391624076120701",
        "name": "KE Bb  11",
        "site_type": "Well",
        "latest_readings": []
      },
      "geometry": {
        "type": "Point",
        "coordinates": [
          -76.2016193350942,
          39.2734422728184
        ]
      }
    },
    {
      "type": "Feature",
      "properties": {
        "id": "USGS-391625076035501",
        "name": "KE Bd  14",
        "site_type": "Well",
        "latest_readings": []
      },
      "geometry": {
        "type": "Point",
        "coordinates": [
          -76.0649466217327,
          39.2737207727436
        ]
      }
    },
    {
      "type": "Feature",
      "properties": {
        "id": "USGS-391625076053701",
        "name": "KE Bc   1",
        "site_type": "Well",
        "latest_readings": []
      },
      "geometry": {
        "type": "Point",
        "coordinates": [
          -76.0932812090934,
          39.2737206233283
        ]
      }
    },
    {
      "type": "Feature",
      "properties": {
        "id": "USGS-391625076100601",
        "name": "KE Bb   2",
        "site_type": "Well",
        "latest_readings": []
      },
      "geometry": {
        "type": "Point",
        "coordinates": [
          -76.1680067385054,
          39.2737202292822
        ]
      }
    },
    {
      "type": "Feature",
      "properties": {
        "id": "USGS-391626075560501",
        "name": "KE Be  88",
        "site_type": "Well",
        "latest_readings": []
      },
      "geometry": {
        "type": "Point",
        "coordinates": [
          -75.9343852679922,
          39.273999139137
        ]
      }
    },
    {
      "type": "Feature",
      "properties": {
        "id": "USGS-391626076094201",
        "name": "KE Bc 146",
        "site_type": "Well",
        "latest_readings": []
      },
      "geometry": {
        "type": "Point",
        "coordinates": [
          -76.161339779343,
          39.2739980450662
        ]
      }
    },
    {
      "type": "Feature",
      "properties": {
        "id": "USGS-391627075542401",
        "name": "KE Bf 175",
        "site_type": "Well",
        "latest_readings": []
      },
      "geometry": {
        "type": "Point",
        "coordinates": [
          -75.9063284633722,
          39.2742770239862
        ]
      }
    },
    {
      "type": "Feature",
      "properties": {
        "id": "USGS-391627076090401",
        "name": "KE Bc 131",
        "site_type": "Well",
        "latest_readings": []
      },
      "geometry": {
        "type": "Point",
        "coordinates": [
          -76.1507837593939,
          39.2742758820977
        ]
      }
    },
    {
      "type": "Feature",
      "properties": {
        "id": "USGS-391628075513801",
        "name": "KE Bf 104",
        "site_type": "Well",
        "latest_readings": []
      },
      "geometry": {
        "type": "Point",
        "coordinates": [
          -75.8602152961559,
          39.2745549712948
        ]
      }
    },
    {
      "type": "Feature",
      "properties": {
        "id": "USGS-391628075562102",
        "name": "UC 16 GW TH",
        "site_type": "Test hole not completed as a well",
        "latest_readings": []
      },
      "geometry": {
        "type": "Point",
        "coordinates": [
          -75.9391666666667,
          39.2744444444444
        ]
      }
    },
    {
      "type": "Feature",
      "properties": {
        "id": "USGS-391628076091201",
        "name": "KE Bc 132",
        "site_type": "Well",
        "latest_readings": []
      },
      "geometry": {
        "type": "Point",
        "coordinates": [
          -76.1530060825819,
          39.2745536511426
        ]
      }
    },
    {
      "type": "Feature",
      "properties": {
        "id": "USGS-391629075501901",
        "name": "KE Bf 127",
        "site_type": "Well",
        "latest_readings": []
      },
      "geometry": {
        "type": "Point",
        "coordinates": [
          -75.8382698738772,
          39.2748328306904
        ]
      }
    },
    {
      "type": "Feature",
      "properties": {
        "id": "USGS-391629075533601",
        "name": "KE Bf  86",
        "site_type": "Well",
        "latest_readings": []
      },
      "geometry": {
        "type": "Point",
        "coordinates": [
          -75.8929945405051,
          39.2748326379151
        ]
      }
    },
    {
      "type": "Feature",
      "properties": {
        "id": "USGS-391629075562001",
        "name": "KE Be 177",
        "site_type": "Well",
        "latest_readings": []
      },
      "geometry": {
        "type": "Point",
        "coordinates": [
          -75.9385521309973,
          39.2748324774321
        ]
      }
    },
    {
      "type": "Feature",
      "properties": {
        "id": "USGS-391629076052401",
        "name": "KE Bc  92",
        "site_type": "Well",
        "latest_readings": []
      },
      "geometry": {
        "type": "Point",
        "coordinates": [
          -76.0896699514695,
          39.2748317749244
        ]
      }
    },
    {
      "type": "Feature",
      "properties": {
        "id": "USGS-391629076092101",
        "name": "KE Bc 133",
        "site_type": "Well",
        "latest_readings": []
      },
      "geometry": {
        "type": "Point",
        "coordinates": [
          -76.1555061957832,
          39.2748314185279
        ]
      }
    },
    {
      "type": "Feature",
      "properties": {
        "id": "USGS-391630075545101",
        "name": "KE Bf 165",
        "site_type": "Well",
        "latest_readings": []
      },
      "geometry": {
        "type": "Point",
        "coordinates": [
          -75.9138288075791,
          39.2751103482286
        ]
      }
    },
    {
      "type": "Feature",
      "properties": {
        "id": "USGS-391630075561501",
        "name": "KE Be  89",
        "site_type": "Well",
        "latest_readings": []
      },
      "geometry": {
        "type": "Point",
        "coordinates": [
          -75.9371631835103,
          39.2751102667331
        ]
      }
    },
    {
      "type": "Feature",
      "properties": {
        "id": "USGS-391631075472001",
        "name": "KE Bg   1",
        "site_type": "Well",
        "latest_readings": []
      },
      "geometry": {
        "type": "Point",
        "coordinates": [
          -75.7885454334909,
          39.2753885657125
        ]
      }
    },
    {
      "type": "Feature",
      "properties": {
        "id": "USGS-391631075511901",
        "name": "KE Bf 116",
        "site_type": "Well",
        "latest_readings": []
      },
      "geometry": {
        "type": "Point",
        "coordinates": [
          -75.8549372897104,
          39.2753883358386
        ]
      }
    },
    {
      "type": "Feature",
      "properties": {
        "id": "USGS-391631075545401",
        "name": "KE Bf 164",
        "site_type": "Well",
        "latest_readings": []
      },
      "geometry": {
        "type": "Point",
        "coordinates": [
          -75.9146621812886,
          39.2753881290483
        ]
      }
    },
    {
      "type": "Feature",
      "properties": {
        "id": "USGS-391631076100301",
        "name": "KE Bb  38",
        "site_type": "Well",
        "latest_readings": []
      },
      "geometry": {
        "type": "Point",
        "coordinates": [
          -76.1671733833352,
          39.2753869162152
        ]
      }
    },
    {
      "type": "Feature",
      "properties": {
        "id": "USGS-391632075545701",
        "name": "KE Bf   3",
        "site_type": "Well",
        "latest_readings": []
      },
      "geometry": {
        "type": "Point",
        "coordinates": [
          -75.9154955550206,
          39.2756659099182
        ]
      }
    },
    {
      "type": "Feature",
      "properties": {
        "id": "USGS-391632075545702",
        "name": "KE Bf   4",
        "site_type": "Well",
        "latest_readings": []
      },
      "geometry": {
        "type": "Point",
        "coordinates": [
          -75.9154955550206,
          39.2756659099182
        ]
      }
    },
    {
      "type": "Feature",
      "properties": {
        "id": "USGS-391632076081301",
        "name": "KE Bc 117",
        "site_type": "Well",
        "latest_readings": []
      },
      "geometry": {
        "type": "Point",
        "coordinates": [
          -76.1366164801704,
          39.2756648652659
        ]
      }
    },
    {
      "type": "Feature",
      "properties": {
        "id": "USGS-391632076100401",
        "name": "KE Bb  39",
        "site_type": "Well",
        "latest_readings": []
      },
      "geometry": {
        "type": "Point",
        "coordinates": [
          -76.1674511758945,
          39.2756646951053
        ]
      }
    },
    {
      "type": "Feature",
      "properties": {
        "id": "USGS-391633075515101",
        "name": "KE Bf  20",
        "site_type": "Well",
        "latest_readings": []
      },
      "geometry": {
        "type": "Point",
        "coordinates": [
          -75.863826580815,
          39.2759438694577
        ]
      }
    },
    {
      "type": "Feature",
      "properties": {
        "id": "USGS-391633075515102",
        "name": "KE Bf 111",
        "site_type": "Well",
        "latest_readings": []
      },
      "geometry": {
        "type": "Point",
        "coordinates": [
          -75.863826580815,
          39.2759438694577
        ]
      }
    },
    {
      "type": "Feature",
      "properties": {
        "id": "USGS-391633075533601",
        "name": "KE Bf  87",
        "site_type": "Well",
        "latest_readings": []
      },
      "geometry": {
        "type": "Point",
        "coordinates": [
          -75.8929945519038,
          39.2759437702247
        ]
      }
    },
    {
      "type": "Feature",
      "properties": {
        "id": "USGS-391633075560001",
        "name": "KE Be  20",
        "site_type": "Well",
        "latest_readings": []
      },
      "geometry": {
        "type": "Point",
        "coordinates": [
          -75.9329963408256,
          39.2759436341338
        ]
      }
    },
    {
      "type": "Feature",
      "properties": {
        "id": "USGS-391633076052901",
        "name": "KE Bc 197",
        "site_type": "Well",
        "latest_readings": []
      },
      "geometry": {
        "type": "Point",
        "coordinates": [
          -76.0911728087481,
          39.2759262321462
        ]
      }
    },
    {
      "type": "Feature",
      "properties": {
        "id": "USGS-391633076053301",
        "name": "KE Bc 164",
        "site_type": "Well",
        "latest_readings": []
      },
      "geometry": {
        "type": "Point",
        "coordinates": [
          -76.0921700752214,
          39.275942893593
        ]
      }
    },
    {
      "type": "Feature",
      "properties": {
        "id": "USGS-391633076095201",
        "name": "KE Bc 180",
        "site_type": "Well",
        "latest_readings": []
      },
      "geometry": {
        "type": "Point",
        "coordinates": [
          -76.1641176978158,
          39.2759424940311
        ]
      }
    },
    {
      "type": "Feature",
      "properties": {
        "id": "USGS-391634075550001",
        "name": "KE Bf 152",
        "site_type": "Well",
        "latest_readings": []
      },
      "geometry": {
        "type": "Point",
        "coordinates": [
          -75.9163289319378,
          39.2762214746188
        ]
      }
    },
    {
      "type": "Feature",
      "properties": {
        "id": "USGS-391634075555002",
        "name": "KE Bf 153",
        "site_type": "Well",
        "latest_readings": []
      },
      "geometry": {
        "type": "Point",
        "coordinates": [
          -75.9163289319378,
          39.2762214746188
        ]
      }
    },
    {
      "type": "Feature",
      "properties": {
        "id": "USGS-391634076095201",
        "name": "KE Bc 188",
        "site_type": "Well",
        "latest_readings": []
      },
      "geometry": {
        "type": "Point",
        "coordinates": [
          -76.1641177003559,
          39.2762202745613
        ]
      }
    },
    {
      "type": "Feature",
      "properties": {
        "id": "USGS-391635075520701",
        "name": "KE Bf 103",
        "site_type": "Well",
        "latest_readings": []
      },
      "geometry": {
        "type": "Point",
        "coordinates": [
          -75.868271229064,
          39.2764994190015
        ]
      }
    },
    {
      "type": "Feature",
      "properties": {
        "id": "USGS-391635076053101",
        "name": "KE Bc 165",
        "site_type": "Well",
        "latest_readings": []
      },
      "geometry": {
        "type": "Point",
        "coordinates": [
          -76.0916145017401,
          39.2764984628187
        ]
      }
    },
    {
      "type": "Feature",
      "properties": {
        "id": "USGS-391635076075801",
        "name": "KE Bc 119",
        "site_type": "Well",
        "latest_readings": []
      },
      "geometry": {
        "type": "Point",
        "coordinates": [
          -76.1324496380233,
          39.2764982331792
        ]
      }
    },
    {
      "type": "Feature",
      "properties": {
        "id": "USGS-391636075532201",
        "name": "KE Bf  88",
        "site_type": "Well",
        "latest_readings": []
      },
      "geometry": {
        "type": "Point",
        "coordinates": [
          -75.8891054974844,
          39.2767771323365
        ]
      }
    },
    {
      "type": "Feature",
      "properties": {
        "id": "USGS-391636075575501",
        "name": "KE Be  97",
        "site_type": "Well",
        "latest_readings": []
      },
      "geometry": {
        "type": "Point",
        "coordinates": [
          -75.9649422253697,
          39.2767768811855
        ]
      }
    },
    {
      "type": "Feature",
      "properties": {
        "id": "USGS-391636076021101",
        "name": "KE Bd  18",
        "site_type": "Well",
        "latest_readings": []
      },
      "geometry": {
        "type": "Point",
        "coordinates": [
          -76.0360564970879,
          39.27677656027
        ]
      }
    },
    {
      "type": "Feature",
      "properties": {
        "id": "USGS-391636076053401",
        "name": "KE Bc 166",
        "site_type": "Well",
        "latest_readings": []
      },
      "geometry": {
        "type": "Point",
        "coordinates": [
          -76.0924478751675,
          39.2767762411731
        ]
      }
    },
    {
      "type": "Feature",
      "properties": {
        "id": "USGS-391637075470801",
        "name": "KE Bg  94",
        "site_type": "Well",
        "latest_readings": []
      },
      "geometry": {
        "type": "Point",
        "coordinates": [
          -75.7852119595862,
          39.2770552562341
        ]
      }
    },
    {
      "type": "Feature",
      "properties": {
        "id": "USGS-391637075502201",
        "name": "KE Bf 126",
        "site_type": "Well",
        "latest_readings": []
      },
      "geometry": {
        "type": "Point",
        "coordinates": [
          -75.8391032614444,
          39.2770550793842
        ]
      }
    },
    {
      "type": "Feature",
      "properties": {
        "id": "USGS-391637075512401",
        "name": "KE Bf 117",
        "site_type": "Well",
        "latest_readings": []
      },
      "geometry": {
        "type": "Point",
        "coordinates": [
          -75.8563262548217,
          39.2770550228652
        ]
      }
    },
    {
      "type": "Feature",
      "properties": {
        "id": "USGS-391637075583301",
        "name": "KE Be  33",
        "site_type": "Well",
        "latest_readings": []
      },
      "geometry": {
        "type": "Point",
        "coordinates": [
          -75.9754982573843,
          39.2770546317899
        ]
      }
    },
    {
      "type": "Feature",
      "properties": {
        "id": "USGS-391637075594801",
        "name": "KE Be 128",
        "site_type": "Well",
        "latest_readings": []
      },
      "geometry": {
        "type": "Point",
        "coordinates": [
          -75.9963325235666,
          39.2770545634201
        ]
      }
    },
    {
      "type": "Feature",
      "properties": {
        "id": "USGS-391637076015201",
        "name": "KE Bd 116",
        "site_type": "Well",
        "latest_readings": []
      },
      "geometry": {
        "type": "Point",
        "coordinates": [
          -76.030778490284,
          39.2770543753376
        ]
      }
    },
    {
      "type": "Feature",
      "properties": {
        "id": "USGS-391638075584501",
        "name": "KE Be  14",
        "site_type": "Well",
        "latest_readings": []
      },
      "geometry": {
        "type": "Point",
        "coordinates": [
          -75.9788317439756,
          39.2773324065144
        ]
      }
    },
    {
      "type": "Feature",
      "properties": {
        "id": "USGS-391638075584701",
        "name": "KE Be  13",
        "site_type": "Well",
        "latest_readings": []
      },
      "geometry": {
        "type": "Point",
        "coordinates": [
          -75.9793873244146,
          39.2773324047079
        ]
      }
    },
    {
      "type": "Feature",
      "properties": {
        "id": "USGS-391638076021001",
        "name": "KE Bd 123",
        "site_type": "Well",
        "latest_readings": []
      },
      "geometry": {
        "type": "Point",
        "coordinates": [
          -76.0357787148467,
          39.2773321318943
        ]
      }
    },
    {
      "type": "Feature",
      "properties": {
        "id": "USGS-391638076021002",
        "name": "KE Bd 192",
        "site_type": "Well",
        "latest_readings": []
      },
      "geometry": {
        "type": "Point",
        "coordinates": [
          -76.0361111111111,
          39.2772222222222
        ]
      }
    },
    {
      "type": "Feature",
      "properties": {
        "id": "USGS-391638076032901",
        "name": "KE Bd  90",
        "site_type": "Well",
        "latest_readings": []
      },
      "geometry": {
        "type": "Point",
        "coordinates": [
          -76.0577241275261,
          39.2773320061762
        ]
      }
    },
    {
      "type": "Feature",
      "properties": {
        "id": "USGS-391638076115401",
        "name": "KE Bb   4",
        "site_type": "Well",
        "latest_readings": []
      },
      "geometry": {
        "type": "Point",
        "coordinates": [
          -76.1977303046202,
          39.2773312041261
        ]
      }
    },
    {
      "type": "Feature",
      "properties": {
        "id": "USGS-391639075553301",
        "name": "KE Be  84",
        "site_type": "Well",
        "latest_readings": []
      },
      "geometry": {
        "type": "Point",
        "coordinates": [
          -75.925496025119,
          39.2776103639908
        ]
      }
    },
    {
      "type": "Feature",
      "properties": {
        "id": "USGS-391639075564801",
        "name": "KE Be  19",
        "site_type": "Well",
        "latest_readings": []
      },
      "geometry": {
        "type": "Point",
        "coordinates": [
          -75.9463302918606,
          39.2776102968764
        ]
      }
    },
    {
      "type": "Feature",
      "properties": {
        "id": "USGS-391639076053301",
        "name": "KE Bc  33",
        "site_type": "Well",
        "latest_readings": []
      },
      "geometry": {
        "type": "Point",
        "coordinates": [
          -76.0921700818256,
          39.2764984596944
        ]
      }
    },
    {
      "type": "Feature",
      "properties": {
        "id": "USGS-391639076074301",
        "name": "KE Bc   5",
        "site_type": "Well",
        "latest_readings": []
      },
      "geometry": {
        "type": "Point",
        "coordinates": [
          -76.1282827990606,
          39.2776093837539
        ]
      }
    },
    {
      "type": "Feature",
      "properties": {
        "id": "USGS-391641076002501",
        "name": "KE Bd  29",
        "site_type": "Well",
        "latest_readings": []
      },
      "geometry": {
        "type": "Point",
        "coordinates": [
          -76.0066107739102,
          39.2781656571323
        ]
      }
    },
    {
      "type": "Feature",
      "properties": {
        "id": "USGS-391642075465201",
        "name": "KE Bg  93",
        "site_type": "Well",
        "latest_readings": []
      },
      "geometry": {
        "type": "Point",
        "coordinates": [
          -75.7807673228491,
          39.2784441692999
        ]
      }
    },
    {
      "type": "Feature",
      "properties": {
        "id": "USGS-391642075520201",
        "name": "KE Bf 102",
        "site_type": "Well",
        "latest_readings": []
      },
      "geometry": {
        "type": "Point",
        "coordinates": [
          -75.8668822955164,
          39.2784438996777
        ]
      }
    },
    {
      "type": "Feature",
      "properties": {
        "id": "USGS-391642076081801",
        "name": "KE Bc  29",
        "site_type": "Well",
        "latest_readings": []
      },
      "geometry": {
        "type": "Point",
        "coordinates": [
          -76.1388388370845,
          39.2792760114064
        ]
      }
    },
    {
      "type": "Feature",
      "properties": {
        "id": "USGS-391643075550901",
        "name": "KE Be 171",
        "site_type": "Well",
        "latest_readings": []
      },
      "geometry": {
        "type": "Point",
        "coordinates": [
          -75.9179957018333,
          39.2787215234746
        ]
      }
    },
    {
      "type": "Feature",
      "properties": {
        "id": "USGS-391643076002101",
        "name": "KE Bd 181",
        "site_type": "Well",
        "latest_readings": []
      },
      "geometry": {
        "type": "Point",
        "coordinates": [
          -76.005725,
          39.278503
        ]
      }
    },
    {
      "type": "Feature",
      "properties": {
        "id": "USGS-391644075492301",
        "name": "KE Bg  74",
        "site_type": "Well",
        "latest_readings": []
      },
      "geometry": {
        "type": "Point",
        "coordinates": [
          -75.8227136520574,
          39.2789995998876
        ]
      }
    },
    {
      "type": "Feature",
      "properties": {
        "id": "USGS-391644075500701",
        "name": "KE Bf 124",
        "site_type": "Well",
        "latest_readings": []
      },
      "geometry": {
        "type": "Point",
        "coordinates": [
          -75.8349364226996,
          39.2789995623551
        ]
      }
    },
    {
      "type": "Feature",
      "properties": {
        "id": "USGS-391644075500702",
        "name": "KE Bf 125",
        "site_type": "Well",
        "latest_readings": []
      },
      "geometry": {
        "type": "Point",
        "coordinates": [
          -75.8349364226996,
          39.2789995623551
        ]
      }
    },
    {
      "type": "Feature",
      "properties": {
        "id": "USGS-391644075543101",
        "name": "KE Bf  76",
        "site_type": "Well",
        "latest_readings": []
      },
      "geometry": {
        "type": "Point",
        "coordinates": [
          -75.9082730465532,
          39.2789993371606
        ]
      }
    },
    {
      "type": "Feature",
      "properties": {
        "id": "USGS-391644076050201",
        "name": "KE Bc  91",
        "site_type": "Well",
        "latest_readings": []
      },
      "geometry": {
        "type": "Point",
        "coordinates": [
          -76.0835586210401,
          39.2789985582929
        ]
      }
    },
    {
      "type": "Feature",
      "properties": {
        "id": "USGS-391645075501001",
        "name": "KE Bf 123",
        "site_type": "Well",
        "latest_readings": []
      },
      "geometry": {
        "type": "Point",
        "coordinates": [
          -75.8357697955066,
          39.2792773411494
        ]
      }
    },
    {
      "type": "Feature",
      "properties": {
        "id": "USGS-391645075543201",
        "name": "KE Bf  75",
        "site_type": "Well",
        "latest_readings": []
      },
      "geometry": {
        "type": "Point",
        "coordinates": [
          -75.9085508398536,
          39.2792771198537
        ]
      }
    },
    {
      "type": "Feature",
      "properties": {
        "id": "USGS-391645075554001",
        "name": "KE Be  41",
        "site_type": "Well",
        "latest_readings": []
      },
      "geometry": {
        "type": "Point",
        "coordinates": [
          -75.9274405765543,
          39.2792770624182
        ]
      }
    },
    {
      "type": "Feature",
      "properties": {
        "id": "USGS-391645076035001",
        "name": "KE Bd  39",
        "site_type": "Well",
        "latest_readings": []
      },
      "geometry": {
        "type": "Point",
        "coordinates": [
          -76.0635577434742,
          39.2792764611287
        ]
      }
    },
    {
      "type": "Feature",
      "properties": {
        "id": "USGS-391645076081801",
        "name": "KE Bc 116",
        "site_type": "Well",
        "latest_readings": []
      },
      "geometry": {
        "type": "Point",
        "coordinates": [
          -76.1380054670446,
          39.2792760163848
        ]
      }
    },
    {
      "type": "Feature",
      "properties": {
        "id": "USGS-391646076004701",
        "name": "KE Bd 109",
        "site_type": "Well",
        "latest_readings": []
      },
      "geometry": {
        "type": "Point",
        "coordinates": [
          -76.0127221751797,
          39.2795545506497
        ]
      }
    },
    {
      "type": "Feature",
      "properties": {
        "id": "USGS-391646076005801",
        "name": "KE Bd 108",
        "site_type": "Well",
        "latest_readings": []
      },
      "geometry": {
        "type": "Point",
        "coordinates": [
          -76.0157778652939,
          39.2795545322882
        ]
      }
    },
    {
      "type": "Feature",
      "properties": {
        "id": "USGS-391646076084701",
        "name": "KE Bc 191",
        "site_type": "Well",
        "latest_readings": []
      },
      "geometry": {
        "type": "Point",
        "coordinates": [
          -76.1463888888889,
          39.2794444444444
        ]
      }
    },
    {
      "type": "Feature",
      "properties": {
        "id": "USGS-391646076084702",
        "name": "KE Bc 192",
        "site_type": "Well",
        "latest_readings": []
      },
      "geometry": {
        "type": "Point",
        "coordinates": [
          -76.1463888888889,
          39.2794444444444
        ]
      }
    },
    {
      "type": "Feature",
      "properties": {
        "id": "USGS-391647075492101",
        "name": "KE Bg  73",
        "site_type": "Well",
        "latest_readings": []
      },
      "geometry": {
        "type": "Point",
        "coordinates": [
          -75.8221580772697,
          39.279832944423
        ]
      }
    },
    {
      "type": "Feature",
      "properties": {
        "id": "USGS-391647075492201",
        "name": "KE Bg  72",
        "site_type": "Well",
        "latest_readings": []
      },
      "geometry": {
        "type": "Point",
        "coordinates": [
          -75.8224358675227,
          39.2798329435951
        ]
      }
    },
    {
      "type": "Feature",
      "properties": {
        "id": "USGS-391647075571701",
        "name": "KE Be  99",
        "site_type": "Well",
        "latest_readings": []
      },
      "geometry": {
        "type": "Point",
        "coordinates": [
          -75.9543862377252,
          39.2798325503424
        ]
      }
    },
    {
      "type": "Feature",
      "properties": {
        "id": "USGS-391647076045001",
        "name": "KE Bd  89",
        "site_type": "Well",
        "latest_readings": []
      },
      "geometry": {
        "type": "Point",
        "coordinates": [
          -76.0802251511307,
          39.2798319284974
        ]
      }
    },
    {
      "type": "Feature",
      "properties": {
        "id": "USGS-391648075465301",
        "name": "KE Bg  76",
        "site_type": "Well",
        "latest_readings": []
      },
      "geometry": {
        "type": "Point",
        "coordinates": [
          -75.7810451211638,
          39.2801108466567
        ]
      }
    },
    {
      "type": "Feature",
      "properties": {
        "id": "USGS-391648076005401",
        "name": "KE Bd 147",
        "site_type": "Well",
        "latest_readings": []
      },
      "geometry": {
        "type": "Point",
        "coordinates": [
          -76.0146667134982,
          39.2801101104968
        ]
      }
    },
    {
      "type": "Feature",
      "properties": {
        "id": "USGS-391648076012301",
        "name": "KE Bd 107",
        "site_type": "Well",
        "latest_readings": []
      },
      "geometry": {
        "type": "Point",
        "coordinates": [
          -76.0227226074782,
          39.2789989195904
        ]
      }
    },
    {
      "type": "Feature",
      "properties": {
        "id": "USGS-391650075464501",
        "name": "KE Bg   9",
        "site_type": "Well",
        "latest_readings": []
      },
      "geometry": {
        "type": "Point",
        "coordinates": [
          -75.7788228017433,
          39.2806664124878
        ]
      }
    },
    {
      "type": "Feature",
      "properties": {
        "id": "USGS-391650076005701",
        "name": "KE Bd  26",
        "site_type": "Well",
        "latest_readings": []
      },
      "geometry": {
        "type": "Point",
        "coordinates": [
          -76.0155000917399,
          39.2806656769041
        ]
      }
    },
    {
      "type": "Feature",
      "properties": {
        "id": "USGS-391650076050401",
        "name": "KE Bc 184",
        "site_type": "Well",
        "latest_readings": []
      },
      "geometry": {
        "type": "Point",
        "coordinates": [
          -76.0841142213971,
          39.2806652549907
        ]
      }
    },
    {
      "type": "Feature",
      "properties": {
        "id": "USGS-391650076050402",
        "name": "KE Bc 185",
        "site_type": "Well",
        "latest_readings": []
      },
      "geometry": {
        "type": "Point",
        "coordinates": [
          -76.084167,
          39.280917
        ]
      }
    },
    {
      "type": "Feature",
      "properties": {
        "id": "USGS-391650076050403",
        "name": "KE Bc 186",
        "site_type": "Well",
        "latest_readings": []
      },
      "geometry": {
        "type": "Point",
        "coordinates": [
          -76.084444,
          39.280556
        ]
      }
    },
    {
      "type": "Feature",
      "properties": {
        "id": "USGS-391650076071501",
        "name": "KE Bc 157",
        "site_type": "Well",
        "latest_readings": []
      },
      "geometry": {
        "type": "Point",
        "coordinates": [
          -76.1205047112152,
          39.2806650312229
        ]
      }
    },
    {
      "type": "Feature",
      "properties": {
        "id": "USGS-391650076083301",
        "name": "KE Bc 115",
        "site_type": "Well",
        "latest_readings": []
      },
      "geometry": {
        "type": "Point",
        "coordinates": [
          -76.142172331107,
          39.2806648979871
        ]
      }
    },
    {
      "type": "Feature",
      "properties": {
        "id": "USGS-391651075553801",
        "name": "KE Be  40",
        "site_type": "Well",
        "latest_readings": []
      },
      "geometry": {
        "type": "Point",
        "coordinates": [
          -75.9268850158912,
          39.2809437686985
        ]
      }
    },
    {
      "type": "Feature",
      "properties": {
        "id": "USGS-391651076002901",
        "name": "KE Bd 187",
        "site_type": "Well",
        "latest_readings": []
      },
      "geometry": {
        "type": "Point",
        "coordinates": [
          -76.0081027777778,
          39.2808777777778
        ]
      }
    },
    {
      "type": "Feature",
      "properties": {
        "id": "USGS-391652076004301",
        "name": "KE Bd 190",
        "site_type": "Well",
        "latest_readings": []
      },
      "geometry": {
        "type": "Point",
        "coordinates": [
          -76.0119222222222,
          39.2813916666667
        ]
      }
    },
    {
      "type": "Feature",
      "properties": {
        "id": "USGS-391652076033302",
        "name": "KE Bd  91",
        "site_type": "Well",
        "latest_readings": []
      },
      "geometry": {
        "type": "Point",
        "coordinates": [
          -76.0588353571092,
          39.2826098999619
        ]
      }
    },
    {
      "type": "Feature",
      "properties": {
        "id": "USGS-391653075560601",
        "name": "KE Be 182",
        "site_type": "Well",
        "latest_readings": []
      },
      "geometry": {
        "type": "Point",
        "coordinates": [
          -75.9346631502127,
          39.2814993151204
        ]
      }
    },
    {
      "type": "Feature",
      "properties": {
        "id": "USGS-391653076003701",
        "name": "KE Bd 186",
        "site_type": "Well",
        "latest_readings": []
      },
      "geometry": {
        "type": "Point",
        "coordinates": [
          -76.0104055555556,
          39.2815083333333
        ]
      }
    },
    {
      "type": "Feature",
      "properties": {
        "id": "USGS-391653076100801",
        "name": "KE Bb  33",
        "site_type": "Well",
        "latest_readings": []
      },
      "geometry": {
        "type": "Point",
        "coordinates": [
          -76.1685623884542,
          39.281498076836
        ]
      }
    },
    {
      "type": "Feature",
      "properties": {
        "id": "USGS-391653076100802",
        "name": "KE Bb  34",
        "site_type": "Well",
        "latest_readings": []
      },
      "geometry": {
        "type": "Point",
        "coordinates": [
          -76.1685623884542,
          39.281498076836
        ]
      }
    },
    {
      "type": "Feature",
      "properties": {
        "id": "USGS-391654076000901",
        "name": "KE Bd 182",
        "site_type": "Well",
        "latest_readings": []
      },
      "geometry": {
        "type": "Point",
        "coordinates": [
          -76.0026305555556,
          39.2817083333333
        ]
      }
    },
    {
      "type": "Feature",
      "properties": {
        "id": "USGS-391654076000902",
        "name": "KE Bd 188",
        "site_type": "Well",
        "latest_readings": []
      },
      "geometry": {
        "type": "Point",
        "coordinates": [
          -76.0026638888889,
          39.2817277777778
        ]
      }
    },
    {
      "type": "Feature",
      "properties": {
        "id": "USGS-391654076020801",
        "name": "KE Bd 119",
        "site_type": "Well",
        "latest_readings": []
      },
      "geometry": {
        "type": "Point",
        "coordinates": [
          -76.0352231972621,
          39.2817766958081
        ]
      }
    },
    {
      "type": "Feature",
      "properties": {
        "id": "USGS-391656076072001",
        "name": "KE Bc  12",
        "site_type": "Well",
        "latest_readings": []
      },
      "geometry": {
        "type": "Point",
        "coordinates": [
          -76.121893679132,
          39.2823317147383
        ]
      }
    },
    {
      "type": "Feature",
      "properties": {
        "id": "USGS-391657075525501",
        "name": "KE Bf 166",
        "site_type": "Well",
        "latest_readings": []
      },
      "geometry": {
        "type": "Point",
        "coordinates": [
          -75.8816052183919,
          39.2826105945947
        ]
      }
    },
    {
      "type": "Feature",
      "properties": {
        "id": "USGS-391657076003601",
        "name": "KE Bd 154",
        "site_type": "Well",
        "latest_readings": []
      },
      "geometry": {
        "type": "Point",
        "coordinates": [
          -76.0101527777778,
          39.2824111111111
        ]
      }
    },
    {
      "type": "Feature",
      "properties": {
        "id": "USGS-391657076003602",
        "name": "KE Bd 180",
        "site_type": "Well",
        "latest_readings": []
      },
      "geometry": {
        "type": "Point",
        "coordinates": [
          -76.0101527777778,
          39.2824111111111
        ]
      }
    },
    {
      "type": "Feature",
      "properties": {
        "id": "USGS-391657076003701",
        "name": "KE Bd 153",
        "site_type": "Well",
        "latest_readings": []
      },
      "geometry": {
        "type": "Point",
        "coordinates": [
          -76.0103861111111,
          39.2824611111111
        ]
      }
    },
    {
      "type": "Feature",
      "properties": {
        "id": "USGS-391657076003801",
        "name": "KE Bd 152",
        "site_type": "Well",
        "latest_readings": []
      },
      "geometry": {
        "type": "Point",
        "coordinates": [
          -76.0105944444445,
          39.2825416666667
        ]
      }
    },
    {
      "type": "Feature",
      "properties": {
        "id": "USGS-391657076003901",
        "name": "KE Bd 151",
        "site_type": "Well",
        "latest_readings": []
      },
      "geometry": {
        "type": "Point",
        "coordinates": [
          -76.0107111111111,
          39.28255
        ]
      }
    },
    {
      "type": "Feature",
      "properties": {
        "id": "USGS-391657076004001",
        "name": "KE Bd 150",
        "site_type": "Well",
        "latest_readings": []
      },
      "geometry": {
        "type": "Point",
        "coordinates": [
          -76.0108861111111,
          39.2826111111111
        ]
      }
    },
    {
      "type": "Feature",
      "properties": {
        "id": "USGS-391657076033301",
        "name": "KE Bd  15",
        "site_type": "Well",
        "latest_readings": []
      },
      "geometry": {
        "type": "Point",
        "coordinates": [
          -76.0588353571092,
          39.2826098999619
        ]
      }
    },
    {
      "type": "Feature",
      "properties": {
        "id": "USGS-391658076003701",
        "name": "KE Bd 191",
        "site_type": "Well",
        "latest_readings": []
      },
      "geometry": {
        "type": "Point",
        "coordinates": [
          -76.0104138888889,
          39.2826694444444
        ]
      }
    },
    {
      "type": "Feature",
      "properties": {
        "id": "USGS-391658076015801",
        "name": "KE Bd 118",
        "site_type": "Well",
        "latest_readings": []
      },
      "geometry": {
        "type": "Point",
        "coordinates": [
          -76.0324453131322,
          39.2828878538509
        ]
      }
    },
    {
      "type": "Feature",
      "properties": {
        "id": "USGS-391658076021601",
        "name": "KE Bd 120",
        "site_type": "Well",
        "latest_readings": []
      },
      "geometry": {
        "type": "Point",
        "coordinates": [
          -76.0374455326835,
          39.2828878217028
        ]
      }
    },
    {
      "type": "Feature",
      "properties": {
        "id": "USGS-391658076061201",
        "name": "KE Bc  11",
        "site_type": "Well",
        "latest_readings": []
      },
      "geometry": {
        "type": "Point",
        "coordinates": [
          -76.1030039668014,
          39.2828874002054
        ]
      }
    },
    {
      "type": "Feature",
      "properties": {
        "id": "USGS-391659075483301",
        "name": "KE Bg  71",
        "site_type": "Well",
        "latest_readings": []
      },
      "geometry": {
        "type": "Point",
        "coordinates": [
          -75.808824165759,
          39.2831663506588
        ]
      }
    },
    {
      "type": "Feature",
      "properties": {
        "id": "USGS-391659075520001",
        "name": "KE Bf 101",
        "site_type": "Well",
        "latest_readings": []
      },
      "geometry": {
        "type": "Point",
        "coordinates": [
          -75.8663267449475,
          39.2817772887042
        ]
      }
    },
    {
      "type": "Feature",
      "properties": {
        "id": "USGS-391659075552401",
        "name": "KE Be 212",
        "site_type": "Well",
        "latest_readings": []
      },
      "geometry": {
        "type": "Point",
        "coordinates": [
          -75.9229959781592,
          39.2831660516711
        ]
      }
    },
    {
      "type": "Feature",
      "properties": {
        "id": "USGS-391659075595901",
        "name": "Atm Dep Coll at H.O. Dairy near Kennedyville, MD",
        "site_type": "Atmosphere",
        "latest_readings": []
      },
      "geometry": {
        "type": "Point",
        "coordinates": [
          -75.9997222222222,
          39.2830555555556
        ]
      }
    },
    {
      "type": "Feature",
      "properties": {
        "id": "USGS-391659076001701",
        "name": "KE Bd 171",
        "site_type": "Well",
        "latest_readings": []
      },
      "geometry": {
        "type": "Point",
        "coordinates": [
          -76.0048527777778,
          39.2831777777778
        ]
      }
    },
    {
      "type": "Feature",
      "properties": {
        "id": "USGS-391659076001702",
        "name": "KE Bd 172",
        "site_type": "Well",
        "latest_readings": []
      },
      "geometry": {
        "type": "Point",
        "coordinates": [
          -76.0048527777778,
          39.2831777777778
        ]
      }
    },
    {
      "type": "Feature",
      "properties": {
        "id": "USGS-391659076001703",
        "name": "KE Bd 173",
        "site_type": "Well",
        "latest_readings": []
      },
      "geometry": {
        "type": "Point",
        "coordinates": [
          -76.0048527777778,
          39.2831777777778
        ]
      }
    },
    {
      "type": "Feature",
      "properties": {
        "id": "USGS-391659076001801",
        "name": "VADOSE ZONE ACTVZ1-1A, Nr KENNEDYVILLE, MD",
        "site_type": "Unsaturated zone",
        "latest_readings": []
      },
      "geometry": {
        "type": "Point",
        "coordinates": [
          -76.0049,
          39.2831055555556
        ]
      }
    },
    {
      "type": "Feature",
      "properties": {
        "id": "USGS-391659076001802",
        "name": "VADOSE ZONE ACTVZ1-1B, Nr Kennedyville, MD",
        "site_type": "Unsaturated zone",
        "latest_readings": []
      },
      "geometry": {
        "type": "Point",
        "coordinates": [
          -76.0049,
          39.2831055555556
        ]
      }
    },
    {
      "type": "Feature",
      "properties": {
        "id": "USGS-391659076001803",
        "name": "VADOSE ZONE ACTVZ1-1C, Nr Kennedyville, MD",
        "site_type": "Unsaturated zone",
        "latest_readings": []
      },
      "geometry": {
        "type": "Point",
        "coordinates": [
          -76.0049,
          39.2831055555556
        ]
      }
    },
    {
      "type": "Feature",
      "properties": {
        "id": "USGS-391659076001804",
        "name": "VADOSE ZONE ACTVZ1-1D, Nr Kennedyville, MD",
        "site_type": "Unsaturated zone",
        "latest_readings": []
      },
      "geometry": {
        "type": "Point",
        "coordinates": [
          -76.0049,
          39.2831055555556
        ]
      }
    },
    {
      "type": "Feature",
      "properties": {
        "id": "USGS-391659076061301",
        "name": "KE Bc 159",
        "site_type": "Well",
        "latest_readings": []
      },
      "geometry": {
        "type": "Point",
        "coordinates": [
          -76.1032817599609,
          39.2831651810808
        ]
      }
    },
    {
      "type": "Feature",
      "properties": {
        "id": "USGS-391659076100301",
        "name": "KE Bb  41",
        "site_type": "Well",
        "latest_readings": []
      },
      "geometry": {
        "type": "Point",
        "coordinates": [
          -76.1671734535516,
          39.2831647680612
        ]
      }
    },
    {
      "type": "Feature",
      "properties": {
        "id": "USGS-391700076001701",
        "name": "KE Bd 183",
        "site_type": "Well",
        "latest_readings": []
      },
      "geometry": {
        "type": "Point",
        "coordinates": [
          -76.0048305555556,
          39.2833333333333
        ]
      }
    },
    {
      "type": "Feature",
      "properties": {
        "id": "USGS-391700076002401",
        "name": "KE Bd 174",
        "site_type": "Well",
        "latest_readings": []
      },
      "geometry": {
        "type": "Point",
        "coordinates": [
          -76.0066888888889,
          39.2834222222222
        ]
      }
    },
    {
      "type": "Feature",
      "properties": {
        "id": "USGS-391700076002402",
        "name": "KE Bd 175",
        "site_type": "Well",
        "latest_readings": []
      },
      "geometry": {
        "type": "Point",
        "coordinates": [
          -76.0066888888889,
          39.2834222222222
        ]
      }
    },
    {
      "type": "Feature",
      "properties": {
        "id": "USGS-391700076002403",
        "name": "KE Bd 176",
        "site_type": "Well",
        "latest_readings": []
      },
      "geometry": {
        "type": "Point",
        "coordinates": [
          -76.0066888888889,
          39.2834222222222
        ]
      }
    },
    {
      "type": "Feature",
      "properties": {
        "id": "USGS-391700076002501",
        "name": "VADOSE ZONE ACTVZ1-2A, Nr KENNEDYVILLE, MD",
        "site_type": "Unsaturated zone",
        "latest_readings": []
      },
      "geometry": {
        "type": "Point",
        "coordinates": [
          -76.0066888888889,
          39.2833861111111
        ]
      }
    },
    {
      "type": "Feature",
      "properties": {
        "id": "USGS-391700076002502",
        "name": "VADOSE ZONE ACTVZ1-2B, Nr Kennedyville, MD",
        "site_type": "Unsaturated zone",
        "latest_readings": []
      },
      "geometry": {
        "type": "Point",
        "coordinates": [
          -76.0066888888889,
          39.2833861111111
        ]
      }
    },
    {
      "type": "Feature",
      "properties": {
        "id": "USGS-391700076002503",
        "name": "VADOSE ZONE ACTVZ1-2C, Nr Kennedyville, MD",
        "site_type": "Unsaturated zone",
        "latest_readings": []
      },
      "geometry": {
        "type": "Point",
        "coordinates": [
          -76.0066888888889,
          39.2833861111111
        ]
      }
    },
    {
      "type": "Feature",
      "properties": {
        "id": "USGS-391700076002504",
        "name": "VADOSE ZONE ACTVZ1-2D, Nr Kennedyville, MD",
        "site_type": "Unsaturated zone",
        "latest_readings": []
      },
      "geometry": {
        "type": "Point",
        "coordinates": [
          -76.0066888888889,
          39.2833861111111
        ]
      }
    },
    {
      "type": "Feature",
      "properties": {
        "id": "USGS-391700076002505",
        "name": "VADOSE ZONE ACTVZ1-2E, Nr KENNEDYVILLE, MD",
        "site_type": "Unsaturated zone",
        "latest_readings": []
      },
      "geometry": {
        "type": "Point",
        "coordinates": [
          -76.0066888888889,
          39.2833861111111
        ]
      }
    },
    {
      "type": "Feature",
      "properties": {
        "id": "USGS-391700076002506",
        "name": "VADOSE ZONE ACTVZ1-2F, Nr Kenndyville, MD",
        "site_type": "Unsaturated zone",
        "latest_readings": []
      },
      "geometry": {
        "type": "Point",
        "coordinates": [
          -76.0066888888889,
          39.2833861111111
        ]
      }
    },
    {
      "type": "Feature",
      "properties": {
        "id": "USGS-391700076002507",
        "name": "VADOSE ZONE ACTVZ1-2G, Nr Kennedyville, MD",
        "site_type": "Unsaturated zone",
        "latest_readings": []
      },
      "geometry": {
        "type": "Point",
        "coordinates": [
          -76.0066888888889,
          39.2833861111111
        ]
      }
    },
    {
      "type": "Feature",
      "properties": {
        "id": "USGS-391700076011401",
        "name": "KE Bd 105",
        "site_type": "Well",
        "latest_readings": []
      },
      "geometry": {
        "type": "Point",
        "coordinates": [
          -76.020222562357,
          39.2834435035776
        ]
      }
    },
    {
      "type": "Feature",
      "properties": {
        "id": "USGS-391700076053401",
        "name": "KE Bc 160",
        "site_type": "Well",
        "latest_readings": []
      },
      "geometry": {
        "type": "Point",
        "coordinates": [
          -76.0924479543468,
          39.2834430341555
        ]
      }
    },
    {
      "type": "Feature",
      "properties": {
        "id": "USGS-391700076053402",
        "name": "KE Bc 161",
        "site_type": "Well",
        "latest_readings": []
      },
      "geometry": {
        "type": "Point",
        "coordinates": [
          -76.0924479543468,
          39.2834430341555
        ]
      }
    },
    {
      "type": "Feature",
      "properties": {
        "id": "USGS-391700076053403",
        "name": "KE Bc 179",
        "site_type": "Well",
        "latest_readings": []
      },
      "geometry": {
        "type": "Point",
        "coordinates": [
          -76.0924479543468,
          39.2834430341555
        ]
      }
    },
    {
      "type": "Feature",
      "properties": {
        "id": "USGS-391701075483301",
        "name": "KE Bg  70",
        "site_type": "Well",
        "latest_readings": []
      },
      "geometry": {
        "type": "Point",
        "coordinates": [
          -75.8088241691983,
          39.2837219117416
        ]
      }
    },
    {
      "type": "Feature",
      "properties": {
        "id": "USGS-391701075483601",
        "name": "KE Bg  69",
        "site_type": "Well",
        "latest_readings": []
      },
      "geometry": {
        "type": "Point",
        "coordinates": [
          -75.8096575401141,
          39.2837219096094
        ]
      }
    },
    {
      "type": "Feature",
      "properties": {
        "id": "USGS-391701076003201",
        "name": "VADOSE ZONE ACTVZ1-3A, Nr Kennedyville, MD",
        "site_type": "Unsaturated zone",
        "latest_readings": []
      },
      "geometry": {
        "type": "Point",
        "coordinates": [
          -76.0090222222222,
          39.2836916666667
        ]
      }
    },
    {
      "type": "Feature",
      "properties": {
        "id": "USGS-391701076003202",
        "name": "VADOSE ZONE ACTVZ1-3B, Nr Kennedyville, MD",
        "site_type": "Unsaturated zone",
        "latest_readings": []
      },
      "geometry": {
        "type": "Point",
        "coordinates": [
          -76.0090222222222,
          39.2836916666667
        ]
      }
    },
    {
      "type": "Feature",
      "properties": {
        "id": "USGS-391701076003203",
        "name": "VADOSE ZONE ACTVZ1-3C, Nr Kennedyville, MD",
        "site_type": "Unsaturated zone",
        "latest_readings": []
      },
      "geometry": {
        "type": "Point",
        "coordinates": [
          -76.0090222222222,
          39.2836916666667
        ]
      }
    },
    {
      "type": "Feature",
      "properties": {
        "id": "USGS-391701076003601",
        "name": "KE Bd 159",
        "site_type": "Well",
        "latest_readings": []
      },
      "geometry": {
        "type": "Point",
        "coordinates": [
          -76.0099277777778,
          39.2837
        ]
      }
    },
    {
      "type": "Feature",
      "properties": {
        "id": "USGS-391701076003602",
        "name": "KE Bd 160",
        "site_type": "Well",
        "latest_readings": []
      },
      "geometry": {
        "type": "Point",
        "coordinates": [
          -76.0099277777778,
          39.2837
        ]
      }
    },
    {
      "type": "Feature",
      "properties": {
        "id": "USGS-391701076003701",
        "name": "KE Bd 158",
        "site_type": "Well",
        "latest_readings": []
      },
      "geometry": {
        "type": "Point",
        "coordinates": [
          -76.0100666666667,
          39.2837361111111
        ]
      }
    },
    {
      "type": "Feature",
      "properties": {
        "id": "USGS-391701076070101",
        "name": "KE Bc 158",
        "site_type": "Well",
        "latest_readings": []
      },
      "geometry": {
        "type": "Point",
        "coordinates": [
          -76.1166156847097,
          39.2837206592739
        ]
      }
    },
    {
      "type": "Feature",
      "properties": {
        "id": "USGS-391702075512101",
        "name": "KE Bf  37",
        "site_type": "Well",
        "latest_readings": []
      },
      "geometry": {
        "type": "Point",
        "coordinates": [
          -75.8554929428298,
          39.2839995742873
        ]
      }
    },
    {
      "type": "Feature",
      "properties": {
        "id": "USGS-391702075565601",
        "name": "KE Be  12",
        "site_type": "Well",
        "latest_readings": []
      },
      "geometry": {
        "type": "Point",
        "coordinates": [
          -75.9485526963445,
          39.2839993389984
        ]
      }
    },
    {
      "type": "Feature",
      "properties": {
        "id": "USGS-391702076003301",
        "name": "KE Bd 177",
        "site_type": "Well",
        "latest_readings": []
      },
      "geometry": {
        "type": "Point",
        "coordinates": [
          -76.0091527777778,
          39.2837611111111
        ]
      }
    },
    {
      "type": "Feature",
      "properties": {
        "id": "USGS-391702076003302",
        "name": "KE Bd 178",
        "site_type": "Well",
        "latest_readings": []
      },
      "geometry": {
        "type": "Point",
        "coordinates": [
          -76.0091527777778,
          39.2837611111111
        ]
      }
    },
    {
      "type": "Feature",
      "properties": {
        "id": "USGS-391702076003303",
        "name": "KE Bd 179",
        "site_type": "Well",
        "latest_readings": []
      },
      "geometry": {
        "type": "Point",
        "coordinates": [
          -76.0091527777778,
          39.2837611111111
        ]
      }
    },
    {
      "type": "Feature",
      "properties": {
        "id": "USGS-391702076003401",
        "name": "KE Bd 165",
        "site_type": "Well",
        "latest_readings": []
      },
      "geometry": {
        "type": "Point",
        "coordinates": [
          -76.0094666666667,
          39.2839111111111
        ]
      }
    },
    {
      "type": "Feature",
      "properties": {
        "id": "USGS-391702076003402",
        "name": "KE Bd 166",
        "site_type": "Well",
        "latest_readings": []
      },
      "geometry": {
        "type": "Point",
        "coordinates": [
          -76.0094666666667,
          39.2839111111111
        ]
      }
    },
    {
      "type": "Feature",
      "properties": {
        "id": "USGS-391702076003403",
        "name": "KE Bd 167",
        "site_type": "Collector or Ranney type well",
        "latest_readings": []
      },
      "geometry": {
        "type": "Point",
        "coordinates": [
          -76.0094666666667,
          39.2855777777778
        ]
      }
    },
    {
      "type": "Feature",
      "properties": {
        "id": "USGS-391702076003404",
        "name": "KE Bd 168",
        "site_type": "Well",
        "latest_readings": []
      },
      "geometry": {
        "type": "Point",
        "coordinates": [
          -76.0094666666667,
          39.2839111111111
        ]
      }
    },
    {
      "type": "Feature",
      "properties": {
        "id": "USGS-391702076003501",
        "name": "Diffuse Seep nr Morgan Crk",
        "site_type": "Spring",
        "latest_readings": []
      },
      "geometry": {
        "type": "Point",
        "coordinates": [
          -76.00968611111111,
          39.28374722222222
        ]
      }
    },
    {
      "type": "Feature",
      "properties": {
        "id": "USGS-391702076003701",
        "name": "KE Bd 157",
        "site_type": "Well",
        "latest_readings": []
      },
      "geometry": {
        "type": "Point",
        "coordinates": [
          -76.0102083333333,
          39.2837805555556
        ]
      }
    },
    {
      "type": "Feature",
      "properties": {
        "id": "USGS-391702076003801",
        "name": "KE Bd 156",
        "site_type": "Well",
        "latest_readings": []
      },
      "geometry": {
        "type": "Point",
        "coordinates": [
          -76.0103,
          39.2838055555556
        ]
      }
    },
    {
      "type": "Feature",
      "properties": {
        "id": "USGS-391702076003901",
        "name": "KE Bd 155",
        "site_type": "Well",
        "latest_readings": []
      },
      "geometry": {
        "type": "Point",
        "coordinates": [
          -76.010475,
          39.2838583333333
        ]
      }
    },
    {
      "type": "Feature",
      "properties": {
        "id": "USGS-391702076013101",
        "name": "KE Bd 136",
        "site_type": "Well",
        "latest_readings": []
      },
      "geometry": {
        "type": "Point",
        "coordinates": [
          -76.0249449998614,
          39.2839990436961
        ]
      }
    },
    {
      "type": "Feature",
      "properties": {
        "id": "USGS-391702076015201",
        "name": "KE Bd 117",
        "site_type": "Well",
        "latest_readings": []
      },
      "geometry": {
        "type": "Point",
        "coordinates": [
          -76.0307785890908,
          39.2839990053725
        ]
      }
    },
    {
      "type": "Feature",
      "properties": {
        "id": "USGS-391702076054701",
        "name": "KE Bc 178",
        "site_type": "Well",
        "latest_readings": []
      },
      "geometry": {
        "type": "Point",
        "coordinates": [
          -76.0960592304681,
          39.2839985765133
        ]
      }
    },
    {
      "type": "Feature",
      "properties": {
        "id": "USGS-391703076003201",
        "name": "KE Bd 185",
        "site_type": "Well",
        "latest_readings": []
      },
      "geometry": {
        "type": "Point",
        "coordinates": [
          -76.0087611111111,
          39.2840722222222
        ]
      }
    },
    {
      "type": "Feature",
      "properties": {
        "id": "USGS-391703076003401",
        "name": "KE Bd 164",
        "site_type": "Well",
        "latest_readings": []
      },
      "geometry": {
        "type": "Point",
        "coordinates": [
          -76.0096527777778,
          39.284
        ]
      }
    },
    {
      "type": "Feature",
      "properties": {
        "id": "USGS-391703076003501",
        "name": "KE Bd 163",
        "site_type": "Well",
        "latest_readings": []
      },
      "geometry": {
        "type": "Point",
        "coordinates": [
          -76.0098388888889,
          39.2840805555556
        ]
      }
    },
    {
      "type": "Feature",
      "properties": {
        "id": "USGS-391703076003601",
        "name": "KE Bd 162",
        "site_type": "Well",
        "latest_readings": []
      },
      "geometry": {
        "type": "Point",
        "coordinates": [
          -76.0099333333333,
          39.2841138888889
        ]
      }
    },
    {
      "type": "Feature",
      "properties": {
        "id": "USGS-391703076003701",
        "name": "KE Bd 161",
        "site_type": "Well",
        "latest_readings": []
      },
      "geometry": {
        "type": "Point",
        "coordinates": [
          -76.0101194444444,
          39.2841944444444
        ]
      }
    },
    {
      "type": "Feature",
      "properties": {
        "id": "USGS-391703076053001",
        "name": "KE Bc 162",
        "site_type": "Well",
        "latest_readings": []
      },
      "geometry": {
        "type": "Point",
        "coordinates": [
          -76.0913368044028,
          39.284276390617
        ]
      }
    },
    {
      "type": "Feature",
      "properties": {
        "id": "USGS-391704075525001",
        "name": "KE Bf  90",
        "site_type": "Well",
        "latest_readings": []
      },
      "geometry": {
        "type": "Point",
        "coordinates": [
          -75.880216285687,
          39.2845550771625
        ]
      }
    },
    {
      "type": "Feature",
      "properties": {
        "id": "USGS-391704076003401",
        "name": "KE Bd 169",
        "site_type": "Well",
        "latest_readings": []
      },
      "geometry": {
        "type": "Point",
        "coordinates": [
          -76.0092833333333,
          39.28405
        ]
      }
    },
    {
      "type": "Feature",
      "properties": {
        "id": "USGS-391704076003402",
        "name": "KE Bd 170",
        "site_type": "Well",
        "latest_readings": []
      },
      "geometry": {
        "type": "Point",
        "coordinates": [
          -76.0092833333333,
          39.28405
        ]
      }
    },
    {
      "type": "Feature",
      "properties": {
        "id": "USGS-391705075511301",
        "name": "KE Bf 118",
        "site_type": "Well",
        "latest_readings": []
      },
      "geometry": {
        "type": "Point",
        "coordinates": [
          -75.853270627307,
          39.2848329255478
        ]
      }
    },
    {
      "type": "Feature",
      "properties": {
        "id": "USGS-391705075524801",
        "name": "KE Bf 114",
        "site_type": "Well",
        "latest_readings": []
      },
      "geometry": {
        "type": "Point",
        "coordinates": [
          -75.8796607077248,
          39.2848328612094
        ]
      }
    },
    {
      "type": "Feature",
      "properties": {
        "id": "USGS-391705075524802",
        "name": "KE Bf 115",
        "site_type": "Well",
        "latest_readings": []
      },
      "geometry": {
        "type": "Point",
        "coordinates": [
          -75.8796607077248,
          39.2848328612094
        ]
      }
    },
    {
      "type": "Feature",
      "properties": {
        "id": "USGS-391705076020301",
        "name": "KE Bd 106",
        "site_type": "Well",
        "latest_readings": []
      },
      "geometry": {
        "type": "Point",
        "coordinates": [
          -76.0338342904469,
          39.2848323405813
        ]
      }
    },
    {
      "type": "Feature",
      "properties": {
        "id": "USGS-391706075545201",
        "name": "KE Bf 180",
        "site_type": "Test hole not completed as a well",
        "latest_readings": []
      },
      "geometry": {
        "type": "Point",
        "coordinates": [
          -75.9143844946114,
          39.2845549928318
        ]
      }
    },
    {
      "type": "Feature",
      "properties": {
        "id": "USGS-391706075551601",
        "name": "KE Be  36",
        "site_type": "Well",
        "latest_readings": []
      },
      "geometry": {
        "type": "Point",
        "coordinates": [
          -75.9207736783352,
          39.2851105448914
        ]
      }
    },
    {
      "type": "Feature",
      "properties": {
        "id": "USGS-391706075551701",
        "name": "KE Be 217",
        "site_type": "Well",
        "latest_readings": []
      },
      "geometry": {
        "type": "Point",
        "coordinates": [
          -75.9210514686591,
          39.2851105442225
        ]
      }
    },
    {
      "type": "Feature",
      "properties": {
        "id": "USGS-391707075543801",
        "name": "KE Bf  74",
        "site_type": "Well",
        "latest_readings": []
      },
      "geometry": {
        "type": "Point",
        "coordinates": [
          -75.9102176491072,
          39.285388353905
        ]
      }
    },
    {
      "type": "Feature",
      "properties": {
        "id": "USGS-391707075543802",
        "name": "KE Bf 112",
        "site_type": "Well",
        "latest_readings": []
      },
      "geometry": {
        "type": "Point",
        "coordinates": [
          -75.9102176491072,
          39.285388353905
        ]
      }
    },
    {
      "type": "Feature",
      "properties": {
        "id": "USGS-391707075543803",
        "name": "KE Bf 163",
        "site_type": "Well",
        "latest_readings": []
      },
      "geometry": {
        "type": "Point",
        "coordinates": [
          -75.9102176491072,
          39.285388353905
        ]
      }
    },
    {
      "type": "Feature",
      "properties": {
        "id": "USGS-391707075551301",
        "name": "KE Be  83",
        "site_type": "Well",
        "latest_readings": []
      },
      "geometry": {
        "type": "Point",
        "coordinates": [
          -75.9199403105748,
          39.2853883307873
        ]
      }
    },
    {
      "type": "Feature",
      "properties": {
        "id": "USGS-391707075551302",
        "name": "KE Be  37",
        "site_type": "Well",
        "latest_readings": []
      },
      "geometry": {
        "type": "Point",
        "coordinates": [
          -75.9199403105748,
          39.2853883307873
        ]
      }
    },
    {
      "type": "Feature",
      "properties": {
        "id": "USGS-391707075551501",
        "name": "KE Be  22",
        "site_type": "Well",
        "latest_readings": []
      },
      "geometry": {
        "type": "Point",
        "coordinates": [
          -75.9204958912301,
          39.2853883294663
        ]
      }
    },
    {
      "type": "Feature",
      "properties": {
        "id": "USGS-391707076002801",
        "name": "KE Bd 189",
        "site_type": "Well",
        "latest_readings": []
      },
      "geometry": {
        "type": "Point",
        "coordinates": [
          -76.0077333333333,
          39.2851805555556
        ]
      }
    },
    {
      "type": "Feature",
      "properties": {
        "id": "USGS-391707076022901",
        "name": "KE Bd 121",
        "site_type": "Well",
        "latest_readings": []
      },
      "geometry": {
        "type": "Point",
        "coordinates": [
          -76.0410568369503,
          39.2853878620566
        ]
      }
    },
    {
      "type": "Feature",
      "properties": {
        "id": "USGS-391708075542101",
        "name": "KE Bf 193",
        "site_type": "Test hole not completed as a well",
        "latest_readings": []
      },
      "geometry": {
        "type": "Point",
        "coordinates": [
          -75.90588055555556,
          39.28563055555556
        ]
      }
    },
    {
      "type": "Feature",
      "properties": {
        "id": "USGS-391708075551101",
        "name": "KE Be  39",
        "site_type": "Well",
        "latest_readings": []
      },
      "geometry": {
        "type": "Point",
        "coordinates": [
          -75.9193847331236,
          39.2856661159808
        ]
      }
    },
    {
      "type": "Feature",
      "properties": {
        "id": "USGS-391708075551102",
        "name": "KE Be  42",
        "site_type": "Well",
        "latest_readings": []
      },
      "geometry": {
        "type": "Point",
        "coordinates": [
          -75.9193847331236,
          39.2856661159808
        ]
      }
    },
    {
      "type": "Feature",
      "properties": {
        "id": "USGS-391708075551103",
        "name": "KE Be 155",
        "site_type": "Well",
        "latest_readings": []
      },
      "geometry": {
        "type": "Point",
        "coordinates": [
          -75.9193847331236,
          39.2856661159808
        ]
      }
    },
    {
      "type": "Feature",
      "properties": {
        "id": "USGS-391710075584001",
        "name": "KE Be 218",
        "site_type": "Well",
        "latest_readings": []
      },
      "geometry": {
        "type": "Point",
        "coordinates": [
          -75.9778222222222,
          39.2862083333333
        ]
      }
    },
    {
      "type": "Feature",
      "properties": {
        "id": "USGS-391710075584002",
        "name": "KE Be 219",
        "site_type": "Well",
        "latest_readings": []
      },
      "geometry": {
        "type": "Point",
        "coordinates": [
          -75.9778222222222,
          39.2862083333333
        ]
      }
    },
    {
      "type": "Feature",
      "properties": {
        "id": "USGS-391710076031001",
        "name": "KE Bd  20",
        "site_type": "Well",
        "latest_readings": []
      },
      "geometry": {
        "type": "Point",
        "coordinates": [
          -76.0524462360112,
          39.2862211385663
        ]
      }
    },
    {
      "type": "Feature",
      "properties": {
        "id": "USGS-391710076094901",
        "name": "KE Bc  16",
        "site_type": "Well",
        "latest_readings": []
      },
      "geometry": {
        "type": "Point",
        "coordinates": [
          -76.1632844219799,
          39.286220379354
        ]
      }
    },
    {
      "type": "Feature",
      "properties": {
        "id": "USGS-391710076105601",
        "name": "KE Bb  31",
        "site_type": "Well",
        "latest_readings": []
      },
      "geometry": {
        "type": "Point",
        "coordinates": [
          -76.1818963479445,
          39.2862202518672
        ]
      }
    },
    {
      "type": "Feature",
      "properties": {
        "id": "USGS-391711075520201",
        "name": "KE Bf  22",
        "site_type": "Well",
        "latest_readings": []
      },
      "geometry": {
        "type": "Point",
        "coordinates": [
          -75.8668823679909,
          39.2864995861066
        ]
      }
    },
    {
      "type": "Feature",
      "properties": {
        "id": "USGS-391711076001901",
        "name": "KE Bd 184",
        "site_type": "Well",
        "latest_readings": []
      },
      "geometry": {
        "type": "Point",
        "coordinates": [
          -76.0053194444444,
          39.2865055555556
        ]
      }
    },
    {
      "type": "Feature",
      "properties": {
        "id": "USGS-391711076095101",
        "name": "KE Bc  20",
        "site_type": "Well",
        "latest_readings": []
      },
      "geometry": {
        "type": "Point",
        "coordinates": [
          -76.1638400044024,
          39.2864981560882
        ]
      }
    },
    {
      "type": "Feature",
      "properties": {
        "id": "USGS-391713075562101",
        "name": "KE Be 203",
        "site_type": "Well",
        "latest_readings": []
      },
      "geometry": {
        "type": "Point",
        "coordinates": [
          -75.938830073645,
          39.2870549926232
        ]
      }
    },
    {
      "type": "Feature",
      "properties": {
        "id": "USGS-391713076023201",
        "name": "KE Bd 122",
        "site_type": "Well",
        "latest_readings": []
      },
      "geometry": {
        "type": "Point",
        "coordinates": [
          -76.0418902298036,
          39.2870545653086
        ]
      }
    },
    {
      "type": "Feature",
      "properties": {
        "id": "USGS-391713076055501",
        "name": "KE Bc  88",
        "site_type": "Well",
        "latest_readings": []
      },
      "geometry": {
        "type": "Point",
        "coordinates": [
          -76.0982815857855,
          39.287054173116
        ]
      }
    },
    {
      "type": "Feature",
      "properties": {
        "id": "USGS-391714076105601",
        "name": "KE Bb  25",
        "site_type": "Well",
        "latest_readings": []
      },
      "geometry": {
        "type": "Point",
        "coordinates": [
          -76.1818963573517,
          39.2873313714963
        ]
      }
    },
    {
      "type": "Feature",
      "properties": {
        "id": "USGS-391714076105602",
        "name": "KE Bb  28",
        "site_type": "Well",
        "latest_readings": []
      },
      "geometry": {
        "type": "Point",
        "coordinates": [
          -76.1818963573517,
          39.2873313714963
        ]
      }
    },
    {
      "type": "Feature",
      "properties": {
        "id": "USGS-391714076105603",
        "name": "KE Bb   3",
        "site_type": "Well",
        "latest_readings": []
      },
      "geometry": {
        "type": "Point",
        "coordinates": [
          -76.1818963573517,
          39.2873313714963
        ]
      }
    },
    {
      "type": "Feature",
      "properties": {
        "id": "USGS-391715075554201",
        "name": "KE Be 211",
        "site_type": "Well",
        "latest_readings": []
      },
      "geometry": {
        "type": "Point",
        "coordinates": [
          -75.9279962566333,
          39.2876105846884
        ]
      }
    },
    {
      "type": "Feature",
      "properties": {
        "id": "USGS-391715075590801",
        "name": "KE Be 129",
        "site_type": "Well",
        "latest_readings": []
      },
      "geometry": {
        "type": "Point",
        "coordinates": [
          -75.9852210702745,
          39.2876104624173
        ]
      }
    },
    {
      "type": "Feature",
      "properties": {
        "id": "USGS-391716076015501",
        "name": "KE Bd 143",
        "site_type": "Well",
        "latest_readings": []
      },
      "geometry": {
        "type": "Point",
        "coordinates": [
          -76.031612014189,
          39.2878879923086
        ]
      }
    },
    {
      "type": "Feature",
      "properties": {
        "id": "USGS-391717075571001",
        "name": "KE Be 194",
        "site_type": "Well",
        "latest_readings": []
      },
      "geometry": {
        "type": "Point",
        "coordinates": [
          -75.9525362641114,
          39.288166101997
        ]
      }
    },
    {
      "type": "Feature",
      "properties": {
        "id": "USGS-391717075571002",
        "name": "KE Be 195",
        "site_type": "Well",
        "latest_readings": []
      },
      "geometry": {
        "type": "Point",
        "coordinates": [
          -75.9525362641114,
          39.288166101997
        ]
      }
    },
    {
      "type": "Feature",
      "properties": {
        "id": "USGS-391718075564101",
        "name": "KE Be  95",
        "site_type": "Well",
        "latest_readings": []
      },
      "geometry": {
        "type": "Point",
        "coordinates": [
          -75.9443858983436,
          39.2884439035464
        ]
      }
    },
    {
      "type": "Feature",
      "properties": {
        "id": "USGS-391718075564102",
        "name": "KE Be  96",
        "site_type": "Well",
        "latest_readings": []
      },
      "geometry": {
        "type": "Point",
        "coordinates": [
          -75.9443858983436,
          39.2884439035464
        ]
      }
    },
    {
      "type": "Feature",
      "properties": {
        "id": "USGS-391719075530001",
        "name": "KE Bf  21",
        "site_type": "Well",
        "latest_readings": []
      },
      "geometry": {
        "type": "Point",
        "coordinates": [
          -75.882994229583,
          39.2887218119478
        ]
      }
    },
    {
      "type": "Feature",
      "properties": {
        "id": "USGS-391719075554701",
        "name": "KE Be 169",
        "site_type": "Well",
        "latest_readings": []
      },
      "geometry": {
        "type": "Point",
        "coordinates": [
          -75.929722,
          39.288611
        ]
      }
    },
    {
      "type": "Feature",
      "properties": {
        "id": "USGS-391719075554702",
        "name": "KE Be 174",
        "site_type": "Test hole not completed as a well",
        "latest_readings": []
      },
      "geometry": {
        "type": "Point",
        "coordinates": [
          -75.9293852217737,
          39.288721718416
        ]
      }
    },
    {
      "type": "Feature",
      "properties": {
        "id": "USGS-391719075554703",
        "name": "KE Be 175",
        "site_type": "Test hole not completed as a well",
        "latest_readings": []
      },
      "geometry": {
        "type": "Point",
        "coordinates": [
          -75.9293852217737,
          39.288721718416
        ]
      }
    },
    {
      "type": "Feature",
      "properties": {
        "id": "USGS-391720075553001",
        "name": "KE Be  38",
        "site_type": "Well",
        "latest_readings": []
      },
      "geometry": {
        "type": "Point",
        "coordinates": [
          -75.9246627887178,
          39.2889995119688
        ]
      }
    },
    {
      "type": "Feature",
      "properties": {
        "id": "USGS-391720075553002",
        "name": "KE Be  82",
        "site_type": "Well",
        "latest_readings": []
      },
      "geometry": {
        "type": "Point",
        "coordinates": [
          -75.9246627887178,
          39.2889995119688
        ]
      }
    },
    {
      "type": "Feature",
      "properties": {
        "id": "USGS-391720075554601",
        "name": "KE Be 159",
        "site_type": "Well",
        "latest_readings": []
      },
      "geometry": {
        "type": "Point",
        "coordinates": [
          -75.929444,
          39.288889000000005
        ]
      }
    },
    {
      "type": "Feature",
      "properties": {
        "id": "USGS-391720075554602",
        "name": "KE Be 160",
        "site_type": "Well",
        "latest_readings": []
      },
      "geometry": {
        "type": "Point",
        "coordinates": [
          -75.929444,
          39.288889000000005
        ]
      }
    },
    {
      "type": "Feature",
      "properties": {
        "id": "USGS-391720075554603",
        "name": "KE Be 161",
        "site_type": "Well",
        "latest_readings": []
      },
      "geometry": {
        "type": "Point",
        "coordinates": [
          -75.929444,
          39.288889000000005
        ]
      }
    },
    {
      "type": "Feature",
      "properties": {
        "id": "USGS-391720075554701",
        "name": "KE Be 170",
        "site_type": "Well",
        "latest_readings": []
      },
      "geometry": {
        "type": "Point",
        "coordinates": [
          -75.929722,
          39.288889000000005
        ]
      }
    },
    {
      "type": "Feature",
      "properties": {
        "id": "USGS-391720075591701",
        "name": "KE Be 130",
        "site_type": "Well",
        "latest_readings": []
      },
      "geometry": {
        "type": "Point",
        "coordinates": [
          -75.987721204099,
          39.2889993867327
        ]
      }
    },
    {
      "type": "Feature",
      "properties": {
        "id": "USGS-391721075484201",
        "name": "KE Bg  67",
        "site_type": "Well",
        "latest_readings": []
      },
      "geometry": {
        "type": "Point",
        "coordinates": [
          -75.8113243170105,
          39.2892775176793
        ]
      }
    },
    {
      "type": "Feature",
      "properties": {
        "id": "USGS-391721075484301",
        "name": "KE Bg  68",
        "site_type": "Well",
        "latest_readings": []
      },
      "geometry": {
        "type": "Point",
        "coordinates": [
          -75.8116021073904,
          39.289277517136
        ]
      }
    },
    {
      "type": "Feature",
      "properties": {
        "id": "USGS-391721075554501",
        "name": "KE Be  63",
        "site_type": "Well",
        "latest_readings": []
      },
      "geometry": {
        "type": "Point",
        "coordinates": [
          -75.929167,
          39.289167
        ]
      }
    },
    {
      "type": "Feature",
      "properties": {
        "id": "USGS-391721075554502",
        "name": "KE Be  64",
        "site_type": "Well",
        "latest_readings": []
      },
      "geometry": {
        "type": "Point",
        "coordinates": [
          -75.929167,
          39.289167
        ]
      }
    },
    {
      "type": "Feature",
      "properties": {
        "id": "USGS-391721076010701",
        "name": "KE Bd 104",
        "site_type": "Well",
        "latest_readings": []
      },
      "geometry": {
        "type": "Point",
        "coordinates": [
          -76.0182781183507,
          39.2892770146418
        ]
      }
    },
    {
      "type": "Feature",
      "properties": {
        "id": "USGS-391722076103801",
        "name": "KE Bb  44",
        "site_type": "Well",
        "latest_readings": []
      },
      "geometry": {
        "type": "Point",
        "coordinates": [
          -76.1768961578857,
          39.2895536471068
        ]
      }
    },
    {
      "type": "Feature",
      "properties": {
        "id": "USGS-391723075580801",
        "name": "KE Be 149",
        "site_type": "Well",
        "latest_readings": []
      },
      "geometry": {
        "type": "Point",
        "coordinates": [
          -75.968553795661,
          39.2981663414807
        ]
      }
    },
    {
      "type": "Feature",
      "properties": {
        "id": "USGS-391724075485401",
        "name": "KE Bg  22",
        "site_type": "Well",
        "latest_readings": []
      },
      "geometry": {
        "type": "Point",
        "coordinates": [
          -75.8146578069628,
          39.2901108533108
        ]
      }
    },
    {
      "type": "Feature",
      "properties": {
        "id": "USGS-391725075495501",
        "name": "KE Bg 111",
        "site_type": "Well",
        "latest_readings": []
      },
      "geometry": {
        "type": "Point",
        "coordinates": [
          -75.8318333333333,
          39.2901472222222
        ]
      }
    },
    {
      "type": "Feature",
      "properties": {
        "id": "USGS-391725076010401",
        "name": "KE Bd  98",
        "site_type": "Well",
        "latest_readings": []
      },
      "geometry": {
        "type": "Point",
        "coordinates": [
          -76.0174447650024,
          39.2903881633454
        ]
      }
    },
    {
      "type": "Feature",
      "properties": {
        "id": "USGS-391726075553401",
        "name": "UC 14 GW LB",
        "site_type": "Test hole not completed as a well",
        "latest_readings": []
      },
      "geometry": {
        "type": "Point",
        "coordinates": [
          -75.9261111111111,
          39.2905555555556
        ]
      }
    },
    {
      "type": "Feature",
      "properties": {
        "id": "USGS-391726075553402",
        "name": "UC 14 GW TH",
        "site_type": "Test hole not completed as a well",
        "latest_readings": []
      },
      "geometry": {
        "type": "Point",
        "coordinates": [
          -75.9261111111111,
          39.2905555555556
        ]
      }
    },
    {
      "type": "Feature",
      "properties": {
        "id": "USGS-391726075553403",
        "name": "UC 14 GW RB",
        "site_type": "Test hole not completed as a well",
        "latest_readings": []
      },
      "geometry": {
        "type": "Point",
        "coordinates": [
          -75.9261111111111,
          39.2905555555556
        ]
      }
    },
    {
      "type": "Feature",
      "properties": {
        "id": "USGS-391726076052501",
        "name": "KE Bc  89",
        "site_type": "Well",
        "latest_readings": []
      },
      "geometry": {
        "type": "Point",
        "coordinates": [
          -76.0899479310902,
          39.2906654117462
        ]
      }
    },
    {
      "type": "Feature",
      "properties": {
        "id": "USGS-391727075550901",
        "name": "KE Be 216",
        "site_type": "Well",
        "latest_readings": []
      },
      "geometry": {
        "type": "Point",
        "coordinates": [
          -75.9188292131947,
          39.290944010545
        ]
      }
    },
    {
      "type": "Feature",
      "properties": {
        "id": "USGS-391727076004801",
        "name": "KE Bd  99",
        "site_type": "Well",
        "latest_readings": []
      },
      "geometry": {
        "type": "Point",
        "coordinates": [
          -76.0130001349533,
          39.2909437677741
        ]
      }
    },
    {
      "type": "Feature",
      "properties": {
        "id": "USGS-391728076085901",
        "name": "KE Bc 114",
        "site_type": "Well",
        "latest_readings": []
      },
      "geometry": {
        "type": "Point",
        "coordinates": [
          -76.1493949735196,
          39.2912205333197
        ]
      }
    },
    {
      "type": "Feature",
      "properties": {
        "id": "USGS-391729076004001",
        "name": "KE Bd 102",
        "site_type": "Well",
        "latest_readings": []
      },
      "geometry": {
        "type": "Point",
        "coordinates": [
          -76.0107778241634,
          39.2914993561241
        ]
      }
    },
    {
      "type": "Feature",
      "properties": {
        "id": "USGS-391729076004002",
        "name": "KE Bd 103",
        "site_type": "Well",
        "latest_readings": []
      },
      "geometry": {
        "type": "Point",
        "coordinates": [
          -76.0107778241634,
          39.2914993561241
        ]
      }
    },
    {
      "type": "Feature",
      "properties": {
        "id": "USGS-391731075500401",
        "name": "KE Bf 122",
        "site_type": "Well",
        "latest_readings": []
      },
      "geometry": {
        "type": "Point",
        "coordinates": [
          -75.8341031487494,
          39.2920552861565
        ]
      }
    },
    {
      "type": "Feature",
      "properties": {
        "id": "USGS-391731075585401",
        "name": "KE Be  15",
        "site_type": "Well",
        "latest_readings": []
      },
      "geometry": {
        "type": "Point",
        "coordinates": [
          -75.9813320698401,
          39.2920550425504
        ]
      }
    },
    {
      "type": "Feature",
      "properties": {
        "id": "USGS-391731075585402",
        "name": "KE Be 150",
        "site_type": "Well",
        "latest_readings": []
      },
      "geometry": {
        "type": "Point",
        "coordinates": [
          -75.9813320698401,
          39.2920550425504
        ]
      }
    },
    {
      "type": "Feature",
      "properties": {
        "id": "USGS-391731076012101",
        "name": "KE Bd  96",
        "site_type": "Well",
        "latest_readings": []
      },
      "geometry": {
        "type": "Point",
        "coordinates": [
          -76.0221672174892,
          39.2920548415349
        ]
      }
    },
    {
      "type": "Feature",
      "properties": {
        "id": "USGS-391731076013501",
        "name": "KE Bd  95",
        "site_type": "Well",
        "latest_readings": []
      },
      "geometry": {
        "type": "Point",
        "coordinates": [
          -76.026056275781,
          39.2920548120347
        ]
      }
    },
    {
      "type": "Feature",
      "properties": {
        "id": "USGS-391731076071901",
        "name": "KE Bc 156",
        "site_type": "Well",
        "latest_readings": []
      },
      "geometry": {
        "type": "Point",
        "coordinates": [
          -76.1216159938089,
          39.292054087173
        ]
      }
    },
    {
      "type": "Feature",
      "properties": {
        "id": "USGS-391731076090501",
        "name": "KE Bc  19",
        "site_type": "Well",
        "latest_readings": []
      },
      "geometry": {
        "type": "Point",
        "coordinates": [
          -76.1510617208756,
          39.2920538638145
        ]
      }
    },
    {
      "type": "Feature",
      "properties": {
        "id": "USGS-391732075500001",
        "name": "KE Bf 121",
        "site_type": "Well",
        "latest_readings": []
      },
      "geometry": {
        "type": "Point",
        "coordinates": [
          -75.8329919891249,
          39.2923330692646
        ]
      }
    },
    {
      "type": "Feature",
      "properties": {
        "id": "USGS-391732075542301",
        "name": "KE Bf  73",
        "site_type": "Well",
        "latest_readings": []
      },
      "geometry": {
        "type": "Point",
        "coordinates": [
          -75.9060508698168,
          39.292332950582
        ]
      }
    },
    {
      "type": "Feature",
      "properties": {
        "id": "USGS-391732075585501",
        "name": "KE Be 131",
        "site_type": "Well",
        "latest_readings": []
      },
      "geometry": {
        "type": "Point",
        "coordinates": [
          -75.9816098642966,
          39.2923328278381
        ]
      }
    },
    {
      "type": "Feature",
      "properties": {
        "id": "USGS-391732076010501",
        "name": "KE Bd  97",
        "site_type": "Well",
        "latest_readings": []
      },
      "geometry": {
        "type": "Point",
        "coordinates": [
          -76.0177225835319,
          39.2923326609082
        ]
      }
    },
    {
      "type": "Feature",
      "properties": {
        "id": "USGS-391733076003501",
        "name": "KE Bd 101",
        "site_type": "Well",
        "latest_readings": []
      },
      "geometry": {
        "type": "Point",
        "coordinates": [
          -76.0093888914593,
          39.2926105103656
        ]
      }
    },
    {
      "type": "Feature",
      "properties": {
        "id": "USGS-391734075460401",
        "name": "KE Bg  11",
        "site_type": "Well",
        "latest_readings": []
      },
      "geometry": {
        "type": "Point",
        "coordinates": [
          -75.7674334521248,
          39.2928887343516
        ]
      }
    },
    {
      "type": "Feature",
      "properties": {
        "id": "USGS-391734075542701",
        "name": "KE Bf  23",
        "site_type": "Well",
        "latest_readings": []
      },
      "geometry": {
        "type": "Point",
        "coordinates": [
          -75.9071620375801,
          39.2928885157855
        ]
      }
    },
    {
      "type": "Feature",
      "properties": {
        "id": "USGS-391736075494701",
        "name": "KE Bg  65",
        "site_type": "Well",
        "latest_readings": []
      },
      "geometry": {
        "type": "Point",
        "coordinates": [
          -75.829380721636,
          39.293444199774
        ]
      }
    },
    {
      "type": "Feature",
      "properties": {
        "id": "USGS-391736075494702",
        "name": "KE Bg  66",
        "site_type": "Well",
        "latest_readings": []
      },
      "geometry": {
        "type": "Point",
        "coordinates": [
          -75.829380721636,
          39.293444199774
        ]
      }
    },
    {
      "type": "Feature",
      "properties": {
        "id": "USGS-391736075573701",
        "name": "KE Be  11",
        "site_type": "Well",
        "latest_readings": []
      },
      "geometry": {
        "type": "Point",
        "coordinates": [
          -75.9599422264617,
          39.2934440034147
        ]
      }
    },
    {
      "type": "Feature",
      "properties": {
        "id": "USGS-391736076015701",
        "name": "KE Bd  94",
        "site_type": "Well",
        "latest_readings": []
      },
      "geometry": {
        "type": "Point",
        "coordinates": [
          -76.0321676727846,
          39.293443691441
        ]
      }
    },
    {
      "type": "Feature",
      "properties": {
        "id": "USGS-391736076073501",
        "name": "KE Bc 120",
        "site_type": "Well",
        "latest_readings": []
      },
      "geometry": {
        "type": "Point",
        "coordinates": [
          -76.1260606465725,
          39.2934429627754
        ]
      }
    },
    {
      "type": "Feature",
      "properties": {
        "id": "USGS-391737076020701",
        "name": "KE Bd  21",
        "site_type": "Well",
        "latest_readings": []
      },
      "geometry": {
        "type": "Point",
        "coordinates": [
          -76.0349455753255,
          39.2937214549383
        ]
      }
    },
    {
      "type": "Feature",
      "properties": {
        "id": "USGS-391737076034201",
        "name": "KE Bd  87",
        "site_type": "Well",
        "latest_readings": []
      },
      "geometry": {
        "type": "Point",
        "coordinates": [
          -76.0613356120574,
          39.2937212492113
        ]
      }
    },
    {
      "type": "Feature",
      "properties": {
        "id": "USGS-391738075504201",
        "name": "KE Bf 188",
        "site_type": "Well",
        "latest_readings": []
      },
      "geometry": {
        "type": "Point",
        "coordinates": [
          -75.845,
          39.2938888888889
        ]
      }
    },
    {
      "type": "Feature",
      "properties": {
        "id": "USGS-391738076034401",
        "name": "KE Bd  86",
        "site_type": "Well",
        "latest_readings": []
      },
      "geometry": {
        "type": "Point",
        "coordinates": [
          -76.0618911954008,
          39.2939990289916
        ]
      }
    },
    {
      "type": "Feature",
      "properties": {
        "id": "USGS-391739075503201",
        "name": "KE Bf  34",
        "site_type": "Well",
        "latest_readings": []
      },
      "geometry": {
        "type": "Point",
        "coordinates": [
          -75.8418812977374,
          39.2942775255858
        ]
      }
    },
    {
      "type": "Feature",
      "properties": {
        "id": "USGS-391740075540701",
        "name": "KE Bf 176",
        "site_type": "Well",
        "latest_readings": []
      },
      "geometry": {
        "type": "Point",
        "coordinates": [
          -75.9016062468051,
          39.2945552244972
        ]
      }
    },
    {
      "type": "Feature",
      "properties": {
        "id": "USGS-391741075515501",
        "name": "KE Bf  97",
        "site_type": "Well",
        "latest_readings": []
      },
      "geometry": {
        "type": "Point",
        "coordinates": [
          -75.8649379097834,
          39.2948330574577
        ]
      }
    },
    {
      "type": "Feature",
      "properties": {
        "id": "USGS-391741075543701",
        "name": "KE Bf 156",
        "site_type": "Well",
        "latest_readings": []
      },
      "geometry": {
        "type": "Point",
        "coordinates": [
          -75.9099399634038,
          39.2948329965559
        ]
      }
    },
    {
      "type": "Feature",
      "properties": {
        "id": "USGS-391741075543702",
        "name": "KE Bf 157",
        "site_type": "Well",
        "latest_readings": []
      },
      "geometry": {
        "type": "Point",
        "coordinates": [
          -75.9099399634038,
          39.2948329965559
        ]
      }
    },
    {
      "type": "Feature",
      "properties": {
        "id": "USGS-391741076033901",
        "name": "KE Bd  88",
        "site_type": "Well",
        "latest_readings": []
      },
      "geometry": {
        "type": "Point",
        "coordinates": [
          -76.0521685615692,
          39.2948324584825
        ]
      }
    },
    {
      "type": "Feature",
      "properties": {
        "id": "USGS-391741076045801",
        "name": "KE Bd  76",
        "site_type": "Well",
        "latest_readings": []
      },
      "geometry": {
        "type": "Point",
        "coordinates": [
          -76.0824476550631,
          39.2948322181948
        ]
      }
    },
    {
      "type": "Feature",
      "properties": {
        "id": "USGS-391741076073901",
        "name": "KE Bc  17",
        "site_type": "Well",
        "latest_readings": []
      },
      "geometry": {
        "type": "Point",
        "coordinates": [
          -76.1271718206825,
          39.2948318632745
        ]
      }
    },
    {
      "type": "Feature",
      "properties": {
        "id": "USGS-391741076080501",
        "name": "KE Bc 121",
        "site_type": "Well",
        "latest_readings": []
      },
      "geometry": {
        "type": "Point",
        "coordinates": [
          -76.1343943567453,
          39.2948318059581
        ]
      }
    },
    {
      "type": "Feature",
      "properties": {
        "id": "USGS-391742075501901",
        "name": "KE Bf 120",
        "site_type": "Well",
        "latest_readings": []
      },
      "geometry": {
        "type": "Point",
        "coordinates": [
          -75.8410479328533,
          39.2951108713006
        ]
      }
    },
    {
      "type": "Feature",
      "properties": {
        "id": "USGS-391742075503201",
        "name": "KE Bf  35",
        "site_type": "Well",
        "latest_readings": []
      },
      "geometry": {
        "type": "Point",
        "coordinates": [
          -75.8418813042279,
          39.2951108701979
        ]
      }
    },
    {
      "type": "Feature",
      "properties": {
        "id": "USGS-391742075503501",
        "name": "KE Bf 119",
        "site_type": "Well",
        "latest_readings": []
      },
      "geometry": {
        "type": "Point",
        "coordinates": [
          -75.8427146756024,
          39.2951108690952
        ]
      }
    },
    {
      "type": "Feature",
      "properties": {
        "id": "USGS-391742075554801",
        "name": "KE Be  62",
        "site_type": "Well",
        "latest_readings": []
      },
      "geometry": {
        "type": "Point",
        "coordinates": [
          -75.93,
          39.295
        ]
      }
    },
    {
      "type": "Feature",
      "properties": {
        "id": "USGS-391742075554802",
        "name": "KE Be 162",
        "site_type": "Well",
        "latest_readings": []
      },
      "geometry": {
        "type": "Point",
        "coordinates": [
          -75.93,
          39.295
        ]
      }
    },
    {
      "type": "Feature",
      "properties": {
        "id": "USGS-391742075554803",
        "name": "KE Be 163",
        "site_type": "Well",
        "latest_readings": []
      },
      "geometry": {
        "type": "Point",
        "coordinates": [
          -75.93,
          39.295
        ]
      }
    },
    {
      "type": "Feature",
      "properties": {
        "id": "USGS-391742076015801",
        "name": "KE Bd  93",
        "site_type": "Well",
        "latest_readings": []
      },
      "geometry": {
        "type": "Point",
        "coordinates": [
          -76.0324454862556,
          39.2951104001432
        ]
      }
    },
    {
      "type": "Feature",
      "properties": {
        "id": "USGS-391742076030901",
        "name": "KE Bd   3",
        "site_type": "Well",
        "latest_readings": []
      },
      "geometry": {
        "type": "Point",
        "coordinates": [
          -76.052168565295,
          39.2951102429346
        ]
      }
    },
    {
      "type": "Feature",
      "properties": {
        "id": "USGS-391742076034701",
        "name": "KE Bd  83",
        "site_type": "Well",
        "latest_readings": []
      },
      "geometry": {
        "type": "Point",
        "coordinates": [
          -76.0627245794287,
          39.2951101587947
        ]
      }
    },
    {
      "type": "Feature",
      "properties": {
        "id": "USGS-391743075553201",
        "name": "KE Be  81",
        "site_type": "Well",
        "latest_readings": []
      },
      "geometry": {
        "type": "Point",
        "coordinates": [
          -75.9252184449629,
          39.2953885439759
        ]
      }
    },
    {
      "type": "Feature",
      "properties": {
        "id": "USGS-391743076033901",
        "name": "KE Bd  84",
        "site_type": "Test hole not completed as a well",
        "latest_readings": []
      },
      "geometry": {
        "type": "Point",
        "coordinates": [
          -76.0605022643012,
          39.2953879606685
        ]
      }
    },
    {
      "type": "Feature",
      "properties": {
        "id": "USGS-391743076033902",
        "name": "KE Bd  85",
        "site_type": "Well",
        "latest_readings": []
      },
      "geometry": {
        "type": "Point",
        "coordinates": [
          -76.0605022643012,
          39.2953879606685
        ]
      }
    },
    {
      "type": "Feature",
      "properties": {
        "id": "USGS-391743076042201",
        "name": "KE Bd  79",
        "site_type": "Well",
        "latest_readings": []
      },
      "geometry": {
        "type": "Point",
        "coordinates": [
          -76.0724472275366,
          39.2953878650392
        ]
      }
    },
    {
      "type": "Feature",
      "properties": {
        "id": "USGS-391745075512601",
        "name": "KE Bf  36",
        "site_type": "Well",
        "latest_readings": []
      },
      "geometry": {
        "type": "Point",
        "coordinates": [
          -75.8568819960639,
          39.2959441963173
        ]
      }
    },
    {
      "type": "Feature",
      "properties": {
        "id": "USGS-391745075551601",
        "name": "KE Be 176",
        "site_type": "Well",
        "latest_readings": []
      },
      "geometry": {
        "type": "Point",
        "coordinates": [
          -75.9207738040177,
          39.2959441175518
        ]
      }
    },
    {
      "type": "Feature",
      "properties": {
        "id": "USGS-391745076020001",
        "name": "KE Bd  92",
        "site_type": "Well",
        "latest_readings": []
      },
      "geometry": {
        "type": "Point",
        "coordinates": [
          -76.033001077733,
          39.2959437510855
        ]
      }
    },
    {
      "type": "Feature",
      "properties": {
        "id": "USGS-391746075461201",
        "name": "KE Bg 104",
        "site_type": "Well",
        "latest_readings": []
      },
      "geometry": {
        "type": "Point",
        "coordinates": [
          -75.7696557898774,
          39.2962220832105
        ]
      }
    },
    {
      "type": "Feature",
      "properties": {
        "id": "USGS-391746076071301",
        "name": "KE Bc 155",
        "site_type": "Well",
        "latest_readings": []
      },
      "geometry": {
        "type": "Point",
        "coordinates": [
          -76.1199492996591,
          39.2962208309782
        ]
      }
    },
    {
      "type": "Feature",
      "properties": {
        "id": "USGS-391747076034901",
        "name": "KE Bd  82",
        "site_type": "Well",
        "latest_readings": []
      },
      "geometry": {
        "type": "Point",
        "coordinates": [
          -76.0632801771603,
          39.2964990746802
        ]
      }
    },
    {
      "type": "Feature",
      "properties": {
        "id": "USGS-391748075512601",
        "name": "KE Bf  99",
        "site_type": "Well",
        "latest_readings": []
      },
      "geometry": {
        "type": "Point",
        "coordinates": [
          -75.8568820031585,
          39.2967775422853
        ]
      }
    },
    {
      "type": "Feature",
      "properties": {
        "id": "USGS-391748075525901",
        "name": "KE Bf 113",
        "site_type": "Well",
        "latest_readings": []
      },
      "geometry": {
        "type": "Point",
        "coordinates": [
          -75.8827164364989,
          39.2884440297401
        ]
      }
    },
    {
      "type": "Feature",
      "properties": {
        "id": "USGS-391748075544201",
        "name": "KE Bf 186",
        "site_type": "Stream",
        "latest_readings": []
      },
      "geometry": {
        "type": "Point",
        "coordinates": [
          -75.9116666666667,
          39.2966666666667
        ]
      }
    },
    {
      "type": "Feature",
      "properties": {
        "id": "USGS-391748075564901",
        "name": "KE Be 100",
        "site_type": "Well",
        "latest_readings": []
      },
      "geometry": {
        "type": "Point",
        "coordinates": [
          -75.946608328377,
          39.2967774397815
        ]
      }
    },
    {
      "type": "Feature",
      "properties": {
        "id": "USGS-391748076100801",
        "name": "KE Bb   7",
        "site_type": "Well",
        "latest_readings": []
      },
      "geometry": {
        "type": "Point",
        "coordinates": [
          -76.1685625255702,
          39.2967759974287
        ]
      }
    },
    {
      "type": "Feature",
      "properties": {
        "id": "USGS-391749075512701",
        "name": "KE Bf 100",
        "site_type": "Well",
        "latest_readings": []
      },
      "geometry": {
        "type": "Point",
        "coordinates": [
          -75.8571597841647,
          39.2956664139771
        ]
      }
    },
    {
      "type": "Feature",
      "properties": {
        "id": "USGS-391749076003301",
        "name": "KE Bd 100",
        "site_type": "Well",
        "latest_readings": []
      },
      "geometry": {
        "type": "Point",
        "coordinates": [
          -76.0088333786703,
          39.2970550901422
        ]
      }
    },
    {
      "type": "Feature",
      "properties": {
        "id": "USGS-391750076003301",
        "name": "KE Bd  25",
        "site_type": "Well",
        "latest_readings": []
      },
      "geometry": {
        "type": "Point",
        "coordinates": [
          -76.008833382855,
          39.2973328761125
        ]
      }
    },
    {
      "type": "Feature",
      "properties": {
        "id": "USGS-391750076035401",
        "name": "KE Bd  81",
        "site_type": "Well",
        "latest_readings": []
      },
      "geometry": {
        "type": "Point",
        "coordinates": [
          -76.0646691370949,
          39.2973324154082
        ]
      }
    },
    {
      "type": "Feature",
      "properties": {
        "id": "USGS-391750076080501",
        "name": "KE Bc 122",
        "site_type": "Well",
        "latest_readings": []
      },
      "geometry": {
        "type": "Point",
        "coordinates": [
          -76.1343943824393,
          39.297331840101
        ]
      }
    },
    {
      "type": "Feature",
      "properties": {
        "id": "USGS-391751075524001",
        "name": "KE Bf  91",
        "site_type": "Well",
        "latest_readings": []
      },
      "geometry": {
        "type": "Point",
        "coordinates": [
          -75.8774385066419,
          39.2976108666276
        ]
      }
    },
    {
      "type": "Feature",
      "properties": {
        "id": "USGS-391751075524002",
        "name": "KE Bf  92",
        "site_type": "Well",
        "latest_readings": []
      },
      "geometry": {
        "type": "Point",
        "coordinates": [
          -75.8774385066419,
          39.2976108666276
        ]
      }
    },
    {
      "type": "Feature",
      "properties": {
        "id": "USGS-391751076061101",
        "name": "KE Bc  50",
        "site_type": "Well",
        "latest_readings": []
      },
      "geometry": {
        "type": "Point",
        "coordinates": [
          -76.1027263459114,
          39.2976098840767
        ]
      }
    },
    {
      "type": "Feature",
      "properties": {
        "id": "USGS-391752075523901",
        "name": "KE Bf  93",
        "site_type": "Well",
        "latest_readings": []
      },
      "geometry": {
        "type": "Point",
        "coordinates": [
          -75.8771607187873,
          39.2978886495201
        ]
      }
    },
    {
      "type": "Feature",
      "properties": {
        "id": "USGS-391753075560301",
        "name": "KE Be  21",
        "site_type": "Well",
        "latest_readings": []
      },
      "geometry": {
        "type": "Point",
        "coordinates": [
          -75.9338299832611,
          39.2981663759183
        ]
      }
    },
    {
      "type": "Feature",
      "properties": {
        "id": "USGS-391753075573001",
        "name": "KE Be 107",
        "site_type": "Well",
        "latest_readings": []
      },
      "geometry": {
        "type": "Point",
        "coordinates": [
          -75.9579977566915,
          39.2981663519497
        ]
      }
    },
    {
      "type": "Feature",
      "properties": {
        "id": "USGS-391753076062901",
        "name": "KE Bc  13",
        "site_type": "Well",
        "latest_readings": []
      },
      "geometry": {
        "type": "Point",
        "coordinates": [
          -76.1077265689307,
          39.2981654076558
        ]
      }
    },
    {
      "type": "Feature",
      "properties": {
        "id": "USGS-391753076081801",
        "name": "KE Bc 123",
        "site_type": "Well",
        "latest_readings": []
      },
      "geometry": {
        "type": "Point",
        "coordinates": [
          -76.1380056585764,
          39.2981651546389
        ]
      }
    },
    {
      "type": "Feature",
      "properties": {
        "id": "USGS-391754075471101",
        "name": "KE Bg 108",
        "site_type": "Well",
        "latest_readings": []
      },
      "geometry": {
        "type": "Point",
        "coordinates": [
          -75.7863888888889,
          39.2983333333333
        ]
      }
    },
    {
      "type": "Feature",
      "properties": {
        "id": "USGS-391754075572301",
        "name": "KE Be 106",
        "site_type": "Well",
        "latest_readings": []
      },
      "geometry": {
        "type": "Point",
        "coordinates": [
          -75.9560532268933,
          39.2984441388555
        ]
      }
    },
    {
      "type": "Feature",
      "properties": {
        "id": "USGS-391754076040701",
        "name": "KE Bd  80",
        "site_type": "Well",
        "latest_readings": []
      },
      "geometry": {
        "type": "Point",
        "coordinates": [
          -76.0682804190024,
          39.2984435211618
        ]
      }
    },
    {
      "type": "Feature",
      "properties": {
        "id": "USGS-391754076072101",
        "name": "KE Bc 153",
        "site_type": "Well",
        "latest_readings": []
      },
      "geometry": {
        "type": "Point",
        "coordinates": [
          -76.1221716422047,
          39.2984430689501
        ]
      }
    },
    {
      "type": "Feature",
      "properties": {
        "id": "USGS-391754076072102",
        "name": "KE Bc 154",
        "site_type": "Well",
        "latest_readings": []
      },
      "geometry": {
        "type": "Point",
        "coordinates": [
          -76.1221716422047,
          39.2984430689501
        ]
      }
    },
    {
      "type": "Feature",
      "properties": {
        "id": "USGS-391755075532701",
        "name": "KE Bf 154",
        "site_type": "Well",
        "latest_readings": []
      },
      "geometry": {
        "type": "Point",
        "coordinates": [
          -75.8904946710182,
          39.2987219849006
        ]
      }
    },
    {
      "type": "Feature",
      "properties": {
        "id": "USGS-391755075532702",
        "name": "KE Bf 155",
        "site_type": "Well",
        "latest_readings": []
      },
      "geometry": {
        "type": "Point",
        "coordinates": [
          -75.8904946710182,
          39.2987219849006
        ]
      }
    },
    {
      "type": "Feature",
      "properties": {
        "id": "USGS-391755075532703",
        "name": "KE Bf 182",
        "site_type": "Well",
        "latest_readings": []
      },
      "geometry": {
        "type": "Point",
        "coordinates": [
          -75.8904946710182,
          39.2987219849006
        ]
      }
    },
    {
      "type": "Feature",
      "properties": {
        "id": "USGS-391757075512601",
        "name": "KE Bf  98",
        "site_type": "Well",
        "latest_readings": []
      },
      "geometry": {
        "type": "Point",
        "coordinates": [
          -75.8568820244423,
          39.2992775801894
        ]
      }
    },
    {
      "type": "Feature",
      "properties": {
        "id": "USGS-391757075515501",
        "name": "KE Bf  96",
        "site_type": "Well",
        "latest_readings": []
      },
      "geometry": {
        "type": "Point",
        "coordinates": [
          -75.8649379493517,
          39.2992775731707
        ]
      }
    },
    {
      "type": "Feature",
      "properties": {
        "id": "USGS-391757076052901",
        "name": "KE Bc  25",
        "site_type": "Well",
        "latest_readings": []
      },
      "geometry": {
        "type": "Point",
        "coordinates": [
          -76.0910591933903,
          39.2992766792896
        ]
      }
    },
    {
      "type": "Feature",
      "properties": {
        "id": "USGS-391757076063801",
        "name": "KE Bc 152",
        "site_type": "Well",
        "latest_readings": []
      },
      "geometry": {
        "type": "Point",
        "coordinates": [
          -76.1102266896934,
          39.2992765164369
        ]
      }
    },
    {
      "type": "Feature",
      "properties": {
        "id": "USGS-391758076052801",
        "name": "KE Bc  90",
        "site_type": "Well",
        "latest_readings": []
      },
      "geometry": {
        "type": "Point",
        "coordinates": [
          -76.0907814069056,
          39.2995544647491
        ]
      }
    },
    {
      "type": "Feature",
      "properties": {
        "id": "USGS-391758076062701",
        "name": "KE Bc  87",
        "site_type": "Well",
        "latest_readings": []
      },
      "geometry": {
        "type": "Point",
        "coordinates": [
          -76.1071710050202,
          39.2995543249241
        ]
      }
    },
    {
      "type": "Feature",
      "properties": {
        "id": "USGS-391759075461101",
        "name": "KE Bg  10",
        "site_type": "Well",
        "latest_readings": []
      },
      "geometry": {
        "type": "Point",
        "coordinates": [
          -75.7693780148756,
          39.2998332151321
        ]
      }
    },
    {
      "type": "Feature",
      "properties": {
        "id": "USGS-391759076053101",
        "name": "KE Bc  24",
        "site_type": "Well",
        "latest_readings": []
      },
      "geometry": {
        "type": "Point",
        "coordinates": [
          -76.0916147796092,
          39.2998322407095
        ]
      }
    },
    {
      "type": "Feature",
      "properties": {
        "id": "USGS-391759076084501",
        "name": "KE Bc  18",
        "site_type": "Well",
        "latest_readings": []
      },
      "geometry": {
        "type": "Point",
        "coordinates": [
          -76.1455059999577,
          39.2998317790579
        ]
      }
    },
    {
      "type": "Feature",
      "properties": {
        "id": "USGS-391759076102801",
        "name": "KE Bb   8",
        "site_type": "Well",
        "latest_readings": []
      },
      "geometry": {
        "type": "Point",
        "coordinates": [
          -76.1741183489056,
          39.2998315339542
        ]
      }
    },
    {
      "type": "Feature",
      "properties": {
        "id": "USGS-391800075471001",
        "name": "KE Bg  23",
        "site_type": "Well",
        "latest_readings": []
      },
      "geometry": {
        "type": "Point",
        "coordinates": [
          -75.7857676570587,
          39.3001109816872
        ]
      }
    },
    {
      "type": "Feature",
      "properties": {
        "id": "USGS-391800075573601",
        "name": "KE Be 108",
        "site_type": "Well",
        "latest_readings": []
      },
      "geometry": {
        "type": "Point",
        "coordinates": [
          -75.9596645258999,
          39.3001108458996
        ]
      }
    },
    {
      "type": "Feature",
      "properties": {
        "id": "USGS-391801075554901",
        "name": "KE Be  80",
        "site_type": "Well",
        "latest_readings": []
      },
      "geometry": {
        "type": "Point",
        "coordinates": [
          -75.9299409430379,
          39.3003886532998
        ]
      }
    },
    {
      "type": "Feature",
      "properties": {
        "id": "USGS-391801076021401",
        "name": "KE Bd  23",
        "site_type": "Well",
        "latest_readings": []
      },
      "geometry": {
        "type": "Point",
        "coordinates": [
          -76.036890197649,
          39.3003882794746
        ]
      }
    },
    {
      "type": "Feature",
      "properties": {
        "id": "USGS-391801076021402",
        "name": "KE Bd  40",
        "site_type": "Well",
        "latest_readings": []
      },
      "geometry": {
        "type": "Point",
        "coordinates": [
          -76.036890197649,
          39.3003882794746
        ]
      }
    },
    {
      "type": "Feature",
      "properties": {
        "id": "USGS-391802076043101",
        "name": "KE Bd  78",
        "site_type": "Well",
        "latest_readings": []
      },
      "geometry": {
        "type": "Point",
        "coordinates": [
          -76.074947402326,
          39.3006657344504
        ]
      }
    },
    {
      "type": "Feature",
      "properties": {
        "id": "USGS-391802076085801",
        "name": "KE Bc 112",
        "site_type": "Well",
        "latest_readings": []
      },
      "geometry": {
        "type": "Point",
        "coordinates": [
          -76.1491172753975,
          39.3006650912894
        ]
      }
    },
    {
      "type": "Feature",
      "properties": {
        "id": "USGS-391803075565701",
        "name": "KE Be  54",
        "site_type": "Well",
        "latest_readings": []
      },
      "geometry": {
        "type": "Point",
        "coordinates": [
          -75.949167,
          39.300833
        ]
      }
    },
    {
      "type": "Feature",
      "properties": {
        "id": "USGS-391803076012801",
        "name": "KE Bd  24",
        "site_type": "Well",
        "latest_readings": []
      },
      "geometry": {
        "type": "Point",
        "coordinates": [
          -76.0241118753674,
          39.3009439607036
        ]
      }
    },
    {
      "type": "Feature",
      "properties": {
        "id": "USGS-391803076085801",
        "name": "KE Bc 189",
        "site_type": "Well",
        "latest_readings": []
      },
      "geometry": {
        "type": "Point",
        "coordinates": [
          -76.1491172780965,
          39.300942872345
        ]
      }
    },
    {
      "type": "Feature",
      "properties": {
        "id": "USGS-391803076085802",
        "name": "KE Bc 190",
        "site_type": "Well",
        "latest_readings": []
      },
      "geometry": {
        "type": "Point",
        "coordinates": [
          -76.1382830122659,
          39.2551090298646
        ]
      }
    },
    {
      "type": "Feature",
      "properties": {
        "id": "USGS-391803076103101",
        "name": "KE Bb  30",
        "site_type": "Well",
        "latest_readings": []
      },
      "geometry": {
        "type": "Point",
        "coordinates": [
          -76.1749517279939,
          39.3009426474176
        ]
      }
    },
    {
      "type": "Feature",
      "properties": {
        "id": "USGS-391804076103001",
        "name": "KE Bb  29",
        "site_type": "Well",
        "latest_readings": []
      },
      "geometry": {
        "type": "Point",
        "coordinates": [
          -76.1746739406383,
          39.3012204299965
        ]
      }
    },
    {
      "type": "Feature",
      "properties": {
        "id": "USGS-391805075594601",
        "name": "KE Be   1",
        "site_type": "Well",
        "latest_readings": []
      },
      "geometry": {
        "type": "Point",
        "coordinates": [
          -75.9957773153374,
          39.3014997485718
        ]
      }
    },
    {
      "type": "Feature",
      "properties": {
        "id": "USGS-391805075594602",
        "name": "KE Be 136",
        "site_type": "Well",
        "latest_readings": []
      },
      "geometry": {
        "type": "Point",
        "coordinates": [
          -75.9957773153374,
          39.3014997485718
        ]
      }
    },
    {
      "type": "Feature",
      "properties": {
        "id": "USGS-391807075475901",
        "name": "KE Bg  25",
        "site_type": "Well",
        "latest_readings": []
      },
      "geometry": {
        "type": "Point",
        "coordinates": [
          -75.7993794039488,
          39.3020554328561
        ]
      }
    },
    {
      "type": "Feature",
      "properties": {
        "id": "USGS-391807075545301",
        "name": "KE Bf 158",
        "site_type": "Well",
        "latest_readings": []
      },
      "geometry": {
        "type": "Point",
        "coordinates": [
          -75.9143846922331,
          39.3020553673095
        ]
      }
    },
    {
      "type": "Feature",
      "properties": {
        "id": "USGS-391807075545302",
        "name": "KE Bf 159",
        "site_type": "Well",
        "latest_readings": []
      },
      "geometry": {
        "type": "Point",
        "coordinates": [
          -75.9143846922331,
          39.3020553673095
        ]
      }
    },
    {
      "type": "Feature",
      "properties": {
        "id": "USGS-391807076045001",
        "name": "KE Bd  77",
        "site_type": "Well",
        "latest_readings": []
      },
      "geometry": {
        "type": "Point",
        "coordinates": [
          -76.0802254254179,
          39.3020546060281
        ]
      }
    },
    {
      "type": "Feature",
      "properties": {
        "id": "USGS-391807076045002",
        "name": "KE Bd   5",
        "site_type": "Well",
        "latest_readings": []
      },
      "geometry": {
        "type": "Point",
        "coordinates": [
          -76.0802254254179,
          39.3020546060281
        ]
      }
    },
    {
      "type": "Feature",
      "properties": {
        "id": "USGS-391807076084601",
        "name": "KE Bc 113",
        "site_type": "Well",
        "latest_readings": []
      },
      "geometry": {
        "type": "Point",
        "coordinates": [
          -76.1457838116275,
          39.3020540260576
        ]
      }
    },
    {
      "type": "Feature",
      "properties": {
        "id": "USGS-391808075483801",
        "name": "KE Bg  56",
        "site_type": "Well",
        "latest_readings": []
      },
      "geometry": {
        "type": "Point",
        "coordinates": [
          -75.8102132371921,
          39.3023332072647
        ]
      }
    },
    {
      "type": "Feature",
      "properties": {
        "id": "USGS-391808076070301",
        "name": "KE Bc 151",
        "site_type": "Well",
        "latest_readings": []
      },
      "geometry": {
        "type": "Point",
        "coordinates": [
          -76.1171714681411,
          39.3023320613551
        ]
      }
    },
    {
      "type": "Feature",
      "properties": {
        "id": "USGS-391809075480101",
        "name": "KE Bg  59",
        "site_type": "Well",
        "latest_readings": []
      },
      "geometry": {
        "type": "Point",
        "coordinates": [
          -75.7999349882523,
          39.3026109930866
        ]
      }
    },
    {
      "type": "Feature",
      "properties": {
        "id": "USGS-391809075555301",
        "name": "KE Be 186",
        "site_type": "Test hole not completed as a well",
        "latest_readings": []
      },
      "geometry": {
        "type": "Point",
        "coordinates": [
          -75.931052132039,
          39.3026109262581
        ]
      }
    },
    {
      "type": "Feature",
      "properties": {
        "id": "USGS-391809076062201",
        "name": "KE Bc  86",
        "site_type": "Well",
        "latest_readings": []
      },
      "geometry": {
        "type": "Point",
        "coordinates": [
          -76.1057820907646,
          39.3026099450855
        ]
      }
    },
    {
      "type": "Feature",
      "properties": {
        "id": "USGS-391810075480001",
        "name": "KE Bg 102",
        "site_type": "Well",
        "latest_readings": []
      },
      "geometry": {
        "type": "Point",
        "coordinates": [
          -75.79965719929,
          39.3028887734934
        ]
      }
    },
    {
      "type": "Feature",
      "properties": {
        "id": "USGS-391810075480002",
        "name": "KE Bg  24",
        "site_type": "Well",
        "latest_readings": []
      },
      "geometry": {
        "type": "Point",
        "coordinates": [
          -75.79965719929,
          39.3028887734934
        ]
      }
    },
    {
      "type": "Feature",
      "properties": {
        "id": "USGS-391810075480801",
        "name": "KE Bg  58",
        "site_type": "Well",
        "latest_readings": []
      },
      "geometry": {
        "type": "Point",
        "coordinates": [
          -75.8018795237908,
          39.3028887724277
        ]
      }
    },
    {
      "type": "Feature",
      "properties": {
        "id": "USGS-391810075532101",
        "name": "KE Bf  24",
        "site_type": "Well",
        "latest_readings": []
      },
      "geometry": {
        "type": "Point",
        "coordinates": [
          -75.8968838961999,
          39.3028887268677
        ]
      }
    },
    {
      "type": "Feature",
      "properties": {
        "id": "USGS-391810075535002",
        "name": "KE Bf  72",
        "site_type": "Well",
        "latest_readings": []
      },
      "geometry": {
        "type": "Point",
        "coordinates": [
          -75.8968838961999,
          39.3028887268677
        ]
      }
    },
    {
      "type": "Feature",
      "properties": {
        "id": "USGS-391810075555801",
        "name": "KE Be  52",
        "site_type": "Well",
        "latest_readings": []
      },
      "geometry": {
        "type": "Point",
        "coordinates": [
          -75.932778,
          39.302778
        ]
      }
    },
    {
      "type": "Feature",
      "properties": {
        "id": "USGS-391810075555802",
        "name": "KE Be  53",
        "site_type": "Well",
        "latest_readings": []
      },
      "geometry": {
        "type": "Point",
        "coordinates": [
          -75.932778,
          39.302778
        ]
      }
    },
    {
      "type": "Feature",
      "properties": {
        "id": "USGS-391810075555803",
        "name": "KE Be  61",
        "site_type": "Well",
        "latest_readings": []
      },
      "geometry": {
        "type": "Point",
        "coordinates": [
          -75.931111,
          39.300833
        ]
      }
    },
    {
      "type": "Feature",
      "properties": {
        "id": "USGS-391810075585701",
        "name": "KE Be 133",
        "site_type": "Well",
        "latest_readings": []
      },
      "geometry": {
        "type": "Point",
        "coordinates": [
          -75.9821655989179,
          39.3028886859703
        ]
      }
    },
    {
      "type": "Feature",
      "properties": {
        "id": "USGS-391811075555801",
        "name": "KE Be  77",
        "site_type": "Well",
        "latest_readings": []
      },
      "geometry": {
        "type": "Point",
        "coordinates": [
          -75.9324410915919,
          39.3031664940819
        ]
      }
    },
    {
      "type": "Feature",
      "properties": {
        "id": "USGS-391811075564901",
        "name": "KE Be  60",
        "site_type": "Well",
        "latest_readings": []
      },
      "geometry": {
        "type": "Point",
        "coordinates": [
          -75.946944,
          39.303056000000005
        ]
      }
    },
    {
      "type": "Feature",
      "properties": {
        "id": "USGS-391811075585801",
        "name": "KE Be 132",
        "site_type": "Well",
        "latest_readings": []
      },
      "geometry": {
        "type": "Point",
        "coordinates": [
          -75.9824433935311,
          39.3031664716096
        ]
      }
    },
    {
      "type": "Feature",
      "properties": {
        "id": "USGS-391812075572701",
        "name": "KE Be 222",
        "site_type": "Well",
        "latest_readings": []
      },
      "geometry": {
        "type": "Point",
        "coordinates": [
          -75.9575,
          39.3033333333333
        ]
      }
    },
    {
      "type": "Feature",
      "properties": {
        "id": "USGS-391813075575201",
        "name": "KE Be 191",
        "site_type": "Stream",
        "latest_readings": []
      },
      "geometry": {
        "type": "Point",
        "coordinates": [
          -75.9641092237622,
          39.3037220502895
        ]
      }
    },
    {
      "type": "Feature",
      "properties": {
        "id": "USGS-391813075575202",
        "name": "KE Be 192",
        "site_type": "Well",
        "latest_readings": []
      },
      "geometry": {
        "type": "Point",
        "coordinates": [
          -75.9641092237622,
          39.3037220502895
        ]
      }
    },
    {
      "type": "Feature",
      "properties": {
        "id": "USGS-391813075575203",
        "name": "KE Be 193",
        "site_type": "Stream",
        "latest_readings": []
      },
      "geometry": {
        "type": "Point",
        "coordinates": [
          -75.9641092237622,
          39.3037220502895
        ]
      }
    },
    {
      "type": "Feature",
      "properties": {
        "id": "USGS-391814075475001",
        "name": "KE Bg 107",
        "site_type": "Well",
        "latest_readings": []
      },
      "geometry": {
        "type": "Point",
        "coordinates": [
          -75.797425,
          39.3041333333333
        ]
      }
    },
    {
      "type": "Feature",
      "properties": {
        "id": "USGS-391814075575501",
        "name": "KE Be 158",
        "site_type": "Well",
        "latest_readings": []
      },
      "geometry": {
        "type": "Point",
        "coordinates": [
          -75.965278,
          39.303889
        ]
      }
    },
    {
      "type": "Feature",
      "properties": {
        "id": "USGS-391814075575502",
        "name": "KE Be 184",
        "site_type": "Test hole not completed as a well",
        "latest_readings": []
      },
      "geometry": {
        "type": "Point",
        "coordinates": [
          -75.9649425992992,
          39.3039998352104
        ]
      }
    },
    {
      "type": "Feature",
      "properties": {
        "id": "USGS-391814076081001",
        "name": "KE Bc  15",
        "site_type": "Well",
        "latest_readings": []
      },
      "geometry": {
        "type": "Point",
        "coordinates": [
          -76.135783399714,
          39.3039985851871
        ]
      }
    },
    {
      "type": "Feature",
      "properties": {
        "id": "USGS-391815075472101",
        "name": "KE Bg 33",
        "site_type": "Well",
        "latest_readings": []
      },
      "geometry": {
        "type": "Point",
        "coordinates": [
          -75.788861,
          39.303806
        ]
      }
    },
    {
      "type": "Feature",
      "properties": {
        "id": "USGS-391815075472102",
        "name": "KE Bg 34",
        "site_type": "Well",
        "latest_readings": []
      },
      "geometry": {
        "type": "Point",
        "coordinates": [
          -75.789111,
          39.303722
        ]
      }
    },
    {
      "type": "Feature",
      "properties": {
        "id": "USGS-391815075574501",
        "name": "KE Be  10",
        "site_type": "Well",
        "latest_readings": []
      },
      "geometry": {
        "type": "Point",
        "coordinates": [
          -75.9621646973023,
          39.3042776213692
        ]
      }
    },
    {
      "type": "Feature",
      "properties": {
        "id": "USGS-391817075561101",
        "name": "KE Be  76",
        "site_type": "Well",
        "latest_readings": []
      },
      "geometry": {
        "type": "Point",
        "coordinates": [
          -75.9360523895206,
          39.3048331987072
        ]
      }
    },
    {
      "type": "Feature",
      "properties": {
        "id": "USGS-391817075580201",
        "name": "KE Be 109",
        "site_type": "Well",
        "latest_readings": []
      },
      "geometry": {
        "type": "Point",
        "coordinates": [
          -75.9668871448669,
          39.3048331904234
        ]
      }
    },
    {
      "type": "Feature",
      "properties": {
        "id": "USGS-391817076021801",
        "name": "KE Bd  33",
        "site_type": "Well",
        "latest_readings": []
      },
      "geometry": {
        "type": "Point",
        "coordinates": [
          -76.0380014188204,
          39.3048328290521
        ]
      }
    },
    {
      "type": "Feature",
      "properties": {
        "id": "USGS-391818075560901",
        "name": "KE Be 157",
        "site_type": "Well",
        "latest_readings": []
      },
      "geometry": {
        "type": "Point",
        "coordinates": [
          -75.967222,
          39.305
        ]
      }
    },
    {
      "type": "Feature",
      "properties": {
        "id": "USGS-391818076060101",
        "name": "KE Bc  84",
        "site_type": "Well",
        "latest_readings": []
      },
      "geometry": {
        "type": "Point",
        "coordinates": [
          -76.0999485346519,
          39.3051100421054
        ]
      }
    },
    {
      "type": "Feature",
      "properties": {
        "id": "USGS-391818076070301",
        "name": "KE Bc 182",
        "site_type": "Well",
        "latest_readings": []
      },
      "geometry": {
        "type": "Point",
        "coordinates": [
          -76.1171714985141,
          39.3051098831031
        ]
      }
    },
    {
      "type": "Feature",
      "properties": {
        "id": "USGS-391819075475101",
        "name": "KE Bg  57",
        "site_type": "Well",
        "latest_readings": []
      },
      "geometry": {
        "type": "Point",
        "coordinates": [
          -75.7971570982939,
          39.3053887964011
        ]
      }
    },
    {
      "type": "Feature",
      "properties": {
        "id": "USGS-391819075545801",
        "name": "KE Bf 184",
        "site_type": "Well",
        "latest_readings": []
      },
      "geometry": {
        "type": "Point",
        "coordinates": [
          -75.9157736828561,
          39.3053887716825
        ]
      }
    },
    {
      "type": "Feature",
      "properties": {
        "id": "USGS-391819075545802",
        "name": "KE Bf 185",
        "site_type": "Stream",
        "latest_readings": []
      },
      "geometry": {
        "type": "Point",
        "coordinates": [
          -75.9161111111111,
          39.3052777777778
        ]
      }
    },
    {
      "type": "Feature",
      "properties": {
        "id": "USGS-391819075553701",
        "name": "KE Be  45",
        "site_type": "Well",
        "latest_readings": []
      },
      "geometry": {
        "type": "Point",
        "coordinates": [
          -75.9266075161065,
          39.3053887694248
        ]
      }
    },
    {
      "type": "Feature",
      "properties": {
        "id": "USGS-391819075553901",
        "name": "KE Be  78",
        "site_type": "Well",
        "latest_readings": []
      },
      "geometry": {
        "type": "Point",
        "coordinates": [
          -75.9271630972989,
          39.305388769309
        ]
      }
    },
    {
      "type": "Feature",
      "properties": {
        "id": "USGS-391819075554201",
        "name": "KE Be  79",
        "site_type": "Well",
        "latest_readings": []
      },
      "geometry": {
        "type": "Point",
        "coordinates": [
          -75.9279964690874,
          39.3053887691353
        ]
      }
    },
    {
      "type": "Feature",
      "properties": {
        "id": "USGS-391819075571501",
        "name": "KE Be 103",
        "site_type": "Well",
        "latest_readings": []
      },
      "geometry": {
        "type": "Point",
        "coordinates": [
          -75.9538309945306,
          39.3053887637517
        ]
      }
    },
    {
      "type": "Feature",
      "properties": {
        "id": "USGS-391819075580301",
        "name": "Precipitation nr Morgan Ck",
        "site_type": "Atmosphere",
        "latest_readings": []
      },
      "geometry": {
        "type": "Point",
        "coordinates": [
          -75.9671649431465,
          39.305388760973
        ]
      }
    },
    {
      "type": "Feature",
      "properties": {
        "id": "USGS-391819075580901",
        "name": "KE Be 156",
        "site_type": "Well",
        "latest_readings": []
      },
      "geometry": {
        "type": "Point",
        "coordinates": [
          -75.969167,
          39.305278
        ]
      }
    },
    {
      "type": "Feature",
      "properties": {
        "id": "USGS-391819076033101",
        "name": "KE Bd  75",
        "site_type": "Well",
        "latest_readings": []
      },
      "geometry": {
        "type": "Point",
        "coordinates": [
          -76.0582800773562,
          39.3053882110261
        ]
      }
    },
    {
      "type": "Feature",
      "properties": {
        "id": "USGS-391819076034801",
        "name": "KE Bd   6",
        "site_type": "Well",
        "latest_readings": []
      },
      "geometry": {
        "type": "Point",
        "coordinates": [
          -76.0630025028813,
          39.3053881672633
        ]
      }
    },
    {
      "type": "Feature",
      "properties": {
        "id": "USGS-391819076034802",
        "name": "KE Bd  73",
        "site_type": "Well",
        "latest_readings": []
      },
      "geometry": {
        "type": "Point",
        "coordinates": [
          -76.0630025028813,
          39.3053881672633
        ]
      }
    },
    {
      "type": "Feature",
      "properties": {
        "id": "USGS-391819076034803",
        "name": "KE Bd  74",
        "site_type": "Well",
        "latest_readings": []
      },
      "geometry": {
        "type": "Point",
        "coordinates": [
          -76.0630025028813,
          39.3053881672633
        ]
      }
    },
    {
      "type": "Feature",
      "properties": {
        "id": "USGS-391820075520101",
        "name": "KE Bf  95",
        "site_type": "Well",
        "latest_readings": []
      },
      "geometry": {
        "type": "Point",
        "coordinates": [
          -75.8666047498304,
          39.3056665642111
        ]
      }
    },
    {
      "type": "Feature",
      "properties": {
        "id": "USGS-391820075571301",
        "name": "KE Be 104",
        "site_type": "Well",
        "latest_readings": []
      },
      "geometry": {
        "type": "Point",
        "coordinates": [
          -75.9532754169973,
          39.3056665487611
        ]
      }
    },
    {
      "type": "Feature",
      "properties": {
        "id": "USGS-391820075571302",
        "name": "KE Be 105",
        "site_type": "Well",
        "latest_readings": []
      },
      "geometry": {
        "type": "Point",
        "coordinates": [
          -75.9532754169973,
          39.3056665487611
        ]
      }
    },
    {
      "type": "Feature",
      "properties": {
        "id": "USGS-391820075571601",
        "name": "KE Be 148",
        "site_type": "Well",
        "latest_readings": []
      },
      "geometry": {
        "type": "Point",
        "coordinates": [
          -75.954108788797,
          39.3056665486125
        ]
      }
    },
    {
      "type": "Feature",
      "properties": {
        "id": "USGS-391820075580101",
        "name": "Runoff, wheat field nr Morgan Ck",
        "site_type": "Land",
        "latest_readings": []
      },
      "geometry": {
        "type": "Point",
        "coordinates": [
          -75.9666093657922,
          39.3056665463841
        ]
      }
    },
    {
      "type": "Feature",
      "properties": {
        "id": "USGS-391820075580201",
        "name": "KE Be 189",
        "site_type": "Well",
        "latest_readings": []
      },
      "geometry": {
        "type": "Point",
        "coordinates": [
          -75.9668899345286,
          39.3056832134524
        ]
      }
    },
    {
      "type": "Feature",
      "properties": {
        "id": "USGS-391820075580401",
        "name": "KE Be 172",
        "site_type": "Tunnel, shaft, or mine",
        "latest_readings": []
      },
      "geometry": {
        "type": "Point",
        "coordinates": [
          -75.9674427375919,
          39.3056665462356
        ]
      }
    },
    {
      "type": "Feature",
      "properties": {
        "id": "USGS-391820075580402",
        "name": "KE Be 173",
        "site_type": "Tunnel, shaft, or mine",
        "latest_readings": []
      },
      "geometry": {
        "type": "Point",
        "coordinates": [
          -75.9674427375919,
          39.3056665462356
        ]
      }
    },
    {
      "type": "Feature",
      "properties": {
        "id": "USGS-391820075580501",
        "name": "Runoff, cow pasture nr Morgan Ck",
        "site_type": "Land",
        "latest_readings": []
      },
      "geometry": {
        "type": "Point",
        "coordinates": [
          -75.9677205281918,
          39.3056665461861
        ]
      }
    },
    {
      "type": "Feature",
      "properties": {
        "id": "USGS-391820075593401",
        "name": "KE Be  31",
        "site_type": "Well",
        "latest_readings": []
      },
      "geometry": {
        "type": "Point",
        "coordinates": [
          -75.9924438915823,
          39.3056665417789
        ]
      }
    },
    {
      "type": "Feature",
      "properties": {
        "id": "USGS-391821075565201",
        "name": "KE Be 102",
        "site_type": "Well",
        "latest_readings": []
      },
      "geometry": {
        "type": "Point",
        "coordinates": [
          -75.9474418179802,
          39.3059443345188
        ]
      }
    },
    {
      "type": "Feature",
      "properties": {
        "id": "USGS-391822075532901",
        "name": "KE Bf  71",
        "site_type": "Well",
        "latest_readings": []
      },
      "geometry": {
        "type": "Point",
        "coordinates": [
          -75.8910503282682,
          39.306222125891
        ]
      }
    },
    {
      "type": "Feature",
      "properties": {
        "id": "USGS-391822075592901",
        "name": "KE Be  28",
        "site_type": "Well",
        "latest_readings": []
      },
      "geometry": {
        "type": "Point",
        "coordinates": [
          -75.9910549469152,
          39.3062221140903
        ]
      }
    },
    {
      "type": "Feature",
      "properties": {
        "id": "USGS-391822075592902",
        "name": "KE Be  29",
        "site_type": "Well",
        "latest_readings": []
      },
      "geometry": {
        "type": "Point",
        "coordinates": [
          -75.9910549469152,
          39.3062221140903
        ]
      }
    },
    {
      "type": "Feature",
      "properties": {
        "id": "USGS-391822075592903",
        "name": "KE Be  30",
        "site_type": "Well",
        "latest_readings": []
      },
      "geometry": {
        "type": "Point",
        "coordinates": [
          -75.9910549469152,
          39.3062221140903
        ]
      }
    },
    {
      "type": "Feature",
      "properties": {
        "id": "USGS-391822075592904",
        "name": "KE Be  34",
        "site_type": "Well",
        "latest_readings": []
      },
      "geometry": {
        "type": "Point",
        "coordinates": [
          -75.9910549469152,
          39.3062221140903
        ]
      }
    },
    {
      "type": "Feature",
      "properties": {
        "id": "USGS-391822075594401",
        "name": "KE Be 134",
        "site_type": "Well",
        "latest_readings": []
      },
      "geometry": {
        "type": "Point",
        "coordinates": [
          -75.9952218060255,
          39.3062221135986
        ]
      }
    },
    {
      "type": "Feature",
      "properties": {
        "id": "USGS-391822075594402",
        "name": "KE Be 135",
        "site_type": "Well",
        "latest_readings": []
      },
      "geometry": {
        "type": "Point",
        "coordinates": [
          -75.9952218060255,
          39.3062221135986
        ]
      }
    },
    {
      "type": "Feature",
      "properties": {
        "id": "USGS-391822076061501",
        "name": "KE Bc  85",
        "site_type": "Well",
        "latest_readings": []
      },
      "geometry": {
        "type": "Point",
        "coordinates": [
          -76.103837603722,
          39.3062211367693
        ]
      }
    },
    {
      "type": "Feature",
      "properties": {
        "id": "USGS-391823075594701",
        "name": "KE Be 43",
        "site_type": "Well",
        "latest_readings": []
      },
      "geometry": {
        "type": "Point",
        "coordinates": [
          -75.995028,
          39.30675
        ]
      }
    },
    {
      "type": "Feature",
      "properties": {
        "id": "USGS-391823076055501",
        "name": "KE Bc  83",
        "site_type": "Well",
        "latest_readings": []
      },
      "geometry": {
        "type": "Point",
        "coordinates": [
          -76.0982818124005,
          39.3064989716755
        ]
      }
    },
    {
      "type": "Feature",
      "properties": {
        "id": "USGS-391824075594501",
        "name": "KE Be 223",
        "site_type": "Well",
        "latest_readings": []
      },
      "geometry": {
        "type": "Point",
        "coordinates": [
          -75.9959166666667,
          39.3068055555556
        ]
      }
    },
    {
      "type": "Feature",
      "properties": {
        "id": "USGS-391825075525301",
        "name": "KE Bf   2",
        "site_type": "Well",
        "latest_readings": []
      },
      "geometry": {
        "type": "Point",
        "coordinates": [
          -75.8810498744715,
          39.3070554752236
        ]
      }
    },
    {
      "type": "Feature",
      "properties": {
        "id": "USGS-391825075525302",
        "name": "KE Bf  94",
        "site_type": "Well",
        "latest_readings": []
      },
      "geometry": {
        "type": "Point",
        "coordinates": [
          -75.8810498744715,
          39.3070554752236
        ]
      }
    },
    {
      "type": "Feature",
      "properties": {
        "id": "USGS-391826076054701",
        "name": "KE Bc  82",
        "site_type": "Well",
        "latest_readings": []
      },
      "geometry": {
        "type": "Point",
        "coordinates": [
          -76.0960595043831,
          39.3073323413244
        ]
      }
    },
    {
      "type": "Feature",
      "properties": {
        "id": "USGS-391827075493801",
        "name": "KE Bg  64",
        "site_type": "Well",
        "latest_readings": []
      },
      "geometry": {
        "type": "Point",
        "coordinates": [
          -75.8268807077802,
          39.3076110388903
        ]
      }
    },
    {
      "type": "Feature",
      "properties": {
        "id": "USGS-391827075560701",
        "name": "KE Be  75",
        "site_type": "Well",
        "latest_readings": []
      },
      "geometry": {
        "type": "Point",
        "coordinates": [
          -75.9349412612941,
          39.3076110424179
        ]
      }
    },
    {
      "type": "Feature",
      "properties": {
        "id": "USGS-391827076040901",
        "name": "KE Bd  72",
        "site_type": "Well",
        "latest_readings": []
      },
      "geometry": {
        "type": "Point",
        "coordinates": [
          -76.0688361157471,
          39.3076103841484
        ]
      }
    },
    {
      "type": "Feature",
      "properties": {
        "id": "USGS-391827076073301",
        "name": "KE Bc 108",
        "site_type": "Well",
        "latest_readings": []
      },
      "geometry": {
        "type": "Point",
        "coordinates": [
          -76.1255052172467,
          39.3076098431122
        ]
      }
    },
    {
      "type": "Feature",
      "properties": {
        "id": "USGS-391828075493801",
        "name": "KE Bg  63",
        "site_type": "Well",
        "latest_readings": []
      },
      "geometry": {
        "type": "Point",
        "coordinates": [
          -75.8268807097423,
          39.3078888199757
        ]
      }
    },
    {
      "type": "Feature",
      "properties": {
        "id": "USGS-391828075561401",
        "name": "KE Be 101",
        "site_type": "Well",
        "latest_readings": []
      },
      "geometry": {
        "type": "Point",
        "coordinates": [
          -75.936885799115,
          39.3078888268812
        ]
      }
    },
    {
      "type": "Feature",
      "properties": {
        "id": "USGS-391828076001301",
        "name": "KE Bd  28",
        "site_type": "Well",
        "latest_readings": []
      },
      "geometry": {
        "type": "Point",
        "coordinates": [
          -76.0032777476676,
          39.3078887962179
        ]
      }
    },
    {
      "type": "Feature",
      "properties": {
        "id": "USGS-391829075485901",
        "name": "KE Bg 103",
        "site_type": "Well",
        "latest_readings": []
      },
      "geometry": {
        "type": "Point",
        "coordinates": [
          -75.8160468769995,
          39.3081666000546
        ]
      }
    },
    {
      "type": "Feature",
      "properties": {
        "id": "USGS-391829075493401",
        "name": "KE Bg  62",
        "site_type": "Well",
        "latest_readings": []
      },
      "geometry": {
        "type": "Point",
        "coordinates": [
          -75.8257695491705,
          39.3081666009579
        ]
      }
    },
    {
      "type": "Feature",
      "properties": {
        "id": "USGS-391829075560301",
        "name": "KE Be   8",
        "site_type": "Well",
        "latest_readings": []
      },
      "geometry": {
        "type": "Point",
        "coordinates": [
          -75.9338301055859,
          39.3081666109971
        ]
      }
    },
    {
      "type": "Feature",
      "properties": {
        "id": "USGS-391829076054001",
        "name": "KE Bc 149",
        "site_type": "Well",
        "latest_readings": []
      },
      "geometry": {
        "type": "Point",
        "coordinates": [
          -76.0941149862144,
          39.3081657087689
        ]
      }
    },
    {
      "type": "Feature",
      "properties": {
        "id": "USGS-391830075491801",
        "name": "KE Bg  50",
        "site_type": "Well",
        "latest_readings": []
      },
      "geometry": {
        "type": "Point",
        "coordinates": [
          -75.8213249009227,
          39.308444381463
        ]
      }
    },
    {
      "type": "Feature",
      "properties": {
        "id": "USGS-391830075562601",
        "name": "KE Be 202",
        "site_type": "Stream",
        "latest_readings": []
      },
      "geometry": {
        "type": "Point",
        "coordinates": [
          -75.9402192936392,
          39.308444396091
        ]
      }
    },
    {
      "type": "Feature",
      "properties": {
        "id": "USGS-391830075581101",
        "name": "KE Be 183",
        "site_type": "Test hole not completed as a well",
        "latest_readings": []
      },
      "geometry": {
        "type": "Point",
        "coordinates": [
          -75.9693873105439,
          39.3084443996796
        ]
      }
    },
    {
      "type": "Feature",
      "properties": {
        "id": "USGS-391832075491701",
        "name": "KE Bg  19",
        "site_type": "Well",
        "latest_readings": []
      },
      "geometry": {
        "type": "Point",
        "coordinates": [
          -75.821047114053,
          39.3089999432481
        ]
      }
    },
    {
      "type": "Feature",
      "properties": {
        "id": "USGS-391832075491702",
        "name": "KE Bg  29",
        "site_type": "Well",
        "latest_readings": []
      },
      "geometry": {
        "type": "Point",
        "coordinates": [
          -75.821047114053,
          39.3089999432481
        ]
      }
    },
    {
      "type": "Feature",
      "properties": {
        "id": "USGS-391832075552701",
        "name": "KE Be 214",
        "site_type": "Well",
        "latest_readings": []
      },
      "geometry": {
        "type": "Point",
        "coordinates": [
          -75.9238296525724,
          39.3089999620874
        ]
      }
    },
    {
      "type": "Feature",
      "properties": {
        "id": "USGS-391832075552702",
        "name": "KE Be 215",
        "site_type": "Well",
        "latest_readings": []
      },
      "geometry": {
        "type": "Point",
        "coordinates": [
          -75.9238296525724,
          39.3089999620874
        ]
      }
    },
    {
      "type": "Feature",
      "properties": {
        "id": "USGS-391832075560801",
        "name": "KE Be  46",
        "site_type": "Well",
        "latest_readings": []
      },
      "geometry": {
        "type": "Point",
        "coordinates": [
          -75.9352190690029,
          39.308999964175
        ]
      }
    },
    {
      "type": "Feature",
      "properties": {
        "id": "USGS-391832075560802",
        "name": "KE Be  47",
        "site_type": "Well",
        "latest_readings": []
      },
      "geometry": {
        "type": "Point",
        "coordinates": [
          -75.9352190690029,
          39.308999964175
        ]
      }
    },
    {
      "type": "Feature",
      "properties": {
        "id": "USGS-391832075560803",
        "name": "KE Be  59",
        "site_type": "Well",
        "latest_readings": []
      },
      "geometry": {
        "type": "Point",
        "coordinates": [
          -75.935556,
          39.308889
        ]
      }
    },
    {
      "type": "Feature",
      "properties": {
        "id": "USGS-391832075560804",
        "name": "KE Be 164",
        "site_type": "Well",
        "latest_readings": []
      },
      "geometry": {
        "type": "Point",
        "coordinates": [
          -75.935556,
          39.308889
        ]
      }
    },
    {
      "type": "Feature",
      "properties": {
        "id": "USGS-391833075492701",
        "name": "KE Bg  49",
        "site_type": "Well",
        "latest_readings": []
      },
      "geometry": {
        "type": "Point",
        "coordinates": [
          -75.8238250224206,
          39.3092777247506
        ]
      }
    },
    {
      "type": "Feature",
      "properties": {
        "id": "USGS-391833075493001",
        "name": "KE Bg  47",
        "site_type": "Well",
        "latest_readings": []
      },
      "geometry": {
        "type": "Point",
        "coordinates": [
          -75.8246583943657,
          39.3092777249285
        ]
      }
    },
    {
      "type": "Feature",
      "properties": {
        "id": "USGS-391833076052801",
        "name": "KE Bc  41",
        "site_type": "Well",
        "latest_readings": []
      },
      "geometry": {
        "type": "Point",
        "coordinates": [
          -76.0907815229933,
          39.3092768732254
        ]
      }
    },
    {
      "type": "Feature",
      "properties": {
        "id": "USGS-391833076071201",
        "name": "KE Bc 150",
        "site_type": "Well",
        "latest_readings": []
      },
      "geometry": {
        "type": "Point",
        "coordinates": [
          -76.1196716513337,
          39.3092765913304
        ]
      }
    },
    {
      "type": "Feature",
      "properties": {
        "id": "USGS-391834075493301",
        "name": "KE Bg  15",
        "site_type": "Well",
        "latest_readings": []
      },
      "geometry": {
        "type": "Point",
        "coordinates": [
          -75.8254917682543,
          39.3095555061499
        ]
      }
    },
    {
      "type": "Feature",
      "properties": {
        "id": "USGS-391835075492301",
        "name": "KE Bg  45",
        "site_type": "Well",
        "latest_readings": []
      },
      "geometry": {
        "type": "Point",
        "coordinates": [
          -75.8227138636394,
          39.3098332864332
        ]
      }
    },
    {
      "type": "Feature",
      "properties": {
        "id": "USGS-391835076041801",
        "name": "KE Bd 141",
        "site_type": "Well",
        "latest_readings": []
      },
      "geometry": {
        "type": "Point",
        "coordinates": [
          -76.0713362513481,
          39.3098326305236
        ]
      }
    },
    {
      "type": "Feature",
      "properties": {
        "id": "USGS-391836075492901",
        "name": "KE Bg  46",
        "site_type": "Well",
        "latest_readings": []
      },
      "geometry": {
        "type": "Point",
        "coordinates": [
          -75.8243806095029,
          39.3101110678994
        ]
      }
    },
    {
      "type": "Feature",
      "properties": {
        "id": "USGS-391836075560801",
        "name": "KE Be 224",
        "site_type": "Well",
        "latest_readings": []
      },
      "geometry": {
        "type": "Point",
        "coordinates": [
          -75.9354166666667,
          39.3100277777778
        ]
      }
    },
    {
      "type": "Feature",
      "properties": {
        "id": "USGS-391837075493301",
        "name": "KE Bg  20",
        "site_type": "Well",
        "latest_readings": []
      },
      "geometry": {
        "type": "Point",
        "coordinates": [
          -75.8254917740846,
          39.3103888492806
        ]
      }
    },
    {
      "type": "Feature",
      "properties": {
        "id": "USGS-391837075493302",
        "name": "KE Bg  21",
        "site_type": "Well",
        "latest_readings": []
      },
      "geometry": {
        "type": "Point",
        "coordinates": [
          -75.8254917740846,
          39.3103888492806
        ]
      }
    },
    {
      "type": "Feature",
      "properties": {
        "id": "USGS-391837076075101",
        "name": "KE Bc  14",
        "site_type": "Well",
        "latest_readings": []
      },
      "geometry": {
        "type": "Point",
        "coordinates": [
          -76.1305054610457,
          39.3103876124504
        ]
      }
    },
    {
      "type": "Feature",
      "properties": {
        "id": "USGS-391838075493201",
        "name": "KE Bg  26",
        "site_type": "Well",
        "latest_readings": []
      },
      "geometry": {
        "type": "Point",
        "coordinates": [
          -75.825213985361,
          39.310666630223
        ]
      }
    },
    {
      "type": "Feature",
      "properties": {
        "id": "USGS-391838075493401",
        "name": "KE Bg  28",
        "site_type": "Well",
        "latest_readings": []
      },
      "geometry": {
        "type": "Point",
        "coordinates": [
          -75.825769566695,
          39.3106666304253
        ]
      }
    },
    {
      "type": "Feature",
      "properties": {
        "id": "USGS-391838075560901",
        "name": "KE Be 165",
        "site_type": "Well",
        "latest_readings": []
      },
      "geometry": {
        "type": "Point",
        "coordinates": [
          -75.935833,
          39.310556
        ]
      }
    },
    {
      "type": "Feature",
      "properties": {
        "id": "USGS-391838075560902",
        "name": "KE Be 166",
        "site_type": "Well",
        "latest_readings": []
      },
      "geometry": {
        "type": "Point",
        "coordinates": [
          -75.935833,
          39.310556
        ]
      }
    },
    {
      "type": "Feature",
      "properties": {
        "id": "USGS-391838075560903",
        "name": "KE Be 167",
        "site_type": "Well",
        "latest_readings": []
      },
      "geometry": {
        "type": "Point",
        "coordinates": [
          -75.935833,
          39.310556
        ]
      }
    },
    {
      "type": "Feature",
      "properties": {
        "id": "USGS-391839075492601",
        "name": "KE Bg  44",
        "site_type": "Well",
        "latest_readings": []
      },
      "geometry": {
        "type": "Point",
        "coordinates": [
          -75.8235472432762,
          39.3109444106012
        ]
      }
    },
    {
      "type": "Feature",
      "properties": {
        "id": "USGS-391839075493601",
        "name": "KE Bg  27",
        "site_type": "Well",
        "latest_readings": []
      },
      "geometry": {
        "type": "Point",
        "coordinates": [
          -75.8263251499837,
          39.3109444116962
        ]
      }
    },
    {
      "type": "Feature",
      "properties": {
        "id": "USGS-391839075574801",
        "name": "KE Be 178",
        "site_type": "Well",
        "latest_readings": []
      },
      "geometry": {
        "type": "Point",
        "coordinates": [
          -75.9629981599941,
          39.3109444655726
        ]
      }
    },
    {
      "type": "Feature",
      "properties": {
        "id": "USGS-391839075574802",
        "name": "KE Be 180",
        "site_type": "Well",
        "latest_readings": []
      },
      "geometry": {
        "type": "Point",
        "coordinates": [
          -75.9629981599941,
          39.3109444655726
        ]
      }
    },
    {
      "type": "Feature",
      "properties": {
        "id": "USGS-391839075574804",
        "name": "180-SW",
        "site_type": "Stream",
        "latest_readings": []
      },
      "geometry": {
        "type": "Point",
        "coordinates": [
          -75.9629981599941,
          39.3109444655726
        ]
      }
    },
    {
      "type": "Feature",
      "properties": {
        "id": "USGS-391839076040301",
        "name": "KE Bd  17",
        "site_type": "Well",
        "latest_readings": []
      },
      "geometry": {
        "type": "Point",
        "coordinates": [
          -76.0671694202701,
          39.3109438071796
        ]
      }
    },
    {
      "type": "Feature",
      "properties": {
        "id": "USGS-391839076055701",
        "name": "KE Bc  81",
        "site_type": "Well",
        "latest_readings": []
      },
      "geometry": {
        "type": "Point",
        "coordinates": [
          -76.098837443554,
          39.3109434915227
        ]
      }
    },
    {
      "type": "Feature",
      "properties": {
        "id": "USGS-391840076040201",
        "name": "KE Bd  13",
        "site_type": "Well",
        "latest_readings": []
      },
      "geometry": {
        "type": "Point",
        "coordinates": [
          -76.066891634162,
          39.3112215938848
        ]
      }
    },
    {
      "type": "Feature",
      "properties": {
        "id": "USGS-391840076061801",
        "name": "KE Bc  21",
        "site_type": "Well",
        "latest_readings": []
      },
      "geometry": {
        "type": "Point",
        "coordinates": [
          -76.1046710299602,
          39.3112212159881
        ]
      }
    },
    {
      "type": "Feature",
      "properties": {
        "id": "USGS-391842075592301",
        "name": "KE Be  44",
        "site_type": "Test hole not completed as a well",
        "latest_readings": []
      },
      "geometry": {
        "type": "Point",
        "coordinates": [
          -75.989388286147,
          39.3117778339206
        ]
      }
    },
    {
      "type": "Feature",
      "properties": {
        "id": "USGS-391842076040801",
        "name": "KE Bd  71",
        "site_type": "Well",
        "latest_readings": []
      },
      "geometry": {
        "type": "Point",
        "coordinates": [
          -76.0685583793162,
          39.3117771449686
        ]
      }
    },
    {
      "type": "Feature",
      "properties": {
        "id": "USGS-391843075551301",
        "name": "KE Be 153",
        "site_type": "Well",
        "latest_readings": []
      },
      "geometry": {
        "type": "Point",
        "coordinates": [
          -75.9199406188732,
          39.3120555841564
        ]
      }
    },
    {
      "type": "Feature",
      "properties": {
        "id": "USGS-391843075551302",
        "name": "KE Be 154",
        "site_type": "Well",
        "latest_readings": []
      },
      "geometry": {
        "type": "Point",
        "coordinates": [
          -75.9199406188732,
          39.3120555841564
        ]
      }
    },
    {
      "type": "Feature",
      "properties": {
        "id": "USGS-391843075551303",
        "name": "KE Be 168",
        "site_type": "Well",
        "latest_readings": []
      },
      "geometry": {
        "type": "Point",
        "coordinates": [
          -75.9199406188732,
          39.3120555841564
        ]
      }
    },
    {
      "type": "Feature",
      "properties": {
        "id": "USGS-391844075561501",
        "name": "KE Be  74",
        "site_type": "Well",
        "latest_readings": []
      },
      "geometry": {
        "type": "Point",
        "coordinates": [
          -75.9371636448274,
          39.3123333774296
        ]
      }
    },
    {
      "type": "Feature",
      "properties": {
        "id": "USGS-391844075581301",
        "name": "KE Be 110",
        "site_type": "Well",
        "latest_readings": []
      },
      "geometry": {
        "type": "Point",
        "coordinates": [
          -75.9699429461766,
          39.3123333952893
        ]
      }
    },
    {
      "type": "Feature",
      "properties": {
        "id": "USGS-391844075582901",
        "name": "KE Be 111",
        "site_type": "Well",
        "latest_readings": []
      },
      "geometry": {
        "type": "Point",
        "coordinates": [
          -75.974387597207,
          39.3123333977109
        ]
      }
    },
    {
      "type": "Feature",
      "properties": {
        "id": "USGS-391845075495301",
        "name": "KE Bg 113",
        "site_type": "Test hole not completed as a well",
        "latest_readings": []
      },
      "geometry": {
        "type": "Point",
        "coordinates": [
          -75.83143888888888,
          39.31258888888889
        ]
      }
    },
    {
      "type": "Feature",
      "properties": {
        "id": "USGS-391845075533401",
        "name": "KE Bf  49",
        "site_type": "Well",
        "latest_readings": []
      },
      "geometry": {
        "type": "Point",
        "coordinates": [
          -75.8924393466763,
          39.3126111361224
        ]
      }
    },
    {
      "type": "Feature",
      "properties": {
        "id": "USGS-391845075551101",
        "name": "KE Be 213",
        "site_type": "Stream",
        "latest_readings": []
      },
      "geometry": {
        "type": "Point",
        "coordinates": [
          -75.9193850439098,
          39.3126111516155
        ]
      }
    },
    {
      "type": "Feature",
      "properties": {
        "id": "USGS-391846075502701",
        "name": "KE Bf  61",
        "site_type": "Well",
        "latest_readings": []
      },
      "geometry": {
        "type": "Point",
        "coordinates": [
          -75.8404924892059,
          39.3128888877497
        ]
      }
    },
    {
      "type": "Feature",
      "properties": {
        "id": "USGS-391846075561701",
        "name": "KE Be  55",
        "site_type": "Well",
        "latest_readings": []
      },
      "geometry": {
        "type": "Point",
        "coordinates": [
          -75.938056,
          39.312778
        ]
      }
    },
    {
      "type": "Feature",
      "properties": {
        "id": "USGS-391846076092801",
        "name": "KE Bc 107",
        "site_type": "Well",
        "latest_readings": []
      },
      "geometry": {
        "type": "Point",
        "coordinates": [
          -76.1574510838719,
          39.3128873726263
        ]
      }
    },
    {
      "type": "Feature",
      "properties": {
        "id": "USGS-391847075502401",
        "name": "KE Bf  60",
        "site_type": "Well",
        "latest_readings": []
      },
      "geometry": {
        "type": "Point",
        "coordinates": [
          -75.839659119249,
          39.3131666687158
        ]
      }
    },
    {
      "type": "Feature",
      "properties": {
        "id": "USGS-391847075513801",
        "name": "KE Bf  54",
        "site_type": "Well",
        "latest_readings": []
      },
      "geometry": {
        "type": "Point",
        "coordinates": [
          -75.8602156310925,
          39.3131666817741
        ]
      }
    },
    {
      "type": "Feature",
      "properties": {
        "id": "USGS-391847075563401",
        "name": "KE Be 181",
        "site_type": "Well",
        "latest_readings": []
      },
      "geometry": {
        "type": "Point",
        "coordinates": [
          -75.9424416784666,
          39.3131667340069
        ]
      }
    },
    {
      "type": "Feature",
      "properties": {
        "id": "USGS-391848075502501",
        "name": "KE Bf  59",
        "site_type": "Well",
        "latest_readings": []
      },
      "geometry": {
        "type": "Point",
        "coordinates": [
          -75.8399369120869,
          39.3134444503711
        ]
      }
    },
    {
      "type": "Feature",
      "properties": {
        "id": "USGS-391848076021601",
        "name": "KE Bd  11",
        "site_type": "Well",
        "latest_readings": []
      },
      "geometry": {
        "type": "Point",
        "coordinates": [
          -76.0374459596668,
          39.3134441681646
        ]
      }
    },
    {
      "type": "Feature",
      "properties": {
        "id": "USGS-391849075561601",
        "name": "KE Be 207",
        "site_type": "Well",
        "latest_readings": []
      },
      "geometry": {
        "type": "Point",
        "coordinates": [
          -75.9374553424565,
          39.3137361888942
        ]
      }
    },
    {
      "type": "Feature",
      "properties": {
        "id": "USGS-391849075561602",
        "name": "KE Be 208",
        "site_type": "Well",
        "latest_readings": []
      },
      "geometry": {
        "type": "Point",
        "coordinates": [
          -75.9374414527488,
          39.3137222996637
        ]
      }
    },
    {
      "type": "Feature",
      "properties": {
        "id": "USGS-391849075561603",
        "name": "KE Be 209",
        "site_type": "Stream",
        "latest_readings": []
      },
      "geometry": {
        "type": "Point",
        "coordinates": [
          -75.9374414527488,
          39.3137222996637
        ]
      }
    },
    {
      "type": "Feature",
      "properties": {
        "id": "USGS-391849075573901",
        "name": "KE Be 179",
        "site_type": "Well",
        "latest_readings": []
      },
      "geometry": {
        "type": "Point",
        "coordinates": [
          -75.9604980815167,
          39.3137223156994
        ]
      }
    },
    {
      "type": "Feature",
      "properties": {
        "id": "USGS-391849076062001",
        "name": "KE Bc  76",
        "site_type": "Well",
        "latest_readings": []
      },
      "geometry": {
        "type": "Point",
        "coordinates": [
          -76.1052266219654,
          39.3123323408038
        ]
      }
    },
    {
      "type": "Feature",
      "properties": {
        "id": "USGS-391850075502701",
        "name": "KE Bf  58",
        "site_type": "Well",
        "latest_readings": []
      },
      "geometry": {
        "type": "Point",
        "coordinates": [
          -75.8404924977852,
          39.3140000137318
        ]
      }
    },
    {
      "type": "Feature",
      "properties": {
        "id": "USGS-391850076102501",
        "name": "KE Bb  32",
        "site_type": "Well",
        "latest_readings": []
      },
      "geometry": {
        "type": "Point",
        "coordinates": [
          -76.173285104112,
          39.3139983317507
        ]
      }
    },
    {
      "type": "Feature",
      "properties": {
        "id": "USGS-391851075554401",
        "name": "KE Be  51",
        "site_type": "Well",
        "latest_readings": []
      },
      "geometry": {
        "type": "Point",
        "coordinates": [
          -75.928889,
          39.314167
        ]
      }
    },
    {
      "type": "Feature",
      "properties": {
        "id": "USGS-391851075561701",
        "name": "KE Be 210",
        "site_type": "Well",
        "latest_readings": []
      },
      "geometry": {
        "type": "Point",
        "coordinates": [
          -75.9377192503571,
          39.3142778687067
        ]
      }
    },
    {
      "type": "Feature",
      "properties": {
        "id": "USGS-391851075561702",
        "name": "KE Be 206",
        "site_type": "Well",
        "latest_readings": []
      },
      "geometry": {
        "type": "Point",
        "coordinates": [
          -75.9377192503571,
          39.3142778687067
        ]
      }
    },
    {
      "type": "Feature",
      "properties": {
        "id": "USGS-391851075561801",
        "name": "KE Be  50",
        "site_type": "Well",
        "latest_readings": []
      },
      "geometry": {
        "type": "Point",
        "coordinates": [
          -75.938333,
          39.314167
        ]
      }
    },
    {
      "type": "Feature",
      "properties": {
        "id": "USGS-391852076052401",
        "name": "KE Bc  43",
        "site_type": "Well",
        "latest_readings": []
      },
      "geometry": {
        "type": "Point",
        "coordinates": [
          -76.0896704274536,
          39.3145547636943
        ]
      }
    },
    {
      "type": "Feature",
      "properties": {
        "id": "USGS-391852076053801",
        "name": "KE Bc  42",
        "site_type": "Well",
        "latest_readings": []
      },
      "geometry": {
        "type": "Point",
        "coordinates": [
          -76.0935594824092,
          39.3145547231582
        ]
      }
    },
    {
      "type": "Feature",
      "properties": {
        "id": "USGS-391853075491801",
        "name": "KE Bg  60",
        "site_type": "Well",
        "latest_readings": []
      },
      "geometry": {
        "type": "Point",
        "coordinates": [
          -75.82271389795,
          39.3148333437109
        ]
      }
    },
    {
      "type": "Feature",
      "properties": {
        "id": "USGS-391853075545201",
        "name": "KE Bf  26",
        "site_type": "Well",
        "latest_readings": []
      },
      "geometry": {
        "type": "Point",
        "coordinates": [
          -75.9141070458053,
          39.3148334182887
        ]
      }
    },
    {
      "type": "Feature",
      "properties": {
        "id": "USGS-391853076024701",
        "name": "KE Bd 137",
        "site_type": "Well",
        "latest_readings": []
      },
      "geometry": {
        "type": "Point",
        "coordinates": [
          -76.046057457814,
          39.3148330029436
        ]
      }
    },
    {
      "type": "Feature",
      "properties": {
        "id": "USGS-391854075585401",
        "name": "KE Be 138",
        "site_type": "Well",
        "latest_readings": []
      },
      "geometry": {
        "type": "Point",
        "coordinates": [
          -75.9813324047984,
          39.3151112588844
        ]
      }
    },
    {
      "type": "Feature",
      "properties": {
        "id": "USGS-391854076060101",
        "name": "KE Bc 105",
        "site_type": "Well",
        "latest_readings": []
      },
      "geometry": {
        "type": "Point",
        "coordinates": [
          -76.0999486505613,
          39.3151102221196
        ]
      }
    },
    {
      "type": "Feature",
      "properties": {
        "id": "USGS-391855075585501",
        "name": "KE Be   4",
        "site_type": "Well",
        "latest_readings": []
      },
      "geometry": {
        "type": "Point",
        "coordinates": [
          -75.9816101995645,
          39.3153890448668
        ]
      }
    },
    {
      "type": "Feature",
      "properties": {
        "id": "USGS-391855076064301",
        "name": "KE Bc 104",
        "site_type": "Well",
        "latest_readings": []
      },
      "geometry": {
        "type": "Point",
        "coordinates": [
          -76.1116158182769,
          39.3153878820633
        ]
      }
    },
    {
      "type": "Feature",
      "properties": {
        "id": "USGS-391856075555901",
        "name": "KE Be  70",
        "site_type": "Well",
        "latest_readings": []
      },
      "geometry": {
        "type": "Point",
        "coordinates": [
          -75.9327190343929,
          39.3156667862991
        ]
      }
    },
    {
      "type": "Feature",
      "properties": {
        "id": "USGS-391857075490201",
        "name": "KE Bg  16",
        "site_type": "Well",
        "latest_readings": []
      },
      "geometry": {
        "type": "Point",
        "coordinates": [
          -75.816880300079,
          39.315944462087
        ]
      }
    },
    {
      "type": "Feature",
      "properties": {
        "id": "USGS-391857076002401",
        "name": "KE Bd  47",
        "site_type": "Well",
        "latest_readings": []
      },
      "geometry": {
        "type": "Point",
        "coordinates": [
          -76.0063335566049,
          39.3159445626136
        ]
      }
    },
    {
      "type": "Feature",
      "properties": {
        "id": "USGS-391857076031001",
        "name": "KE Bd  66",
        "site_type": "Well",
        "latest_readings": []
      },
      "geometry": {
        "type": "Point",
        "coordinates": [
          -76.0524466343502,
          39.3159440738941
        ]
      }
    },
    {
      "type": "Feature",
      "properties": {
        "id": "USGS-391857076052501",
        "name": "KE Bc  26",
        "site_type": "Well",
        "latest_readings": []
      },
      "geometry": {
        "type": "Point",
        "coordinates": [
          -76.0899482204189,
          39.3148325439274
        ]
      }
    },
    {
      "type": "Feature",
      "properties": {
        "id": "USGS-391858075533501",
        "name": "KE Bf  66",
        "site_type": "Well",
        "latest_readings": []
      },
      "geometry": {
        "type": "Point",
        "coordinates": [
          -75.8927171772128,
          39.3165000992485
        ]
      }
    },
    {
      "type": "Feature",
      "properties": {
        "id": "USGS-391858076060101",
        "name": "KE Bc  78",
        "site_type": "Well",
        "latest_readings": []
      },
      "geometry": {
        "type": "Point",
        "coordinates": [
          -76.0999486634401,
          39.3162213532323
        ]
      }
    },
    {
      "type": "Feature",
      "properties": {
        "id": "USGS-391858076074101",
        "name": "KE Bc 109",
        "site_type": "Well",
        "latest_readings": []
      },
      "geometry": {
        "type": "Point",
        "coordinates": [
          -76.1277276256431,
          39.3162210578498
        ]
      }
    },
    {
      "type": "Feature",
      "properties": {
        "id": "USGS-391859075483701",
        "name": "KE Bg  14",
        "site_type": "Well",
        "latest_readings": []
      },
      "geometry": {
        "type": "Point",
        "coordinates": [
          -75.8099355351011,
          39.3165000167328
        ]
      }
    },
    {
      "type": "Feature",
      "properties": {
        "id": "USGS-391859075594701",
        "name": "KE Be 137",
        "site_type": "Well",
        "latest_readings": []
      },
      "geometry": {
        "type": "Point",
        "coordinates": [
          -75.9960553344797,
          39.3165002022548
        ]
      }
    },
    {
      "type": "Feature",
      "properties": {
        "id": "USGS-391900075483601",
        "name": "KE Bg  54",
        "site_type": "Well",
        "latest_readings": []
      },
      "geometry": {
        "type": "Point",
        "coordinates": [
          -75.8096577460867,
          39.3167777970224
        ]
      }
    },
    {
      "type": "Feature",
      "properties": {
        "id": "USGS-391900075491801",
        "name": "KE Bg  43",
        "site_type": "Well",
        "latest_readings": []
      },
      "geometry": {
        "type": "Point",
        "coordinates": [
          -75.8213249575476,
          39.3167778090036
        ]
      }
    },
    {
      "type": "Feature",
      "properties": {
        "id": "USGS-391900076052001",
        "name": "KE Bc  45",
        "site_type": "Well",
        "latest_readings": []
      },
      "geometry": {
        "type": "Point",
        "coordinates": [
          -76.0885592956176,
          39.3167770406935
        ]
      }
    },
    {
      "type": "Feature",
      "properties": {
        "id": "USGS-391900076052701",
        "name": "KE Bc  44",
        "site_type": "Well",
        "latest_readings": []
      },
      "geometry": {
        "type": "Point",
        "coordinates": [
          -76.0905038229306,
          39.3167770198805
        ]
      }
    },
    {
      "type": "Feature",
      "properties": {
        "id": "USGS-391901075545101",
        "name": "KE Bf 187",
        "site_type": "Well",
        "latest_readings": []
      },
      "geometry": {
        "type": "Point",
        "coordinates": [
          -75.9141666666667,
          39.3169444444444
        ]
      }
    },
    {
      "type": "Feature",
      "properties": {
        "id": "USGS-391902075564801",
        "name": "KE Be  73",
        "site_type": "Well",
        "latest_readings": []
      },
      "geometry": {
        "type": "Point",
        "coordinates": [
          -75.9463308017609,
          39.3173335067431
        ]
      }
    },
    {
      "type": "Feature",
      "properties": {
        "id": "USGS-391902075565001",
        "name": "KE Be   7",
        "site_type": "Well",
        "latest_readings": []
      },
      "geometry": {
        "type": "Point",
        "coordinates": [
          -75.9468863832739,
          39.3173335073472
        ]
      }
    },
    {
      "type": "Feature",
      "properties": {
        "id": "USGS-391902076050101",
        "name": "KE Bc  46",
        "site_type": "Well",
        "latest_readings": []
      },
      "geometry": {
        "type": "Point",
        "coordinates": [
          -76.0832812997032,
          39.3173326639101
        ]
      }
    },
    {
      "type": "Feature",
      "properties": {
        "id": "USGS-391902076050102",
        "name": "KE Bc  48",
        "site_type": "Well",
        "latest_readings": []
      },
      "geometry": {
        "type": "Point",
        "coordinates": [
          -76.0832812997032,
          39.3173326639101
        ]
      }
    },
    {
      "type": "Feature",
      "properties": {
        "id": "USGS-391902076054901",
        "name": "KE Bc 106",
        "site_type": "Well",
        "latest_readings": []
      },
      "geometry": {
        "type": "Point",
        "coordinates": [
          -76.0966152009958,
          39.317332520258
        ]
      }
    },
    {
      "type": "Feature",
      "properties": {
        "id": "USGS-391903075483701",
        "name": "KE Bg  53",
        "site_type": "Well",
        "latest_readings": []
      },
      "geometry": {
        "type": "Point",
        "coordinates": [
          -75.8099355420395,
          39.3176111390322
        ]
      }
    },
    {
      "type": "Feature",
      "properties": {
        "id": "USGS-391903076050001",
        "name": "KE Bc  47",
        "site_type": "Well",
        "latest_readings": []
      },
      "geometry": {
        "type": "Point",
        "coordinates": [
          -76.0830035134921,
          39.3176104502747
        ]
      }
    },
    {
      "type": "Feature",
      "properties": {
        "id": "USGS-391903076050201",
        "name": "KE Bc  49",
        "site_type": "Well",
        "latest_readings": []
      },
      "geometry": {
        "type": "Point",
        "coordinates": [
          -76.0835590927068,
          39.3176104442697
        ]
      }
    },
    {
      "type": "Feature",
      "properties": {
        "id": "USGS-391903076073201",
        "name": "KE Bc  69",
        "site_type": "Well",
        "latest_readings": []
      },
      "geometry": {
        "type": "Point",
        "coordinates": [
          -76.1252275338047,
          39.3176099938971
        ]
      }
    },
    {
      "type": "Feature",
      "properties": {
        "id": "USGS-391904075554301",
        "name": "KE Be 152",
        "site_type": "Well",
        "latest_readings": []
      },
      "geometry": {
        "type": "Point",
        "coordinates": [
          -75.9282744092331,
          39.3178890553933
        ]
      }
    },
    {
      "type": "Feature",
      "properties": {
        "id": "USGS-391904075585601",
        "name": "KE Be 139",
        "site_type": "Well",
        "latest_readings": []
      },
      "geometry": {
        "type": "Point",
        "coordinates": [
          -75.9818880266828,
          39.3178891169115
        ]
      }
    },
    {
      "type": "Feature",
      "properties": {
        "id": "USGS-391904076015001",
        "name": "KE Bd  22",
        "site_type": "Well",
        "latest_readings": []
      },
      "geometry": {
        "type": "Point",
        "coordinates": [
          -76.0302234920596,
          39.3178888059676
        ]
      }
    },
    {
      "type": "Feature",
      "properties": {
        "id": "USGS-391904076041401",
        "name": "KE Bd  70",
        "site_type": "Well",
        "latest_readings": []
      },
      "geometry": {
        "type": "Point",
        "coordinates": [
          -76.0702251950899,
          39.3178883722084
        ]
      }
    },
    {
      "type": "Feature",
      "properties": {
        "id": "USGS-391905075542801",
        "name": "KE Bf  70",
        "site_type": "Well",
        "latest_readings": []
      },
      "geometry": {
        "type": "Point",
        "coordinates": [
          -75.9074401049776,
          39.3181668149999
        ]
      }
    },
    {
      "type": "Feature",
      "properties": {
        "id": "USGS-391907075554401",
        "name": "KE Be  57",
        "site_type": "Well",
        "latest_readings": []
      },
      "geometry": {
        "type": "Point",
        "coordinates": [
          -75.928889,
          39.318611000000004
        ]
      }
    },
    {
      "type": "Feature",
      "properties": {
        "id": "USGS-391907075554402",
        "name": "KE Be  58",
        "site_type": "Well",
        "latest_readings": []
      },
      "geometry": {
        "type": "Point",
        "coordinates": [
          -75.928889,
          39.318611000000004
        ]
      }
    },
    {
      "type": "Feature",
      "properties": {
        "id": "USGS-391907075585201",
        "name": "KE Be  35",
        "site_type": "Well",
        "latest_readings": []
      },
      "geometry": {
        "type": "Point",
        "coordinates": [
          -75.9807768757114,
          39.3187224728032
        ]
      }
    },
    {
      "type": "Feature",
      "properties": {
        "id": "USGS-391908076055901",
        "name": "KE Bc  77",
        "site_type": "Well",
        "latest_readings": []
      },
      "geometry": {
        "type": "Point",
        "coordinates": [
          -76.0993931164519,
          39.3189991871163
        ]
      }
    },
    {
      "type": "Feature",
      "properties": {
        "id": "USGS-391908076074301",
        "name": "KE Bc 183",
        "site_type": "Well",
        "latest_readings": []
      },
      "geometry": {
        "type": "Point",
        "coordinates": [
          -76.1282832340833,
          39.3189988697974
        ]
      }
    },
    {
      "type": "Feature",
      "properties": {
        "id": "USGS-391909075530301",
        "name": "KE Bf  29",
        "site_type": "Well",
        "latest_readings": []
      },
      "geometry": {
        "type": "Point",
        "coordinates": [
          -75.883827900628,
          39.3192779183998
        ]
      }
    },
    {
      "type": "Feature",
      "properties": {
        "id": "USGS-391909076054401",
        "name": "KE Bc  79",
        "site_type": "Well",
        "latest_readings": []
      },
      "geometry": {
        "type": "Point",
        "coordinates": [
          -76.0952262758325,
          39.3192770158271
        ]
      }
    },
    {
      "type": "Feature",
      "properties": {
        "id": "USGS-391910076024801",
        "name": "KE Bd  64",
        "site_type": "Well",
        "latest_readings": []
      },
      "geometry": {
        "type": "Point",
        "coordinates": [
          -76.0463353118386,
          39.3195553391975
        ]
      }
    },
    {
      "type": "Feature",
      "properties": {
        "id": "USGS-391910076074701",
        "name": "KE Bc  65",
        "site_type": "Well",
        "latest_readings": []
      },
      "geometry": {
        "type": "Point",
        "coordinates": [
          -76.1293943982694,
          39.319554421086
        ]
      }
    },
    {
      "type": "Feature",
      "properties": {
        "id": "USGS-391911075530201",
        "name": "KE Bf  28",
        "site_type": "Well",
        "latest_readings": []
      },
      "geometry": {
        "type": "Point",
        "coordinates": [
          -75.8835501152912,
          39.3198334836249
        ]
      }
    },
    {
      "type": "Feature",
      "properties": {
        "id": "USGS-391911075583501",
        "name": "KE Be 112",
        "site_type": "Well",
        "latest_readings": []
      },
      "geometry": {
        "type": "Point",
        "coordinates": [
          -75.9760544483925,
          39.3198336092774
        ]
      }
    },
    {
      "type": "Feature",
      "properties": {
        "id": "USGS-391911075583502",
        "name": "KE Be 113",
        "site_type": "Well",
        "latest_readings": []
      },
      "geometry": {
        "type": "Point",
        "coordinates": [
          -75.9760544483925,
          39.3198336092774
        ]
      }
    },
    {
      "type": "Feature",
      "properties": {
        "id": "USGS-391911075584101",
        "name": "KE Be 141",
        "site_type": "Well",
        "latest_readings": []
      },
      "geometry": {
        "type": "Point",
        "coordinates": [
          -75.9777211931331,
          39.3198336115414
        ]
      }
    },
    {
      "type": "Feature",
      "properties": {
        "id": "USGS-391911076011301",
        "name": "KE Bd  49",
        "site_type": "Well",
        "latest_readings": []
      },
      "geometry": {
        "type": "Point",
        "coordinates": [
          -76.0199453051667,
          39.3198334164861
        ]
      }
    },
    {
      "type": "Feature",
      "properties": {
        "id": "USGS-391911076061601",
        "name": "KE Bc   3",
        "site_type": "Well",
        "latest_readings": []
      },
      "geometry": {
        "type": "Point",
        "coordinates": [
          -76.104115549053,
          39.3198324831435
        ]
      }
    },
    {
      "type": "Feature",
      "properties": {
        "id": "USGS-391912075482301",
        "name": "KE Bg  30",
        "site_type": "Test hole not completed as a well",
        "latest_readings": []
      },
      "geometry": {
        "type": "Point",
        "coordinates": [
          -75.8060464865373,
          39.3201111588061
        ]
      }
    },
    {
      "type": "Feature",
      "properties": {
        "id": "USGS-391912075483201",
        "name": "KE Bg  31",
        "site_type": "Well",
        "latest_readings": []
      },
      "geometry": {
        "type": "Point",
        "coordinates": [
          -75.8085466036817,
          39.3201111622775
        ]
      }
    },
    {
      "type": "Feature",
      "properties": {
        "id": "USGS-391912075520001",
        "name": "KE Bf  31",
        "site_type": "Well",
        "latest_readings": []
      },
      "geometry": {
        "type": "Point",
        "coordinates": [
          -75.866327088797,
          39.320111242504
        ]
      }
    },
    {
      "type": "Feature",
      "properties": {
        "id": "USGS-391912075590001",
        "name": "KE Be 140",
        "site_type": "Well",
        "latest_readings": []
      },
      "geometry": {
        "type": "Point",
        "coordinates": [
          -75.9829992222029,
          39.3201114045
        ]
      }
    },
    {
      "type": "Feature",
      "properties": {
        "id": "USGS-391912076070401",
        "name": "KE Bc  74",
        "site_type": "Well",
        "latest_readings": []
      },
      "geometry": {
        "type": "Point",
        "coordinates": [
          -76.117449452109,
          39.3201101174523
        ]
      }
    },
    {
      "type": "Feature",
      "properties": {
        "id": "USGS-391912076080601",
        "name": "KE Bc 110",
        "site_type": "Well",
        "latest_readings": []
      },
      "geometry": {
        "type": "Point",
        "coordinates": [
          -76.1346724061211,
          39.3201099258679
        ]
      }
    },
    {
      "type": "Feature",
      "properties": {
        "id": "USGS-391913075483301",
        "name": "KE Bg 112",
        "site_type": "Well",
        "latest_readings": []
      },
      "geometry": {
        "type": "Point",
        "coordinates": [
          -75.8091666666667,
          39.3202777777778
        ]
      }
    },
    {
      "type": "Feature",
      "properties": {
        "id": "USGS-391913076024701",
        "name": "KE Bd  63",
        "site_type": "Well",
        "latest_readings": []
      },
      "geometry": {
        "type": "Point",
        "coordinates": [
          -76.0460575336233,
          39.3203886962666
        ]
      }
    },
    {
      "type": "Feature",
      "properties": {
        "id": "USGS-391913076025001",
        "name": "KE Bd 148",
        "site_type": "Well",
        "latest_readings": []
      },
      "geometry": {
        "type": "Point",
        "coordinates": [
          -76.046890902357,
          39.3203886869672
        ]
      }
    },
    {
      "type": "Feature",
      "properties": {
        "id": "USGS-391913076054001",
        "name": "KE Bc  80",
        "site_type": "Well",
        "latest_readings": []
      },
      "geometry": {
        "type": "Point",
        "coordinates": [
          -76.0941151305998,
          39.3203881600007
        ]
      }
    },
    {
      "type": "Feature",
      "properties": {
        "id": "USGS-391914075584201",
        "name": "KE Be 187",
        "site_type": "Stream",
        "latest_readings": []
      },
      "geometry": {
        "type": "Point",
        "coordinates": [
          -75.9779989958959,
          39.3206669688343
        ]
      }
    },
    {
      "type": "Feature",
      "properties": {
        "id": "USGS-391915075504201",
        "name": "KE Bf  57",
        "site_type": "Well",
        "latest_readings": []
      },
      "geometry": {
        "type": "Point",
        "coordinates": [
          -75.8446594134811,
          39.3209445572823
        ]
      }
    },
    {
      "type": "Feature",
      "properties": {
        "id": "USGS-391915075540201",
        "name": "KE Bf  25",
        "site_type": "Well",
        "latest_readings": []
      },
      "geometry": {
        "type": "Point",
        "coordinates": [
          -75.9002175744834,
          39.320944639445
        ]
      }
    },
    {
      "type": "Feature",
      "properties": {
        "id": "USGS-391916075560401",
        "name": "KE Be   9",
        "site_type": "Well",
        "latest_readings": []
      },
      "geometry": {
        "type": "Point",
        "coordinates": [
          -75.9341080560965,
          39.3212224738804
        ]
      }
    },
    {
      "type": "Feature",
      "properties": {
        "id": "USGS-391916075574801",
        "name": "KE Be 118",
        "site_type": "Well",
        "latest_readings": []
      },
      "geometry": {
        "type": "Point",
        "coordinates": [
          -75.9629983002056,
          39.3212225174755
        ]
      }
    },
    {
      "type": "Feature",
      "properties": {
        "id": "USGS-391916075584701",
        "name": "KE Be 142",
        "site_type": "Well",
        "latest_readings": []
      },
      "geometry": {
        "type": "Point",
        "coordinates": [
          -75.9793879579214,
          39.3212225422073
        ]
      }
    },
    {
      "type": "Feature",
      "properties": {
        "id": "USGS-391916076051301",
        "name": "KE Bc  40",
        "site_type": "Well",
        "latest_readings": []
      },
      "geometry": {
        "type": "Point",
        "coordinates": [
          -76.0866148220793,
          39.3212215934313
        ]
      }
    },
    {
      "type": "Feature",
      "properties": {
        "id": "USGS-391916076072601",
        "name": "KE Bc  71",
        "site_type": "Well",
        "latest_readings": []
      },
      "geometry": {
        "type": "Point",
        "coordinates": [
          -76.123560834766,
          39.3212211772746
        ]
      }
    },
    {
      "type": "Feature",
      "properties": {
        "id": "USGS-391917075462701",
        "name": "KE Bg  61",
        "site_type": "Well",
        "latest_readings": []
      },
      "geometry": {
        "type": "Point",
        "coordinates": [
          -75.7738227607026,
          39.3215000114984
        ]
      }
    },
    {
      "type": "Feature",
      "properties": {
        "id": "USGS-391917075463201",
        "name": "KE Bg  12",
        "site_type": "Well",
        "latest_readings": []
      },
      "geometry": {
        "type": "Point",
        "coordinates": [
          -75.7752117147649,
          39.3215000136362
        ]
      }
    },
    {
      "type": "Feature",
      "properties": {
        "id": "USGS-391917075483101",
        "name": "KE Bg  52",
        "site_type": "Well",
        "latest_readings": []
      },
      "geometry": {
        "type": "Point",
        "coordinates": [
          -75.8082688214489,
          39.321500064515
        ]
      }
    },
    {
      "type": "Feature",
      "properties": {
        "id": "USGS-391917076032601",
        "name": "KE Bd  67",
        "site_type": "Well",
        "latest_readings": []
      },
      "geometry": {
        "type": "Point",
        "coordinates": [
          -76.0568913418642,
          39.3214997125207
        ]
      }
    },
    {
      "type": "Feature",
      "properties": {
        "id": "USGS-391917076071401",
        "name": "KE Bc  73",
        "site_type": "Well",
        "latest_readings": []
      },
      "geometry": {
        "type": "Point",
        "coordinates": [
          -76.1202273629421,
          39.3214989968903
        ]
      }
    },
    {
      "type": "Feature",
      "properties": {
        "id": "USGS-391917076071801",
        "name": "KE Bc  72",
        "site_type": "Well",
        "latest_readings": []
      },
      "geometry": {
        "type": "Point",
        "coordinates": [
          -76.1213385212066,
          39.3214989843354
        ]
      }
    },
    {
      "type": "Feature",
      "properties": {
        "id": "USGS-391917076081201",
        "name": "KE Bc 111",
        "site_type": "Well",
        "latest_readings": []
      },
      "geometry": {
        "type": "Point",
        "coordinates": [
          -76.1363391577777,
          39.321498814844
        ]
      }
    },
    {
      "type": "Feature",
      "properties": {
        "id": "USGS-391918075544901",
        "name": "KE Bf  69",
        "site_type": "Well",
        "latest_readings": []
      },
      "geometry": {
        "type": "Point",
        "coordinates": [
          -75.9132737516848,
          39.3217780098185
        ]
      }
    },
    {
      "type": "Feature",
      "properties": {
        "id": "USGS-391918075574801",
        "name": "KE Be 117",
        "site_type": "Well",
        "latest_readings": []
      },
      "geometry": {
        "type": "Point",
        "coordinates": [
          -75.9629983077846,
          39.3217780878486
        ]
      }
    },
    {
      "type": "Feature",
      "properties": {
        "id": "USGS-391918076004801",
        "name": "KE Bd  48",
        "site_type": "Well",
        "latest_readings": []
      },
      "geometry": {
        "type": "Point",
        "coordinates": [
          -76.0130005945561,
          39.3217779942643
        ]
      }
    },
    {
      "type": "Feature",
      "properties": {
        "id": "USGS-391919075483301",
        "name": "KE Bg  32",
        "site_type": "Well",
        "latest_readings": []
      },
      "geometry": {
        "type": "Point",
        "coordinates": [
          -75.8088244065132,
          39.3220556264529
        ]
      }
    },
    {
      "type": "Feature",
      "properties": {
        "id": "USGS-391919075483302",
        "name": "KE Bg  51",
        "site_type": "Well",
        "latest_readings": []
      },
      "geometry": {
        "type": "Point",
        "coordinates": [
          -75.8088244065132,
          39.3220556264529
        ]
      }
    },
    {
      "type": "Feature",
      "properties": {
        "id": "USGS-391919075493501",
        "name": "KE Bg  42",
        "site_type": "Well",
        "latest_readings": []
      },
      "geometry": {
        "type": "Point",
        "coordinates": [
          -75.8260474373489,
          39.322055653999
        ]
      }
    },
    {
      "type": "Feature",
      "properties": {
        "id": "USGS-391919075504301",
        "name": "KE Bf  56",
        "site_type": "Well",
        "latest_readings": []
      },
      "geometry": {
        "type": "Point",
        "coordinates": [
          -75.8449372131041,
          39.3220556842109
        ]
      }
    },
    {
      "type": "Feature",
      "properties": {
        "id": "USGS-391920075493501",
        "name": "KE Bg  41",
        "site_type": "Well",
        "latest_readings": []
      },
      "geometry": {
        "type": "Point",
        "coordinates": [
          -75.8260474392998,
          39.3223334350593
        ]
      }
    },
    {
      "type": "Feature",
      "properties": {
        "id": "USGS-391920075494101",
        "name": "KE Bg  40",
        "site_type": "Well",
        "latest_readings": []
      },
      "geometry": {
        "type": "Point",
        "coordinates": [
          -75.8277141842417,
          39.3223334377753
        ]
      }
    },
    {
      "type": "Feature",
      "properties": {
        "id": "USGS-391920075511201",
        "name": "KE Bf  55",
        "site_type": "Well",
        "latest_readings": []
      },
      "geometry": {
        "type": "Point",
        "coordinates": [
          -75.8529931491947,
          39.3223334789675
        ]
      }
    },
    {
      "type": "Feature",
      "properties": {
        "id": "USGS-391921076044301",
        "name": "KE Bd   7",
        "site_type": "Well",
        "latest_readings": []
      },
      "geometry": {
        "type": "Point",
        "coordinates": [
          -76.078281152253,
          39.3226106049875
        ]
      }
    },
    {
      "type": "Feature",
      "properties": {
        "id": "USGS-391922075553101",
        "name": "KE Be  69",
        "site_type": "Well",
        "latest_readings": []
      },
      "geometry": {
        "type": "Point",
        "coordinates": [
          -75.9249409790795,
          39.3228891642869
        ]
      }
    },
    {
      "type": "Feature",
      "properties": {
        "id": "USGS-391922075564801",
        "name": "KE Be  71",
        "site_type": "Well",
        "latest_readings": []
      },
      "geometry": {
        "type": "Point",
        "coordinates": [
          -75.9463308730756,
          39.3228892004308
        ]
      }
    },
    {
      "type": "Feature",
      "properties": {
        "id": "USGS-391922076022301",
        "name": "KE Bd 146",
        "site_type": "Well",
        "latest_readings": []
      },
      "geometry": {
        "type": "Point",
        "coordinates": [
          -76.0393906185033,
          39.3228888347592
        ]
      }
    },
    {
      "type": "Feature",
      "properties": {
        "id": "USGS-391922076051601",
        "name": "KE Bc  39",
        "site_type": "Well",
        "latest_readings": []
      },
      "geometry": {
        "type": "Point",
        "coordinates": [
          -76.0874482108991,
          39.322888283341
        ]
      }
    },
    {
      "type": "Feature",
      "properties": {
        "id": "USGS-391923075564301",
        "name": "KE Be  49",
        "site_type": "Well",
        "latest_readings": []
      },
      "geometry": {
        "type": "Point",
        "coordinates": [
          -75.945278,
          39.323056
        ]
      }
    },
    {
      "type": "Feature",
      "properties": {
        "id": "USGS-391923075565001",
        "name": "KE Be  56",
        "site_type": "Well",
        "latest_readings": []
      },
      "geometry": {
        "type": "Point",
        "coordinates": [
          -75.947222,
          39.323056
        ]
      }
    },
    {
      "type": "Feature",
      "properties": {
        "id": "USGS-391923076041001",
        "name": "KE Bd  69",
        "site_type": "Well",
        "latest_readings": []
      },
      "geometry": {
        "type": "Point",
        "coordinates": [
          -76.0691141040516,
          39.323166277567
        ]
      }
    },
    {
      "type": "Feature",
      "properties": {
        "id": "USGS-391924075564801",
        "name": "KE Be  72",
        "site_type": "Well",
        "latest_readings": []
      },
      "geometry": {
        "type": "Point",
        "coordinates": [
          -75.946330880207,
          39.3234447697996
        ]
      }
    },
    {
      "type": "Feature",
      "properties": {
        "id": "USGS-391924076061701",
        "name": "KE Bc  75",
        "site_type": "Well",
        "latest_readings": []
      },
      "geometry": {
        "type": "Point",
        "coordinates": [
          -76.104393379881,
          39.3234436541551
        ]
      }
    },
    {
      "type": "Feature",
      "properties": {
        "id": "USGS-391925075502201",
        "name": "KE Bf  33",
        "site_type": "Well",
        "latest_readings": []
      },
      "geometry": {
        "type": "Point",
        "coordinates": [
          -75.8391036186426,
          39.3237223636029
        ]
      }
    },
    {
      "type": "Feature",
      "properties": {
        "id": "USGS-391925075575201",
        "name": "KE Be 197",
        "site_type": "Stream",
        "latest_readings": []
      },
      "geometry": {
        "type": "Point",
        "coordinates": [
          -75.9641094976804,
          39.3237225861326
        ]
      }
    },
    {
      "type": "Feature",
      "properties": {
        "id": "USGS-391925076073801",
        "name": "KE Bc  68",
        "site_type": "Well",
        "latest_readings": []
      },
      "geometry": {
        "type": "Point",
        "coordinates": [
          -76.1268943360038,
          39.3237211762343
        ]
      }
    },
    {
      "type": "Feature",
      "properties": {
        "id": "USGS-391927075462501",
        "name": "KE Bg  13",
        "site_type": "Well",
        "latest_readings": []
      },
      "geometry": {
        "type": "Point",
        "coordinates": [
          -75.7732671915007,
          39.324277805344
        ]
      }
    },
    {
      "type": "Feature",
      "properties": {
        "id": "USGS-391927076000301",
        "name": "KE Bd  42",
        "site_type": "Well",
        "latest_readings": []
      },
      "geometry": {
        "type": "Point",
        "coordinates": [
          -76.0005001026692,
          39.3242782123045
        ]
      }
    },
    {
      "type": "Feature",
      "properties": {
        "id": "USGS-391928075523201",
        "name": "KE Bf  30",
        "site_type": "Well",
        "latest_readings": []
      },
      "geometry": {
        "type": "Point",
        "coordinates": [
          -75.8752164359754,
          39.3245557755145
        ]
      }
    },
    {
      "type": "Feature",
      "properties": {
        "id": "USGS-391928075523301",
        "name": "KE Bf  52",
        "site_type": "Well",
        "latest_readings": []
      },
      "geometry": {
        "type": "Point",
        "coordinates": [
          -75.8754942268289,
          39.3245557760341
        ]
      }
    },
    {
      "type": "Feature",
      "properties": {
        "id": "USGS-391928075542601",
        "name": "KE Bf  48",
        "site_type": "Well",
        "latest_readings": []
      },
      "geometry": {
        "type": "Point",
        "coordinates": [
          -75.9068845932738,
          39.3245558347511
        ]
      }
    },
    {
      "type": "Feature",
      "properties": {
        "id": "USGS-391928076041301",
        "name": "KE Bd  68",
        "site_type": "Well",
        "latest_readings": []
      },
      "geometry": {
        "type": "Point",
        "coordinates": [
          -76.0699474903843,
          39.3245551871217
        ]
      }
    },
    {
      "type": "Feature",
      "properties": {
        "id": "USGS-391928076050601",
        "name": "KE Bc  38",
        "site_type": "Well",
        "latest_readings": []
      },
      "geometry": {
        "type": "Point",
        "coordinates": [
          -76.084670335674,
          39.3245550150954
        ]
      }
    },
    {
      "type": "Feature",
      "properties": {
        "id": "USGS-391928076080401",
        "name": "KE Bc  66",
        "site_type": "Well",
        "latest_readings": []
      },
      "geometry": {
        "type": "Point",
        "coordinates": [
          -76.1341168726848,
          39.3245544373465
        ]
      }
    },
    {
      "type": "Feature",
      "properties": {
        "id": "USGS-391929076024001",
        "name": "KE Bd  62",
        "site_type": "Well",
        "latest_readings": []
      },
      "geometry": {
        "type": "Point",
        "coordinates": [
          -76.0441130675549,
          39.3248332737135
        ]
      }
    },
    {
      "type": "Feature",
      "properties": {
        "id": "USGS-391929076075201",
        "name": "KE Bc  67",
        "site_type": "Well",
        "latest_readings": []
      },
      "geometry": {
        "type": "Point",
        "coordinates": [
          -76.1307834011727,
          39.3248322579938
        ]
      }
    },
    {
      "type": "Feature",
      "properties": {
        "id": "USGS-391929076084001",
        "name": "KE Bc  70",
        "site_type": "Well",
        "latest_readings": []
      },
      "geometry": {
        "type": "Point",
        "coordinates": [
          -76.1441172986523,
          39.3248321017293
        ]
      }
    },
    {
      "type": "Feature",
      "properties": {
        "id": "USGS-391930075580201",
        "name": "KE Be 115",
        "site_type": "Well",
        "latest_readings": []
      },
      "geometry": {
        "type": "Point",
        "coordinates": [
          -75.966887425312,
          39.3251115175964
        ]
      }
    },
    {
      "type": "Feature",
      "properties": {
        "id": "USGS-391930075585701",
        "name": "KE Be 143",
        "site_type": "Well",
        "latest_readings": []
      },
      "geometry": {
        "type": "Point",
        "coordinates": [
          -75.9821659226644,
          39.3251115470962
        ]
      }
    },
    {
      "type": "Feature",
      "properties": {
        "id": "USGS-391930076051801",
        "name": "KE Bc  37",
        "site_type": "Well",
        "latest_readings": []
      },
      "geometry": {
        "type": "Point",
        "coordinates": [
          -76.0880038167716,
          39.3251105425393
        ]
      }
    },
    {
      "type": "Feature",
      "properties": {
        "id": "USGS-391931075512601",
        "name": "KE Bf  53",
        "site_type": "Well",
        "latest_readings": []
      },
      "geometry": {
        "type": "Point",
        "coordinates": [
          -75.8568822467394,
          39.3253890871876
        ]
      }
    },
    {
      "type": "Feature",
      "properties": {
        "id": "USGS-391932075512701",
        "name": "KE Bf  32",
        "site_type": "Well",
        "latest_readings": []
      },
      "geometry": {
        "type": "Point",
        "coordinates": [
          -75.8571600399727,
          39.32566686973
        ]
      }
    },
    {
      "type": "Feature",
      "properties": {
        "id": "USGS-391932075585001",
        "name": "KE Be   3",
        "site_type": "Well",
        "latest_readings": []
      },
      "geometry": {
        "type": "Point",
        "coordinates": [
          -75.9802213946792,
          39.3256671147526
        ]
      }
    },
    {
      "type": "Feature",
      "properties": {
        "id": "USGS-391932075593401",
        "name": "KE Be   2",
        "site_type": "Well",
        "latest_readings": []
      },
      "geometry": {
        "type": "Point",
        "coordinates": [
          -75.9924441928893,
          39.3256671390889
        ]
      }
    },
    {
      "type": "Feature",
      "properties": {
        "id": "USGS-391932076024201",
        "name": "KE Bd  61",
        "site_type": "Well",
        "latest_readings": []
      },
      "geometry": {
        "type": "Point",
        "coordinates": [
          -76.0446686580321,
          39.3256666213469
        ]
      }
    },
    {
      "type": "Feature",
      "properties": {
        "id": "USGS-391932076082401",
        "name": "KE Bc  52",
        "site_type": "Well",
        "latest_readings": []
      },
      "geometry": {
        "type": "Point",
        "coordinates": [
          -76.1396726745561,
          39.325665497977
        ]
      }
    },
    {
      "type": "Feature",
      "properties": {
        "id": "USGS-391933075522801",
        "name": "KE Bf 177",
        "site_type": "Well",
        "latest_readings": []
      },
      "geometry": {
        "type": "Point",
        "coordinates": [
          -75.8741052855419,
          39.3259446859773
        ]
      }
    },
    {
      "type": "Feature",
      "properties": {
        "id": "USGS-391933075571101",
        "name": "KE Be 119",
        "site_type": "Well",
        "latest_readings": []
      },
      "geometry": {
        "type": "Point",
        "coordinates": [
          -75.9527201023579,
          39.3259448448728
        ]
      }
    },
    {
      "type": "Feature",
      "properties": {
        "id": "USGS-391933076054701",
        "name": "KE Bc  36",
        "site_type": "Well",
        "latest_readings": []
      },
      "geometry": {
        "type": "Point",
        "coordinates": [
          -76.096059722863,
          39.3259437965905
        ]
      }
    },
    {
      "type": "Feature",
      "properties": {
        "id": "USGS-391933076083401",
        "name": "KE Bc  51",
        "site_type": "Well",
        "latest_readings": []
      },
      "geometry": {
        "type": "Point",
        "coordinates": [
          -76.1424505725457,
          39.3259432464192
        ]
      }
    },
    {
      "type": "Feature",
      "properties": {
        "id": "USGS-391934076081501",
        "name": "KE Bc  54",
        "site_type": "Well",
        "latest_readings": []
      },
      "geometry": {
        "type": "Point",
        "coordinates": [
          -76.137172574509,
          39.3262210904876
        ]
      }
    },
    {
      "type": "Feature",
      "properties": {
        "id": "USGS-391935075531101",
        "name": "KE Bf  50",
        "site_type": "Well",
        "latest_readings": []
      },
      "geometry": {
        "type": "Point",
        "coordinates": [
          -75.8860502985569,
          39.3265002758567
        ]
      }
    },
    {
      "type": "Feature",
      "properties": {
        "id": "USGS-391935076010201",
        "name": "KE Bd  10",
        "site_type": "Well",
        "latest_readings": []
      },
      "geometry": {
        "type": "Point",
        "coordinates": [
          -76.0168897181302,
          39.3265003068816
        ]
      }
    },
    {
      "type": "Feature",
      "properties": {
        "id": "USGS-391935076074501",
        "name": "KE Bc  22",
        "site_type": "Well",
        "latest_readings": []
      },
      "geometry": {
        "type": "Point",
        "coordinates": [
          -76.1288388919393,
          39.3264989713788
        ]
      }
    },
    {
      "type": "Feature",
      "properties": {
        "id": "USGS-391936076001701",
        "name": "KE Bd  44",
        "site_type": "Well",
        "latest_readings": []
      },
      "geometry": {
        "type": "Point",
        "coordinates": [
          -76.0043891942691,
          39.3267782421332
        ]
      }
    },
    {
      "type": "Feature",
      "properties": {
        "id": "USGS-391936076020701",
        "name": "KE Bd  12",
        "site_type": "Well",
        "latest_readings": []
      },
      "geometry": {
        "type": "Point",
        "coordinates": [
          -76.0349460403946,
          39.3267778765334
        ]
      }
    },
    {
      "type": "Feature",
      "properties": {
        "id": "USGS-391936076024101",
        "name": "KE Bd   2",
        "site_type": "Well",
        "latest_readings": []
      },
      "geometry": {
        "type": "Point",
        "coordinates": [
          -76.0443908837425,
          39.3267777635298
        ]
      }
    },
    {
      "type": "Feature",
      "properties": {
        "id": "USGS-391936076045801",
        "name": "KE Bd  41",
        "site_type": "Well",
        "latest_readings": []
      },
      "geometry": {
        "type": "Point",
        "coordinates": [
          -76.0824480466443,
          39.3267773081918
        ]
      }
    },
    {
      "type": "Feature",
      "properties": {
        "id": "USGS-391936076074901",
        "name": "KE Bc  23",
        "site_type": "Well",
        "latest_readings": []
      },
      "geometry": {
        "type": "Point",
        "coordinates": [
          -76.1299500528939,
          39.3267767398503
        ]
      }
    },
    {
      "type": "Feature",
      "properties": {
        "id": "USGS-391937076001702",
        "name": "KE Bd  45",
        "site_type": "Well",
        "latest_readings": []
      },
      "geometry": {
        "type": "Point",
        "coordinates": [
          -76.0043891985009,
          39.3270560282591
        ]
      }
    },
    {
      "type": "Feature",
      "properties": {
        "id": "USGS-391937076001703",
        "name": "KE Bd  46",
        "site_type": "Well",
        "latest_readings": []
      },
      "geometry": {
        "type": "Point",
        "coordinates": [
          -76.0043891985009,
          39.3270560282591
        ]
      }
    },
    {
      "type": "Feature",
      "properties": {
        "id": "USGS-391937076001801",
        "name": "KE Bd  27",
        "site_type": "Well",
        "latest_readings": []
      },
      "geometry": {
        "type": "Point",
        "coordinates": [
          -76.0046669880082,
          39.3270560249257
        ]
      }
    },
    {
      "type": "Feature",
      "properties": {
        "id": "USGS-391937076024301",
        "name": "KE Bd  60",
        "site_type": "Well",
        "latest_readings": []
      },
      "geometry": {
        "type": "Point",
        "coordinates": [
          -76.0449464665652,
          39.3270555415876
        ]
      }
    },
    {
      "type": "Feature",
      "properties": {
        "id": "USGS-391937076040901",
        "name": "KE Bd   8",
        "site_type": "Well",
        "latest_readings": []
      },
      "geometry": {
        "type": "Point",
        "coordinates": [
          -76.0688363641921,
          39.3270552549181
        ]
      }
    },
    {
      "type": "Feature",
      "properties": {
        "id": "USGS-391938075580301",
        "name": "KE Be 116",
        "site_type": "Well",
        "latest_readings": []
      },
      "geometry": {
        "type": "Point",
        "coordinates": [
          -75.9671652469365,
          39.3273338006296
        ]
      }
    },
    {
      "type": "Feature",
      "properties": {
        "id": "USGS-391938076023701",
        "name": "KE Bd  52",
        "site_type": "Well",
        "latest_readings": []
      },
      "geometry": {
        "type": "Point",
        "coordinates": [
          -76.0432797333413,
          39.3273333463513
        ]
      }
    },
    {
      "type": "Feature",
      "properties": {
        "id": "USGS-391938076024801",
        "name": "KE Bd  54",
        "site_type": "Well",
        "latest_readings": []
      },
      "geometry": {
        "type": "Point",
        "coordinates": [
          -76.0463354178892,
          39.3273333095772
        ]
      }
    },
    {
      "type": "Feature",
      "properties": {
        "id": "USGS-391938076082601",
        "name": "KE Bc  53",
        "site_type": "Well",
        "latest_readings": []
      },
      "geometry": {
        "type": "Point",
        "coordinates": [
          -76.1402282703587,
          39.32733217961
        ]
      }
    },
    {
      "type": "Feature",
      "properties": {
        "id": "USGS-391939075571101",
        "name": "KE Be 147",
        "site_type": "Well",
        "latest_readings": []
      },
      "geometry": {
        "type": "Point",
        "coordinates": [
          -75.952720124267,
          39.3276115541341
        ]
      }
    },
    {
      "type": "Feature",
      "properties": {
        "id": "USGS-391939076025301",
        "name": "KE Bd  55",
        "site_type": "Well",
        "latest_readings": []
      },
      "geometry": {
        "type": "Point",
        "coordinates": [
          -76.0477243691837,
          39.3276110774694
        ]
      }
    },
    {
      "type": "Feature",
      "properties": {
        "id": "USGS-391939076054701",
        "name": "KE Bc  35",
        "site_type": "Well",
        "latest_readings": []
      },
      "geometry": {
        "type": "Point",
        "coordinates": [
          -76.0960597424283,
          39.327610494077
        ]
      }
    },
    {
      "type": "Feature",
      "properties": {
        "id": "USGS-391940075511501",
        "name": "KE Bf 167",
        "site_type": "Well",
        "latest_readings": []
      },
      "geometry": {
        "type": "Point",
        "coordinates": [
          -75.8538265681424,
          39.3278891182711
        ]
      }
    },
    {
      "type": "Feature",
      "properties": {
        "id": "USGS-391940075570101",
        "name": "KE Be  48",
        "site_type": "Well",
        "latest_readings": []
      },
      "geometry": {
        "type": "Point",
        "coordinates": [
          -75.950278,
          39.327778
        ]
      }
    },
    {
      "type": "Feature",
      "properties": {
        "id": "USGS-391940075570102",
        "name": "KE Be 185",
        "site_type": "Test hole not completed as a well",
        "latest_readings": []
      },
      "geometry": {
        "type": "Point",
        "coordinates": [
          -75.949942218936,
          39.3278893328104
        ]
      }
    },
    {
      "type": "Feature",
      "properties": {
        "id": "USGS-391940076022501",
        "name": "KE Bd  65",
        "site_type": "Well",
        "latest_readings": []
      },
      "geometry": {
        "type": "Point",
        "coordinates": [
          -76.0399461513439,
          39.3195554098215
        ]
      }
    },
    {
      "type": "Feature",
      "properties": {
        "id": "USGS-391940076023801",
        "name": "KE Bd  51",
        "site_type": "Well",
        "latest_readings": []
      },
      "geometry": {
        "type": "Point",
        "coordinates": [
          -76.0435575304796,
          39.3278889125156
        ]
      }
    },
    {
      "type": "Feature",
      "properties": {
        "id": "USGS-391940076024401",
        "name": "KE Bd  53",
        "site_type": "Well",
        "latest_readings": []
      },
      "geometry": {
        "type": "Point",
        "coordinates": [
          -76.0452242674703,
          39.3278888923403
        ]
      }
    },
    {
      "type": "Feature",
      "properties": {
        "id": "USGS-391940076080501",
        "name": "KE Bc  56",
        "site_type": "Well",
        "latest_readings": []
      },
      "geometry": {
        "type": "Point",
        "coordinates": [
          -76.1343946964772,
          39.3278878129579
        ]
      }
    },
    {
      "type": "Feature",
      "properties": {
        "id": "USGS-391941075545601",
        "name": "KE Bf  47",
        "site_type": "Well",
        "latest_readings": []
      },
      "geometry": {
        "type": "Point",
        "coordinates": [
          -75.9152183598031,
          39.3281670390504
        ]
      }
    },
    {
      "type": "Feature",
      "properties": {
        "id": "USGS-391941075570101",
        "name": "KE Be 198",
        "site_type": "Stream",
        "latest_readings": []
      },
      "geometry": {
        "type": "Point",
        "coordinates": [
          -75.9502777777778,
          39.3280555555556
        ]
      }
    },
    {
      "type": "Feature",
      "properties": {
        "id": "USGS-391941075570102",
        "name": "KE Be 199",
        "site_type": "Well",
        "latest_readings": []
      },
      "geometry": {
        "type": "Point",
        "coordinates": [
          -75.9499422225502,
          39.3281671176036
        ]
      }
    },
    {
      "type": "Feature",
      "properties": {
        "id": "USGS-391941075570103",
        "name": "KE Be 200",
        "site_type": "Well",
        "latest_readings": []
      },
      "geometry": {
        "type": "Point",
        "coordinates": [
          -75.9499422225502,
          39.3281671176036
        ]
      }
    },
    {
      "type": "Feature",
      "properties": {
        "id": "USGS-391941075581901",
        "name": "KE Be 114",
        "site_type": "Well",
        "latest_readings": []
      },
      "geometry": {
        "type": "Point",
        "coordinates": [
          -75.9716099129044,
          39.3281671666208
        ]
      }
    },
    {
      "type": "Feature",
      "properties": {
        "id": "USGS-391942075535701",
        "name": "KE Bf  45",
        "site_type": "Test hole not completed as a well",
        "latest_readings": []
      },
      "geometry": {
        "type": "Point",
        "coordinates": [
          -75.8988286995145,
          39.3284447852264
        ]
      }
    },
    {
      "type": "Feature",
      "properties": {
        "id": "USGS-391942075552501",
        "name": "KE Be  68",
        "site_type": "Well",
        "latest_readings": []
      },
      "geometry": {
        "type": "Point",
        "coordinates": [
          -75.9232742992167,
          39.3284448412644
        ]
      }
    },
    {
      "type": "Feature",
      "properties": {
        "id": "USGS-391942075552502",
        "name": "KE Be  23",
        "site_type": "Well",
        "latest_readings": []
      },
      "geometry": {
        "type": "Point",
        "coordinates": [
          -75.9232742992167,
          39.3284448412644
        ]
      }
    },
    {
      "type": "Feature",
      "properties": {
        "id": "USGS-391942076030501",
        "name": "KE Bd  56",
        "site_type": "Well",
        "latest_readings": []
      },
      "geometry": {
        "type": "Point",
        "coordinates": [
          -76.0510578544131,
          39.3284443907084
        ]
      }
    },
    {
      "type": "Feature",
      "properties": {
        "id": "USGS-391942076074701",
        "name": "KE Bc  63",
        "site_type": "Well",
        "latest_readings": []
      },
      "geometry": {
        "type": "Point",
        "coordinates": [
          -76.1293944913206,
          39.3284434369772
        ]
      }
    },
    {
      "type": "Feature",
      "properties": {
        "id": "USGS-391942076080001",
        "name": "KE Bc  64",
        "site_type": "Well",
        "latest_readings": []
      },
      "geometry": {
        "type": "Point",
        "coordinates": [
          -76.1330057547241,
          39.3284433930109
        ]
      }
    },
    {
      "type": "Feature",
      "properties": {
        "id": "USGS-391943075491301",
        "name": "KE Bg  39",
        "site_type": "Well",
        "latest_readings": []
      },
      "geometry": {
        "type": "Point",
        "coordinates": [
          -75.8199360841628,
          39.3287223852528
        ]
      }
    },
    {
      "type": "Feature",
      "properties": {
        "id": "USGS-391943076082201",
        "name": "KE Bc  55",
        "site_type": "Well",
        "latest_readings": []
      },
      "geometry": {
        "type": "Point",
        "coordinates": [
          -76.1391171263657,
          39.3287211000123
        ]
      }
    },
    {
      "type": "Feature",
      "properties": {
        "id": "USGS-391944075580201",
        "name": "KE Be   5",
        "site_type": "Well",
        "latest_readings": []
      },
      "geometry": {
        "type": "Point",
        "coordinates": [
          -75.966887479096,
          39.3290005118488
        ]
      }
    },
    {
      "type": "Feature",
      "properties": {
        "id": "USGS-391944076033701",
        "name": "KE Bd  58",
        "site_type": "Well",
        "latest_readings": []
      },
      "geometry": {
        "type": "Point",
        "coordinates": [
          -76.0599471254624,
          39.3289998508427
        ]
      }
    },
    {
      "type": "Feature",
      "properties": {
        "id": "USGS-391945075523801",
        "name": "KE Bf 160",
        "site_type": "Well",
        "latest_readings": []
      },
      "geometry": {
        "type": "Point",
        "coordinates": [
          -75.8768832258639,
          39.3292780826955
        ]
      }
    },
    {
      "type": "Feature",
      "properties": {
        "id": "USGS-391945076051501",
        "name": "KE Bc  27",
        "site_type": "Well",
        "latest_readings": []
      },
      "geometry": {
        "type": "Point",
        "coordinates": [
          -76.0871704985136,
          39.3292773007226
        ]
      }
    },
    {
      "type": "Feature",
      "properties": {
        "id": "USGS-391945076081301",
        "name": "KE Bc  57",
        "site_type": "Well",
        "latest_readings": []
      },
      "geometry": {
        "type": "Point",
        "coordinates": [
          -76.1366170266217,
          39.3292766935253
        ]
      }
    },
    {
      "type": "Feature",
      "properties": {
        "id": "USGS-391946076023801",
        "name": "KE Bd  50",
        "site_type": "Well",
        "latest_readings": []
      },
      "geometry": {
        "type": "Point",
        "coordinates": [
          -76.0435575533812,
          39.329555621038
        ]
      }
    },
    {
      "type": "Feature",
      "properties": {
        "id": "USGS-391946076032401",
        "name": "KE Bd  57",
        "site_type": "Well",
        "latest_readings": []
      },
      "geometry": {
        "type": "Point",
        "coordinates": [
          -76.0563358694985,
          39.3295554636742
        ]
      }
    },
    {
      "type": "Feature",
      "properties": {
        "id": "USGS-391947075482001",
        "name": "KE Bg  48",
        "site_type": "Well",
        "latest_readings": []
      },
      "geometry": {
        "type": "Point",
        "coordinates": [
          -75.8052131726475,
          39.3298334727893
        ]
      }
    },
    {
      "type": "Feature",
      "properties": {
        "id": "USGS-391947075542901",
        "name": "KE Bf  27",
        "site_type": "Well",
        "latest_readings": []
      },
      "geometry": {
        "type": "Point",
        "coordinates": [
          -75.9077180237339,
          39.3298337232089
        ]
      }
    },
    {
      "type": "Feature",
      "properties": {
        "id": "USGS-391947076000601",
        "name": "KE Bd  43",
        "site_type": "Well",
        "latest_readings": []
      },
      "geometry": {
        "type": "Point",
        "coordinates": [
          -76.001333556562,
          39.3298339272558
        ]
      }
    },
    {
      "type": "Feature",
      "properties": {
        "id": "USGS-391949076052601",
        "name": "KE Bc  34",
        "site_type": "Well",
        "latest_readings": []
      },
      "geometry": {
        "type": "Point",
        "coordinates": [
          -76.0902261961256,
          39.3303883956743
        ]
      }
    },
    {
      "type": "Feature",
      "properties": {
        "id": "USGS-391950075513501",
        "name": "KE Bf 169",
        "site_type": "Well",
        "latest_readings": []
      },
      "geometry": {
        "type": "Point",
        "coordinates": [
          -75.8593824100917,
          39.3306669513189
        ]
      }
    },
    {
      "type": "Feature",
      "properties": {
        "id": "USGS-391950075523901",
        "name": "KE Bf 162",
        "site_type": "Well",
        "latest_readings": []
      },
      "geometry": {
        "type": "Point",
        "coordinates": [
          -75.8771610299663,
          39.330666996359
        ]
      }
    },
    {
      "type": "Feature",
      "properties": {
        "id": "USGS-391950075524301",
        "name": "KE Bf  42",
        "site_type": "Well",
        "latest_readings": []
      },
      "geometry": {
        "type": "Point",
        "coordinates": [
          -75.8782721937085,
          39.3306669991741
        ]
      }
    },
    {
      "type": "Feature",
      "properties": {
        "id": "USGS-391950076074601",
        "name": "KE Bc  62",
        "site_type": "Well",
        "latest_readings": []
      },
      "geometry": {
        "type": "Point",
        "coordinates": [
          -76.1291167251143,
          39.3306656944099
        ]
      }
    },
    {
      "type": "Feature",
      "properties": {
        "id": "USGS-391951075470101",
        "name": "KE Bg  38",
        "site_type": "Well",
        "latest_readings": []
      },
      "geometry": {
        "type": "Point",
        "coordinates": [
          -75.7835454874494,
          39.3312223187538
        ]
      }
    },
    {
      "type": "Feature",
      "properties": {
        "id": "USGS-391951075512201",
        "name": "KE Bf  68",
        "site_type": "Well",
        "latest_readings": []
      },
      "geometry": {
        "type": "Point",
        "coordinates": [
          -75.8557711302796,
          39.3309447241259
        ]
      }
    },
    {
      "type": "Feature",
      "properties": {
        "id": "USGS-391951075564801",
        "name": "KE Be 144",
        "site_type": "Well",
        "latest_readings": []
      },
      "geometry": {
        "type": "Point",
        "coordinates": [
          -75.9463309764819,
          39.3309449562779
        ]
      }
    },
    {
      "type": "Feature",
      "properties": {
        "id": "USGS-391951076030701",
        "name": "KE Bd   9",
        "site_type": "Well",
        "latest_readings": []
      },
      "geometry": {
        "type": "Point",
        "coordinates": [
          -76.0516134669828,
          39.330944444188
        ]
      }
    },
    {
      "type": "Feature",
      "properties": {
        "id": "USGS-391952075514501",
        "name": "KE Bf  63",
        "site_type": "Well",
        "latest_readings": []
      },
      "geometry": {
        "type": "Point",
        "coordinates": [
          -75.8621603243185,
          39.3312225226531
        ]
      }
    },
    {
      "type": "Feature",
      "properties": {
        "id": "USGS-391952075565001",
        "name": "KE Be   6",
        "site_type": "Well",
        "latest_readings": []
      },
      "geometry": {
        "type": "Point",
        "coordinates": [
          -75.9468865619336,
          39.3312227424032
        ]
      }
    },
    {
      "type": "Feature",
      "properties": {
        "id": "USGS-391952076065601",
        "name": "KE Bc   9",
        "site_type": "Well",
        "latest_readings": []
      },
      "geometry": {
        "type": "Point",
        "coordinates": [
          -76.1152272577779,
          39.3312214318897
        ]
      }
    },
    {
      "type": "Feature",
      "properties": {
        "id": "USGS-391952076075701",
        "name": "KE Bc  60",
        "site_type": "Well",
        "latest_readings": []
      },
      "geometry": {
        "type": "Point",
        "coordinates": [
          -76.1321724150306,
          39.3312212196498
        ]
      }
    },
    {
      "type": "Feature",
      "properties": {
        "id": "USGS-391952076075702",
        "name": "KE Bc  61",
        "site_type": "Well",
        "latest_readings": []
      },
      "geometry": {
        "type": "Point",
        "coordinates": [
          -76.1321724150306,
          39.3312212196498
        ]
      }
    },
    {
      "type": "Feature",
      "properties": {
        "id": "USGS-391953076043101",
        "name": "KE Bd  38",
        "site_type": "Well",
        "latest_readings": []
      },
      "geometry": {
        "type": "Point",
        "coordinates": [
          -76.0749477891043,
          39.3314997200486
        ]
      }
    },
    {
      "type": "Feature",
      "properties": {
        "id": "USGS-391954075481201",
        "name": "KE Bg  17",
        "site_type": "Well",
        "latest_readings": []
      },
      "geometry": {
        "type": "Point",
        "coordinates": [
          -75.8029908567421,
          39.3317779299195
        ]
      }
    },
    {
      "type": "Feature",
      "properties": {
        "id": "USGS-391954075554301",
        "name": "KE Be  67",
        "site_type": "Well",
        "latest_readings": []
      },
      "geometry": {
        "type": "Point",
        "coordinates": [
          -75.9282745753993,
          39.331778262411
        ]
      }
    },
    {
      "type": "Feature",
      "properties": {
        "id": "USGS-391954076080801",
        "name": "KE Bc  58",
        "site_type": "Well",
        "latest_readings": []
      },
      "geometry": {
        "type": "Point",
        "coordinates": [
          -76.1352281048175,
          39.3317767444614
        ]
      }
    },
    {
      "type": "Feature",
      "properties": {
        "id": "USGS-391955075565801",
        "name": "KE Be 146",
        "site_type": "Well",
        "latest_readings": []
      },
      "geometry": {
        "type": "Point",
        "coordinates": [
          -75.9491089002867,
          39.3320561024714
        ]
      }
    },
    {
      "type": "Feature",
      "properties": {
        "id": "USGS-391956075511401",
        "name": "KE Bf  62",
        "site_type": "Well",
        "latest_readings": []
      },
      "geometry": {
        "type": "Point",
        "coordinates": [
          -75.853548814366,
          39.3323336278735
        ]
      }
    },
    {
      "type": "Feature",
      "properties": {
        "id": "USGS-391956075524201",
        "name": "KE Bf 161",
        "site_type": "Well",
        "latest_readings": []
      },
      "geometry": {
        "type": "Point",
        "coordinates": [
          -75.8779944186627,
          39.3323336942229
        ]
      }
    },
    {
      "type": "Feature",
      "properties": {
        "id": "USGS-391957075462401",
        "name": "KE Bg  55",
        "site_type": "Well",
        "latest_readings": []
      },
      "geometry": {
        "type": "Point",
        "coordinates": [
          -75.7729894378083,
          39.3326111886836
        ]
      }
    },
    {
      "type": "Feature",
      "properties": {
        "id": "USGS-391957075490601",
        "name": "KE Bg  35",
        "site_type": "Well",
        "latest_readings": []
      },
      "geometry": {
        "type": "Point",
        "coordinates": [
          -75.8179915735952,
          39.3326113121828
        ]
      }
    },
    {
      "type": "Feature",
      "properties": {
        "id": "USGS-391957075490602",
        "name": "KE Bg  36",
        "site_type": "Well",
        "latest_readings": []
      },
      "geometry": {
        "type": "Point",
        "coordinates": [
          -75.8179915735952,
          39.3326113121828
        ]
      }
    },
    {
      "type": "Feature",
      "properties": {
        "id": "USGS-391957075565201",
        "name": "KE Be 145",
        "site_type": "Well",
        "latest_readings": []
      },
      "geometry": {
        "type": "Point",
        "coordinates": [
          -75.9474421474003,
          39.3315005285621
        ]
      }
    },
    {
      "type": "Feature",
      "properties": {
        "id": "USGS-391957076033601",
        "name": "KE Bd  59",
        "site_type": "Well",
        "latest_readings": []
      },
      "geometry": {
        "type": "Point",
        "coordinates": [
          -76.0596693833776,
          39.3326110487049
        ]
      }
    },
    {
      "type": "Feature",
      "properties": {
        "id": "USGS-391957076074601",
        "name": "KE Bc  59",
        "site_type": "Well",
        "latest_readings": []
      },
      "geometry": {
        "type": "Point",
        "coordinates": [
          -76.1291167454898,
          39.3326101667042
        ]
      }
    },
    {
      "type": "Feature",
      "properties": {
        "id": "USGS-391959075520501",
        "name": "KE Bf  64",
        "site_type": "Well",
        "latest_readings": []
      },
      "geometry": {
        "type": "Point",
        "coordinates": [
          -75.8677161607507,
          39.3331670132733
        ]
      }
    },
    {
      "type": "Feature",
      "properties": {
        "id": "USGS-391959075522301",
        "name": "KE Bf  67",
        "site_type": "Well",
        "latest_readings": []
      },
      "geometry": {
        "type": "Point",
        "coordinates": [
          -75.8727163981946,
          39.3331670272967
        ]
      }
    },
    {
      "type": "Feature",
      "properties": {
        "id": "USGS-391959075523201",
        "name": "KE Bf  51",
        "site_type": "Well",
        "latest_readings": []
      },
      "geometry": {
        "type": "Point",
        "coordinates": [
          -75.8752165169166,
          39.3331670343085
        ]
      }
    },
    {
      "type": "Feature",
      "properties": {
        "id": "USGS-392000075472001",
        "name": "KE Bg  37",
        "site_type": "Well",
        "latest_readings": []
      },
      "geometry": {
        "type": "Point",
        "coordinates": [
          -75.7885457360028,
          39.3334445711659
        ]
      }
    },
    {
      "type": "Feature",
      "properties": {
        "id": "USGS-392000075511801",
        "name": "KE Af  38",
        "site_type": "Well",
        "latest_readings": []
      },
      "geometry": {
        "type": "Point",
        "coordinates": [
          -75.8546599875377,
          39.3334447585789
        ]
      }
    },
    {
      "type": "Feature",
      "properties": {
        "id": "USGS-392001076044801",
        "name": "KE Ad  35",
        "site_type": "Well",
        "latest_readings": []
      },
      "geometry": {
        "type": "Point",
        "coordinates": [
          -76.0796702374038,
          39.3337219286431
        ]
      }
    },
    {
      "type": "Feature",
      "properties": {
        "id": "USGS-392001076091201",
        "name": "KE Ac  47",
        "site_type": "Well",
        "latest_readings": []
      },
      "geometry": {
        "type": "Point",
        "coordinates": [
          -76.1530066486875,
          39.3337209869735
        ]
      }
    },
    {
      "type": "Feature",
      "properties": {
        "id": "USGS-392002075523901",
        "name": "KE Af  56",
        "site_type": "Well",
        "latest_readings": []
      },
      "geometry": {
        "type": "Point",
        "coordinates": [
          -75.8771610616116,
          39.334000387563
        ]
      }
    },
    {
      "type": "Feature",
      "properties": {
        "id": "USGS-392002075552901",
        "name": "KE Ae  62",
        "site_type": "Well",
        "latest_readings": []
      },
      "geometry": {
        "type": "Point",
        "coordinates": [
          -75.9243855282617,
          39.3340005242752
        ]
      }
    },
    {
      "type": "Feature",
      "properties": {
        "id": "USGS-392002075564301",
        "name": "KE Ae  29",
        "site_type": "Well",
        "latest_readings": []
      },
      "geometry": {
        "type": "Point",
        "coordinates": [
          -75.9449420608035,
          39.3340005837851
        ]
      }
    },
    {
      "type": "Feature",
      "properties": {
        "id": "USGS-392002076043301",
        "name": "KE Ad  81",
        "site_type": "Well",
        "latest_readings": []
      },
      "geometry": {
        "type": "Point",
        "coordinates": [
          -76.0755033993322,
          39.3339997657816
        ]
      }
    },
    {
      "type": "Feature",
      "properties": {
        "id": "USGS-392002076043701",
        "name": "KE Ad  60",
        "site_type": "Well",
        "latest_readings": []
      },
      "geometry": {
        "type": "Point",
        "coordinates": [
          -76.0760589781997,
          39.3339997586283
        ]
      }
    },
    {
      "type": "Feature",
      "properties": {
        "id": "USGS-392003075521301",
        "name": "KE Af  42",
        "site_type": "Well",
        "latest_readings": []
      },
      "geometry": {
        "type": "Point",
        "coordinates": [
          -75.8699384986641,
          39.3342781490368
        ]
      }
    },
    {
      "type": "Feature",
      "properties": {
        "id": "USGS-392003075572501",
        "name": "KE Ae  60",
        "site_type": "Well",
        "latest_readings": []
      },
      "geometry": {
        "type": "Point",
        "coordinates": [
          -75.9566092856796,
          39.3342784025551
        ]
      }
    },
    {
      "type": "Feature",
      "properties": {
        "id": "USGS-392003075580801",
        "name": "KE Ae  61",
        "site_type": "Well",
        "latest_readings": []
      },
      "geometry": {
        "type": "Point",
        "coordinates": [
          -75.9685542979926,
          39.3342784374952
        ]
      }
    },
    {
      "type": "Feature",
      "properties": {
        "id": "USGS-392003076002101",
        "name": "KE Ad  30",
        "site_type": "Well",
        "latest_readings": []
      },
      "geometry": {
        "type": "Point",
        "coordinates": [
          -76.0055004662501,
          39.3342784531875
        ]
      }
    },
    {
      "type": "Feature",
      "properties": {
        "id": "USGS-392003076002102",
        "name": "KE Ad  73",
        "site_type": "Well",
        "latest_readings": []
      },
      "geometry": {
        "type": "Point",
        "coordinates": [
          -76.0055004662501,
          39.3342784531875
        ]
      }
    },
    {
      "type": "Feature",
      "properties": {
        "id": "USGS-392004075472701",
        "name": "KE Ag  14",
        "site_type": "Well",
        "latest_readings": []
      },
      "geometry": {
        "type": "Point",
        "coordinates": [
          -75.7904902787068,
          39.334555696634
        ]
      }
    },
    {
      "type": "Feature",
      "properties": {
        "id": "USGS-392004075482601",
        "name": "KE Ag  72",
        "site_type": "Test hole not completed as a well",
        "latest_readings": []
      },
      "geometry": {
        "type": "Point",
        "coordinates": [
          -75.80723888888889,
          39.33448888888889
        ]
      }
    },
    {
      "type": "Feature",
      "properties": {
        "id": "USGS-392004075535401",
        "name": "KE Af  27",
        "site_type": "Well",
        "latest_readings": []
      },
      "geometry": {
        "type": "Point",
        "coordinates": [
          -75.8979953909674,
          39.3345560143333
        ]
      }
    },
    {
      "type": "Feature",
      "properties": {
        "id": "USGS-392004076043901",
        "name": "KE Ad  79",
        "site_type": "Well",
        "latest_readings": []
      },
      "geometry": {
        "type": "Point",
        "coordinates": [
          -76.0771701428565,
          39.334555311474
        ]
      }
    },
    {
      "type": "Feature",
      "properties": {
        "id": "USGS-392005075594201",
        "name": "KE Ae  30",
        "site_type": "Well",
        "latest_readings": []
      },
      "geometry": {
        "type": "Point",
        "coordinates": [
          -75.9946666589202,
          39.3348340861571
        ]
      }
    },
    {
      "type": "Feature",
      "properties": {
        "id": "USGS-392005076042001",
        "name": "KE Ad  61",
        "site_type": "Well",
        "latest_readings": []
      },
      "geometry": {
        "type": "Point",
        "coordinates": [
          -76.0718921472442,
          39.3348331635615
        ]
      }
    },
    {
      "type": "Feature",
      "properties": {
        "id": "USGS-392006075464601",
        "name": "KE Ag  15",
        "site_type": "Well",
        "latest_readings": []
      },
      "geometry": {
        "type": "Point",
        "coordinates": [
          -75.7791008508502,
          39.3351112222676
        ]
      }
    },
    {
      "type": "Feature",
      "properties": {
        "id": "USGS-392007075512801",
        "name": "KE Af  39",
        "site_type": "Well",
        "latest_readings": []
      },
      "geometry": {
        "type": "Point",
        "coordinates": [
          -75.8574379138723,
          39.335389240496
        ]
      }
    },
    {
      "type": "Feature",
      "properties": {
        "id": "USGS-392007075544501",
        "name": "KE Af   3",
        "site_type": "Well",
        "latest_readings": []
      },
      "geometry": {
        "type": "Point",
        "coordinates": [
          -75.9121627406639,
          39.3353894071654
        ]
      }
    },
    {
      "type": "Feature",
      "properties": {
        "id": "USGS-392007075564101",
        "name": "KE Ae  59",
        "site_type": "Well",
        "latest_readings": []
      },
      "geometry": {
        "type": "Point",
        "coordinates": [
          -75.9443864965411,
          39.3353895053057
        ]
      }
    },
    {
      "type": "Feature",
      "properties": {
        "id": "USGS-392007076075501",
        "name": "KE Ac  20",
        "site_type": "Well",
        "latest_readings": []
      },
      "geometry": {
        "type": "Point",
        "coordinates": [
          -76.1315,
          39.3349166666667
        ]
      }
    },
    {
      "type": "Feature",
      "properties": {
        "id": "USGS-392008076062401",
        "name": "KE Ac  43",
        "site_type": "Well",
        "latest_readings": []
      },
      "geometry": {
        "type": "Point",
        "coordinates": [
          -76.1063380453894,
          39.3356660640982
        ]
      }
    },
    {
      "type": "Feature",
      "properties": {
        "id": "USGS-392009075474901",
        "name": "KE Ag  50",
        "site_type": "Well",
        "latest_readings": []
      },
      "geometry": {
        "type": "Point",
        "coordinates": [
          -75.7966016882153,
          39.33594461556
        ]
      }
    },
    {
      "type": "Feature",
      "properties": {
        "id": "USGS-392009076024301",
        "name": "KE Ad  27",
        "site_type": "Well",
        "latest_readings": []
      },
      "geometry": {
        "type": "Point",
        "coordinates": [
          -76.0449465882366,
          39.33594465215
        ]
      }
    },
    {
      "type": "Feature",
      "properties": {
        "id": "USGS-392009076075701",
        "name": "KE Ac   6",
        "site_type": "Well",
        "latest_readings": []
      },
      "geometry": {
        "type": "Point",
        "coordinates": [
          -76.1321724639639,
          39.3359435076875
        ]
      }
    },
    {
      "type": "Feature",
      "properties": {
        "id": "USGS-392009076075702",
        "name": "KE Ac  40",
        "site_type": "Well",
        "latest_readings": []
      },
      "geometry": {
        "type": "Point",
        "coordinates": [
          -76.1321724639639,
          39.3359435076875
        ]
      }
    },
    {
      "type": "Feature",
      "properties": {
        "id": "USGS-392010076052501",
        "name": "KE Ac  14",
        "site_type": "Well",
        "latest_readings": []
      },
      "geometry": {
        "type": "Point",
        "coordinates": [
          -76.0899484764916,
          39.3362218448234
        ]
      }
    },
    {
      "type": "Feature",
      "properties": {
        "id": "USGS-392010076075701",
        "name": "KE Ac  17",
        "site_type": "Well",
        "latest_readings": []
      },
      "geometry": {
        "type": "Point",
        "coordinates": [
          -76.1321724668423,
          39.3362212893368
        ]
      }
    },
    {
      "type": "Feature",
      "properties": {
        "id": "USGS-392011075483301",
        "name": "KE Ag  10",
        "site_type": "Well",
        "latest_readings": []
      },
      "geometry": {
        "type": "Point",
        "coordinates": [
          -75.8088244959362,
          39.336500214605
        ]
      }
    },
    {
      "type": "Feature",
      "properties": {
        "id": "USGS-392012075462901",
        "name": "KE Ag   7",
        "site_type": "Well",
        "latest_readings": []
      },
      "geometry": {
        "type": "Point",
        "coordinates": [
          -75.7743784114749,
          39.3367778850485
        ]
      }
    },
    {
      "type": "Feature",
      "properties": {
        "id": "USGS-392012075535501",
        "name": "KE Af   1",
        "site_type": "Well",
        "latest_readings": []
      },
      "geometry": {
        "type": "Point",
        "coordinates": [
          -75.8982732053195,
          39.3367782810456
        ]
      }
    },
    {
      "type": "Feature",
      "properties": {
        "id": "USGS-392014075502301",
        "name": "KE Af 81",
        "site_type": "Well",
        "latest_readings": []
      },
      "geometry": {
        "type": "Point",
        "coordinates": [
          -75.8397222222222,
          39.3372222222222
        ]
      }
    },
    {
      "type": "Feature",
      "properties": {
        "id": "USGS-392014075515001",
        "name": "KE Af  72",
        "site_type": "Well",
        "latest_readings": []
      },
      "geometry": {
        "type": "Point",
        "coordinates": [
          -75.8635493330296,
          39.3373337344403
        ]
      }
    },
    {
      "type": "Feature",
      "properties": {
        "id": "USGS-392014075520001",
        "name": "KE Af  41",
        "site_type": "Well",
        "latest_readings": []
      },
      "geometry": {
        "type": "Point",
        "coordinates": [
          -75.8663272432801,
          39.3373337434866
        ]
      }
    },
    {
      "type": "Feature",
      "properties": {
        "id": "USGS-392014075570601",
        "name": "KE Ae   9",
        "site_type": "Well",
        "latest_readings": []
      },
      "geometry": {
        "type": "Point",
        "coordinates": [
          -75.9513312969447,
          39.3373340203019
        ]
      }
    },
    {
      "type": "Feature",
      "properties": {
        "id": "USGS-392014075570602",
        "name": "KE Ae  53",
        "site_type": "Well",
        "latest_readings": []
      },
      "geometry": {
        "type": "Point",
        "coordinates": [
          -75.9513312969447,
          39.3373340203019
        ]
      }
    },
    {
      "type": "Feature",
      "properties": {
        "id": "USGS-392016075495901",
        "name": "KE Ag  70",
        "site_type": "Well",
        "latest_readings": []
      },
      "geometry": {
        "type": "Point",
        "coordinates": [
          -75.8330555555555,
          39.3377777777778
        ]
      }
    },
    {
      "type": "Feature",
      "properties": {
        "id": "USGS-392017075515301",
        "name": "KE Af  40",
        "site_type": "Well",
        "latest_readings": []
      },
      "geometry": {
        "type": "Point",
        "coordinates": [
          -75.8643827135014,
          39.3381670838002
        ]
      }
    },
    {
      "type": "Feature",
      "properties": {
        "id": "USGS-392017076013701",
        "name": "KE Ad  28",
        "site_type": "Well",
        "latest_readings": []
      },
      "geometry": {
        "type": "Point",
        "coordinates": [
          -76.0266125189403,
          39.3381671754848
        ]
      }
    },
    {
      "type": "Feature",
      "properties": {
        "id": "USGS-392017076025401",
        "name": "KE Ad  65",
        "site_type": "Well",
        "latest_readings": []
      },
      "geometry": {
        "type": "Point",
        "coordinates": [
          -76.0480023019401,
          39.3381668888416
        ]
      }
    },
    {
      "type": "Feature",
      "properties": {
        "id": "USGS-392018075514701",
        "name": "KE Af   9",
        "site_type": "Well",
        "latest_readings": []
      },
      "geometry": {
        "type": "Point",
        "coordinates": [
          -75.8627159697272,
          39.3384448603869
        ]
      }
    },
    {
      "type": "Feature",
      "properties": {
        "id": "USGS-392018075554601",
        "name": "KE Ae  67",
        "site_type": "Well",
        "latest_readings": []
      },
      "geometry": {
        "type": "Point",
        "coordinates": [
          -75.9293858259954,
          39.3390006538795
        ]
      }
    },
    {
      "type": "Feature",
      "properties": {
        "id": "USGS-392018076044401",
        "name": "KE Ad  51",
        "site_type": "Well",
        "latest_readings": []
      },
      "geometry": {
        "type": "Point",
        "coordinates": [
          -76.0785591382432,
          39.3384442628787
        ]
      }
    },
    {
      "type": "Feature",
      "properties": {
        "id": "USGS-392019075463901",
        "name": "KE Ag  51",
        "site_type": "Well",
        "latest_readings": []
      },
      "geometry": {
        "type": "Point",
        "coordinates": [
          -75.7771563307124,
          39.338722351038
        ]
      }
    },
    {
      "type": "Feature",
      "properties": {
        "id": "USGS-392020075554701",
        "name": "KE Ae  69",
        "site_type": "Well",
        "latest_readings": []
      },
      "geometry": {
        "type": "Point",
        "coordinates": [
          -75.9293858259954,
          39.3390006538795
        ]
      }
    },
    {
      "type": "Feature",
      "properties": {
        "id": "USGS-392020076052501",
        "name": "KE Ac  30",
        "site_type": "Well",
        "latest_readings": []
      },
      "geometry": {
        "type": "Point",
        "coordinates": [
          -76.0899485097477,
          39.3389996761085
        ]
      }
    },
    {
      "type": "Feature",
      "properties": {
        "id": "USGS-392021076045301",
        "name": "KE Ad  49",
        "site_type": "Well",
        "latest_readings": []
      },
      "geometry": {
        "type": "Point",
        "coordinates": [
          -76.0810592529825,
          39.3392775796072
        ]
      }
    },
    {
      "type": "Feature",
      "properties": {
        "id": "USGS-392022075532201",
        "name": "KE Af  77",
        "site_type": "Well",
        "latest_readings": []
      },
      "geometry": {
        "type": "Point",
        "coordinates": [
          -75.8891061297138,
          39.3395560813477
        ]
      }
    },
    {
      "type": "Feature",
      "properties": {
        "id": "USGS-392022076062901",
        "name": "KE Ac  12",
        "site_type": "Well",
        "latest_readings": []
      },
      "geometry": {
        "type": "Point",
        "coordinates": [
          -76.1077270363924,
          39.3395550010025
        ]
      }
    },
    {
      "type": "Feature",
      "properties": {
        "id": "USGS-392022076063201",
        "name": "KE Ac  35",
        "site_type": "Well",
        "latest_readings": []
      },
      "geometry": {
        "type": "Point",
        "coordinates": [
          -76.1085604045171,
          39.3395549896886
        ]
      }
    },
    {
      "type": "Feature",
      "properties": {
        "id": "USGS-392023075492301",
        "name": "KE Ag  63",
        "site_type": "Well",
        "latest_readings": []
      },
      "geometry": {
        "type": "Point",
        "coordinates": [
          -75.8227140695029,
          39.3398336300992
        ]
      }
    },
    {
      "type": "Feature",
      "properties": {
        "id": "USGS-392023075504201",
        "name": "KE Af  12",
        "site_type": "Well",
        "latest_readings": []
      },
      "geometry": {
        "type": "Point",
        "coordinates": [
          -75.8446595631333,
          39.3398337075155
        ]
      }
    },
    {
      "type": "Feature",
      "properties": {
        "id": "USGS-392023075531601",
        "name": "KE Af  57",
        "site_type": "Well",
        "latest_readings": []
      },
      "geometry": {
        "type": "Point",
        "coordinates": [
          -75.8874393861596,
          39.3398338584282
        ]
      }
    },
    {
      "type": "Feature",
      "properties": {
        "id": "USGS-392024076003501",
        "name": "KE Ad  72",
        "site_type": "Well",
        "latest_readings": []
      },
      "geometry": {
        "type": "Point",
        "coordinates": [
          -76.0093896060363,
          39.3401119079437
        ]
      }
    },
    {
      "type": "Feature",
      "properties": {
        "id": "USGS-392024076075701",
        "name": "KE Ac   7",
        "site_type": "Well",
        "latest_readings": []
      },
      "geometry": {
        "type": "Point",
        "coordinates": [
          -76.1321725071403,
          39.3401102324268
        ]
      }
    },
    {
      "type": "Feature",
      "properties": {
        "id": "USGS-392025075532901",
        "name": "KE Af  17",
        "site_type": "Well",
        "latest_readings": []
      },
      "geometry": {
        "type": "Point",
        "coordinates": [
          -75.8913284666348,
          39.3403894382019
        ]
      }
    },
    {
      "type": "Feature",
      "properties": {
        "id": "USGS-392025076044901",
        "name": "KE Ad  50",
        "site_type": "Well",
        "latest_readings": []
      },
      "geometry": {
        "type": "Point",
        "coordinates": [
          -76.0799481091973,
          39.3403887285689
        ]
      }
    },
    {
      "type": "Feature",
      "properties": {
        "id": "USGS-392025076044902",
        "name": "KE Ad  78",
        "site_type": "Well",
        "latest_readings": []
      },
      "geometry": {
        "type": "Point",
        "coordinates": [
          -76.0799481091973,
          39.3403887285689
        ]
      }
    },
    {
      "type": "Feature",
      "properties": {
        "id": "USGS-392025076045801",
        "name": "KE Ad  59",
        "site_type": "Well",
        "latest_readings": []
      },
      "geometry": {
        "type": "Point",
        "coordinates": [
          -76.0824482134919,
          39.3403886943645
        ]
      }
    },
    {
      "type": "Feature",
      "properties": {
        "id": "USGS-392026076050401",
        "name": "KE Ac  42",
        "site_type": "Well",
        "latest_readings": []
      },
      "geometry": {
        "type": "Point",
        "coordinates": [
          -76.0841149530757,
          39.3406664548944
        ]
      }
    },
    {
      "type": "Feature",
      "properties": {
        "id": "USGS-392027075494601",
        "name": "KE Ag  46",
        "site_type": "Well",
        "latest_readings": []
      },
      "geometry": {
        "type": "Point",
        "coordinates": [
          -75.8291032718187,
          39.3409447772476
        ]
      }
    },
    {
      "type": "Feature",
      "properties": {
        "id": "USGS-392027075524301",
        "name": "KE Af  29",
        "site_type": "Well",
        "latest_readings": []
      },
      "geometry": {
        "type": "Point",
        "coordinates": [
          -75.8779945034083,
          39.341222738237
        ]
      }
    },
    {
      "type": "Feature",
      "properties": {
        "id": "USGS-392027075524303",
        "name": "KE Af  55",
        "site_type": "Well",
        "latest_readings": []
      },
      "geometry": {
        "type": "Point",
        "coordinates": [
          -75.8782722918335,
          39.340944956625
        ]
      }
    },
    {
      "type": "Feature",
      "properties": {
        "id": "USGS-392027075524601",
        "name": "KE Af  11",
        "site_type": "Well",
        "latest_readings": []
      },
      "geometry": {
        "type": "Point",
        "coordinates": [
          -75.8791056650541,
          39.3409449596653
        ]
      }
    },
    {
      "type": "Feature",
      "properties": {
        "id": "USGS-392027075561501",
        "name": "KE Ae  13",
        "site_type": "Well",
        "latest_readings": []
      },
      "geometry": {
        "type": "Point",
        "coordinates": [
          -75.9371639994219,
          39.3409451714724
        ]
      }
    },
    {
      "type": "Feature",
      "properties": {
        "id": "USGS-392027076044401",
        "name": "KE Ad   4",
        "site_type": "Well",
        "latest_readings": []
      },
      "geometry": {
        "type": "Point",
        "coordinates": [
          -76.0785591692594,
          39.3409443146265
        ]
      }
    },
    {
      "type": "Feature",
      "properties": {
        "id": "USGS-392027076075401",
        "name": "KE Ac  41",
        "site_type": "Well",
        "latest_readings": []
      },
      "geometry": {
        "type": "Point",
        "coordinates": [
          -76.131339147695,
          39.3409435888345
        ]
      }
    },
    {
      "type": "Feature",
      "properties": {
        "id": "USGS-392028075473601",
        "name": "KE Ag   8",
        "site_type": "Well",
        "latest_readings": []
      },
      "geometry": {
        "type": "Point",
        "coordinates": [
          -75.7929904337669,
          39.3412224255659
        ]
      }
    },
    {
      "type": "Feature",
      "properties": {
        "id": "USGS-392028075473602",
        "name": "KE Ag  49",
        "site_type": "Well",
        "latest_readings": []
      },
      "geometry": {
        "type": "Point",
        "coordinates": [
          -75.7929904337669,
          39.3412224255659
        ]
      }
    },
    {
      "type": "Feature",
      "properties": {
        "id": "USGS-392028075504101",
        "name": "KE Af 82",
        "site_type": "Well",
        "latest_readings": []
      },
      "geometry": {
        "type": "Point",
        "coordinates": [
          -75.8447222222222,
          39.3411111111111
        ]
      }
    },
    {
      "type": "Feature",
      "properties": {
        "id": "USGS-392028075523401",
        "name": "KE Af  21",
        "site_type": "Well",
        "latest_readings": []
      },
      "geometry": {
        "type": "Point",
        "coordinates": [
          -75.8757721747902,
          39.3412227300626
        ]
      }
    },
    {
      "type": "Feature",
      "properties": {
        "id": "USGS-392028075524201",
        "name": "KE Af   8",
        "site_type": "Well",
        "latest_readings": []
      },
      "geometry": {
        "type": "Point",
        "coordinates": [
          -75.8779945034083,
          39.341222738237
        ]
      }
    },
    {
      "type": "Feature",
      "properties": {
        "id": "USGS-392028076044601",
        "name": "KE Ad  40",
        "site_type": "Well",
        "latest_readings": []
      },
      "geometry": {
        "type": "Point",
        "coordinates": [
          -76.0791147514201,
          39.3412220904946
        ]
      }
    },
    {
      "type": "Feature",
      "properties": {
        "id": "USGS-392029075475401",
        "name": "KE Ag  48",
        "site_type": "Well",
        "latest_readings": []
      },
      "geometry": {
        "type": "Point",
        "coordinates": [
          -75.7979906747318,
          39.3415002241733
        ]
      }
    },
    {
      "type": "Feature",
      "properties": {
        "id": "USGS-392029075594001",
        "name": "KE Ae  31",
        "site_type": "Well",
        "latest_readings": []
      },
      "geometry": {
        "type": "Point",
        "coordinates": [
          -75.9941111779099,
          39.3415009514738
        ]
      }
    },
    {
      "type": "Feature",
      "properties": {
        "id": "USGS-392030075541601",
        "name": "KE Af   7",
        "site_type": "Well",
        "latest_readings": []
      },
      "geometry": {
        "type": "Point",
        "coordinates": [
          -75.9041068706684,
          39.3417784011107
        ]
      }
    },
    {
      "type": "Feature",
      "properties": {
        "id": "USGS-392030076043901",
        "name": "KE Ad  18",
        "site_type": "Well",
        "latest_readings": []
      },
      "geometry": {
        "type": "Point",
        "coordinates": [
          -76.0771702328413,
          39.3417776844548
        ]
      }
    },
    {
      "type": "Feature",
      "properties": {
        "id": "USGS-392031076025301",
        "name": "KE Ad  64",
        "site_type": "Well",
        "latest_readings": []
      },
      "geometry": {
        "type": "Point",
        "coordinates": [
          -76.0477245653698,
          39.3420558770728
        ]
      }
    },
    {
      "type": "Feature",
      "properties": {
        "id": "USGS-392031076080201",
        "name": "KE Ac  11",
        "site_type": "Well",
        "latest_readings": []
      },
      "geometry": {
        "type": "Point",
        "coordinates": [
          -76.1335614740314,
          39.3420546846773
        ]
      }
    },
    {
      "type": "Feature",
      "properties": {
        "id": "USGS-392032075480801",
        "name": "KE Ag  47",
        "site_type": "Well",
        "latest_readings": []
      },
      "geometry": {
        "type": "Point",
        "coordinates": [
          -75.8018797547449,
          39.3423335795921
        ]
      }
    },
    {
      "type": "Feature",
      "properties": {
        "id": "USGS-392032075540001",
        "name": "KE Af  24",
        "site_type": "Well",
        "latest_readings": []
      },
      "geometry": {
        "type": "Point",
        "coordinates": [
          -75.8996622191913,
          39.3423339510506
        ]
      }
    },
    {
      "type": "Feature",
      "properties": {
        "id": "USGS-392032076054301",
        "name": "KE Ac  31",
        "site_type": "Well",
        "latest_readings": []
      },
      "geometry": {
        "type": "Point",
        "coordinates": [
          -76.0949487578737,
          39.3423330040157
        ]
      }
    },
    {
      "type": "Feature",
      "properties": {
        "id": "USGS-392032076054601",
        "name": "KE Ac  33",
        "site_type": "Well",
        "latest_readings": []
      },
      "geometry": {
        "type": "Point",
        "coordinates": [
          -76.0957821259102,
          39.3423329924098
        ]
      }
    },
    {
      "type": "Feature",
      "properties": {
        "id": "USGS-392032076054701",
        "name": "KE Ac  32",
        "site_type": "Well",
        "latest_readings": []
      },
      "geometry": {
        "type": "Point",
        "coordinates": [
          -76.0960599152557,
          39.3423329885412
        ]
      }
    },
    {
      "type": "Feature",
      "properties": {
        "id": "USGS-392033075513101",
        "name": "KE Af  73",
        "site_type": "Well",
        "latest_readings": []
      },
      "geometry": {
        "type": "Point",
        "coordinates": [
          -75.8582713488404,
          39.3426115758451
        ]
      }
    },
    {
      "type": "Feature",
      "properties": {
        "id": "USGS-392033076044301",
        "name": "KE Ad  48",
        "site_type": "Well",
        "latest_readings": []
      },
      "geometry": {
        "type": "Point",
        "coordinates": [
          -76.0782814005943,
          39.3426110196699
        ]
      }
    },
    {
      "type": "Feature",
      "properties": {
        "id": "USGS-392033076072701",
        "name": "KE Ac   5",
        "site_type": "Well",
        "latest_readings": []
      },
      "geometry": {
        "type": "Point",
        "coordinates": [
          -76.12383885277,
          39.3426103836207
        ]
      }
    },
    {
      "type": "Feature",
      "properties": {
        "id": "USGS-392034075552701",
        "name": "KE Ae  16",
        "site_type": "Well",
        "latest_readings": []
      },
      "geometry": {
        "type": "Point",
        "coordinates": [
          -75.923830050738,
          39.3428896108728
        ]
      }
    },
    {
      "type": "Feature",
      "properties": {
        "id": "USGS-392034075552901",
        "name": "KE Ae  17",
        "site_type": "Well",
        "latest_readings": []
      },
      "geometry": {
        "type": "Point",
        "coordinates": [
          -75.9243856329373,
          39.3428896130168
        ]
      }
    },
    {
      "type": "Feature",
      "properties": {
        "id": "USGS-392035076043601",
        "name": "KE Ad  52",
        "site_type": "Well",
        "latest_readings": []
      },
      "geometry": {
        "type": "Point",
        "coordinates": [
          -76.0763368821361,
          39.3431666140291
        ]
      }
    },
    {
      "type": "Feature",
      "properties": {
        "id": "USGS-392040075543701",
        "name": "KE Af  25",
        "site_type": "Well",
        "latest_readings": []
      },
      "geometry": {
        "type": "Point",
        "coordinates": [
          -75.9099405142193,
          39.3445562587995
        ]
      }
    },
    {
      "type": "Feature",
      "properties": {
        "id": "USGS-392040076001201",
        "name": "KE Ad  74",
        "site_type": "Well",
        "latest_readings": []
      },
      "geometry": {
        "type": "Point",
        "coordinates": [
          -76.0030005184926,
          39.3445565739245
        ]
      }
    },
    {
      "type": "Feature",
      "properties": {
        "id": "USGS-392040076040001",
        "name": "KE Ad  53",
        "site_type": "Well",
        "latest_readings": []
      },
      "geometry": {
        "type": "Point",
        "coordinates": [
          -76.0663364838951,
          39.344555674129
        ]
      }
    },
    {
      "type": "Feature",
      "properties": {
        "id": "USGS-392041076033901",
        "name": "KE Ad   7",
        "site_type": "Well",
        "latest_readings": []
      },
      "geometry": {
        "type": "Point",
        "coordinates": [
          -76.0605029117719,
          39.344833541165
        ]
      }
    },
    {
      "type": "Feature",
      "properties": {
        "id": "USGS-392042076011401",
        "name": "KE Ad  70",
        "site_type": "Well",
        "latest_readings": []
      },
      "geometry": {
        "type": "Point",
        "coordinates": [
          -76.0196678737391,
          39.3442785515456
        ]
      }
    },
    {
      "type": "Feature",
      "properties": {
        "id": "USGS-392043075531701",
        "name": "KE Af  58",
        "site_type": "Well",
        "latest_readings": []
      },
      "geometry": {
        "type": "Point",
        "coordinates": [
          -75.8877172327948,
          39.3453895177757
        ]
      }
    },
    {
      "type": "Feature",
      "properties": {
        "id": "USGS-392043076011901",
        "name": "KE Ad  71",
        "site_type": "Well",
        "latest_readings": []
      },
      "geometry": {
        "type": "Point",
        "coordinates": [
          -76.0216124152108,
          39.3453896660786
        ]
      }
    },
    {
      "type": "Feature",
      "properties": {
        "id": "USGS-392044076011401",
        "name": "KE Ad  80",
        "site_type": "Well",
        "latest_readings": []
      },
      "geometry": {
        "type": "Point",
        "coordinates": [
          -76.0202234727093,
          39.3456674715281
        ]
      }
    },
    {
      "type": "Feature",
      "properties": {
        "id": "USGS-392045075524401",
        "name": "KE Af  16",
        "site_type": "Well",
        "latest_readings": []
      },
      "geometry": {
        "type": "Point",
        "coordinates": [
          -75.8785501307107,
          39.3459450451976
        ]
      }
    },
    {
      "type": "Feature",
      "properties": {
        "id": "USGS-392046075490301",
        "name": "KE Ag   9",
        "site_type": "Well",
        "latest_readings": []
      },
      "geometry": {
        "type": "Point",
        "coordinates": [
          -75.8171582904565,
          39.3462225687271
        ]
      }
    },
    {
      "type": "Feature",
      "properties": {
        "id": "USGS-392046075541801",
        "name": "KE Af  23",
        "site_type": "Well",
        "latest_readings": []
      },
      "geometry": {
        "type": "Point",
        "coordinates": [
          -75.904662500939,
          39.3462229380506
        ]
      }
    },
    {
      "type": "Feature",
      "properties": {
        "id": "USGS-392048075594101",
        "name": "KE Ae   8",
        "site_type": "Well",
        "latest_readings": []
      },
      "geometry": {
        "type": "Point",
        "coordinates": [
          -75.9941111737027,
          39.3412231653498
        ]
      }
    },
    {
      "type": "Feature",
      "properties": {
        "id": "USGS-392050075463501",
        "name": "KE Ag  32",
        "site_type": "Well",
        "latest_readings": []
      },
      "geometry": {
        "type": "Point",
        "coordinates": [
          -75.7760452062053,
          39.3473335134188
        ]
      }
    },
    {
      "type": "Feature",
      "properties": {
        "id": "USGS-392050076060001",
        "name": "KE Ac  34",
        "site_type": "Well",
        "latest_readings": []
      },
      "geometry": {
        "type": "Point",
        "coordinates": [
          -76.0996712347545,
          39.3473330284315
        ]
      }
    },
    {
      "type": "Feature",
      "properties": {
        "id": "USGS-392052075592801",
        "name": "KE Ae  32",
        "site_type": "Well",
        "latest_readings": []
      },
      "geometry": {
        "type": "Point",
        "coordinates": [
          -75.9907777806743,
          39.347890017653
        ]
      }
    },
    {
      "type": "Feature",
      "properties": {
        "id": "USGS-392053075592901",
        "name": "KE Ae 71",
        "site_type": "Well",
        "latest_readings": []
      },
      "geometry": {
        "type": "Point",
        "coordinates": [
          -75.991564,
          39.348178
        ]
      }
    },
    {
      "type": "Feature",
      "properties": {
        "id": "USGS-392053076072201",
        "name": "KE Ac  36",
        "site_type": "Well",
        "latest_readings": []
      },
      "geometry": {
        "type": "Point",
        "coordinates": [
          -76.1224499656853,
          39.3481660428104
        ]
      }
    },
    {
      "type": "Feature",
      "properties": {
        "id": "USGS-392054075462401",
        "name": "KE Ag  31",
        "site_type": "Well",
        "latest_readings": []
      },
      "geometry": {
        "type": "Point",
        "coordinates": [
          -75.7729895084072,
          39.3484446180003
        ]
      }
    },
    {
      "type": "Feature",
      "properties": {
        "id": "USGS-392054075564101",
        "name": "KE Ae  12",
        "site_type": "Well",
        "latest_readings": []
      },
      "geometry": {
        "type": "Point",
        "coordinates": [
          -75.9443866629037,
          39.3484453827181
        ]
      }
    },
    {
      "type": "Feature",
      "properties": {
        "id": "USGS-392054075564102",
        "name": "KE Ae  58",
        "site_type": "Well",
        "latest_readings": []
      },
      "geometry": {
        "type": "Point",
        "coordinates": [
          -75.9443866629037,
          39.3484453827181
        ]
      }
    },
    {
      "type": "Feature",
      "properties": {
        "id": "USGS-392055075455701",
        "name": "KE Ag  27",
        "site_type": "Well",
        "latest_readings": []
      },
      "geometry": {
        "type": "Point",
        "coordinates": [
          -75.7654891478411,
          39.3487223637718
        ]
      }
    },
    {
      "type": "Feature",
      "properties": {
        "id": "USGS-392055076080401",
        "name": "KE Ac   4",
        "site_type": "Well",
        "latest_readings": []
      },
      "geometry": {
        "type": "Point",
        "coordinates": [
          -76.1341171213162,
          39.3487214349073
        ]
      }
    },
    {
      "type": "Feature",
      "properties": {
        "id": "USGS-392056076080601",
        "name": "KE Ac  45",
        "site_type": "Well",
        "latest_readings": []
      },
      "geometry": {
        "type": "Point",
        "coordinates": [
          -76.1346727027237,
          39.3489992082841
        ]
      }
    },
    {
      "type": "Feature",
      "properties": {
        "id": "USGS-392057075461201",
        "name": "KE Ag  28",
        "site_type": "Well",
        "latest_readings": []
      },
      "geometry": {
        "type": "Point",
        "coordinates": [
          -75.769656017898,
          39.3492779412111
        ]
      }
    },
    {
      "type": "Feature",
      "properties": {
        "id": "USGS-392057075461401",
        "name": "KE Ag  29",
        "site_type": "Well",
        "latest_readings": []
      },
      "geometry": {
        "type": "Point",
        "coordinates": [
          -75.7702116002689,
          39.3492779437402
        ]
      }
    },
    {
      "type": "Feature",
      "properties": {
        "id": "USGS-392100075462401",
        "name": "KE Ag  30",
        "site_type": "Well",
        "latest_readings": []
      },
      "geometry": {
        "type": "Point",
        "coordinates": [
          -75.7729895158387,
          39.3501112947705
        ]
      }
    },
    {
      "type": "Feature",
      "properties": {
        "id": "USGS-392101076071801",
        "name": "KE Ac  37",
        "site_type": "Well",
        "latest_readings": []
      },
      "geometry": {
        "type": "Point",
        "coordinates": [
          -76.1213388324959,
          39.3503883153329
        ]
      }
    },
    {
      "type": "Feature",
      "properties": {
        "id": "USGS-392102075461701",
        "name": "KE Ag   6",
        "site_type": "Well",
        "latest_readings": []
      },
      "geometry": {
        "type": "Point",
        "coordinates": [
          -75.7710449798874,
          39.3506668445493
        ]
      }
    },
    {
      "type": "Feature",
      "properties": {
        "id": "USGS-392102075461901",
        "name": "KE Ag  26",
        "site_type": "Well",
        "latest_readings": []
      },
      "geometry": {
        "type": "Point",
        "coordinates": [
          -75.7716005622956,
          39.350666847162
        ]
      }
    },
    {
      "type": "Feature",
      "properties": {
        "id": "USGS-392102075544301",
        "name": "KE Af   6",
        "site_type": "Well",
        "latest_readings": []
      },
      "geometry": {
        "type": "Point",
        "coordinates": [
          -75.9116073291417,
          39.3506675055727
        ]
      }
    },
    {
      "type": "Feature",
      "properties": {
        "id": "USGS-392103075471501",
        "name": "KE Ag  35",
        "site_type": "Well",
        "latest_readings": []
      },
      "geometry": {
        "type": "Point",
        "coordinates": [
          -75.7871568711517,
          39.3509447002073
        ]
      }
    },
    {
      "type": "Feature",
      "properties": {
        "id": "USGS-392103075542301",
        "name": "KE Af  22",
        "site_type": "Well",
        "latest_readings": []
      },
      "geometry": {
        "type": "Point",
        "coordinates": [
          -75.9060515111104,
          39.3512230463869
        ]
      }
    },
    {
      "type": "Feature",
      "properties": {
        "id": "USGS-392103075581801",
        "name": "KE Ae  68",
        "site_type": "Well",
        "latest_readings": []
      },
      "geometry": {
        "type": "Point",
        "coordinates": [
          -75.9713324419159,
          39.35094557188
        ]
      }
    },
    {
      "type": "Feature",
      "properties": {
        "id": "USGS-392104075581301",
        "name": "KE Ae  10",
        "site_type": "Well",
        "latest_readings": []
      },
      "geometry": {
        "type": "Point",
        "coordinates": [
          -75.9699434897597,
          39.3512233507021
        ]
      }
    },
    {
      "type": "Feature",
      "properties": {
        "id": "USGS-392104075595101",
        "name": "KE Ae  33",
        "site_type": "Well",
        "latest_readings": []
      },
      "geometry": {
        "type": "Point",
        "coordinates": [
          -75.9971670284885,
          39.3512234803669
        ]
      }
    },
    {
      "type": "Feature",
      "properties": {
        "id": "USGS-392104076060401",
        "name": "KE Ac  15",
        "site_type": "Well",
        "latest_readings": []
      },
      "geometry": {
        "type": "Point",
        "coordinates": [
          -76.1007824368769,
          39.351221970742
        ]
      }
    },
    {
      "type": "Feature",
      "properties": {
        "id": "USGS-392105075590901",
        "name": "KE Ae   6",
        "site_type": "Well",
        "latest_readings": []
      },
      "geometry": {
        "type": "Point",
        "coordinates": [
          -75.9854998016963,
          39.3515012106608
        ]
      }
    },
    {
      "type": "Feature",
      "properties": {
        "id": "USGS-392106076060801",
        "name": "KE Ac  46",
        "site_type": "Well",
        "latest_readings": []
      },
      "geometry": {
        "type": "Point",
        "coordinates": [
          -76.1018936002804,
          39.351777519442
        ]
      }
    },
    {
      "type": "Feature",
      "properties": {
        "id": "USGS-392106076073801",
        "name": "KE Ac  48",
        "site_type": "Well",
        "latest_readings": []
      },
      "geometry": {
        "type": "Point",
        "coordinates": [
          -76.1268946323707,
          39.351777141487
        ]
      }
    },
    {
      "type": "Feature",
      "properties": {
        "id": "USGS-392107075472201",
        "name": "KE Ag  33",
        "site_type": "Well",
        "latest_readings": []
      },
      "geometry": {
        "type": "Point",
        "coordinates": [
          -75.7891014154257,
          39.352055829199
        ]
      }
    },
    {
      "type": "Feature",
      "properties": {
        "id": "USGS-392107075472202",
        "name": "KE Ag  34",
        "site_type": "Well",
        "latest_readings": []
      },
      "geometry": {
        "type": "Point",
        "coordinates": [
          -75.7891014154257,
          39.352055829199
        ]
      }
    },
    {
      "type": "Feature",
      "properties": {
        "id": "USGS-392107076065701",
        "name": "KE Ac   1",
        "site_type": "Well",
        "latest_readings": []
      },
      "geometry": {
        "type": "Point",
        "coordinates": [
          -76.1157830656048,
          39.3520550916905
        ]
      }
    },
    {
      "type": "Feature",
      "properties": {
        "id": "USGS-392108075523801",
        "name": "KE Af  19",
        "site_type": "Well",
        "latest_readings": []
      },
      "geometry": {
        "type": "Point",
        "coordinates": [
          -75.8768834444345,
          39.3523340378282
        ]
      }
    },
    {
      "type": "Feature",
      "properties": {
        "id": "USGS-392108076065901",
        "name": "KE Ac   8",
        "site_type": "Well",
        "latest_readings": []
      },
      "geometry": {
        "type": "Point",
        "coordinates": [
          -76.1160608578964,
          39.352332869695
        ]
      }
    },
    {
      "type": "Feature",
      "properties": {
        "id": "USGS-392111076053801",
        "name": "KE Ac  13",
        "site_type": "Spring",
        "latest_readings": []
      },
      "geometry": {
        "type": "Point",
        "coordinates": [
          -76.0935599393539,
          39.353166560437
        ]
      }
    },
    {
      "type": "Feature",
      "properties": {
        "id": "USGS-392113075473901",
        "name": "KE Ag  36",
        "site_type": "Well",
        "latest_readings": []
      },
      "geometry": {
        "type": "Point",
        "coordinates": [
          -75.7938238753215,
          39.3537225326553
        ]
      }
    },
    {
      "type": "Feature",
      "properties": {
        "id": "USGS-392113075540001",
        "name": "KE Af   4",
        "site_type": "Well",
        "latest_readings": []
      },
      "geometry": {
        "type": "Point",
        "coordinates": [
          -75.8996623396982,
          39.3537230654598
        ]
      }
    },
    {
      "type": "Feature",
      "properties": {
        "id": "USGS-392113076023301",
        "name": "KE Ad  26",
        "site_type": "Well",
        "latest_readings": []
      },
      "geometry": {
        "type": "Point",
        "coordinates": [
          -76.0421689393308,
          39.353722915951
        ]
      }
    },
    {
      "type": "Feature",
      "properties": {
        "id": "USGS-392113076052801",
        "name": "KE Ac  29",
        "site_type": "Well",
        "latest_readings": []
      },
      "geometry": {
        "type": "Point",
        "coordinates": [
          -76.0907820536801,
          39.3537221691172
        ]
      }
    },
    {
      "type": "Feature",
      "properties": {
        "id": "USGS-392114076034801",
        "name": "KE Ad  54",
        "site_type": "Well",
        "latest_readings": []
      },
      "geometry": {
        "type": "Point",
        "coordinates": [
          -76.0630031348058,
          39.3540003799519
        ]
      }
    },
    {
      "type": "Feature",
      "properties": {
        "id": "USGS-392114076073601",
        "name": "KE Ac  19",
        "site_type": "Well",
        "latest_readings": []
      },
      "geometry": {
        "type": "Point",
        "coordinates": [
          -76.1263390774015,
          39.3539994047152
        ]
      }
    },
    {
      "type": "Feature",
      "properties": {
        "id": "USGS-392115075482701",
        "name": "KE Ag  45",
        "site_type": "Well",
        "latest_readings": []
      },
      "geometry": {
        "type": "Point",
        "coordinates": [
          -75.8071578584801,
          39.3542781607626
        ]
      }
    },
    {
      "type": "Feature",
      "properties": {
        "id": "USGS-392115075482702",
        "name": "KE Ag  58",
        "site_type": "Well",
        "latest_readings": []
      },
      "geometry": {
        "type": "Point",
        "coordinates": [
          -75.8071578584801,
          39.3542781607626
        ]
      }
    },
    {
      "type": "Feature",
      "properties": {
        "id": "USGS-392115075482703",
        "name": "KE Ag  59",
        "site_type": "Well",
        "latest_readings": []
      },
      "geometry": {
        "type": "Point",
        "coordinates": [
          -75.8071578584801,
          39.3542781607626
        ]
      }
    },
    {
      "type": "Feature",
      "properties": {
        "id": "USGS-392115075531701",
        "name": "KE Af  59",
        "site_type": "Well",
        "latest_readings": []
      },
      "geometry": {
        "type": "Point",
        "coordinates": [
          -75.8877173217173,
          39.3542785711638
        ]
      }
    },
    {
      "type": "Feature",
      "properties": {
        "id": "USGS-392115075531702",
        "name": "KE Af  60",
        "site_type": "Well",
        "latest_readings": []
      },
      "geometry": {
        "type": "Point",
        "coordinates": [
          -75.8877173217173,
          39.3542785711638
        ]
      }
    },
    {
      "type": "Feature",
      "properties": {
        "id": "USGS-392115075531801",
        "name": "KE Af  15",
        "site_type": "Well",
        "latest_readings": []
      },
      "geometry": {
        "type": "Point",
        "coordinates": [
          -75.8879951129698,
          39.354278572579
        ]
      }
    },
    {
      "type": "Feature",
      "properties": {
        "id": "USGS-392115076073601",
        "name": "KE Ac  44",
        "site_type": "Well",
        "latest_readings": []
      },
      "geometry": {
        "type": "Point",
        "coordinates": [
          -76.1263390803417,
          39.3542771865689
        ]
      }
    },
    {
      "type": "Feature",
      "properties": {
        "id": "USGS-392116075495701",
        "name": "KE Ag  71",
        "site_type": "Well",
        "latest_readings": []
      },
      "geometry": {
        "type": "Point",
        "coordinates": [
          -75.8325,
          39.3544444444444
        ]
      }
    },
    {
      "type": "Feature",
      "properties": {
        "id": "USGS-392116075501501",
        "name": "KE Af  13",
        "site_type": "Well",
        "latest_readings": []
      },
      "geometry": {
        "type": "Point",
        "coordinates": [
          -75.8371593158547,
          39.3545560949968
        ]
      }
    },
    {
      "type": "Feature",
      "properties": {
        "id": "USGS-392116075535801",
        "name": "KE Af   5",
        "site_type": "Well",
        "latest_readings": []
      },
      "geometry": {
        "type": "Point",
        "coordinates": [
          -75.8991067660033,
          39.3545564124476
        ]
      }
    },
    {
      "type": "Feature",
      "properties": {
        "id": "USGS-392117075505701",
        "name": "KE Af  33",
        "site_type": "Well",
        "latest_readings": []
      },
      "geometry": {
        "type": "Point",
        "coordinates": [
          -75.8488265508748,
          39.3548339365323
        ]
      }
    },
    {
      "type": "Feature",
      "properties": {
        "id": "USGS-392118075514801",
        "name": "KE Af  43",
        "site_type": "Well",
        "latest_readings": []
      },
      "geometry": {
        "type": "Point",
        "coordinates": [
          -75.8629939075818,
          39.3551117917335
        ]
      }
    },
    {
      "type": "Feature",
      "properties": {
        "id": "USGS-392119075515101",
        "name": "KE Af  44",
        "site_type": "Well",
        "latest_readings": []
      },
      "geometry": {
        "type": "Point",
        "coordinates": [
          -75.8638272838311,
          39.3553895782529
        ]
      }
    },
    {
      "type": "Feature",
      "properties": {
        "id": "USGS-392119076045801",
        "name": "KE Ad  47",
        "site_type": "Well",
        "latest_readings": []
      },
      "geometry": {
        "type": "Point",
        "coordinates": [
          -76.0824483973648,
          39.3553889974935
        ]
      }
    },
    {
      "type": "Feature",
      "properties": {
        "id": "USGS-392120075484701",
        "name": "KE Ag  11",
        "site_type": "Well",
        "latest_readings": []
      },
      "geometry": {
        "type": "Point",
        "coordinates": [
          -75.8127136923903,
          39.3556670923589
        ]
      }
    },
    {
      "type": "Feature",
      "properties": {
        "id": "USGS-392120076072501",
        "name": "KE Ac   3",
        "site_type": "Well",
        "latest_readings": []
      },
      "geometry": {
        "type": "Point",
        "coordinates": [
          -76.1232834137959,
          39.3556661435303
        ]
      }
    },
    {
      "type": "Feature",
      "properties": {
        "id": "USGS-392121075571701",
        "name": "KE Ae  65",
        "site_type": "Well",
        "latest_readings": []
      },
      "geometry": {
        "type": "Point",
        "coordinates": [
          -75.9543872443708,
          39.3559456203688
        ]
      }
    },
    {
      "type": "Feature",
      "properties": {
        "id": "USGS-392121075572501",
        "name": "KE Ae  52",
        "site_type": "Well",
        "latest_readings": []
      },
      "geometry": {
        "type": "Point",
        "coordinates": [
          -75.9566095745701,
          39.3559456320919
        ]
      }
    },
    {
      "type": "Feature",
      "properties": {
        "id": "USGS-392123075504901",
        "name": "KE Af  32",
        "site_type": "Well",
        "latest_readings": []
      },
      "geometry": {
        "type": "Point",
        "coordinates": [
          -75.8466042341561,
          39.356500615155
        ]
      }
    },
    {
      "type": "Feature",
      "properties": {
        "id": "USGS-392123075561501",
        "name": "KE Ae  56",
        "site_type": "Well",
        "latest_readings": []
      },
      "geometry": {
        "type": "Point",
        "coordinates": [
          -75.9371641922111,
          39.3565010983307
        ]
      }
    },
    {
      "type": "Feature",
      "properties": {
        "id": "USGS-392123076072201",
        "name": "KE Ac  18",
        "site_type": "Well",
        "latest_readings": []
      },
      "geometry": {
        "type": "Point",
        "coordinates": [
          -76.1224500551273,
          39.3564995025072
        ]
      }
    },
    {
      "type": "Feature",
      "properties": {
        "id": "USGS-392124075510001",
        "name": "KE Af  34",
        "site_type": "Well",
        "latest_readings": []
      },
      "geometry": {
        "type": "Point",
        "coordinates": [
          -75.8496599405301,
          39.3567784132302
        ]
      }
    },
    {
      "type": "Feature",
      "properties": {
        "id": "USGS-392124075584101",
        "name": "KE Ae  63",
        "site_type": "Well",
        "latest_readings": []
      },
      "geometry": {
        "type": "Point",
        "coordinates": [
          -75.9777217234254,
          39.3567791003524
        ]
      }
    },
    {
      "type": "Feature",
      "properties": {
        "id": "USGS-392124076042301",
        "name": "KE Ad  46",
        "site_type": "Well",
        "latest_readings": []
      },
      "geometry": {
        "type": "Point",
        "coordinates": [
          -76.0727257926529,
          39.3567780675634
        ]
      }
    },
    {
      "type": "Feature",
      "properties": {
        "id": "USGS-392125075512601",
        "name": "KE Af  45",
        "site_type": "Well",
        "latest_readings": []
      },
      "geometry": {
        "type": "Point",
        "coordinates": [
          -75.8568825163337,
          39.3570562339726
        ]
      }
    },
    {
      "type": "Feature",
      "properties": {
        "id": "USGS-392125076030201",
        "name": "KE Ad  57",
        "site_type": "Well",
        "latest_readings": []
      },
      "geometry": {
        "type": "Point",
        "coordinates": [
          -76.0502248718075,
          39.357056206432
        ]
      }
    },
    {
      "type": "Feature",
      "properties": {
        "id": "USGS-392125076051401",
        "name": "KE Ac  28",
        "site_type": "Well",
        "latest_readings": []
      },
      "geometry": {
        "type": "Point",
        "coordinates": [
          -76.0868930448279,
          39.3570556276907
        ]
      }
    },
    {
      "type": "Feature",
      "properties": {
        "id": "USGS-392126075511001",
        "name": "KE Af  35",
        "site_type": "Well",
        "latest_readings": []
      },
      "geometry": {
        "type": "Point",
        "coordinates": [
          -75.8524378580016,
          39.3573339918461
        ]
      }
    },
    {
      "type": "Feature",
      "properties": {
        "id": "USGS-392126075514701",
        "name": "KE Af  49",
        "site_type": "Well",
        "latest_readings": []
      },
      "geometry": {
        "type": "Point",
        "coordinates": [
          -75.8627161358635,
          39.3573340476141
        ]
      }
    },
    {
      "type": "Feature",
      "properties": {
        "id": "USGS-392126075590101",
        "name": "KE Ae  34",
        "site_type": "Well",
        "latest_readings": []
      },
      "geometry": {
        "type": "Point",
        "coordinates": [
          -75.9832775572711,
          39.3573347017576
        ]
      }
    },
    {
      "type": "Feature",
      "properties": {
        "id": "USGS-392126076004801",
        "name": "KE Ad  29",
        "site_type": "Well",
        "latest_readings": []
      },
      "geometry": {
        "type": "Point",
        "coordinates": [
          -76.0130009050986,
          39.3426119310819
        ]
      }
    },
    {
      "type": "Feature",
      "properties": {
        "id": "USGS-392126076020001",
        "name": "KE Ad  62",
        "site_type": "Well",
        "latest_readings": []
      },
      "geometry": {
        "type": "Point",
        "coordinates": [
          -76.0330019459842,
          39.3573342633886
        ]
      }
    },
    {
      "type": "Feature",
      "properties": {
        "id": "USGS-392126076030301",
        "name": "KE Ad  24",
        "site_type": "Well",
        "latest_readings": []
      },
      "geometry": {
        "type": "Point",
        "coordinates": [
          -76.0505026572536,
          39.3567784175372
        ]
      }
    },
    {
      "type": "Feature",
      "properties": {
        "id": "USGS-392126076045701",
        "name": "KE Ad  22",
        "site_type": "Well",
        "latest_readings": []
      },
      "geometry": {
        "type": "Point",
        "coordinates": [
          -76.0821706320136,
          39.3573334856266
        ]
      }
    },
    {
      "type": "Feature",
      "properties": {
        "id": "USGS-392127075474001",
        "name": "KE Ag  12",
        "site_type": "Well",
        "latest_readings": []
      },
      "geometry": {
        "type": "Point",
        "coordinates": [
          -75.7941016878747,
          39.3576114554228
        ]
      }
    },
    {
      "type": "Feature",
      "properties": {
        "id": "USGS-392127075542601",
        "name": "KE Af  26",
        "site_type": "Well",
        "latest_readings": []
      },
      "geometry": {
        "type": "Point",
        "coordinates": [
          -75.9068849545766,
          39.3576120707616
        ]
      }
    },
    {
      "type": "Feature",
      "properties": {
        "id": "USGS-392127075584001",
        "name": "KE Ae  11",
        "site_type": "Well",
        "latest_readings": []
      },
      "geometry": {
        "type": "Point",
        "coordinates": [
          -75.9774439440896,
          39.3576124557272
        ]
      }
    },
    {
      "type": "Feature",
      "properties": {
        "id": "USGS-392127076033001",
        "name": "KE Ad  75",
        "site_type": "Well",
        "latest_readings": []
      },
      "geometry": {
        "type": "Point",
        "coordinates": [
          -76.0580029764428,
          39.3576116521641
        ]
      }
    },
    {
      "type": "Feature",
      "properties": {
        "id": "USGS-392127076033002",
        "name": "KE Ad  76",
        "site_type": "Well",
        "latest_readings": []
      },
      "geometry": {
        "type": "Point",
        "coordinates": [
          -76.0580029764428,
          39.3576116521641
        ]
      }
    },
    {
      "type": "Feature",
      "properties": {
        "id": "USGS-392128075494501",
        "name": "KE Ag  64",
        "site_type": "Well",
        "latest_readings": []
      },
      "geometry": {
        "type": "Point",
        "coordinates": [
          -75.8288256020248,
          39.3578894260184
        ]
      }
    },
    {
      "type": "Feature",
      "properties": {
        "id": "USGS-392128075583501",
        "name": "KE Ae  35",
        "site_type": "Well",
        "latest_readings": []
      },
      "geometry": {
        "type": "Point",
        "coordinates": [
          -75.9760549915679,
          39.3578902337291
        ]
      }
    },
    {
      "type": "Feature",
      "properties": {
        "id": "USGS-392129075473701",
        "name": "KE Ag  13",
        "site_type": "Well",
        "latest_readings": []
      },
      "geometry": {
        "type": "Point",
        "coordinates": [
          -75.7932683170045,
          39.3581670110214
        ]
      }
    },
    {
      "type": "Feature",
      "properties": {
        "id": "USGS-392129075494501",
        "name": "KE Ag  65",
        "site_type": "Well",
        "latest_readings": []
      },
      "geometry": {
        "type": "Point",
        "coordinates": [
          -75.828825604013,
          39.3581672071624
        ]
      }
    },
    {
      "type": "Feature",
      "properties": {
        "id": "USGS-392129075570701",
        "name": "KE Ae  66",
        "site_type": "Well",
        "latest_readings": []
      },
      "geometry": {
        "type": "Point",
        "coordinates": [
          -75.9516093607143,
          39.3581678844621
        ]
      }
    },
    {
      "type": "Feature",
      "properties": {
        "id": "USGS-392130076010701",
        "name": "KE Ad  63",
        "site_type": "Well",
        "latest_readings": []
      },
      "geometry": {
        "type": "Point",
        "coordinates": [
          -76.0182791354327,
          39.3584456388351
        ]
      }
    },
    {
      "type": "Feature",
      "properties": {
        "id": "USGS-392131076021801",
        "name": "KE Ad  25",
        "site_type": "Well",
        "latest_readings": []
      },
      "geometry": {
        "type": "Point",
        "coordinates": [
          -76.038002170722,
          39.358723109036
        ]
      }
    },
    {
      "type": "Feature",
      "properties": {
        "id": "USGS-392131076045901",
        "name": "KE Ad  45",
        "site_type": "Well",
        "latest_readings": []
      },
      "geometry": {
        "type": "Point",
        "coordinates": [
          -76.0827262273973,
          39.3587223937461
        ]
      }
    },
    {
      "type": "Feature",
      "properties": {
        "id": "USGS-392132076010901",
        "name": "KE Ad  31",
        "site_type": "Well",
        "latest_readings": []
      },
      "geometry": {
        "type": "Point",
        "coordinates": [
          -76.01883472194,
          39.3590012012087
        ]
      }
    },
    {
      "type": "Feature",
      "properties": {
        "id": "USGS-392133075521801",
        "name": "KE Af  61",
        "site_type": "Well",
        "latest_readings": []
      },
      "geometry": {
        "type": "Point",
        "coordinates": [
          -75.8713276838756,
          39.3592785713106
        ]
      }
    },
    {
      "type": "Feature",
      "properties": {
        "id": "USGS-392133076031801",
        "name": "KE Ad  56",
        "site_type": "Well",
        "latest_readings": []
      },
      "geometry": {
        "type": "Point",
        "coordinates": [
          -76.0546695284343,
          39.3592784111973
        ]
      }
    },
    {
      "type": "Feature",
      "properties": {
        "id": "USGS-392133076065201",
        "name": "KE Ac  39",
        "site_type": "Well",
        "latest_readings": []
      },
      "geometry": {
        "type": "Point",
        "coordinates": [
          -76.1149497835806,
          39.3598330073925
        ]
      }
    },
    {
      "type": "Feature",
      "properties": {
        "id": "USGS-392134075511601",
        "name": "KE Af  36",
        "site_type": "Well",
        "latest_readings": []
      },
      "geometry": {
        "type": "Point",
        "coordinates": [
          -75.8541046243835,
          39.3595562561347
        ]
      }
    },
    {
      "type": "Feature",
      "properties": {
        "id": "USGS-392134075523201",
        "name": "KE Af  70",
        "site_type": "Well",
        "latest_readings": []
      },
      "geometry": {
        "type": "Point",
        "coordinates": [
          -75.875216764962,
          39.3595563757739
        ]
      }
    },
    {
      "type": "Feature",
      "properties": {
        "id": "USGS-392134075583501",
        "name": "KE Ae  36",
        "site_type": "Well",
        "latest_readings": []
      },
      "geometry": {
        "type": "Point",
        "coordinates": [
          -75.9760550153566,
          39.3595569472088
        ]
      }
    },
    {
      "type": "Feature",
      "properties": {
        "id": "USGS-392134075585401",
        "name": "KE Ae  38",
        "site_type": "Well",
        "latest_readings": []
      },
      "geometry": {
        "type": "Point",
        "coordinates": [
          -75.9813330505012,
          39.3595569771186
        ]
      }
    },
    {
      "type": "Feature",
      "properties": {
        "id": "USGS-392134076065301",
        "name": "KE Ac  38",
        "site_type": "Well",
        "latest_readings": []
      },
      "geometry": {
        "type": "Point",
        "coordinates": [
          -76.1143942021937,
          39.3595552340838
        ]
      }
    },
    {
      "type": "Feature",
      "properties": {
        "id": "USGS-392135075465801",
        "name": "KE Ag  25",
        "site_type": "Well",
        "latest_readings": []
      },
      "geometry": {
        "type": "Point",
        "coordinates": [
          -75.7824344643114,
          39.3598336297372
        ]
      }
    },
    {
      "type": "Feature",
      "properties": {
        "id": "USGS-392135075510801",
        "name": "KE Af  76",
        "site_type": "Well",
        "latest_readings": []
      },
      "geometry": {
        "type": "Point",
        "coordinates": [
          -75.851882296094,
          39.3598340253798
        ]
      }
    },
    {
      "type": "Feature",
      "properties": {
        "id": "USGS-392135075514901",
        "name": "KE Af  54",
        "site_type": "Well",
        "latest_readings": []
      },
      "geometry": {
        "type": "Point",
        "coordinates": [
          -75.8632717405064,
          39.3598340902652
        ]
      }
    },
    {
      "type": "Feature",
      "properties": {
        "id": "USGS-392135075523201",
        "name": "KE Af  69",
        "site_type": "Well",
        "latest_readings": []
      },
      "geometry": {
        "type": "Point",
        "coordinates": [
          -75.875216767573,
          39.3598341583157
        ]
      }
    },
    {
      "type": "Feature",
      "properties": {
        "id": "USGS-392135076034501",
        "name": "KE Ad  69",
        "site_type": "Well",
        "latest_readings": []
      },
      "geometry": {
        "type": "Point",
        "coordinates": [
          -76.0621698431563,
          39.3598338589197
        ]
      }
    },
    {
      "type": "Feature",
      "properties": {
        "id": "USGS-392135076055101",
        "name": "KE Ac  25",
        "site_type": "Well",
        "latest_readings": []
      },
      "geometry": {
        "type": "Point",
        "coordinates": [
          -76.0971712773324,
          39.3598332942227
        ]
      }
    },
    {
      "type": "Feature",
      "properties": {
        "id": "USGS-392136075571101",
        "name": "KE Ae  51",
        "site_type": "Well",
        "latest_readings": []
      },
      "geometry": {
        "type": "Point",
        "coordinates": [
          -75.9527205514939,
          39.3601123847297
        ]
      }
    },
    {
      "type": "Feature",
      "properties": {
        "id": "USGS-392136076034601",
        "name": "KE Ad  55",
        "site_type": "Well",
        "latest_readings": []
      },
      "geometry": {
        "type": "Point",
        "coordinates": [
          -76.0624476359333,
          39.3601116385299
        ]
      }
    },
    {
      "type": "Feature",
      "properties": {
        "id": "USGS-392137075460701",
        "name": "KE Ag  23",
        "site_type": "Well",
        "latest_readings": []
      },
      "geometry": {
        "type": "Point",
        "coordinates": [
          -75.7682671089781,
          39.360389107665
        ]
      }
    },
    {
      "type": "Feature",
      "properties": {
        "id": "USGS-392138075465801",
        "name": "KE Ag  24",
        "site_type": "Well",
        "latest_readings": []
      },
      "geometry": {
        "type": "Point",
        "coordinates": [
          -75.7824344684075,
          39.360666968976
        ]
      }
    },
    {
      "type": "Feature",
      "properties": {
        "id": "USGS-392138075514301",
        "name": "KE Af  46",
        "site_type": "Well",
        "latest_readings": []
      },
      "geometry": {
        "type": "Point",
        "coordinates": [
          -75.8616049998284,
          39.3606674271646
        ]
      }
    },
    {
      "type": "Feature",
      "properties": {
        "id": "USGS-392138075523001",
        "name": "KE Af   2",
        "site_type": "Well",
        "latest_readings": []
      },
      "geometry": {
        "type": "Point",
        "coordinates": [
          -75.8746611927294,
          39.3606675027255
        ]
      }
    },
    {
      "type": "Feature",
      "properties": {
        "id": "USGS-392138075525301",
        "name": "KE Af  62",
        "site_type": "Well",
        "latest_readings": []
      },
      "geometry": {
        "type": "Point",
        "coordinates": [
          -75.8810503935107,
          39.3606675397022
        ]
      }
    },
    {
      "type": "Feature",
      "properties": {
        "id": "USGS-392138075583201",
        "name": "KE Ae  37",
        "site_type": "Well",
        "latest_readings": []
      },
      "geometry": {
        "type": "Point",
        "coordinates": [
          -75.9752216572008,
          39.3606680847055
        ]
      }
    },
    {
      "type": "Feature",
      "properties": {
        "id": "USGS-392138076034501",
        "name": "KE Ad  67",
        "site_type": "Well",
        "latest_readings": []
      },
      "geometry": {
        "type": "Point",
        "coordinates": [
          -76.0621698540158,
          39.3606672112248
        ]
      }
    },
    {
      "type": "Feature",
      "properties": {
        "id": "USGS-392138076034502",
        "name": "KE Ad  68",
        "site_type": "Well",
        "latest_readings": []
      },
      "geometry": {
        "type": "Point",
        "coordinates": [
          -76.0621698540158,
          39.3606672112248
        ]
      }
    },
    {
      "type": "Feature",
      "properties": {
        "id": "USGS-392139075520001",
        "name": "KE Af  53",
        "site_type": "Well",
        "latest_readings": []
      },
      "geometry": {
        "type": "Point",
        "coordinates": [
          -75.8663274550715,
          39.3609452367691
        ]
      }
    },
    {
      "type": "Feature",
      "properties": {
        "id": "USGS-392140075502901",
        "name": "KE Af  80",
        "site_type": "Well",
        "latest_readings": []
      },
      "geometry": {
        "type": "Point",
        "coordinates": [
          -75.8410484450974,
          39.3612228712209
        ]
      }
    },
    {
      "type": "Feature",
      "properties": {
        "id": "USGS-392140076034601",
        "name": "KE Ad  66",
        "site_type": "Well",
        "latest_readings": []
      },
      "geometry": {
        "type": "Point",
        "coordinates": [
          -76.0624476504008,
          39.3612227748978
        ]
      }
    },
    {
      "type": "Feature",
      "properties": {
        "id": "USGS-392141075483901",
        "name": "KE Ag  44",
        "site_type": "Well",
        "latest_readings": []
      },
      "geometry": {
        "type": "Point",
        "coordinates": [
          -75.8104913988039,
          39.3615004731264
        ]
      }
    },
    {
      "type": "Feature",
      "properties": {
        "id": "USGS-392141075514101",
        "name": "KE Af  20",
        "site_type": "Well",
        "latest_readings": []
      },
      "geometry": {
        "type": "Point",
        "coordinates": [
          -75.859938239769,
          39.3592785071115
        ]
      }
    },
    {
      "type": "Feature",
      "properties": {
        "id": "USGS-392141075565601",
        "name": "KE Ae   2",
        "site_type": "Well",
        "latest_readings": []
      },
      "geometry": {
        "type": "Point",
        "coordinates": [
          -75.9485536995089,
          39.3615012846223
        ]
      }
    },
    {
      "type": "Feature",
      "properties": {
        "id": "USGS-392141075582801",
        "name": "KE Ae  41",
        "site_type": "Well",
        "latest_readings": []
      },
      "geometry": {
        "type": "Point",
        "coordinates": [
          -75.9741105036635,
          39.3615014348388
        ]
      }
    },
    {
      "type": "Feature",
      "properties": {
        "id": "USGS-392141076023501",
        "name": "KE Ad  58",
        "site_type": "Well",
        "latest_readings": []
      },
      "geometry": {
        "type": "Point",
        "coordinates": [
          -76.0427246249019,
          39.3615008813378
        ]
      }
    },
    {
      "type": "Feature",
      "properties": {
        "id": "USGS-392142075511401",
        "name": "KE Af  37",
        "site_type": "Well",
        "latest_readings": []
      },
      "geometry": {
        "type": "Point",
        "coordinates": [
          -75.8535490602976,
          39.3617785080975
        ]
      }
    },
    {
      "type": "Feature",
      "properties": {
        "id": "USGS-392142076065501",
        "name": "KE Ac  16",
        "site_type": "Well",
        "latest_readings": []
      },
      "geometry": {
        "type": "Point",
        "coordinates": [
          -76.1149498050065,
          39.3617774831611
        ]
      }
    },
    {
      "type": "Feature",
      "properties": {
        "id": "USGS-392143075524901",
        "name": "KE Af  63",
        "site_type": "Well",
        "latest_readings": []
      },
      "geometry": {
        "type": "Point",
        "coordinates": [
          -75.880278,
          39.361944
        ]
      }
    },
    {
      "type": "Feature",
      "properties": {
        "id": "USGS-392143075553801",
        "name": "KE Ae  15",
        "site_type": "Well",
        "latest_readings": []
      },
      "geometry": {
        "type": "Point",
        "coordinates": [
          -75.9268859808567,
          39.3620567254618
        ]
      }
    },
    {
      "type": "Feature",
      "properties": {
        "id": "USGS-392144075514301",
        "name": "KE Af  47",
        "site_type": "Well",
        "latest_readings": []
      },
      "geometry": {
        "type": "Point",
        "coordinates": [
          -75.861605014398,
          39.3623341199544
        ]
      }
    },
    {
      "type": "Feature",
      "properties": {
        "id": "USGS-392144075521701",
        "name": "KE Af  18",
        "site_type": "Well",
        "latest_readings": []
      },
      "geometry": {
        "type": "Point",
        "coordinates": [
          -75.8710499206616,
          39.3623341763229
        ]
      }
    },
    {
      "type": "Feature",
      "properties": {
        "id": "USGS-392144075525601",
        "name": "KE Af  67",
        "site_type": "Well",
        "latest_readings": []
      },
      "geometry": {
        "type": "Point",
        "coordinates": [
          -75.8818837837287,
          39.3623342409809
        ]
      }
    },
    {
      "type": "Feature",
      "properties": {
        "id": "USGS-392144075525602",
        "name": "KE Af  68",
        "site_type": "Well",
        "latest_readings": []
      },
      "geometry": {
        "type": "Point",
        "coordinates": [
          -75.8818837837287,
          39.3623342409809
        ]
      }
    },
    {
      "type": "Feature",
      "properties": {
        "id": "USGS-392144075565501",
        "name": "KE Ae  19",
        "site_type": "Well",
        "latest_readings": []
      },
      "geometry": {
        "type": "Point",
        "coordinates": [
          -75.9482759189349,
          39.3623346372184
        ]
      }
    },
    {
      "type": "Feature",
      "properties": {
        "id": "USGS-392144075583601",
        "name": "KE Ae  40",
        "site_type": "Well",
        "latest_readings": []
      },
      "geometry": {
        "type": "Point",
        "coordinates": [
          -75.9763328463651,
          39.362334804666
        ]
      }
    },
    {
      "type": "Feature",
      "properties": {
        "id": "USGS-392144075584201",
        "name": "KE Ae  39",
        "site_type": "Well",
        "latest_readings": []
      },
      "geometry": {
        "type": "Point",
        "coordinates": [
          -75.9779995945293,
          39.3623348146134
        ]
      }
    },
    {
      "type": "Feature",
      "properties": {
        "id": "USGS-392145075521301",
        "name": "KE Af  52",
        "site_type": "Well",
        "latest_readings": []
      },
      "geometry": {
        "type": "Point",
        "coordinates": [
          -75.869938757759,
          39.362611952074
        ]
      }
    },
    {
      "type": "Feature",
      "properties": {
        "id": "USGS-392145075525601",
        "name": "KE Af  65",
        "site_type": "Well",
        "latest_readings": []
      },
      "geometry": {
        "type": "Point",
        "coordinates": [
          -75.8818837837287,
          39.3623342409809
        ]
      }
    },
    {
      "type": "Feature",
      "properties": {
        "id": "USGS-392145075525602",
        "name": "KE Af  66",
        "site_type": "Well",
        "latest_readings": []
      },
      "geometry": {
        "type": "Point",
        "coordinates": [
          -75.8818837864292,
          39.3626120237235
        ]
      }
    },
    {
      "type": "Feature",
      "properties": {
        "id": "USGS-392146075580001",
        "name": "KE Ae  20",
        "site_type": "Well",
        "latest_readings": []
      },
      "geometry": {
        "type": "Point",
        "coordinates": [
          -75.9663323650486,
          39.3628903155557
        ]
      }
    },
    {
      "type": "Feature",
      "properties": {
        "id": "USGS-392146075580801",
        "name": "KE Ae   4",
        "site_type": "Well",
        "latest_readings": []
      },
      "geometry": {
        "type": "Point",
        "coordinates": [
          -75.9685546959938,
          39.3628903289528
        ]
      }
    },
    {
      "type": "Feature",
      "properties": {
        "id": "USGS-392146076065301",
        "name": "KE Ac   2",
        "site_type": "Well",
        "latest_readings": []
      },
      "geometry": {
        "type": "Point",
        "coordinates": [
          -76.1143942389943,
          39.3628886213492
        ]
      }
    },
    {
      "type": "Feature",
      "properties": {
        "id": "USGS-392147075485601",
        "name": "KE Ag  41",
        "site_type": "Well",
        "latest_readings": []
      },
      "geometry": {
        "type": "Point",
        "coordinates": [
          -75.8152138625782,
          39.3631671852872
        ]
      }
    },
    {
      "type": "Feature",
      "properties": {
        "id": "USGS-392147075513801",
        "name": "KE Af  10",
        "site_type": "Well",
        "latest_readings": []
      },
      "geometry": {
        "type": "Point",
        "coordinates": [
          -75.8602160648233,
          39.3631674579342
        ]
      }
    },
    {
      "type": "Feature",
      "properties": {
        "id": "USGS-392147075522301",
        "name": "KE Af  79",
        "site_type": "Well",
        "latest_readings": []
      },
      "geometry": {
        "type": "Point",
        "coordinates": [
          -75.8727166765581,
          39.3631675336695
        ]
      }
    },
    {
      "type": "Feature",
      "properties": {
        "id": "USGS-392147075552301",
        "name": "KE Ae  54",
        "site_type": "Well",
        "latest_readings": []
      },
      "geometry": {
        "type": "Point",
        "coordinates": [
          -75.9227191234971,
          39.3631678366107
        ]
      }
    },
    {
      "type": "Feature",
      "properties": {
        "id": "USGS-392147075581201",
        "name": "KE Ae   1",
        "site_type": "Well",
        "latest_readings": []
      },
      "geometry": {
        "type": "Point",
        "coordinates": [
          -75.9696658653455,
          39.3631681210388
        ]
      }
    },
    {
      "type": "Feature",
      "properties": {
        "id": "USGS-392147075581301",
        "name": "KE Ae  42",
        "site_type": "Well",
        "latest_readings": []
      },
      "geometry": {
        "type": "Point",
        "coordinates": [
          -75.9699436567174,
          39.3631681227218
        ]
      }
    },
    {
      "type": "Feature",
      "properties": {
        "id": "USGS-392147076035201",
        "name": "KE Ad  14",
        "site_type": "Well",
        "latest_readings": []
      },
      "geometry": {
        "type": "Point",
        "coordinates": [
          -76.064114410468,
          39.3631672359506
        ]
      }
    },
    {
      "type": "Feature",
      "properties": {
        "id": "USGS-392148075484801",
        "name": "KE Ag  42",
        "site_type": "Well",
        "latest_readings": []
      },
      "geometry": {
        "type": "Point",
        "coordinates": [
          -75.8129915333787,
          39.3634449524901
        ]
      }
    },
    {
      "type": "Feature",
      "properties": {
        "id": "USGS-392148075494601",
        "name": "KE Ag  52",
        "site_type": "Well",
        "latest_readings": []
      },
      "geometry": {
        "type": "Point",
        "coordinates": [
          -75.8291034331643,
          39.3634450505899
        ]
      }
    },
    {
      "type": "Feature",
      "properties": {
        "id": "USGS-392148075494602",
        "name": "KE Ag  53",
        "site_type": "Well",
        "latest_readings": []
      },
      "geometry": {
        "type": "Point",
        "coordinates": [
          -75.8291034331643,
          39.3634450505899
        ]
      }
    },
    {
      "type": "Feature",
      "properties": {
        "id": "USGS-392148075525201",
        "name": "KE Af  64",
        "site_type": "Well",
        "latest_readings": []
      },
      "geometry": {
        "type": "Point",
        "coordinates": [
          -75.8807726290283,
          39.3634453651859
        ]
      }
    },
    {
      "type": "Feature",
      "properties": {
        "id": "USGS-392148075525202",
        "name": "KE Af  71",
        "site_type": "Well",
        "latest_readings": []
      },
      "geometry": {
        "type": "Point",
        "coordinates": [
          -75.8807726290283,
          39.3634453651859
        ]
      }
    },
    {
      "type": "Feature",
      "properties": {
        "id": "USGS-392148075580001",
        "name": "KE Ae  43",
        "site_type": "Well",
        "latest_readings": []
      },
      "geometry": {
        "type": "Point",
        "coordinates": [
          -75.9663323727171,
          39.3634458861297
        ]
      }
    },
    {
      "type": "Feature",
      "properties": {
        "id": "USGS-392148075581001",
        "name": "KE Ae  21",
        "site_type": "Well",
        "latest_readings": []
      },
      "geometry": {
        "type": "Point",
        "coordinates": [
          -75.9691102864733,
          39.3634459030435
        ]
      }
    },
    {
      "type": "Feature",
      "properties": {
        "id": "USGS-392148076033201",
        "name": "KE Ad  36",
        "site_type": "Well",
        "latest_readings": []
      },
      "geometry": {
        "type": "Point",
        "coordinates": [
          -76.0585586316296,
          39.3634451121489
        ]
      }
    },
    {
      "type": "Feature",
      "properties": {
        "id": "USGS-392148076050101",
        "name": "KE Ac  27",
        "site_type": "Well",
        "latest_readings": []
      },
      "geometry": {
        "type": "Point",
        "coordinates": [
          -76.083281863477,
          39.3634447020159
        ]
      }
    },
    {
      "type": "Feature",
      "properties": {
        "id": "USGS-392149075522301",
        "name": "KE Af  51",
        "site_type": "Well",
        "latest_readings": []
      },
      "geometry": {
        "type": "Point",
        "coordinates": [
          -75.8721610989543,
          39.3637230952029
        ]
      }
    },
    {
      "type": "Feature",
      "properties": {
        "id": "USGS-392149075580801",
        "name": "KE Ae  70",
        "site_type": "Well",
        "latest_readings": []
      },
      "geometry": {
        "type": "Point",
        "coordinates": [
          -75.9679991132575,
          39.3628903256036
        ]
      }
    },
    {
      "type": "Feature",
      "properties": {
        "id": "USGS-392150075514801",
        "name": "KE Af  74",
        "site_type": "Well",
        "latest_readings": []
      },
      "geometry": {
        "type": "Point",
        "coordinates": [
          -75.8616050289675,
          39.3640008127441
        ]
      }
    },
    {
      "type": "Feature",
      "properties": {
        "id": "USGS-392150075552801",
        "name": "KE Ae  55",
        "site_type": "Well",
        "latest_readings": []
      },
      "geometry": {
        "type": "Point",
        "coordinates": [
          -75.9241080901587,
          39.3640011970702
        ]
      }
    },
    {
      "type": "Feature",
      "properties": {
        "id": "USGS-392150076030801",
        "name": "KE Ad  77",
        "site_type": "Well",
        "latest_readings": []
      },
      "geometry": {
        "type": "Point",
        "coordinates": [
          -76.0518917001617,
          39.3640007916701
        ]
      }
    },
    {
      "type": "Feature",
      "properties": {
        "id": "USGS-392151075484301",
        "name": "KE Ag  43",
        "site_type": "Well",
        "latest_readings": []
      },
      "geometry": {
        "type": "Point",
        "coordinates": [
          -75.8116025817716,
          39.3642782859084
        ]
      }
    },
    {
      "type": "Feature",
      "properties": {
        "id": "USGS-392151075562401",
        "name": "KE Ae  14",
        "site_type": "Well",
        "latest_readings": []
      },
      "geometry": {
        "type": "Point",
        "coordinates": [
          -75.9391088317821,
          39.3645568582419
        ]
      }
    },
    {
      "type": "Feature",
      "properties": {
        "id": "USGS-392151075580101",
        "name": "KE Ae  25",
        "site_type": "Well",
        "latest_readings": []
      },
      "geometry": {
        "type": "Point",
        "coordinates": [
          -75.9666101756067,
          39.3642792437072
        ]
      }
    },
    {
      "type": "Feature",
      "properties": {
        "id": "USGS-392151075580501",
        "name": "KE Ae  64",
        "site_type": "Well",
        "latest_readings": []
      },
      "geometry": {
        "type": "Point",
        "coordinates": [
          -75.9677213411539,
          39.3642792505732
        ]
      }
    },
    {
      "type": "Feature",
      "properties": {
        "id": "USGS-392152075521001",
        "name": "KE Af  50",
        "site_type": "Well",
        "latest_readings": []
      },
      "geometry": {
        "type": "Point",
        "coordinates": [
          -75.8691054013684,
          39.3645564235785
        ]
      }
    },
    {
      "type": "Feature",
      "properties": {
        "id": "USGS-392152075562201",
        "name": "KE Ae  57",
        "site_type": "Well",
        "latest_readings": []
      },
      "geometry": {
        "type": "Point",
        "coordinates": [
          -75.9391088317821,
          39.3645568582419
        ]
      }
    },
    {
      "type": "Feature",
      "properties": {
        "id": "USGS-392152075581101",
        "name": "KE Ae  44",
        "site_type": "Well",
        "latest_readings": []
      },
      "geometry": {
        "type": "Point",
        "coordinates": [
          -75.96938809335,
          39.3645570462511
        ]
      }
    },
    {
      "type": "Feature",
      "properties": {
        "id": "USGS-392153075481001",
        "name": "KE Ag  37",
        "site_type": "Well",
        "latest_readings": []
      },
      "geometry": {
        "type": "Point",
        "coordinates": [
          -75.8024354692749,
          39.3648337899622
        ]
      }
    },
    {
      "type": "Feature",
      "properties": {
        "id": "USGS-392153075481002",
        "name": "KE Ag  38",
        "site_type": "Well",
        "latest_readings": []
      },
      "geometry": {
        "type": "Point",
        "coordinates": [
          -75.8024354692749,
          39.3648337899622
        ]
      }
    },
    {
      "type": "Feature",
      "properties": {
        "id": "USGS-392153075490901",
        "name": "KE Ag  40",
        "site_type": "Well",
        "latest_readings": []
      },
      "geometry": {
        "type": "Point",
        "coordinates": [
          -75.8188251615363,
          39.3648338922224
        ]
      }
    },
    {
      "type": "Feature",
      "properties": {
        "id": "USGS-392153075503901",
        "name": "KE Af  75",
        "site_type": "Well",
        "latest_readings": []
      },
      "geometry": {
        "type": "Point",
        "coordinates": [
          -75.8438263870197,
          39.3648340482126
        ]
      }
    },
    {
      "type": "Feature",
      "properties": {
        "id": "USGS-392153075514401",
        "name": "KE Af  48",
        "site_type": "Well",
        "latest_readings": []
      },
      "geometry": {
        "type": "Point",
        "coordinates": [
          -75.8618828276466,
          39.3648341608723
        ]
      }
    },
    {
      "type": "Feature",
      "properties": {
        "id": "USGS-392153075580201",
        "name": "KE Ae  18",
        "site_type": "Well",
        "latest_readings": []
      },
      "geometry": {
        "type": "Point",
        "coordinates": [
          -75.9674435767113,
          39.3662237461
        ]
      }
    },
    {
      "type": "Feature",
      "properties": {
        "id": "USGS-392153076050701",
        "name": "KE Ac  26",
        "site_type": "Well",
        "latest_readings": []
      },
      "geometry": {
        "type": "Point",
        "coordinates": [
          -76.0849486151012,
          39.3648335908849
        ]
      }
    },
    {
      "type": "Feature",
      "properties": {
        "id": "USGS-392154076035801",
        "name": "KE Ad   2",
        "site_type": "Well",
        "latest_readings": []
      },
      "geometry": {
        "type": "Point",
        "coordinates": [
          -76.0657811702879,
          39.3651116961859
        ]
      }
    },
    {
      "type": "Feature",
      "properties": {
        "id": "USGS-392155075520501",
        "name": "KE Af  28",
        "site_type": "Well",
        "latest_readings": []
      },
      "geometry": {
        "type": "Point",
        "coordinates": [
          -75.8677164519467,
          39.3653897619015
        ]
      }
    },
    {
      "type": "Feature",
      "properties": {
        "id": "USGS-392156075595601",
        "name": "KE Ae   7",
        "site_type": "Well",
        "latest_readings": []
      },
      "geometry": {
        "type": "Point",
        "coordinates": [
          -75.9985562064232,
          39.3656683723924
        ]
      }
    },
    {
      "type": "Feature",
      "properties": {
        "id": "USGS-392156076024201",
        "name": "KE Ad  23",
        "site_type": "Well",
        "latest_readings": []
      },
      "geometry": {
        "type": "Point",
        "coordinates": [
          -76.0446692059769,
          39.3656676202791
        ]
      }
    },
    {
      "type": "Feature",
      "properties": {
        "id": "USGS-392157076035501",
        "name": "KE Ad  38",
        "site_type": "Well",
        "latest_readings": []
      },
      "geometry": {
        "type": "Point",
        "coordinates": [
          -76.0649478137464,
          39.3659450621989
        ]
      }
    },
    {
      "type": "Feature",
      "properties": {
        "id": "USGS-392158075502301",
        "name": "KE Af  14",
        "site_type": "Well",
        "latest_readings": []
      },
      "geometry": {
        "type": "Point",
        "coordinates": [
          -75.8393817353611,
          39.3662229277913
        ]
      }
    },
    {
      "type": "Feature",
      "properties": {
        "id": "USGS-392158075503001",
        "name": "KE Af  31",
        "site_type": "Well",
        "latest_readings": []
      },
      "geometry": {
        "type": "Point",
        "coordinates": [
          -75.8413262752514,
          39.3662229402168
        ]
      }
    },
    {
      "type": "Feature",
      "properties": {
        "id": "USGS-392158075565601",
        "name": "KE Ae  50",
        "site_type": "Well",
        "latest_readings": []
      },
      "geometry": {
        "type": "Point",
        "coordinates": [
          -75.9485537606336,
          39.3662236253951
        ]
      }
    },
    {
      "type": "Feature",
      "properties": {
        "id": "USGS-392158076034301",
        "name": "KE Ad  41",
        "site_type": "Well",
        "latest_readings": []
      },
      "geometry": {
        "type": "Point",
        "coordinates": [
          -76.0616143482273,
          39.3662229026699
        ]
      }
    },
    {
      "type": "Feature",
      "properties": {
        "id": "USGS-392158076034302",
        "name": "KE Ad  43",
        "site_type": "Well",
        "latest_readings": []
      },
      "geometry": {
        "type": "Point",
        "coordinates": [
          -76.0616143482273,
          39.3662229026699
        ]
      }
    },
    {
      "type": "Feature",
      "properties": {
        "id": "USGS-392158076034801",
        "name": "KE Ad  15",
        "site_type": "Well",
        "latest_readings": []
      },
      "geometry": {
        "type": "Point",
        "coordinates": [
          -76.0630032936896,
          39.3662228791422
        ]
      }
    },
    {
      "type": "Feature",
      "properties": {
        "id": "USGS-392158076035801",
        "name": "KE Ad  37",
        "site_type": "Well",
        "latest_readings": []
      },
      "geometry": {
        "type": "Point",
        "coordinates": [
          -76.0657811846142,
          39.3662228320866
        ]
      }
    },
    {
      "type": "Feature",
      "properties": {
        "id": "USGS-392158076035802",
        "name": "KE Ad  39",
        "site_type": "Well",
        "latest_readings": []
      },
      "geometry": {
        "type": "Point",
        "coordinates": [
          -76.0657811846142,
          39.3662228320866
        ]
      }
    },
    {
      "type": "Feature",
      "properties": {
        "id": "USGS-392159075580501",
        "name": "KE Ae  27",
        "site_type": "Well",
        "latest_readings": []
      },
      "geometry": {
        "type": "Point",
        "coordinates": [
          -75.9677213719771,
          39.366501533204
        ]
      }
    },
    {
      "type": "Feature",
      "properties": {
        "id": "USGS-392159076035501",
        "name": "KE Ad   1",
        "site_type": "Well",
        "latest_readings": []
      },
      "geometry": {
        "type": "Point",
        "coordinates": [
          -76.0649478209273,
          39.3665006302077
        ]
      }
    },
    {
      "type": "Feature",
      "properties": {
        "id": "USGS-392159076035601",
        "name": "KE Ad  12",
        "site_type": "Well",
        "latest_readings": []
      },
      "geometry": {
        "type": "Point",
        "coordinates": [
          -76.0652255920795,
          39.3651117055191
        ]
      }
    },
    {
      "type": "Feature",
      "properties": {
        "id": "USGS-392200075565901",
        "name": "KE Ae  23",
        "site_type": "Well",
        "latest_readings": []
      },
      "geometry": {
        "type": "Point",
        "coordinates": [
          -75.9493871420858,
          39.3667792002732
        ]
      }
    },
    {
      "type": "Feature",
      "properties": {
        "id": "USGS-392200075570101",
        "name": "KE Ae  22",
        "site_type": "Well",
        "latest_readings": []
      },
      "geometry": {
        "type": "Point",
        "coordinates": [
          -75.9499427249266,
          39.3667792038568
        ]
      }
    },
    {
      "type": "Feature",
      "properties": {
        "id": "USGS-392200075581001",
        "name": "KE Ae  26",
        "site_type": "Well",
        "latest_readings": []
      },
      "geometry": {
        "type": "Point",
        "coordinates": [
          -75.9691103329318,
          39.3667793274919
        ]
      }
    },
    {
      "type": "Feature",
      "properties": {
        "id": "USGS-392200076034201",
        "name": "PM 8-1",
        "site_type": "Well",
        "latest_readings": []
      },
      "geometry": {
        "type": "Point",
        "coordinates": [
          -76.0616944444444,
          39.3665
        ]
      }
    },
    {
      "type": "Feature",
      "properties": {
        "id": "USGS-392200076035001",
        "name": "KE Ad   3",
        "site_type": "Well",
        "latest_readings": []
      },
      "geometry": {
        "type": "Point",
        "coordinates": [
          -76.0635588790848,
          39.3667784378371
        ]
      }
    },
    {
      "type": "Feature",
      "properties": {
        "id": "USGS-392201076033801",
        "name": "KE Ad  42",
        "site_type": "Well",
        "latest_readings": []
      },
      "geometry": {
        "type": "Point",
        "coordinates": [
          -76.0602254136863,
          39.3670562787072
        ]
      }
    },
    {
      "type": "Feature",
      "properties": {
        "id": "USGS-392201076033802",
        "name": "KE Ad  44",
        "site_type": "Well",
        "latest_readings": []
      },
      "geometry": {
        "type": "Point",
        "coordinates": [
          -76.0602254136863,
          39.3670562787072
        ]
      }
    },
    {
      "type": "Feature",
      "properties": {
        "id": "USGS-392202075571201",
        "name": "KE Ae   3",
        "site_type": "Well",
        "latest_readings": []
      },
      "geometry": {
        "type": "Point",
        "coordinates": [
          -75.9529984378611,
          39.3673347933372
        ]
      }
    },
    {
      "type": "Feature",
      "properties": {
        "id": "USGS-392202076034601",
        "name": "KE Ad  34",
        "site_type": "Well",
        "latest_readings": []
      },
      "geometry": {
        "type": "Point",
        "coordinates": [
          -76.0624477299722,
          39.3673340249212
        ]
      }
    },
    {
      "type": "Feature",
      "properties": {
        "id": "USGS-392202076050201",
        "name": "KE Ac   9",
        "site_type": "Well",
        "latest_readings": []
      },
      "geometry": {
        "type": "Point",
        "coordinates": [
          -76.0835597001049,
          39.3673336643406
        ]
      }
    },
    {
      "type": "Feature",
      "properties": {
        "id": "USGS-392204076033501",
        "name": "KE Ad  17",
        "site_type": "Well",
        "latest_readings": []
      },
      "geometry": {
        "type": "Point",
        "coordinates": [
          -76.0593920573831,
          39.3678896455085
        ]
      }
    },
    {
      "type": "Feature",
      "properties": {
        "id": "USGS-392205075552101",
        "name": "KE Ae  28",
        "site_type": "Well",
        "latest_readings": []
      },
      "geometry": {
        "type": "Point",
        "coordinates": [
          -75.9225,
          39.3344444444444
        ]
      }
    },
    {
      "type": "Feature",
      "properties": {
        "id": "USGS-392206075472401",
        "name": "KE Ag   3",
        "site_type": "Well",
        "latest_readings": []
      },
      "geometry": {
        "type": "Point",
        "coordinates": [
          -75.7896570841494,
          39.3684448497642
        ]
      }
    },
    {
      "type": "Feature",
      "properties": {
        "id": "USGS-392206076034601",
        "name": "KE Ad  33",
        "site_type": "Well",
        "latest_readings": []
      },
      "geometry": {
        "type": "Point",
        "coordinates": [
          -76.0624477444397,
          39.368445161289
        ]
      }
    },
    {
      "type": "Feature",
      "properties": {
        "id": "USGS-392206076055801",
        "name": "KE Ac  24",
        "site_type": "Well",
        "latest_readings": []
      },
      "geometry": {
        "type": "Point",
        "coordinates": [
          -76.0991159015378,
          39.3684445298791
        ]
      }
    },
    {
      "type": "Feature",
      "properties": {
        "id": "USGS-392207076033801",
        "name": "KE Ad  16",
        "site_type": "Well",
        "latest_readings": []
      },
      "geometry": {
        "type": "Point",
        "coordinates": [
          -76.0602254355288,
          39.3687229837261
        ]
      }
    },
    {
      "type": "Feature",
      "properties": {
        "id": "USGS-392207076034201",
        "name": "KE Ad  32",
        "site_type": "Well",
        "latest_readings": []
      },
      "geometry": {
        "type": "Point",
        "coordinates": [
          -76.0613365809068,
          39.3678896121609
        ]
      }
    },
    {
      "type": "Feature",
      "properties": {
        "id": "USGS-392208075580501",
        "name": "KE Ae  45",
        "site_type": "Well",
        "latest_readings": []
      },
      "geometry": {
        "type": "Point",
        "coordinates": [
          -75.9677214066532,
          39.3690016011636
        ]
      }
    },
    {
      "type": "Feature",
      "properties": {
        "id": "USGS-392208076032801",
        "name": "KE Ad  13",
        "site_type": "Well",
        "latest_readings": []
      },
      "geometry": {
        "type": "Point",
        "coordinates": [
          -76.0574475485388,
          39.3690008159247
        ]
      }
    },
    {
      "type": "Feature",
      "properties": {
        "id": "USGS-392208076055701",
        "name": "KE Ac  23",
        "site_type": "Well",
        "latest_readings": []
      },
      "geometry": {
        "type": "Point",
        "coordinates": [
          -76.0988381189318,
          39.3690001002967
        ]
      }
    },
    {
      "type": "Feature",
      "properties": {
        "id": "USGS-392209075580401",
        "name": "KE Ae  46",
        "site_type": "Well",
        "latest_readings": []
      },
      "geometry": {
        "type": "Point",
        "coordinates": [
          -75.9674436190522,
          39.3692793846253
        ]
      }
    },
    {
      "type": "Feature",
      "properties": {
        "id": "USGS-392209075580402",
        "name": "KE Ae  47",
        "site_type": "Well",
        "latest_readings": []
      },
      "geometry": {
        "type": "Point",
        "coordinates": [
          -75.9674436190522,
          39.3692793846253
        ]
      }
    },
    {
      "type": "Feature",
      "properties": {
        "id": "USGS-392209076034201",
        "name": "KE Ad  10",
        "site_type": "Well",
        "latest_readings": []
      },
      "geometry": {
        "type": "Point",
        "coordinates": [
          -76.06133659905,
          39.3692785328154
        ]
      }
    },
    {
      "type": "Feature",
      "properties": {
        "id": "USGS-392210075571101",
        "name": "KE Ae  49",
        "site_type": "Well",
        "latest_readings": []
      },
      "geometry": {
        "type": "Point",
        "coordinates": [
          -75.9527206756454,
          39.3695570705438
        ]
      }
    },
    {
      "type": "Feature",
      "properties": {
        "id": "USGS-392210076034501",
        "name": "KE Ad   9",
        "site_type": "Well",
        "latest_readings": []
      },
      "geometry": {
        "type": "Point",
        "coordinates": [
          -76.0621699698501,
          39.3695563024793
        ]
      }
    },
    {
      "type": "Feature",
      "properties": {
        "id": "USGS-392210076062701",
        "name": "KE Ac  21",
        "site_type": "Well",
        "latest_readings": []
      },
      "geometry": {
        "type": "Point",
        "coordinates": [
          -76.1071717971094,
          39.3695555212608
        ]
      }
    },
    {
      "type": "Feature",
      "properties": {
        "id": "USGS-392211076031501",
        "name": "KE Ad   5",
        "site_type": "Well",
        "latest_readings": []
      },
      "geometry": {
        "type": "Point",
        "coordinates": [
          -76.0541140908977,
          39.3698342267109
        ]
      }
    },
    {
      "type": "Feature",
      "properties": {
        "id": "USGS-392211076033901",
        "name": "KE Ad  19",
        "site_type": "Well",
        "latest_readings": []
      },
      "geometry": {
        "type": "Point",
        "coordinates": [
          -76.0605032391447,
          39.3698341155734
        ]
      }
    },
    {
      "type": "Feature",
      "properties": {
        "id": "USGS-392211076034901",
        "name": "KE Ad  11",
        "site_type": "Well",
        "latest_readings": []
      },
      "geometry": {
        "type": "Point",
        "coordinates": [
          -76.0632811296868,
          39.3698340672527
        ]
      }
    },
    {
      "type": "Feature",
      "properties": {
        "id": "USGS-392211076062901",
        "name": "KE Ac  22",
        "site_type": "Well",
        "latest_readings": []
      },
      "geometry": {
        "type": "Point",
        "coordinates": [
          -76.1077273783611,
          39.3698332941218
        ]
      }
    },
    {
      "type": "Feature",
      "properties": {
        "id": "USGS-392212075475501",
        "name": "KE Ag  20",
        "site_type": "Well",
        "latest_readings": []
      },
      "geometry": {
        "type": "Point",
        "coordinates": [
          -75.7982686283422,
          39.3701115882072
        ]
      }
    },
    {
      "type": "Feature",
      "properties": {
        "id": "USGS-392212076033201",
        "name": "KE Ad  21",
        "site_type": "Well",
        "latest_readings": []
      },
      "geometry": {
        "type": "Point",
        "coordinates": [
          -76.0585587194232,
          39.370111933626
        ]
      }
    },
    {
      "type": "Feature",
      "properties": {
        "id": "USGS-392212076035501",
        "name": "KE Ad  20",
        "site_type": "Spring",
        "latest_readings": []
      },
      "geometry": {
        "type": "Point",
        "coordinates": [
          -76.0641145076471,
          39.3706674048572
        ]
      }
    },
    {
      "type": "Feature",
      "properties": {
        "id": "USGS-392212076050801",
        "name": "KE Ac  10",
        "site_type": "Well",
        "latest_readings": []
      },
      "geometry": {
        "type": "Point",
        "coordinates": [
          -76.0852264683454,
          39.3701114688133
        ]
      }
    },
    {
      "type": "Feature",
      "properties": {
        "id": "USGS-392214075462501",
        "name": "KE Ag   5",
        "site_type": "Well",
        "latest_readings": []
      },
      "geometry": {
        "type": "Point",
        "coordinates": [
          -75.7732673989661,
          39.370666976845
        ]
      }
    },
    {
      "type": "Feature",
      "properties": {
        "id": "USGS-392214075462801",
        "name": "KE Ag   4",
        "site_type": "Well",
        "latest_readings": []
      },
      "geometry": {
        "type": "Point",
        "coordinates": [
          -75.7741007733838,
          39.3706669825719
        ]
      }
    },
    {
      "type": "Feature",
      "properties": {
        "id": "USGS-392214075492301",
        "name": "KE Ag   2",
        "site_type": "Well",
        "latest_readings": []
      },
      "geometry": {
        "type": "Point",
        "coordinates": [
          -75.8227142810849,
          39.3706673166449
        ]
      }
    },
    {
      "type": "Feature",
      "properties": {
        "id": "USGS-392214075502501",
        "name": "KE Af  78",
        "site_type": "Well",
        "latest_readings": []
      },
      "geometry": {
        "type": "Point",
        "coordinates": [
          -75.8399373523848,
          39.3706674350021
        ]
      }
    },
    {
      "type": "Feature",
      "properties": {
        "id": "USGS-392214075575201",
        "name": "KE Ae  24",
        "site_type": "Well",
        "latest_readings": []
      },
      "geometry": {
        "type": "Point",
        "coordinates": [
          -75.9641101406271,
          39.3706682883198
        ]
      }
    },
    {
      "type": "Feature",
      "properties": {
        "id": "USGS-392214076035201",
        "name": "KE Ad   8",
        "site_type": "Well",
        "latest_readings": []
      },
      "geometry": {
        "type": "Point",
        "coordinates": [
          -76.0641145076471,
          39.3706674048572
        ]
      }
    },
    {
      "type": "Feature",
      "properties": {
        "id": "USGS-392215075575501",
        "name": "KE Ae  48",
        "site_type": "Well",
        "latest_readings": []
      },
      "geometry": {
        "type": "Point",
        "coordinates": [
          -75.9649435188605,
          39.370946079292
        ]
      }
    },
    {
      "type": "Feature",
      "properties": {
        "id": "USGS-392215075575601",
        "name": "KE Ae   5",
        "site_type": "Well",
        "latest_readings": []
      },
      "geometry": {
        "type": "Point",
        "coordinates": [
          -75.9652213103367,
          39.3709460812093
        ]
      }
    },
    {
      "type": "Feature",
      "properties": {
        "id": "USGS-392215076035501",
        "name": "KE Ad   6",
        "site_type": "Well",
        "latest_readings": []
      },
      "geometry": {
        "type": "Point",
        "coordinates": [
          -76.0649478783737,
          39.3709451742778
        ]
      }
    },
    {
      "type": "Feature",
      "properties": {
        "id": "USGS-392216075480301",
        "name": "KE Ag  19",
        "site_type": "Well",
        "latest_readings": []
      },
      "geometry": {
        "type": "Point",
        "coordinates": [
          -75.8004909664943,
          39.3712227245064
        ]
      }
    },
    {
      "type": "Feature",
      "properties": {
        "id": "USGS-392216075500601",
        "name": "KE Af  30",
        "site_type": "Well",
        "latest_readings": []
      },
      "geometry": {
        "type": "Point",
        "coordinates": [
          -75.8346593185388,
          39.3712229613709
        ]
      }
    },
    {
      "type": "Feature",
      "properties": {
        "id": "USGS-392220075480401",
        "name": "KE Ag  18",
        "site_type": "Well",
        "latest_readings": []
      },
      "geometry": {
        "type": "Point",
        "coordinates": [
          -75.8007687644204,
          39.3723338476268
        ]
      }
    },
    {
      "type": "Feature",
      "properties": {
        "id": "USGS-392222075491701",
        "name": "KE Ag  61",
        "site_type": "Well",
        "latest_readings": []
      },
      "geometry": {
        "type": "Point",
        "coordinates": [
          -75.8210475473196,
          39.3728895524681
        ]
      }
    },
    {
      "type": "Feature",
      "properties": {
        "id": "USGS-392224075465701",
        "name": "KE Ag  22",
        "site_type": "Well",
        "latest_readings": []
      },
      "geometry": {
        "type": "Point",
        "coordinates": [
          -75.7821567397051,
          39.3734448353115
        ]
      }
    },
    {
      "type": "Feature",
      "properties": {
        "id": "USGS-392224075470801",
        "name": "KE Ag  57",
        "site_type": "Well",
        "latest_readings": []
      },
      "geometry": {
        "type": "Point",
        "coordinates": [
          -75.7852124463136,
          39.3734448572311
        ]
      }
    },
    {
      "type": "Feature",
      "properties": {
        "id": "USGS-392224075473501",
        "name": "KE Ag  69",
        "site_type": "Well",
        "latest_readings": []
      },
      "geometry": {
        "type": "Point",
        "coordinates": [
          -75.7930555555556,
          39.3733333333333
        ]
      }
    },
    {
      "type": "Feature",
      "properties": {
        "id": "USGS-392225075480901",
        "name": "KE Ag  17",
        "site_type": "Well",
        "latest_readings": []
      },
      "geometry": {
        "type": "Point",
        "coordinates": [
          -75.802157730046,
          39.3737227591254
        ]
      }
    },
    {
      "type": "Feature",
      "properties": {
        "id": "USGS-392226075480901",
        "name": "KE Ag  16",
        "site_type": "Well",
        "latest_readings": []
      },
      "geometry": {
        "type": "Point",
        "coordinates": [
          -75.8021577316762,
          39.3740005394659
        ]
      }
    },
    {
      "type": "Feature",
      "properties": {
        "id": "USGS-392227075470001",
        "name": "KE Ag  21",
        "site_type": "Well",
        "latest_readings": []
      },
      "geometry": {
        "type": "Point",
        "coordinates": [
          -75.7829901183532,
          39.3742781805786
        ]
      }
    },
    {
      "type": "Feature",
      "properties": {
        "id": "USGS-392227076480801",
        "name": "KE Ag   1",
        "site_type": "Well",
        "latest_readings": []
      },
      "geometry": {
        "type": "Point",
        "coordinates": [
          -75.8018799417853,
          39.3742783177886
        ]
      }
    },
    {
      "type": "Feature",
      "properties": {
        "id": "USGS-392228075492901",
        "name": "KE Ag  39",
        "site_type": "Well",
        "latest_readings": []
      },
      "geometry": {
        "type": "Point",
        "coordinates": [
          -75.8243810569197,
          39.37455626224
        ]
      }
    },
    {
      "type": "Feature",
      "properties": {
        "id": "USGS-392229075493601",
        "name": "KE Ag  62",
        "site_type": "Well",
        "latest_readings": []
      },
      "geometry": {
        "type": "Point",
        "coordinates": [
          -75.8263255995479,
          39.3748340574919
        ]
      }
    },
    {
      "type": "Feature",
      "properties": {
        "id": "USGS-392230075492801",
        "name": "KE Ag  66",
        "site_type": "Well",
        "latest_readings": []
      },
      "geometry": {
        "type": "Point",
        "coordinates": [
          -75.8241032692445,
          39.3751118222173
        ]
      }
    },
    {
      "type": "Feature",
      "properties": {
        "id": "USGS-392230075492802",
        "name": "KE Ag  67",
        "site_type": "Well",
        "latest_readings": []
      },
      "geometry": {
        "type": "Point",
        "coordinates": [
          -75.8241032692445,
          39.3751118222173
        ]
      }
    },
    {
      "type": "Feature",
      "properties": {
        "id": "USGS-392233075493201",
        "name": "KE Ag  54",
        "site_type": "Well",
        "latest_readings": []
      },
      "geometry": {
        "type": "Point",
        "coordinates": [
          -75.8252144411926,
          39.3759451734945
        ]
      }
    },
    {
      "type": "Feature",
      "properties": {
        "id": "USGS-392240075492301",
        "name": "KE Ag  60",
        "site_type": "Well",
        "latest_readings": []
      },
      "geometry": {
        "type": "Point",
        "coordinates": [
          -75.8227143306447,
          39.3778896216015
        ]
      }
    },
    {
      "type": "Feature",
      "properties": {
        "id": "USGS-392243076492701",
        "name": "KE Ag  55",
        "site_type": "Well",
        "latest_readings": []
      },
      "geometry": {
        "type": "Point",
        "coordinates": [
          -75.823825502686,
          39.3787229730879
        ]
      }
    },
    {
      "type": "Feature",
      "properties": {
        "id": "USGS-392245075492401",
        "name": "KE Ag  56",
        "site_type": "Well",
        "latest_readings": []
      },
      "geometry": {
        "type": "Point",
        "coordinates": [
          -75.8229921317636,
          39.3792785285693
        ]
      }
    },
    {
      "type": "Feature",
      "properties": {
        "id": "USGS-924029000000001",
        "name": "SS DOMESTIC POPULATION KECO",
        "site_type": "Aggregate water-use establishment",
        "latest_readings": []
      },
      "geometry": null
    },
    {
      "type": "Feature",
      "properties": {
        "id": "USGS-924029000000002",
        "name": "SS DOMESTIC  KECO",
        "site_type": "Aggregate groundwater use",
        "latest_readings": []
      },
      "geometry": null
    }
  ]
}